{"type":"Topology","arcs":[[[2298972,5950245],[-13812,-513],[-7218,-14379],[-8443,-151],[-8018,-10952],[-8177,-5668],[-4398,7549]],[[2248906,5926131],[947,7363],[-11486,17808]],[[2238367,5951302],[2747,12424],[7998,11039],[-3707,16912]],[[2245405,5991677],[9755,-11028],[19898,17182]],[[2275058,5997831],[8584,2755],[14436,-3948],[2862,-15437],[5722,-12323],[-3372,842],[-2346,-1152],[2419,-5292],[-2284,-7927],[-2107,-5104]],[[2245405,5991677],[-14449,9613]],[[2230956,6001290],[6303,35700],[-629,12396],[4973,23240],[4401,1607]],[[2246004,6074233],[639,-2063],[6213,-3887],[718,-3241],[4301,349],[-2724,-7882],[-231,-4786],[2980,455],[4130,-9188]],[[2262030,6043990],[-6076,-15095],[-1654,-5016],[1318,-4587],[-1034,-2505],[2908,-7119],[5372,-8148],[12194,-3689]],[[2238367,5951302],[-125,-10140],[-16689,-11504],[-4413,-10332]],[[2217140,5919326],[-7118,1708],[-8084,28112],[1372,11814],[-6916,23362]],[[2196394,5984322],[11545,4685]],[[2207939,5989007],[5144,6298],[8688,-8964],[7944,808],[1241,14141]],[[2207939,5989007],[-3350,10399],[-7145,6935],[4287,27332],[-5983,14592],[-14021,22492],[3215,14937]],[[2184942,6085694],[3533,1632],[2537,-2731],[2005,2753],[1849,-3022],[7244,-7442],[9373,-723],[2231,3311],[7861,-308],[2597,-2977],[2333,3677],[1517,5275],[1622,353],[463,4584],[15095,-10479],[802,-5364]],[[2196394,5984322],[-9316,-5413],[-10287,4121]],[[2176791,5983030],[-13146,12517],[457,10410],[-6401,20722],[2915,15464],[-6594,11453]],[[2154022,6053596],[3965,12278],[-3658,8600],[1772,10522]],[[2156101,6084996],[978,3475],[2835,-4252],[3028,3711],[2168,-9],[3501,3055],[5040,-441],[3344,-2358],[3164,-151],[4783,-2332]],[[2069309,5889299],[12116,3729]],[[2081425,5893028],[9681,-710],[13105,9841]],[[2104211,5902159],[2441,-6878],[9839,4884],[8706,15475],[5267,22565],[6401,8241]],[[2136865,5946446],[13973,-9848],[2177,-5675]],[[2153015,5930923],[9373,3160],[8344,-8428],[-1543,-11676],[-6287,-10223],[11145,-9661],[3658,3816],[14917,406],[1686,-3623]],[[2194308,5894694],[-18775,-1718],[-19186,6178],[-12390,13449],[-5903,-539],[-1025,-4084],[-4406,-3968],[-6732,1626],[-2824,-3561],[-1311,-4406],[612,-5153],[-14288,-6726],[-3625,435],[-3277,-1049],[-7362,-207],[-3400,1944],[-1016,-6108]],[[2089400,5880807],[-5060,1711],[-3425,-1461],[-2327,4714],[-2372,-1436],[-6907,4964]],[[2176791,5983030],[-7373,-15923],[-2686,-13428],[-10060,-5180],[-3657,-17576]],[[2136865,5946446],[-1161,4801]],[[2135704,5951247],[5033,12054],[-9326,35636],[9716,9441],[2972,13304],[4629,1290],[4687,14662],[607,15962]],[[2104211,5902159],[4052,11739],[2024,26787]],[[2110287,5940685],[-538,6437],[13660,4452],[4915,-4856],[7380,4529]],[[2081425,5893028],[3498,14704],[-4822,19767],[-7859,7344],[-3775,10501]],[[2068467,5945344],[2436,15303],[4527,4031]],[[2075430,5964678],[5832,1908],[13842,-14410],[2768,-7209],[7859,1897],[4556,-6179]],[[2075430,5964678],[-6135,5067],[0,10482],[9913,4923],[2054,13500],[12119,8130]],[[2093381,6006780],[9849,15436],[-1339,19006],[8152,11806]],[[2110043,6053028],[6672,4539],[8037,16957],[20540,-4143],[4096,17824]],[[2149388,6088205],[1670,1363],[5043,-4572]],[[2093381,6006780],[-8994,12162],[4644,9192],[-6876,14094]],[[2082155,6042228],[10538,9054],[4643,9050],[12707,-7304]],[[2068467,5945344],[-6112,4935],[2561,10306],[-6767,2951]],[[2058149,5963536],[4106,29104],[-3944,25737],[-8173,7818],[1200,20616],[-4915,10057]],[[2046423,6056868],[6058,18731],[6573,1687]],[[2059054,6077286],[4401,-11251],[-4230,-14959],[13089,-11027],[9841,2179]],[[2059054,6077286],[-1450,9301],[10665,15796],[12940,4836],[4422,8756],[1476,991]],[[2087107,6116966],[3125,-1017],[3493,-7203],[7731,1758],[4497,-7749],[2963,1677],[3398,-529],[3176,2853],[-373,3503],[4084,-127],[4645,-6770],[9352,1245],[3296,-6635],[2084,-2437],[955,-4671],[3474,752],[6381,-3411]],[[2069309,5889299],[916,2249],[-9153,4647],[-819,1947],[-7691,-1143],[-2914,5799],[-4771,216],[-2598,2475]],[[2042279,5905489],[-10231,12810],[5837,13081]],[[2037885,5931380],[3548,17537]],[[2041433,5948917],[16716,14619]],[[2042279,5905489],[-4892,-1841],[-4819,-4878],[-3276,632],[-3352,-1158],[-1667,1270],[-4060,-1618],[-3994,9868],[303,2889],[-2966,1719],[-10966,10263],[-6861,10175],[-794,11072],[-2470,-6],[-3555,2703],[-6134,2469]],[[1982776,5949048],[1134,3564],[4064,6627],[294,6009],[16468,4642]],[[2004736,5969890],[7088,-22092],[5723,737],[7673,-16863],[12665,-292]],[[2004736,5969890],[-279,4231],[3326,3333],[-2629,4553],[-920,6518],[1034,6449],[1283,2818],[-461,4592],[2672,2800]],[[2008762,6005184],[-1200,3273],[3609,2836],[-807,4659],[3855,4697],[3406,-508],[1676,1744],[2145,-2480]],[[2021446,6019405],[484,-1803]],[[2021930,6017602],[8492,-4808],[7153,-24700],[6698,-12594],[-4747,-3586],[3837,-16841],[-1930,-6156]],[[2021446,6019405],[4424,4947],[6893,22724],[7804,10710],[5856,-918]],[[2248906,5926131],[-5001,-2191],[-4573,-19470],[-7857,9321],[-8911,-832],[-4352,6062]],[[2218212,5919021],[-1072,305]],[[2298972,5950245],[371,-10845],[5999,-10120],[1472,-3696],[-245,-16025]],[[2306569,5909559],[-319,-1417],[-10993,-2601],[-2301,3915],[-6888,5619],[-3199,-1099],[-2892,-6458],[-10049,-8750],[-4201,-871],[-5398,1920],[-3178,-2393],[-9374,-2137],[-3022,1693],[-5415,5767],[-1642,-3607],[-6809,-5124],[-8009,4402],[-8884,-151],[-4607,1684],[-4198,-5925],[-4437,3782]],[[2200754,5897808],[13016,7827],[4442,13386]],[[2200754,5897808],[-6446,-3114]],[[4467230,2507854],[755,-6902],[3806,-5341],[317,-4331],[6184,-14104],[2967,-1229],[3139,-6823],[1290,-4639],[3698,-8189],[1849,-1433],[2795,-6688],[5031,-136]],[[4499061,2448039],[-3790,-9396],[3833,1138],[-2107,-7030],[-2028,-3594],[-1628,-5166],[1245,-2097],[-2663,-4160],[-5074,-10444],[-4320,-5290],[-4531,-2088],[-1901,5723],[-2578,562],[-3069,4907],[-887,6903],[-3010,3755],[-1153,-785],[-2131,4455],[-2226,7564],[-247,6408],[-2458,1437],[-787,-2448],[-3853,1396],[-1724,-1442],[-4556,1297],[596,8400],[911,4580],[-2544,2644],[870,4179],[-1768,7358],[-3440,10098],[-6657,5395]],[[4435386,2482298],[-2888,4836],[-7947,1504],[13698,1388],[8645,3505],[10326,5865],[4452,3273],[5558,5185]],[[4467230,2507854],[8425,11125],[6010,9543],[11556,12359]],[[4493221,2540881],[202,-7138],[1075,-2345],[-1277,-7352],[-1343,-2664],[-50,-9754]],[[4491828,2511628],[-286,-5592],[2593,-2848],[-86,-6939],[1154,-5724],[576,-8502],[-110,-9819],[1067,-7149],[5184,-1227],[-659,-10301],[-2200,-5488]],[[4493221,2540881],[5251,6267],[9122,5971],[11221,6387],[466,-6152],[-2663,-364],[855,-5182],[-2491,-4486],[-1465,-5275],[-1488,-1686],[184,-4937]],[[4512213,2531424],[-1811,-8287],[-7223,1257],[-4009,-3373],[-2860,-7498],[-4482,-1895]],[[4518305,2519695],[611,6630],[5420,6199],[-1887,3895],[4214,1578],[1211,-3192]],[[4527874,2534805],[2794,-3893],[928,-2963],[4548,-5598],[-644,-6059],[2717,-6141],[-1166,-3359],[2066,-2605],[-989,-4577],[2106,-2167],[520,-9465],[-1771,-7948],[964,-2994],[-390,-10127],[2556,-5839],[2211,-1848],[2254,-6217],[1617,-1082],[-2244,-5794],[-2074,-902],[-3937,6751],[-3209,-328],[-503,3660],[-2487,-1217],[-3101,2308],[-6829,0],[-1912,1857],[1312,4871],[-1294,2885],[682,5209],[-1556,6559],[248,3359],[-1350,6674],[-2730,6446],[689,4710],[-1920,7587],[1432,4535],[-1761,1768],[1268,5253],[1386,1581]],[[3678222,4001109],[2972,1559],[3742,-415],[3174,6560],[-877,3383],[3027,3219],[216,2753],[5726,5702],[2183,-256],[2349,-10578],[4012,-3580],[344,-4657],[2283,-2876],[7547,-4007],[2390,902],[1290,-6455]],[[3718600,3992363],[-825,-3839],[104,-10050],[1094,-9375],[-818,-9537],[3650,-13744],[-453,-2773],[-3381,-6703],[-3334,-1644],[-1756,-2374],[-3971,-1335],[-3917,999],[1863,-19997],[1581,-1675],[297,-6914],[935,-4148],[-2485,-5508],[-566,-3525],[-4347,-5759],[-5357,-1937],[-64,-17968],[2363,-1688],[1901,-7325],[3701,-10219],[-737,-3463],[1642,-2665],[265,-6431],[-1625,-3531]],[[3704360,3829235],[-3283,1681],[-1622,2631],[-4454,764],[-1324,2788],[-7625,6660],[-6577,-2614]],[[3679475,3841145],[-5156,-245],[-2964,1074],[-4554,-6986],[-5141,1400],[-5982,-941],[-3040,-7358],[-4462,-8753],[60,-3823],[-1915,-2843],[-3824,2174],[-103,-5111],[-1895,-6939],[-8468,-5639],[-4502,2074],[-10318,11527],[-3620,446],[-7451,3845]],[[3606140,3815047],[-295,3184],[-3572,4126],[241,17062],[-514,7541],[-812,1713]],[[3601188,3848673],[2756,6219],[-356,8145],[1408,16803],[-1195,8546],[-1520,4715],[-2369,3987],[395,6067],[-836,3883],[819,3508],[5078,5383],[3711,-4759],[4468,2803],[1335,-1823],[3142,668],[-1020,6389],[936,1143],[5866,733],[10115,267],[2068,2159]],[[3635989,3923509],[4606,-474],[4205,-1594],[1768,845],[2852,-1481],[6447,-1539],[-477,10648],[3195,5208],[3343,961],[1914,6692],[-4234,3988],[-2158,3194],[-1356,11959],[-5369,2289],[-2368,6660],[765,3648],[-1137,6472],[-1754,-139],[-993,5685],[7114,412],[2601,3373],[2290,-2168],[2267,1943],[1577,-2631],[2749,-421],[2949,2283],[1417,4506],[454,4910],[1399,2605],[-1008,2968],[1107,3419],[3958,-2989],[2271,-4048],[1839,416]],[[3601188,3848673],[-1214,-2397],[-4333,-1920],[-3880,-3605],[-7681,-5142],[-7837,-13831],[-3921,-2508],[-4689,-4668],[-3014,-7777],[-3166,-3976],[-6348,-5558],[-7945,-8958],[-2361,345],[-4238,7621],[-2971,9196],[-264,7878],[2662,9625],[-862,3814],[-5413,318],[-5902,-1094],[-1366,1860],[-4786,-1094],[-1991,-2394],[-7350,-4683],[-4886,-1456]],[[3507432,3818269],[4,6673],[702,3536],[-489,6868],[599,3128],[2705,5713],[3190,3620],[1426,3606],[62,4223],[3207,5259],[-6429,-3670],[-1681,2691],[-4516,446],[-1759,2866],[-5643,1263],[-6287,477],[-768,6453],[2140,2419],[1540,6218],[-1229,4515],[71,5747],[-1956,4662],[-3636,13484],[1831,2250],[240,3505],[2909,9533]],[[3493665,3923754],[481,5773],[-914,2827],[1831,10943],[1998,4272],[4946,7746],[-4486,5102],[-1931,4777],[2110,4087],[-881,7492],[1201,9308]],[[3498020,3986081],[3241,4639],[3309,-3069],[2632,-219],[3943,6503],[3780,4049],[1603,-3392],[2434,-350],[1370,4421],[5178,-3348],[1489,2796],[3660,2097],[3396,-5104],[3094,2092],[3292,-2809]],[[3540441,3994387],[3730,-2565],[2759,1146],[2677,-4280],[-1731,-6754],[1533,-2015],[2126,-7820],[-103,-1896],[2809,-4133],[5013,-266],[3889,3823],[1242,3134],[-458,3846],[2479,4777],[-19,4787],[2051,371]],[[3568438,3986542],[851,-5548],[3871,-8006],[217,-4449],[3179,-9234],[4098,-1796],[142,-2329],[3414,-5724],[2802,-1031],[6759,1725],[5563,3925],[3682,3676],[2855,-3511],[2110,1071],[4004,-5633],[1469,1100],[3317,-3280],[1957,2204],[1540,-1860],[5089,-2821],[-448,-5098],[859,-3185],[3940,-5515],[3598,-3438],[2683,-4276]],[[3606140,3815047],[-97,-3169],[1605,-8796],[2886,-3352],[1260,-4246],[-1611,-6734],[1832,-9028],[-700,-2026],[3400,-5345],[-2187,-4248],[2208,-4367],[1166,-4655],[-1814,-5735],[1286,-2698],[-825,-4716],[2016,-4870],[-582,-4016],[2062,-4479],[973,-8298],[-519,-6511],[1158,-7276],[511,-7501]],[[3620168,3702981],[-5945,-1486],[-3582,738],[-8266,-439],[-2485,-5386],[-2510,-1028],[-5702,6815],[-3857,-3227],[-941,-6127],[-1261,-2829],[-1100,-7554],[-1788,-1430],[-2850,3985],[-3918,260],[-1157,2327],[-4153,359],[-5840,-3210],[-2886,-2458],[3502,-6158],[505,-6037],[2205,-3027],[-466,-3687],[1188,-6262],[-2804,-944],[-2405,3808],[-4373,-2302],[-111,2461],[-4561,832],[-3158,-1252],[-5683,7380],[-4175,-512],[-1745,-2660],[-2786,-890]],[[3537060,3663041],[-1870,9735],[911,3351],[3018,2848],[649,4032],[-1548,1961],[-6719,16243],[1341,5100],[-1175,1609],[-7009,2853],[-5503,5109],[-5716,3615],[-3059,-719],[-5185,-3251],[-2339,-2786],[-3552,-1291],[-9419,3453]],[[3489885,3714903],[-16968,21832],[-3205,8012]],[[3469712,3744747],[4092,3398],[6228,12469],[6772,3184],[2183,6106],[2887,3563],[1887,4107],[1330,-273],[2313,4670],[964,11182],[267,11481],[946,2920],[6337,3916],[1514,6799]],[[3521678,3560975],[1518,69],[2381,14046],[5432,1083],[841,5420],[2288,-25],[1997,-5467],[3564,-33],[76,2918],[1815,4619],[1870,648],[2784,-2192],[-813,-4854],[-2431,-7483],[1307,-10860],[1721,-1551],[6088,-963],[227,-11925],[-4561,-650],[-2049,828],[-1534,4191],[-2461,-1597],[237,-8481],[-1479,986],[-3345,-1947],[-2028,1180],[-4005,-53],[-6333,7367],[2236,3694],[7,2530],[-3881,3904],[-1469,4598]],[[3356548,3511437],[-1341,8014],[720,1662],[-1767,11628],[241,2944],[3758,1210],[1797,-6442],[-647,-4294],[1591,-6280],[-1843,-8763],[-2509,321]],[[3335354,3629683],[1756,-1285],[16860,-1733],[4429,-2099],[8693,-6078],[4946,-816],[6762,4836],[2229,-295],[1758,2440],[3851,-530],[775,3561],[4246,3414],[66,4626],[1752,2242],[901,4920],[4002,-3270],[4081,4477],[3055,-1560],[5934,-6073],[4086,-7100],[1654,-4052],[4425,-4246],[4569,-5831],[1868,1894],[1436,-2080],[3164,749],[6622,-13520]],[[3439274,3602274],[-4933,-457],[-2486,-1182],[1039,-7125],[-1759,-2663],[925,-3053],[-878,-4206],[2501,-5448],[-451,-9666],[2261,-590],[1950,-3640],[6428,-6070],[3147,-6057],[6192,2070],[2199,-4366],[3181,-2288],[506,-4729],[-2095,-2996]],[[3457001,3539808],[-6678,-7843],[-6693,-12764],[-4389,-12843],[1064,-1804],[1803,-7525],[-3431,-8207],[-1026,-844],[-1777,-6306],[-2966,-2512],[-577,-2448],[969,-12715],[-4294,-3672],[-554,-1844],[-3450,-333]],[[3425002,3458148],[-1931,7993],[-2570,6008],[404,5122],[-1365,3575],[923,3899],[-6382,2233],[-4004,11500],[-4159,83],[-3815,-4475],[-1820,-3773],[1166,-4359],[-1414,-1791],[-332,-4335],[-1772,-5890],[-1654,-8169],[1100,-3736],[165,-5663],[-6394,-3167],[-1847,4058],[-4541,3384],[-4234,-98],[-1468,-3609],[-5566,-5462],[-2351,2110],[-4252,5845],[-760,5300],[1206,2944],[-84,7926],[-1041,6647],[1927,5624],[-602,7479],[-4222,17065],[404,3703],[6953,5309],[-1097,5113],[-2268,-1133],[-1497,1713],[-562,8304],[-1523,2433],[3569,4658],[-1888,4674],[-3534,2808],[-1044,5501],[-2008,1150],[-3009,-3515],[-2080,262],[-1580,3633],[2174,4346],[640,7542],[-2812,-4543],[-3845,9288]],[[3348306,3573662],[-240,13620],[-2433,8218],[-1874,1111],[-2893,6783],[-1672,6464],[-395,6264],[-2885,6625],[-560,6936]],[[3360003,3539249],[-1645,-1736],[-633,5933],[-2633,7425],[3493,3268],[2250,-8061],[2532,-695],[158,-2949],[-3522,-3185]],[[3478636,3404301],[953,5863],[1633,-2250],[8324,-185],[543,-4989],[2786,-3705],[698,-4273],[-1607,-2754],[1149,-4130]],[[3493115,3387878],[-2339,933],[-3008,5941],[-1744,768],[-2607,-2404],[-2358,-159],[83,4416],[-1204,5492],[-1302,1436]],[[3478636,3404301],[-1228,2600],[-5078,-1556],[-2125,-2544],[-4338,3086],[-3243,-2504],[-4491,364],[-6989,4943],[-3604,872],[-2049,3263]],[[3445491,3412825],[3014,2405],[1355,7130],[-557,4367],[-3588,7421],[-168,3558],[2187,8012],[-1832,3449],[-835,4802],[1372,3542],[156,6468],[-1684,2152],[5433,5819],[2243,4061],[2428,-1571],[5043,2887],[-1343,4598],[1675,2023],[-706,5527],[136,5827],[-1729,3832]],[[3458091,3499134],[2097,206],[8412,-4040],[2990,-6638],[5123,-1498],[6392,1796],[2762,5425],[6667,-354]],[[3492534,3494031],[-1,-9223],[2070,624],[3533,-3773],[3001,212],[2241,-5197],[1480,-5707],[256,-8886],[-1786,-5380],[1309,-1116],[4822,-101],[3110,2463],[3798,623],[1468,-1077],[2445,-6135],[750,-8088],[1716,-4615],[-2031,-2111],[-517,-4641],[-2580,-5600],[377,-11442],[3251,-376],[496,-13472]],[[3521742,3401013],[-6437,1285],[-40,-1600],[-4854,118],[-4413,-11482]],[[3505998,3389334],[-3320,-2836],[-1634,-4884],[-1566,3780],[-3950,-823],[-2413,3307]],[[3492534,3494031],[2085,-1511],[5788,-578],[1575,1146],[2005,-2930],[6453,-3765],[4930,-741],[3603,1067],[-75,10034],[2208,19739],[411,6003],[2062,4283]],[[3523579,3526778],[2164,-2200],[4403,2498],[3317,-1696],[5356,1183],[4697,-3541],[21,-4322],[-1202,-4543],[1071,-3800],[4087,-3530],[583,-7266],[2991,-86],[26,-11113],[-2436,-10008],[-193,-4389],[3771,-2326],[1240,-9893],[-487,-4725]],[[3552988,3457021],[-137,-4560],[4575,-15110],[1419,-7226],[-13552,-12699],[-2118,-3865],[-3720,-10063],[-2705,-3871],[-11108,-654],[-3900,2040]],[[3523579,3526778],[5783,10591],[-5433,1169],[-1606,1678],[-4010,-2618],[-2033,2157],[1040,11662],[1274,7780],[-154,5289],[2300,13628],[2497,7303],[2155,10263],[-1297,4046]],[[3524095,3599726],[4299,1913],[-1773,6417],[4465,2049],[1056,-1235]],[[3532142,3608870],[1498,-2648],[-540,-6539],[1982,-87],[5036,-2691],[3454,3927],[4956,7098],[1284,-3408],[3163,-1163],[2801,-6471],[-1362,-1228],[-326,-7161],[3698,-446],[1046,-2340],[2647,942],[3326,-908]],[[3564805,3585747],[-338,-4109],[-2897,-2854],[375,-6318],[-1855,-1460],[297,-10386],[1384,-5231],[4717,-2663],[2133,438],[2555,-7500],[2819,-3637],[1493,166],[2523,-4226],[-4204,-5288],[1789,-10531],[657,-11070],[-3995,-16998],[-4142,-7779],[32,-6958],[-1154,-12213],[447,-7771]],[[3567441,3459359],[-706,111]],[[3566735,3459470],[-2231,1616],[-4834,-562],[1029,3780],[-1312,2452],[-5079,-5112],[-1320,-4623]],[[3489885,3714903],[580,-12313],[-827,-6294],[1192,-5519],[-4044,-3818],[-1140,-6196],[-1467,-3108],[-3859,-1853],[-1934,-3643],[-3964,-1134],[-3232,-5002],[-852,-2798],[-837,-9681],[1312,-2100],[213,-8491],[1207,-4848]],[[3472233,3638105],[-2121,-5987],[-1524,1833],[-6546,-1623],[-203,-6634],[-1955,-4320],[-2043,-1692],[1250,-4537],[-4129,-3913],[-2931,273],[-1089,4154],[-3440,2080],[-2447,-2191],[-423,-5945],[-2036,-912],[-3322,-6417]],[[3335354,3629683],[-1007,8196],[-3371,5467],[-2288,6213],[-507,4388],[1204,6479],[-353,6445],[1190,5843],[-37,9487],[2563,4279],[3139,1251]],[[3335887,3687731],[2433,-4458],[2785,6401],[2926,-2285],[3446,5515],[3464,-571],[2731,2667],[1258,3955],[2371,609],[1342,-4627],[4431,-1582],[326,2992],[6985,5028],[1679,-1187],[1935,3356],[4755,3609],[1682,-1160],[3650,4657],[1836,-225],[2350,2992],[4338,-2606],[1763,1385],[4720,-3118],[6292,-5155],[1615,-327],[3937,2703],[4549,716],[1241,5572],[1863,2399],[-1074,2991],[1316,10247],[-2587,2052],[1624,3392],[-1121,3062],[-135,8995],[2111,5224],[-1402,2887],[695,2919],[3046,2124],[2052,-219],[1229,7700],[2608,2376],[-1128,6920],[2896,5977],[3018,349],[9174,11529]],[[3440912,3793511],[28800,-48764]],[[3718600,3992363],[5714,-11419],[2203,-2708],[2530,3509],[2834,-608],[829,3209],[6259,-3054],[1058,7095],[1352,-291],[2548,5953],[2606,2831],[-832,4304],[3893,-2683],[579,-4768],[3650,295],[1334,2830],[2854,44],[3145,5368],[1074,5751],[2894,-1460],[1890,2105],[-445,4622],[2153,2826],[610,4445],[1671,2728],[2832,539],[3352,-3874],[715,-3461],[2436,-157],[3956,-2837],[1865,6043],[-316,3609],[1511,5276],[1957,0],[2814,4189],[464,4108],[2670,553]],[[3795259,4037275],[778,-8608],[-831,-890],[-4479,-21281],[47,-3101],[-1541,-4640],[-36,-3226],[-3865,912],[-861,-4837],[-2320,-2661],[-2025,-5621],[1429,-9738],[-3054,-12967],[-3789,-8221],[390,-2884],[2437,-3669],[-689,-9276],[6960,-4350],[2216,-2147],[11,-4750]],[[3786037,3925320],[1468,-4333],[-568,-5504],[864,-4605],[-1755,-4664],[-368,-4446],[4215,-3773],[3893,-4664],[1572,-7115],[1760,-4849],[389,-6492],[4070,-14399],[897,-25194]],[[3802474,3835282],[-2201,-9130]],[[3800273,3826152],[-1897,267],[-1809,-3214],[-3114,2508],[-3028,-493],[-3161,5696],[-2637,-3280],[-2424,-1113],[-4472,-4386],[-3248,6042],[-4307,-900],[-2023,7385],[-2665,1342],[-948,-4912],[-4231,-4191],[-5366,3350],[-2346,-3169],[-3686,400],[1927,-5893],[-599,-10431],[-3474,-4977],[-1542,1859],[-6538,-102],[-2990,-1554],[-7051,296],[-8196,3720],[-2806,4214],[-13282,14619]],[[3537060,3663041],[2574,-4990],[284,-7264],[-3160,-13274],[1182,-172],[1300,-8310],[-657,-3814],[-2675,-1506],[-2698,-5771],[-1068,-9070]],[[3524095,3599726],[-3197,-2728],[-7967,-458],[-2372,-2442],[-4967,-7582],[-5570,-798],[-1976,2959],[-8699,2012],[-3751,5937],[-1724,5149],[-818,5940],[-4375,5150],[-1036,5531],[738,4520],[-1134,4314],[-3357,2119],[-1657,8756]],[[3307114,3776761],[7325,-9],[2318,6555],[-822,5499],[2429,5527],[3107,1667],[4284,774],[1553,-1450],[5339,-11512],[178,-42541],[-8350,-9147],[-14333,-3974]],[[3310142,3728150],[-1982,6370],[875,7038]],[[3309035,3741558],[2545,2831],[-328,7430],[-1409,796],[-663,11398],[-1852,6875],[1116,3024],[-1330,2849]],[[3360116,3970141],[3799,-11893],[627,-3578],[4094,-4811],[8264,-481],[-2308,-14656],[-1485,-2582],[3124,-8477],[1481,1786],[4393,760],[6051,10785],[5689,-13789],[4753,-2574],[-28,-6014]],[[3398570,3914617],[-1197,-5233],[1218,-5081],[-1225,-6720],[-190,-8996],[1818,-2831],[-4194,-7132],[1,-3205],[1719,-3416],[-753,-4730],[1031,-3897],[-1531,-9087],[-15,-7753],[-714,-1748],[2125,-8743]],[[3396663,3836045],[-1719,-922],[-3090,2435],[-7858,1409],[-6096,154],[-4319,3637],[-2024,-1255],[-2836,1340],[-6787,-3031],[-1819,956],[-4707,-3023],[-340,-2645],[-6050,1294],[-5895,2798],[-1046,-792],[-9919,4342],[-5643,-4690],[-88,15194],[-31694,-498]],[[3294733,3852748],[475,4600],[-2792,5325],[594,2890],[2576,2803],[2482,-1637],[2777,588],[1609,-1656],[4054,1875],[5535,-820],[3134,2862],[389,2670],[3176,2029],[-5615,6592],[1341,3668],[3210,4113],[8946,6456],[1243,2422],[2642,395],[-564,3469],[4136,9682],[1603,11695],[3155,5023],[5144,6081],[3791,2488],[-865,3614],[135,5930],[2105,3343],[1221,9705]],[[3350370,3958953],[1624,5906],[4548,1103],[3574,4179]],[[3440912,3793511],[-18455,30102],[-1278,-1786],[-2205,2914],[-5056,-75],[-3912,5799],[-4498,3342],[-3944,-1011],[-4901,3249]],[[3398570,3914617],[4084,3359],[5943,-607],[3006,1806],[1117,2964],[3485,3413],[1341,2973],[5580,-672],[40719,285],[5983,-2455],[4108,-3594],[4270,4604],[4118,-433],[5415,1439],[2927,-351],[2999,-3594]],[[3360116,3970141],[178,1587],[3944,6461],[3485,881],[3749,2485],[1836,3053],[4750,-1539],[1943,1809]],[[3380001,3984878],[2283,1875],[4756,1072],[1607,-787],[7528,1020],[665,3547],[1749,1358],[2997,-3875],[2936,6991],[5674,3198],[2140,332],[3127,-1977],[1044,-2542],[2815,2677],[607,2694],[4817,-956],[-631,-6309],[3007,-917],[4650,-3709],[4663,-557],[870,2028],[4235,-4508],[5946,-1461],[572,2657],[3280,708],[1245,-1322],[4851,-583]],[[3457434,3985532],[4552,1787],[1421,3841],[2961,-978],[639,-2675],[2528,653],[1522,3937],[2851,-2638],[3104,1833],[602,3360],[2109,1077],[5078,-5762],[3509,-493],[3073,1094],[6637,-4487]],[[3620168,3702981],[3244,-15078],[744,-10148],[-442,-2843],[-2859,-2512],[-1995,-3580]],[[3618860,3668820],[-6618,1599],[-4017,2000],[-2228,-241],[-3851,-5555],[-1201,-8102],[444,-5393],[-945,-11109],[1753,-6685],[-1798,-4237],[-5282,-1570],[-484,-11400],[-1402,-5165],[-777,-11291],[-2770,-1908]],[[3589684,3599763],[-5337,4624],[-3069,1249],[-4657,-1151],[-2862,-6733],[-2995,-2210],[-3263,-4063],[-3011,-2245],[315,-3487]],[[3800273,3826152],[-4229,-15848],[-5394,-23235],[-1078,-7288],[559,-2898],[-1257,-5906],[1650,-4100],[-107,-6225],[2491,-5501],[2636,-3438],[528,-3247]],[[3796072,3748466],[-36,-12238],[2187,-5659],[-1226,-5723],[1288,-4438],[-320,-4959],[695,-4069],[-3720,-25125],[-367,-6017],[-5212,-4919],[-4439,-5488],[-957,-5762],[-3450,313],[-7026,11641],[-10970,-6035]],[[3762519,3669988],[-4469,-1000],[-11151,-20995],[-3586,-4350],[-1166,-2780],[-8085,-5041],[-2865,1700],[-2948,-761],[-5471,2442]],[[3722778,3639203],[-777,4322],[1045,12068],[-5384,11335],[-4088,3507],[-2239,447],[-6877,3574],[-1585,3772],[-2397,10261],[-6898,5256],[-9661,9696],[-3588,4545],[945,5596],[2707,10019],[618,6360],[2777,7195],[6774,8498],[3847,1408],[4906,6833],[1418,3058],[247,9499],[-3327,5169],[-10987,10139],[-1782,-469],[-3430,3211],[-2773,3924],[-3340,6490],[-546,5498],[1493,5922],[5920,-745],[865,3907],[-2281,3904],[-2754,2049],[-2546,9607],[1080,7017],[-685,9070]],[[3722778,3639203],[-5088,-9569],[-125,-2887],[-2263,-4377],[-2372,-1069],[-5951,93],[-900,910],[-8596,-769],[-1640,1831],[-2288,-1782],[-2575,628],[-1337,2419],[-2371,-2555],[-1827,185]],[[3685445,3622261],[-1054,664],[-2929,-4015],[-6335,1801],[-2408,-1339],[-5490,259],[-1447,1637],[-2861,-2141],[-667,6700],[180,5831],[-3573,1773],[-2445,4560],[-2707,-1090],[-4020,4192],[1760,2213],[87,3105],[-8381,10154],[-2795,427],[-2146,2368],[-3848,-593],[-2066,1375],[-1680,-2318],[-2710,8392],[-7143,-30],[-1907,2634]],[[3589684,3599763],[73,-8043],[2300,-2947],[1948,1588],[5348,-1583],[14414,-2539],[2884,641],[2189,-2835],[1509,-5131],[2579,-3816],[190,-3198],[2821,-5945],[1413,-1069]],[[3627352,3564886],[-2280,-1698],[-9342,-4266],[-1057,-3917],[689,-3716],[-1984,-4756],[470,-3870],[-1622,-7673],[-14,-12279],[1637,-9108],[-2321,1125],[-1433,-3164],[-2238,-8155],[575,-7501],[2182,-4552],[-2126,-3074],[-935,-7338],[-2285,-6921],[2720,-1772],[518,-3360]],[[3608506,3468891],[-7552,-3370],[-2219,-339]],[[3598735,3465182],[-6903,2001],[-5402,-6992],[-4858,-8534],[-4886,4078],[-4285,729],[-4960,2895]],[[3458091,3499134],[-2386,9605],[2088,5114],[-963,8784],[2115,6972],[-1944,10199]],[[3627352,3564886],[1760,-5397],[3404,144],[2190,-5101],[-61,-7328],[-963,-3524],[2762,-2198],[-2756,-7088],[968,-6099],[-1346,-6763],[1419,-4431],[2248,-708],[266,-6854],[9341,-7292],[2311,-8219],[7453,-8995],[4272,3463],[3229,-7857],[803,-8562],[945,-2598],[-5988,-858],[3730,-15409],[676,-12464],[-2333,3235],[-8906,-94],[-11701,10688],[-2053,-2473],[405,-3868],[-3432,775],[-4750,2852],[461,2467],[-1837,9294],[-7553,13498],[-3861,-1081],[-4796,-5043],[-5153,-2107]],[[3445491,3412825],[-1375,6275],[-2208,1598],[-3060,-1203],[1224,-5362],[-5328,-12607],[-7100,-698],[-989,-4941],[-4748,1700],[-4306,-3066],[-1796,1765],[362,5305],[-2770,3878],[-1674,-2913],[-4032,9321],[-3331,2493],[4977,10359],[444,4785],[3287,3714],[2892,-1026],[4988,2173],[843,8629],[3529,4730],[321,5497],[-639,4917]],[[3378745,3427902],[-2691,1378],[-1539,3837],[810,4600],[2720,-759],[2411,1658],[767,-7355],[3303,-826],[913,-3575],[-2463,-6329],[-2399,6393],[-1832,978]],[[3433491,3389997],[-2725,-2616],[-2349,5262],[313,6665],[4578,-2875],[183,-6436]],[[3685445,3622261],[5137,-15535],[-813,-1266],[-2927,-12016],[1990,-17668]],[[3688832,3575776],[-6110,3513],[-5331,-1393],[-1457,-1514],[-12234,11330],[-3260,-1765],[-4693,1774],[-2997,3772],[-5312,-6653],[-3399,-8732],[-2794,-4947],[-7361,4962],[-3887,-4263],[-2645,-6974]],[[3335887,3687731],[237,2317],[-2130,6356],[-2772,1373],[358,2481],[-6045,9377],[-3302,10566],[-2535,561],[-4836,6486],[-3274,-711],[-1446,1613]],[[3307114,3776761],[740,5033],[-3358,10530],[-1639,419],[-4166,10992],[-1276,9448],[-1482,2933],[-1697,9203]],[[3294236,3825319],[649,2476],[-1394,5129],[1676,11924],[-434,7900]],[[4120430,4853552],[-20541,-89997],[-1962,-1151],[-2369,-6327],[964,-6132],[-2048,-2752],[-1971,319],[167,-4849],[-2252,-10614],[-2005,-2561],[-1770,-9839],[-557,-11764],[-2535,-1338],[-2771,-8497],[-163,-13426],[-2370,-1219],[-2851,-3647],[-117,-4146],[-2330,-128],[886,-4474],[3778,-1023],[-33,-4177],[-2182,-1767],[-2886,-10137],[-1529,-1678],[-363,1776],[-1205,-1530],[-2083,252],[-2572,-128],[-3778,-4730],[-2730,1411],[-2729,-1798],[-2570,-4215],[-3657,-3008],[-4859,-8624],[-2567,-1526],[-1245,-2756],[-2335,-11020],[-3770,-4139],[-4623,1553],[-1847,-3715],[-3207,762],[-4180,-1014],[-6427,-4857],[-3128,3707],[-3172,-3136],[-1690,-4351],[-2007,-8684],[361,-3136],[-4939,316],[240,-2041],[5101,-444],[1167,-4031],[-4340,-1789],[-2209,1853],[-5499,-2742],[-11717,5583],[-3663,4198],[-7016,891],[-51898,24730],[-1323,2246],[-5224,3448],[-8432,2428],[-1566,8493],[2569,9719],[244,6903],[-723,10870],[-3437,10901],[-629,48472],[2462,6843],[-406,3191],[-2226,3085],[-182,14049],[2127,3643],[-683,3255],[2811,4117],[3576,-90],[4498,3460],[4257,7154],[4097,1917],[2087,2169],[10236,13998],[1447,3583],[7112,3511],[6427,5753],[3211,1666],[2604,3771],[2935,7094],[3459,-255],[77,3707],[2372,1726],[136,3230],[11583,12348],[3900,1483],[1004,-3639],[4131,-192],[-35,9898],[1611,3761],[8404,8959],[2468,-124],[3219,2301],[4859,-567],[3175,-5829],[2723,392],[1448,-3451],[3253,1214],[2289,-1985],[3614,6770],[4176,1283],[1005,-3511],[3697,-4607],[-1326,-5177],[3494,1594],[1242,6720],[3216,3319],[2005,-1402],[4420,759],[718,5205],[39879,-978],[282,-4730],[2773,-703],[2725,-7675],[1529,2813],[-1635,10156],[22022,-540],[3109,-1367],[1668,1250],[4045,-99]],[[4070799,4652025],[-5721,-3641],[-1445,2684],[1930,1534],[1446,-511],[3790,-66]],[[4224119,5598599],[7317,-60921],[-64272,-229479],[-99529,-109767],[-59001,-103797]],[[4008634,5094635],[-1264,-2223]],[[4007370,5092412],[-956,-1682]],[[4006414,5090730],[-6109,3195],[-443,6978],[-4614,-4334],[-2015,5548],[-1644,1343],[-1845,5624],[-206,7342],[2332,2058],[-2653,3826],[-3168,-3255],[-963,-11381],[2289,-2748],[2315,-5451],[-100594,52598],[-95544,-49564],[-4751,3749]],[[3788801,5106258],[-330,936]],[[3788471,5107194],[-2286,1128],[-40839,32222],[2837,3404],[-1282,5311],[-1590,1522],[-4698,-54],[-2227,-2866],[-3043,3359],[-1058,5102],[-3711,1191],[-5265,-1159],[-3962,4534],[-3630,1456],[-9399,85354],[-4140,4222]],[[3704178,5251920],[2361,1190],[1595,-4217],[7248,1472],[-645,3574],[1303,3063],[2251,9514],[1676,2218],[-262,5805],[2495,3703],[2381,428],[1844,4867],[-5006,1602],[-3155,3180],[-11073,6699],[-6476,6838],[-2221,793],[-18507,-10653],[-4328,823],[-5122,2343],[724,4162],[-2779,7382],[-5789,4659],[-14195,1411],[-2550,-1467],[-44815,45707]],[[3601133,5357016],[64265,105618],[-92241,39348],[-64164,90472]],[[3508993,5592454],[61633,34814],[78494,-40466],[108477,120413],[65797,-42929],[77092,34036],[86272,94812]],[[3986758,5793134],[81166,-1874],[72248,54561],[36878,-71414],[-123,-133570],[47192,-42238]],[[5047241,5971350],[-23964,-29453],[-3282,2750],[-681,-3132],[2403,-1535],[-45048,-54970],[-1488,4414],[2692,3899],[2729,-132],[281,5305],[-3250,-2872],[-2329,256],[-1890,2748],[-1928,-3332],[1326,-2229],[-1005,-5437],[-1242,-1218],[-1727,8765],[-3657,1086],[-1081,-5432],[2447,-4164],[3052,-1146],[-798,-3571],[-3057,384],[-4418,7785],[-2610,1985],[-118,4538],[-3216,-2296],[-2928,-4790],[-886,-4478],[1649,-1981],[2650,1146],[1403,-5948],[-599,-4913],[-3617,2812],[-3451,-639],[1566,-4922],[5621,-6907],[3010,2497],[4416,1107],[-1474,-17215],[-1215,572],[-3248,-5300],[-1689,2420],[-3169,-311],[476,-4858],[1446,-2433],[4462,1091],[2044,-1596],[-3230,-37705],[-1708,-714],[-1049,-6647],[-3531,-639],[-3815,-7346],[3574,-4926],[4736,-651],[-4497,-52489],[-2405,990],[-1368,-2821],[-2487,383],[-2372,-2872],[-480,-6894],[3609,-1287],[-1564,-6067],[-5864,-10998],[-6303,3899],[1122,3583],[-1082,5684],[-4897,-5109],[-2615,-196],[886,-3830],[-2490,-5118],[-4297,-4670],[-3933,-1146],[-2851,-3643],[-1564,-4534],[236,-3839],[3058,-4602],[3651,-60],[1845,-2424],[283,-3903],[-3292,-2173],[2262,-5396],[-5308,-9956],[238,5002],[-1492,2484],[-3732,-7474],[-886,-4351],[3357,-379],[-3614,-6777],[-827,4920],[-3534,-508],[2369,5689],[1007,5560],[-3893,2365],[-3293,-2944],[-2171,-251],[519,6071],[4619,-962],[-964,3195],[-3534,2557],[-2327,-1785],[-6583,-2689],[-166,-3319],[6104,-6141],[1047,-4606],[-3494,-5041],[-281,-4410],[-5582,60],[-2008,-2561],[1965,-7090],[2571,-3324],[7187,-4661],[-2022,-5054],[-4442,-767],[152,-7279],[-1879,-3525],[-2932,706],[-2088,-2297],[-1848,3315],[-2573,-503],[-1282,-5752],[-6829,-2045],[-1965,1090],[1890,5557],[-2332,894],[1044,5876],[-5419,-958],[3609,-6520],[-1807,-3766],[-3411,-3264],[643,-5880],[3335,-2749],[4771,3132],[2295,-5045],[3055,1146],[195,-3643],[-1483,-3771],[-2450,-1214],[246,-3064],[-3820,-5305],[-4538,1981],[-642,-4606],[1893,-4538],[-1084,-2905],[-6431,-6367],[-4177,5505],[-6307,5178],[-3130,247],[-284,3391],[1449,3963],[-199,4287],[-3654,-5433],[1523,-6524],[-1406,-3898],[-15056,-5693],[-2128,-4282],[-4182,3971],[-1526,8944],[1853,3319],[-1411,2757],[-3815,-1091],[-1483,-7606],[-3933,-1794],[-3216,1032],[-599,-6971],[-3815,835],[-1652,-3141],[5143,-890],[2050,-4027],[-7440,-7861],[-8585,3843],[-5298,758],[-3855,-1661],[2489,-7167],[8196,-5484],[7704,626],[2088,2186],[4538,-1342],[-1483,-6716],[4493,-507],[1892,-3391],[999,-6963],[-557,-2816],[-2610,-3005],[-1569,572],[-2814,-2809],[-963,-3447],[-5342,-1972],[-1925,3446],[-2567,-1158],[-244,-3068],[1365,-6004],[-4170,-8761],[-10855,-11601],[-5894,616],[-3740,-2496],[-723,-3840],[1263,-3998],[-10844,-11588],[-1339,2168],[-6383,3132],[-4575,-4],[-3379,3967],[-2728,-1917],[4013,-4223],[4019,0],[1885,-5305],[-1243,-6971],[-1731,-3095],[-5116,-5467],[-1990,2814],[-2809,-1406],[-2811,-4215],[-2730,380],[-3331,-2489],[-725,-3067],[1204,-6114],[-2811,-1433],[-3276,1347]],[[4726300,5417667],[-17206,94046],[-102594,104643]],[[4606500,5616356],[15036,113941],[87558,213561],[35042,127426],[115122,69212]],[[4859258,6140496],[44026,-128512],[62316,20549],[81641,-61183]],[[4812420,5551884],[8310,-3767],[407,-6902],[-2412,-4351],[-4056,-5053],[-4498,2173],[-1727,3264],[402,5241],[3778,6907],[-204,2488]],[[3601133,5357016],[-6124,-4885],[-2122,4070]],[[3592887,5356201],[-1823,3803],[-2074,-2168],[-2398,4013],[-9744,4710],[-4453,-8364],[-1180,-4548],[-2741,2376],[-3509,-479],[-5321,-4092],[-2200,3016],[-12873,-15135],[-1707,-1500],[-3188,3311],[-2608,-8142],[-1324,-1448],[-4314,119],[2199,-20139],[2319,-1132],[333,-6062],[-7656,-6505],[-4486,-10584],[-13435,-1023],[-18741,-16246],[-4407,-3550]],[[3487556,5266432],[-7673,7611],[-2321,5537],[1253,8621],[-14266,-3526],[-6778,-11450],[-3219,-32666],[-2865,-1463],[-10782,8216],[-5029,7931],[-749,2720],[-4471,8157],[-12076,15794],[-7404,-13445],[1280,-6420],[-571,-2888],[-3487,-8479]],[[3408398,5250682],[-4745,4609],[-3060,6019],[356,2881],[-3724,6752],[1138,5579],[-5849,6257],[-5105,1410],[-638,-5153],[-53861,-17010],[-4297,2847],[-1140,2313],[-4198,-492],[-1356,1524],[-7023,1305],[-6866,9116],[-8115,-13515],[843,-6922],[-9512,-14016]],[[3291246,5244186],[-6405,-14105],[1112,-3698],[-6198,-265],[-5462,-4256],[3626,-9399]],[[3277919,5212463],[-1520,1423],[-1094,4855],[-2716,5200],[-222,2655],[-7358,3713],[-2483,-85],[-2370,-3606],[-3110,-563],[-1615,1768],[-3353,-78],[-451,-6653],[-1140,-2345],[-3197,1048],[-3419,4856],[-666,6246],[-3838,6038],[-4737,-419],[-771,-2930],[-3137,-897],[-2675,-3738],[-395,-4419],[1671,-5683],[-2306,-2602],[-217,-4428],[-1911,-3394],[-839,-5811],[-1635,-984],[-3749,864],[-1914,-4494],[2149,-4981],[608,-3877],[2521,-4840],[-203,-3657],[-2621,-1156],[3766,-11189],[723,-7486],[-380,-4175],[5057,-6632],[2880,1821],[-187,-5906],[1597,-3663],[2050,-633],[969,-5188],[1352,-39911],[-1057,-1679],[1461,-10256],[-2442,-3750],[1622,-4167],[-115,-5244],[-1486,-2257],[258,-6136],[-1401,-1731],[690,-4897],[3188,-5210],[3127,395],[1470,-5020],[2914,-942],[-341,-5835]],[[3244921,5039798],[-4985,-1983],[-703,-5425],[-2121,-3331]],[[3237112,5029059],[-6076,483],[43,3976],[-3890,3995],[-5272,1924],[-195,4322],[-5833,1667],[-6430,-1443],[-21489,7843],[-6237,5432],[-171,3294],[-1910,2504],[-2262,6736],[5651,4393],[-955,5417],[2674,3096],[-1187,2472],[875,3676],[-515,4151],[-5343,465]],[[3178590,5093462],[1414,4409],[-1564,8980],[95,2686],[-3561,3722],[361,2495],[-1096,9905],[-1945,231],[-8170,-10261],[-6096,-1443],[-2974,-2502],[-2183,705],[-3803,-7655],[-3370,-2817],[-1741,-7452],[-1908,5],[-4961,-9008],[-2219,239],[-3034,-5269],[-1743,662],[-4951,-3011],[-58261,87941],[-5512,3620],[-5594,1255],[-1474,-1898],[-19179,4538],[-4728,1469],[-1659,2690],[-2408,-1935],[-3590,1150],[-994,-1761],[-4974,5866],[-2043,-2653],[-22488,5322],[7409,40208],[7110,11448],[824,2689],[-1817,5157],[2313,5263],[-1947,10619],[5226,28358],[3599,3069],[-1482,8416],[982,5331],[4425,-4068],[3089,-1511],[3156,1234],[495,3397],[-1423,4191],[-1629,594],[-1092,4160],[-483,6798],[1387,2839],[-772,3356],[-3085,1083],[1104,5994],[-53135,17113],[-3389,18519],[-682,6470],[902,3394],[-3885,10158],[-2641,14432],[2615,2075],[1027,3952],[-3665,2610],[-1247,8283],[-1846,1396],[895,4708],[-3482,8136],[-4319,23594],[-7045,3595],[2670,4340],[2359,-2615],[2616,1986],[613,4987],[3751,1628],[2168,3129],[4043,3138],[238,2548],[3002,4277],[-1567,6175],[-3755,-3346],[-2182,1005],[-5830,-1364],[-4027,433],[-2099,-3526],[-5571,-452],[-1903,-2093],[-2617,545],[-3598,2781],[-744,2774],[-8347,-605],[-8302,-1756],[-1957,-2094],[-6101,354],[-6636,1897],[-1542,-1748]],[[2894411,5483145],[-41543,20622],[10775,154337],[3382,-4683],[2450,1441],[4043,5072],[2446,7645],[2525,-504],[2861,1627],[2729,6160],[488,6101],[3566,-605],[1391,4923],[320,5620],[-1216,3430],[13530,15425],[1940,-4787],[3367,3637],[2228,688],[4451,5243],[-376,3195],[1203,5973],[3888,2433],[876,3657],[13673,15587],[2938,-2074],[4401,6802],[2198,2261],[-73,3800],[4719,5381],[181,99972],[1416,1780],[830,6074],[-1887,6819],[-325,4141],[101,55773],[141,78321],[-58455,98946]],[[2889593,6113378],[93207,172847]],[[2982800,6286225],[26038,-167790],[119544,-41528],[58935,-102393],[42236,-151049],[132867,29829],[-3651,149072],[138434,95905],[87776,-38225]],[[3584979,6060046],[-43632,-67509],[-97806,2640],[-4954,-118679],[82737,-20432],[-34019,-113055],[21688,-150557]],[[3584979,6060046],[92573,5762],[4067,118364]],[[3681619,6184172],[191924,78742],[32668,-110863],[61201,22577]],[[3967412,6174628],[22937,-251096],[-3591,-130398]],[[4606500,5616356],[-143139,-59156],[-42349,146667]],[[4421012,5703867],[11398,173670],[-46616,144230],[61597,129261],[-25883,113184]],[[4421508,6264212],[112621,82548],[99095,23769]],[[4633224,6370529],[106943,12887],[90139,-70715]],[[4830306,6312701],[28952,-172205]],[[3967412,6174628],[-830,96317]],[[3966582,6270945],[19776,66396],[116436,29531],[15730,56857],[192652,-56857],[110332,-102660]],[[4421012,5703867],[-67202,6420],[-101962,-49321],[-27729,-62367]],[[4830306,6312701],[139697,262670]],[[4970003,6575371],[121618,-20265]],[[5091621,6555106],[36764,-53820]],[[5128385,6501286],[-4906,-5759],[-6348,-511],[-10039,-8944],[-1729,-5433],[-4051,-2237],[-1286,1147],[-3774,-1654],[-5858,-5505],[-2530,-4027],[-2406,-7026],[1003,-5697],[-4134,-6703],[1682,-2428],[-5901,-2497],[-1684,-2945],[-7635,-379],[-3697,5629],[-6747,3192],[-16138,-380],[-8719,-2241],[-1765,-3324],[-1761,-8692],[556,-5237],[-2367,-1726],[-2170,3840],[-2046,-3520],[1199,-2817],[5430,60],[4133,6843],[3010,10031],[7070,1414],[8990,-1026],[2171,-2046],[2370,-5684],[-3933,-2050],[77,-3327],[1767,-5881],[3136,-3451],[-806,-8560],[-2728,-3708],[2246,-3319],[1805,3379],[5300,2821],[1692,-3716],[9472,-123],[6916,4597],[10909,11002],[5622,7674],[10682,6648],[6027,-520],[323,1278],[8275,-3064],[7946,-8692],[6629,-10171],[5258,-11313],[2289,-2868],[889,-3720],[3133,-3702],[883,-4730],[7510,-6579],[3215,128],[5542,-1534],[3132,-4219],[5285,-975],[7285,-19409],[-5507,-7990],[-1765,2553],[-2688,-10163],[-6462,-5305],[-1810,-2365],[-3534,-7542],[-1970,-1593],[-1363,-4091],[-4741,-1922],[-5867,-1150],[-1681,1666],[-5097,-5309],[-648,5752],[-1967,-954],[-3454,-4734],[160,-4215],[-3087,-2624],[3492,-8117],[1242,7354],[2492,124],[1041,-3448],[-277,-6719],[3972,5697],[2209,5688],[5622,2944],[2487,120],[3060,5117],[3933,1786],[2886,-899],[46,-7602],[1081,-2744],[4137,3127],[1328,8501],[-5465,767],[123,3771],[1885,4802],[8109,1782],[4503,4218],[2326,-3068],[-10987,-69184],[-3108,5205],[2415,3839],[-1207,4082],[1962,6583],[-479,6273],[-5020,-1603],[404,-8564],[-2171,-10861],[-4535,-4543],[-5223,-260],[-1079,5182],[-2094,-2681],[-2406,7670],[77,2557],[-2492,2173],[-2691,-64],[-321,-5497],[-1326,-2492],[-998,-5821],[-7191,-5684],[485,-5250],[4374,-1082],[6185,2433],[6026,-2177],[1162,-2241],[-921,-7091],[6663,-2680],[-2773,-6460],[3057,-3830],[400,-6779],[-3495,-1726],[-2811,383],[-6026,3068],[-3130,5246],[-2171,-2306],[3135,-6387],[3858,-1922],[1764,1287],[2814,-3200],[244,-4602],[3970,-3004],[-3611,-3963],[837,-2876],[-1560,-4670],[840,-5556],[-6104,-384],[-4334,-3843],[-8514,8],[5580,-4798],[1609,-11248],[2163,-7031],[2535,-3776],[1403,-5679],[-1285,-6141],[2888,-7793],[-961,-3068],[3002,-3455],[-945,-5951],[-3379,139],[-4985,3579],[-6342,511],[-2164,-6259],[-3617,2164],[638,-4725],[1772,-644],[-1609,-5999],[-2888,119],[-287,-5428],[-4940,-4791],[-1523,244],[-3815,4926],[-1764,8565],[519,3515],[-2647,3830],[-1650,4926],[-198,6975],[-4458,827],[1366,-4866],[-3657,-1977],[359,-2497],[-2846,-6707],[-3615,132],[-3012,3128],[-845,-2876],[6824,-1147],[1812,-5304],[-1284,-4986],[-6065,-9655],[-2650,-252],[-3416,-8117],[324,-7414],[-4825,-9714],[-7908,2231],[-3850,-1538],[-2174,1159],[-1927,3963],[-10964,4790],[-679,-1986],[-6469,-443],[1567,-2497],[5461,1154],[4736,-1150],[2131,-4022],[3737,-3264],[3211,-128],[5750,-5693],[-3933,-12508],[-5067,-7557],[-4137,-11569],[-3858,-1534],[-2928,-9272],[1525,-3183],[-3215,-5377],[-3092,-447],[-766,-7994],[1526,-5616],[3187,-956],[-5886,-18720],[-1311,1908],[-5103,-10163],[3857,124],[-2033,-6465]],[[5116401,6101545],[-10764,-8261],[-1309,3057],[-120,5816],[6102,4725],[923,5182],[2056,2775],[2889,255],[1368,-4500],[1401,-1722],[-2333,-2677],[-213,-4650]],[[5083740,6076481],[-3974,-3049],[-1901,3835],[5875,-786]],[[5091621,6555106],[31940,62376]],[[5123561,6617482],[4347,-3046],[3487,-107460],[-3010,-5690]],[[3681619,6184172],[-96295,161579],[43072,112925],[128730,-45136],[152243,235376],[-3518,91300]],[[3905851,6740216],[99474,-50223]],[[4005325,6689993],[45763,-144441],[-161338,-75196],[76832,-199411]],[[4005325,6689993],[-519,218043],[131308,-1779]],[[4136114,6906257],[50821,-98127],[77187,-40271],[88973,9696],[144289,-142341],[62647,-14853]],[[4560031,6620361],[73193,-249832]],[[2982800,6286225],[-12897,218449],[-66996,248883],[-83086,68378]],[[2819821,6821935],[22249,67899],[115590,25274],[101901,-16170],[103422,-90299],[128233,159519]],[[3291216,6968158],[69500,82575],[82981,-150885],[124836,-105244],[60424,52166]],[[3628957,6846770],[48473,-43222],[168441,-67377],[59980,4045]],[[4560031,6620361],[48562,148457],[-62540,32958],[14114,142649],[75367,164998]],[[4635534,7109423],[18002,3931]],[[4653536,7113354],[73624,-92556],[97494,-45837],[-13005,-69452],[70723,-146332],[-32700,-47075],[43346,-118899],[76985,-17832]],[[4653536,7113354],[196752,-28652],[68810,74337]],[[4919098,7159039],[-1178,-11893],[238,-4985],[-1844,-4610],[72,-7670],[2736,-8935],[-2326,-9208],[1922,383],[1644,7866],[4739,-4355],[4664,-511],[2808,3707],[3451,-3575],[2531,-485],[6633,-5475],[-3502,-4079],[2131,-1730],[8434,-10470],[2489,-1031],[6867,-5812],[-358,-5053],[5059,2045],[8594,-5629],[-768,-4662],[5105,-187],[10677,-2305],[6508,-3447],[26236,-21595],[-417,-4930],[883,-4606],[3299,-8816],[1365,-9971],[5058,-15723],[642,-10491],[1130,-3958],[-1207,-6899],[1038,-4866],[3657,703],[2611,-3506],[-723,-3836],[3617,-4729],[642,-6392],[3132,-4862],[1765,-6135],[-2892,-4981],[-77,-4087],[2851,-8509],[2731,-1662],[2206,-5309],[-1484,-18075],[1848,-4994],[2412,128],[1882,-10802],[3215,-3707],[158,-4474],[3936,-4602],[-1850,-2049],[4663,-4854],[2530,-11057],[2247,-4214],[3694,128],[2897,-2557],[121,-7989],[1844,-11377],[3330,-7734],[-3209,-1794],[599,-5565],[-5338,-5684],[4013,-762],[3336,-8757],[-3815,-8757],[-2935,-447],[405,-3966],[3818,830],[2203,-4538],[4819,-4729],[6063,-3903],[3655,-435],[15059,-10806],[6506,-3328],[5057,-4602],[1974,-3000],[1442,-8053],[-2412,-2940],[2332,-2817],[1205,-6003],[-3933,-2689],[158,-5241],[1526,-4214],[4818,-1406],[-119,-8254],[9798,-375],[4181,-3068],[8193,-4346],[6623,-5050],[10196,-18279],[246,-4346],[2567,-8190],[4101,-9579],[352,-3195],[-12466,-7277],[-3909,2483],[-10283,2812],[-7073,5752],[-4856,2996],[-1165,3396],[-5699,4602],[-8916,3191],[-3861,3196],[-3447,-1022],[-2734,-2429],[-9159,-3707],[-4013,-6136],[-5700,1917],[-6824,-643],[-3298,1410],[-1403,10163],[-1285,4474],[-4297,6711],[-846,2876],[-4374,6464],[-4337,2680],[-4180,1279],[-4179,2803],[-3212,648],[-2005,2301],[-4975,-1538],[-1130,2812],[-2811,1018],[-10200,-5748],[-3451,-3830],[-12449,-12277],[-5220,-890],[-6185,1151],[-7630,2552],[-967,-2425],[4501,-2049],[3853,-3831],[4821,-4],[6099,2177],[4581,3196],[8510,2936],[3462,-124],[2683,3128],[-116,5309],[5299,-1151],[4337,-2684],[5547,-1282],[7702,1027],[3135,-384],[2854,-2748],[2168,-8181],[3698,-8314],[637,-4601],[-2449,-4032],[963,-3451],[5382,-3835],[3054,-895],[4254,1159],[5783,-1031],[3778,-3195],[4818,-2553],[3451,-4346],[5866,-4981],[6985,-9332],[4219,-10806],[3327,-4661]],[[4927514,7168131],[7668,8284]],[[4935182,7176415],[-802,-5752],[-2370,-3000],[-4496,468]],[[5152607,6639909],[-15867,-9263],[-5628,4348],[-3049,1019],[-1363,2433],[-4021,2940],[-7106,9775],[-3651,315],[-6148,9788],[7670,8496],[4742,1666],[6824,-1278],[5181,-5949],[3494,-8245],[9396,-5364],[4418,-7419],[5108,-3262]],[[4136114,6906257],[-62468,205205]],[[4073646,7111462],[106937,32246],[72873,65023],[131063,52756],[14262,117243]],[[4398781,7378730],[167339,-37118]],[[4566120,7341612],[-57916,-150880],[127330,-81309]],[[2087107,6116966],[-2215,219],[-3467,-2428],[-89826,-33240],[-7806,10812],[-8623,4],[-2930,6399],[-2629,-1648],[-634,-2677],[-4343,-2166],[-1094,-6367],[-3498,1112],[-1297,1955],[-2703,-5691],[-3781,-1561],[-1478,-3933],[-5604,1251],[-6694,-3610],[-3604,-3239],[-1056,3824],[-2991,-1453],[-1848,-2665],[-4098,3325],[-2365,-6620],[1470,-6075]],[[1923993,6062494],[-4316,-1535],[-6129,5201],[-4236,-2727],[-5075,4652],[-6240,-1104],[-653,4025],[-2407,2236],[-2939,-6593],[-1714,-1278],[-3056,-9754],[-2777,-4818],[-3683,1084],[-2102,-823],[-611,4550],[-4011,-2667],[-2546,47],[-1177,6506],[-3328,-1997],[-6218,-1300],[-2881,-2790],[-2963,5886],[-4506,-2507],[-1136,-2352],[-4139,-367],[-1309,2539],[-3741,1176],[-3457,-3703],[-3482,-1031],[-3513,690],[-3935,2433],[-825,5188],[-1799,1316],[-986,4993],[-2429,1753],[-1360,3632],[-8658,1006],[-2321,4746],[-3402,1387],[-3455,4779],[-2518,-1953],[-3662,562],[-4135,4102],[574,2958],[-1423,5936],[-4736,750],[-5246,-5800],[-2550,810],[-557,3957],[-2701,1707],[-2472,-9538],[-1180,-6],[-2282,-10137],[263,-4317]],[[1767853,6074004],[-1721,93],[-5325,-7900],[-3069,151],[-2828,4781],[-6024,1534],[-2891,4681],[-4952,-815],[-1691,5835],[499,2695],[-2016,8441],[1761,1868],[-2442,6520],[-1915,701],[-4320,-4039],[-1398,-3871],[-3353,-3],[715,-8925],[-1054,-1706],[2610,-8265],[-19927,13464],[-188,8165],[-2692,2254],[208,2981],[-2284,6264],[-4668,1880],[-4996,6750],[-1458,7776],[391,4338],[-2469,10261],[-2616,-544],[178,-5489],[-1899,259],[-1234,-4935],[665,-2052],[-5002,-7089],[-1502,7914],[-3020,191],[-3442,2858],[-6558,1331],[-4108,-1517],[-304,-2775],[-3297,-4625],[-24684,16459]],[[1633533,6139899],[-744,8752],[-1428,2113],[2407,4749],[3114,1484],[899,5306],[1889,165],[562,5500],[-1724,4361],[2346,4482],[-3948,2529],[-4004,6638],[-3367,-2301],[-2104,1670],[-4788,-6955],[-2044,-6587],[-3743,-2101],[-2907,2233],[-5150,-2241],[-803,-1481],[-7272,5889],[-5440,1782],[-2337,2105],[395,5574],[-2794,1282],[-4778,8792],[-5268,-200],[-1942,2357],[-3547,-302],[-2440,-2002],[-5104,5208],[844,3647],[-970,4201],[-2558,5065],[-10564,2828],[-2372,2221],[-4310,880],[-899,3598],[2653,14901],[0,3738],[-2604,2498],[-3017,-995],[-342,5185],[1403,6681],[-2352,826],[-1199,9878],[3459,3045],[127,3997],[-5718,-597],[-2826,1931],[908,3391],[-2065,2956],[-2919,-755],[-2516,2384],[-1884,-1856],[-2353,3818],[-3420,2632],[-1535,-2100],[-4213,1331],[-4701,-2557],[-4178,-1155],[-1810,-4306],[322,-3597],[-2854,-1410],[-5428,576],[-2606,-4828],[-2731,-1402],[144,-4271]],[[1492385,6261079],[-2327,-2691],[-2170,3364],[-3364,-17],[-373,3399],[-3474,214],[-1509,2026],[-757,5890],[-5065,4712],[-2100,3522],[-110,6327],[-2112,1331],[813,4313],[-862,5095],[-3325,490],[-3640,6482],[297,4348],[-2841,2242],[-3265,-1545],[-2686,7043],[1445,3648],[-3572,1430],[-3392,5105],[-5280,2101],[-5794,-2817],[-3729,3756],[-942,3566],[-4541,2143],[-2812,-907],[-855,4510],[-3213,2260],[-2941,-2134],[-25887,35515],[-4638,1152],[-462,3641],[-3243,2410],[-2909,-3811],[-2223,4225],[-4244,2368],[-3772,5441],[-2892,-2155],[-2775,5578],[-2805,-1436],[-5870,5806],[-1218,-1603],[-6298,1723],[1910,5375],[-909,1663],[2785,4890],[-2225,1050],[448,3827],[-2716,544],[-5830,7692],[1742,2771],[-414,3188],[1280,3630],[-1965,7303],[-3759,889],[-969,-3341],[-4287,1390],[-1291,-3351],[-5690,4110],[-5488,2044],[-1374,2514],[-4143,-262],[-1539,1791],[-5573,249],[-5950,5615],[-6659,3342],[-1299,-5367],[-4047,2688],[-1750,-8840],[-5657,1509],[-4684,5598],[-2981,422],[-663,-3924],[2665,-1928],[-2233,-4577],[-896,-4611],[2556,-2762],[-1386,-6691],[-1780,-4281],[580,-3769],[-7666,-8766],[-1208,1122],[-4457,-1268],[1258,-2618]],[[1262389,6407999],[-17616,4376],[-5176,5324]],[[1239597,6417699],[-582,5426]],[[1239015,6423125],[225,2228],[-4666,3685],[-5353,-604],[-1867,5562],[-3269,-346],[-11837,11994],[-3440,5310],[-1746,-105],[-3727,4431],[-5017,4489],[-35809,36535]],[[1162509,6496304],[1355,1656],[-978,6428],[-1907,-1653],[-2034,2051],[-1772,6307],[-4834,-3099],[-4019,1502],[-3592,6995],[-2057,339],[-3873,5138],[-5768,869],[-1972,4925],[-1890,454],[-640,5747],[-2379,3123],[-4118,-443],[-3713,2094],[-2303,3001],[-1271,-3455],[-3701,-1925]],[[1111043,6536358],[-3396,-613],[-6010,-4119],[-4812,2607],[-3582,6224],[-879,5317],[-3313,396],[-4386,-1690],[-1347,7564]],[[1083318,6552044],[76,5150],[-3692,1191],[-5234,3718],[-1137,2502],[-827,9843],[-7184,6373],[2301,5010],[-2813,3339],[219,4782],[-5076,2599],[639,3429],[-3364,7148],[-6474,4131],[-1388,-4519],[-4036,-436],[-19,-11920],[-7212,2554],[-2999,-8552],[-2830,-3638]],[[1032268,6584748],[-134,90]],[[1032134,6584838],[-581,2518],[-4163,-1373],[-5010,2442],[-2986,8987],[284,2559],[4090,9021],[-1961,1626],[-1626,4234],[-2962,1161],[334,6484],[6961,5136],[4212,6418],[-3682,4835],[-1877,5963],[-2694,-472],[-3424,12756],[-1986,3454]],[[1015063,6660587],[-5325,6545],[1924,5685],[3303,3168],[3559,651]],[[1018524,6676636],[2180,9583]],[[1020704,6686219],[1515,2908],[-1181,5664],[-2608,-329],[-3216,9430],[-2294,2639],[-32,5331],[-4925,1676],[-3832,6463],[730,3988],[-3638,1422],[-6220,11162],[-2162,-5326]],[[992841,6731247],[551,4961],[-394,9014],[486,5239],[-1214,4203],[368,7363],[-4256,9548],[-2838,3316]],[[985544,6774891],[-494,2065],[2042,4123],[3769,2340],[4658,489],[1541,3285],[4945,1626]],[[1002005,6788819],[3751,-2456],[3148,1433],[-922,3813]],[[1007982,6791609],[3148,3497]],[[1011130,6795106],[5685,2566],[1594,3292]],[[1018409,6800964],[2708,168],[-623,-6437],[2877,-5621],[174,-4500],[-1726,-2448],[2962,-14029],[1935,-6591],[3049,298],[4488,-7469],[5272,-3831],[9678,3621],[4097,-778],[369,3401],[2023,2176],[-858,5035],[1351,4061],[5053,2588],[417,2769],[5210,206],[3247,5949]],[[1070112,6779532],[1246,6079],[1627,1105],[-3618,12434],[2622,5860],[-2014,8424],[-1677,1865],[-3304,-297],[737,5707],[-499,10472],[-701,4068],[1925,3324],[-919,2179],[-4561,4290],[-1721,4660],[-2114,1527],[207,12539],[1571,4765],[-765,7005]],[[1058154,6875538],[-2712,3118],[-4914,3228],[-197,4397],[-3431,3187],[-802,7267],[-4343,1019],[-1859,1960],[-2499,7278]],[[1037397,6906992],[-888,8235],[389,7081],[-2089,12067],[-2062,1109],[1835,7337],[9265,-2008],[2087,1789],[5779,73],[-252,4563],[-5825,3832],[-1399,2920],[1996,9261],[-2684,3030],[-688,3248],[-2706,4088],[-2706,14016],[-4816,9198],[1491,4453],[3165,2884],[5756,2518],[5481,-5256],[5458,-1898],[3715,1351],[2293,3504],[2202,474],[3027,-2190],[2271,2044],[4632,-2226],[1858,839],[4939,-3110],[4119,2380],[-550,2628],[2408,4964],[-1284,6205],[2132,2519],[3073,-73],[2041,2774],[597,6132],[-667,2573],[6560,2829],[3005,4854],[1690,-424],[261,7047],[-841,3732],[-2704,1982],[-1376,7702],[-1638,3082]],[[1095747,7061124],[22266,2282],[12881,44281]],[[1130894,7107687],[2477,-517],[1845,-2783],[1990,3981],[4154,-924],[5673,1860],[487,4239],[-1185,4421],[3092,1883],[2070,9690],[4530,6499],[2846,1084],[872,3728],[-1907,5376],[3891,3986],[-893,4621],[-2012,17007],[3762,6205],[-1239,2665],[6054,9453],[849,5366],[-1995,5000],[650,5536]],[[1166905,7206063],[155746,-12869],[38474,71948],[183916,-44013],[132551,48166],[180504,115922],[228260,-31519]],[[2086356,7353698],[9245,-102723],[-34107,-209265],[85657,-172960],[296639,-90134],[115391,6589],[84791,-113140],[112547,-13371],[63302,163241]],[[2889593,6113378],[-5961,-5115],[-1436,3715],[-4626,-1974],[-1739,2566],[-98,10117],[-4285,3223],[-768,3647],[-4782,7559],[-3863,-317],[-2528,-5723],[-4346,148],[-1417,5292],[-4505,5242],[154,10361],[-1654,4898],[-5779,6023],[-2864,-213],[-1754,-2615],[-3725,4130],[-3323,-3635],[-549,-2285],[-3124,-2019],[288,-3643],[1752,-3918],[-1424,-1712],[-652,-5290],[-1654,-1734],[1780,-7386],[-1780,-3787],[-1491,-6413],[-4820,3473],[-1526,-2579],[1174,-3783],[-2637,-2651],[-3561,377],[-437,-3648]],[[2811633,6113709],[-1276,-264],[-6003,4808],[-4675,7283],[-3049,-834],[-2234,1218],[-1013,3801],[-3157,4519],[-3209,2084],[-4542,-2367],[-2195,-4288],[-2524,-1532],[-4204,3667],[-2587,790],[-2613,6298],[-6954,-2850],[-5013,1075],[-1616,6369],[-7313,5529],[-1621,2246],[-6347,94],[-3768,-2018],[-4752,-5323],[-5006,156],[-2534,-4218],[-889,-6266],[-2260,-987],[-1863,3020],[-867,4650],[-4917,-1238],[-1462,2860],[-3723,1910],[9738,9576],[-573,4645],[-3520,3183],[2924,4642],[4445,260],[4214,6695],[4892,5792],[-2359,6283],[5946,4126],[5174,1535],[2411,5231],[-654,4512],[-2963,1505],[1221,3668],[-4829,5721],[-1316,2706],[-389,6166],[787,3507],[-2121,2515],[-3514,-2391],[-2747,4184],[333,5611],[-1145,2470],[-6587,5708],[580,3593],[-3328,4645],[-8559,-2534],[-1506,-4783],[-2520,-3366],[-1712,1744],[2906,3638],[-1480,4517],[1629,2339],[3381,-222],[3085,2451],[1450,3734],[318,6157],[-3910,3600],[-4468,7545],[-1921,-9],[-3993,4545],[-1672,7720],[-7963,5702],[-3582,-3099],[-3144,46],[-1758,1984],[-2588,-4120],[-4454,-2714],[-1457,-2556],[-3658,1296],[-45,4533],[-2577,-772],[-3421,-3769],[-1872,-54],[-1953,-3781],[1473,-3344],[-2135,-5598],[479,-3399],[-2843,-654],[-3575,1708],[-1987,-2144],[-4088,3926],[-3022,-8569],[-2460,2569],[-4658,-2325],[1302,-2744],[-1755,-4887],[-534,-6746],[-3360,-8104],[-4257,-432],[-6220,1858],[-4110,2594],[-3486,-804],[-3011,4544],[-594,2744],[-4956,109],[-4145,-2435],[-3735,8215],[-5310,1327],[-3453,2275],[1166,-6028],[-5244,5041],[-3821,-382],[-3868,3451],[-3431,489],[-4292,-2404],[-937,7838],[-4113,1837],[-1616,8520],[-4152,4987],[-9747,-6994],[-2926,-6677],[-6587,-3198],[-3386,823],[-469,-3707],[-3336,-1536],[-2588,801],[-1119,-4609],[-7598,-579],[-2321,-5770],[830,-4038],[2676,-1128],[1465,-5908],[3740,-2242],[-2360,-3681],[-6547,-5225],[-1297,-5552],[-2844,-623],[-5046,1276],[-373,-3696],[-4150,-3518],[-5111,-950],[-1978,-3681],[-3357,-2108],[-308,-7615],[-2376,-724],[-1984,4734],[-7547,-9820],[-3539,-2323],[-1804,986],[-5192,-2389],[-290,-3047],[-7454,-7492],[-1775,2127],[-7662,-3508],[-7044,465],[-5350,2382],[-5980,-2933],[-4247,-8010],[-5179,-3309],[-7105,-5970],[-7581,-13406],[-67,-6239],[-2080,-5308],[259,-2003],[-6892,-6364],[-1348,-2883],[-5619,-1662],[-1305,-3405],[-4279,-1770],[-1407,-1971],[-1028,-7374],[-2923,135],[-5643,-4049],[-4247,1900],[-4843,-5579],[-5437,-5145],[-1318,-7599],[3226,13],[2864,-2105],[464,-2561],[-1491,-5885],[840,-3249],[-5090,-4471],[-2429,-5076],[-4303,129],[-2483,-4298],[-5212,-5358],[-2579,-410],[-2185,-2592],[-2104,-6286],[-3892,4489],[-3007,-1455],[-275,-2842],[-6976,-2416],[-2181,4351],[-1658,7122],[-1175,1264],[-5283,-778],[-4905,-3828],[-9062,-11193],[-6885,1675],[-3378,-5724],[-9936,4392],[-19727,-24]],[[4566120,7341612],[-7721,79446],[64226,109376],[161381,125257]],[[4784006,7655691],[5205,671],[7309,-5377],[3652,-4917],[5022,-3132],[1406,-2880],[4776,-4027],[2733,1538],[5138,507],[4839,-1529],[77897,-58049],[4638,-7415],[-507,-2730],[-2974,-2948],[-1689,-3831],[-5861,-9464],[-1044,-7418],[-243,-10086],[1528,-14832],[-1406,-4415],[4348,-6975],[-372,-2296],[5422,-3380],[5458,-7414],[1684,-388],[6589,-5624],[9155,-4854],[12294,-387],[9309,1027],[6626,-3008],[14580,451],[4977,6136],[4016,2816],[2816,4474],[2089,1147],[2819,8497],[84272,82212],[4868,-1867],[4179,3072],[2171,-2045],[4294,-1091],[-1287,-3839],[4462,-5046],[2087,-391],[842,-4027],[2043,-2105],[4016,-1027],[6669,1031],[1006,-1862],[-2331,-5236],[881,-8441],[2214,-2745],[6663,-2935],[7106,191],[5426,2105],[1242,-5301],[5909,-3003],[1242,-6077],[2123,-3511],[9197,-6016],[-61639,-120916],[-4738,2677],[-4259,-4602],[-642,-5109],[3212,1278],[2291,-2357],[-6230,-12221],[-7263,-10800],[-3539,-899],[294,-4461],[-35310,-54303],[-4611,1445],[3327,4534],[161,3579],[3818,5304],[843,4279],[-645,5113],[-3494,3013],[-1690,4337],[-3327,-5301],[284,-4282],[-4177,759],[-1612,3971],[-5862,-3579],[-4739,-1666],[-2048,-5557],[246,-7670],[5178,-2884],[1443,-2553],[5585,-4022],[-4656,-6775],[1161,-3648],[2653,2813],[2528,200],[600,-3519],[-3775,-5757],[-2089,2689],[-1961,-2876],[-9719,-8306],[-3700,-10618],[1044,-6770],[-3669,-6855],[-4563,6398],[-3973,-2611],[3167,-5565],[-2243,-1658],[-1411,-5565],[1687,-2281],[-5336,-6087],[-1647,7350],[-1655,2237],[-4773,-8505],[-1928,-631],[-2569,3316],[-5221,-5749],[-3973,315],[597,-3127],[-4495,-17896],[-1566,-835],[-3130,-11245],[-1807,-827],[-2211,-5565],[-4456,-2752],[-1884,-4662],[-3574,-4406],[-327,-4866],[-1844,-7789],[-486,-5889]],[[4927514,7168131],[-6346,-3663],[-2070,-5429]],[[4784286,7655909],[1502,1166]],[[4785788,7657075],[-1502,-1166]],[[2086356,7353698],[93501,34906],[37500,142494],[-80989,57981],[34221,131145],[188129,53107]],[[2358718,7773331],[63581,-56886],[101901,-11347],[201141,-71180],[41972,20136],[22748,145925],[194199,-31101],[227529,-190932],[83710,-40796],[60594,-238419],[-100843,-150125],[-24296,-108535],[60262,-71913]],[[3798165,7587900],[-22614,-93156]],[[3775551,7494744],[-57594,9811],[-37066,-285657],[-79895,63868],[-23185,174597],[-72511,91839]],[[3505300,7549202],[131351,110453],[17966,128555],[93892,-2376],[-41465,-111929],[91121,-86005]],[[3628957,6846770],[69386,107668],[21293,121779],[101901,137910],[68821,-1480],[23574,160777],[-138381,121320]],[[3798165,7587900],[113734,-3992],[139355,247701],[102590,13524]],[[4153844,7845133],[-40098,-265429],[-34755,-103471],[18714,-223982],[-24059,-140789]],[[4813796,7800141],[-3306,-1631],[-6420,1530],[-7794,-1539],[-6987,-3579],[-5382,-5365],[-6104,-8564],[2616,-3388],[-806,-7418],[1687,-3452],[-929,-2360],[-5376,-1023],[-1887,-4794],[-6107,-9591],[-6021,-16234],[-1633,-9742]],[[4759347,7722991],[-61005,18116],[-1650,135252]],[[4696692,7876359],[12431,10608],[25405,57979],[19150,22492]],[[4753678,7967438],[60118,-167297]],[[4153844,7845133],[106922,132697],[112641,8381],[63843,56629]],[[4437250,8042840],[39514,-184096],[-91968,-140468],[52400,-148212],[-58108,-149539],[19693,-41795]],[[4696692,7876359],[-102389,-11927],[8906,153244],[78844,68389],[71625,-118627]],[[2358718,7773331],[29102,212457],[44046,5601],[118570,166536],[166920,104527],[3534,66985]],[[2720890,8329437],[92783,-17478],[5923,-166451],[77802,-129756],[183280,45950],[28719,-70583],[-59527,-72980],[106104,-126464],[66502,-35528],[117967,24799],[52802,58878],[80872,-38666],[-56263,-217368],[87446,-34588]],[[4437250,8042840],[-16642,116371],[54342,103152],[68544,-85884],[152709,59581],[88759,93826],[62653,-188963],[78507,-6820]],[[4926122,8134103],[-31654,-65267],[97824,-136018]],[[4992292,7932818],[-5187,-6354],[-3379,-5752],[-8425,-3324],[-1282,-3077],[-12690,-3059],[-3735,-3771],[-4343,-128],[-3692,-3583],[-797,-3963],[955,-7282],[-6304,59],[-3130,-2556],[-7431,-8880],[-2327,-6647],[-3855,-15596],[-2889,-8824],[-1368,-9200],[1288,-4998],[-23807,-33644],[-86098,-2098]],[[4759347,7722991],[24,-8406],[-723,-3963],[2327,-5505],[3697,-12012],[6347,-15335],[3167,-6711],[10287,-13039],[1315,-945]],[[4784286,7655909],[-280,-218]],[[4926122,8134103],[32442,165446],[95243,-41681],[217345,91650],[88595,99555]],[[5359747,8449073],[55856,-18159],[100061,-162906],[35766,-209865]],[[5551430,8058143],[-2279,-3592],[-2766,428],[-8200,-9228],[2486,-3126],[-5408,-5238],[-2001,2665],[-3382,-1848],[-327,-3887],[-2175,-2896],[-4015,578],[-2541,-3285],[-1204,-5102],[-3023,-1816]],[[5516595,8021796],[-1683,-4122],[-2647,3329],[-4466,-1648],[-2132,2372],[-2854,-1170],[-1684,-5281],[-7409,-1912],[-6939,-5999],[-7626,-4118],[-2057,-2539],[3304,-4533],[572,-3609],[-2476,-873],[-3199,1655],[-4391,-2492],[-4500,3531],[-3307,-7483],[-5579,-4904],[-4377,-1921],[-1868,-3483],[-1670,-6457],[-9815,-4857],[-4091,-5162],[-4923,-3698],[-3815,-8514],[-2403,176],[-2888,-4888],[-2061,-1071],[-6670,-11253],[3315,-4160],[-497,-5082]],[[5415759,7921630],[-24426,-23660],[-40516,-2284],[-1799,3934],[-3901,-1219],[-1960,-3147],[-20506,-1156],[-37582,-22996],[-35681,-21832],[-24720,-15126],[-70583,-43188],[-1940,4732],[-1171,13937],[4958,-126],[7790,6903],[-597,5940],[3090,1986],[8109,-388],[4658,6651],[-5381,-1283],[-880,-1410],[-12974,-823],[-5665,-4158],[-4359,1594],[-6351,75565],[3321,-1224],[3694,1402],[2493,5114],[2648,511],[3373,4090],[2570,-2428],[4741,635],[8035,10869],[3598,2242],[-1269,5173],[4136,5177],[236,3195],[3175,4155],[4139,1721],[-123,7739],[9637,8185],[925,6451],[-1042,4227],[5258,3379],[4862,7985],[-246,6907],[3180,324],[3569,5684],[536,5849],[4744,6169],[-18148,10942],[2103,8614],[-4937,2625],[-5860,7410],[-9162,7934],[-3212,639],[-6463,5428],[-2969,11377],[158,9848],[-3695,-2561],[1285,-4219],[-3571,-10422],[-2816,-1278],[-13971,-767],[-3378,1793],[-1004,3895],[-5817,4661],[-3615,-2296],[-1290,2296],[-11197,2900],[-9380,5655],[-17837,-20051],[-5594,891],[-1406,-1977],[-734,-7608],[-2651,-2980],[-92109,-103538]],[[5359747,8449073],[-59980,171366],[-98251,30646],[13555,113940],[85246,121538]],[[5300317,8886563],[68626,8825],[61155,-126129],[242458,-54724],[81487,-162760],[104236,-80059],[116897,44707],[109528,-64610]],[[6084704,8451813],[-1249,-5043],[-63498,-90969],[-3615,-2289],[-3872,-567],[-2928,-4332],[-6433,-2380],[-5148,-6218],[150,-2445],[6618,-3586],[-9443,-13528]],[[5995286,8320456],[-2166,4963],[-4673,4441],[-1357,4619],[-3472,1841],[-2171,4906],[782,2828],[-1459,4993],[2155,10739],[1769,3308],[-1226,4241],[-3910,-514],[-4038,1602],[-2991,-1712],[-3601,1646],[1370,11277],[-5630,-2928],[-3907,-6],[-6212,1617],[-60,5018],[-4685,-731],[-2585,-2252],[-2879,-5916],[-1222,-13709],[-2241,-2179],[-997,-5140],[589,-3888],[-2344,-2948],[-2378,-9705],[1644,-4900],[-1101,-6605],[503,-2728],[-3367,-6556],[935,-4615],[-296,-11830],[-3924,-5996],[-4988,-115],[-3258,5547],[-1951,-7326],[-1674,-29],[-2815,-6104],[-4325,3056],[-898,2686],[-4221,3946],[-6694,-2190],[-5850,-629],[-2558,-4553],[-6644,-5126],[2920,-4128],[-2903,-2469],[-881,-7256],[-3906,-1006],[-167,-3217],[2621,-4904],[-3508,-6271],[-3797,-780],[-1187,-3253],[-6097,-271],[-1674,-4959],[-2007,-818]],[[5863679,8243468],[-4460,-882],[-1794,-3494],[-11209,-6514],[-1684,1820],[-9723,-833],[-3594,-3464],[-4506,3697],[-3653,-1878],[-2760,-4081],[-2043,1058],[-5002,-1095],[-3110,2732],[-16646,1378],[-6231,-113],[-6569,-3062],[-3942,-4082],[-3870,-960],[2798,-3954],[412,-22660],[3161,-3675],[927,-5752],[1879,-3846],[3699,-3972],[4819,-2375],[5521,-12511],[-2065,-4375],[-1109,-5484],[-3803,-5720],[-924,-5007],[-2793,-6955],[-3276,-911],[-995,-2459],[-13180,3437],[-5151,4123],[-3645,1265],[-5716,-1631],[-72820,18921],[3383,4560],[-5815,6360],[-2632,4786]],[[5675558,8175860],[-2863,2142],[2401,4167],[-697,6113],[-4553,733],[73,2486],[-5322,4582],[-1387,2772],[-4647,-2825],[-3015,-4805],[-1176,-5665],[-3683,3548],[-1142,-5184],[-6497,4962],[-3997,-774],[3970,-5162],[-4038,-5681],[-6920,-3655],[-2229,-4510],[-2654,-384],[1392,-4398],[-74758,-108179],[-2386,2000]],[[1037397,6906992],[-4345,4187],[-5358,1901],[-3107,9607],[-1987,2743],[-4870,9493],[1779,9023],[-3206,-782],[5542,17663],[-2027,7112],[1076,7919],[-1392,7442],[1100,4623],[-2913,874],[984,12239],[-4285,3977],[-3893,859],[-3,6571],[4851,3124],[3324,-366],[4135,4269],[3945,689],[2661,2586],[807,3695],[3450,-2644],[2679,923],[1745,10829],[1719,1787],[312,4621],[1975,4895],[-474,2271],[4634,523],[-516,3385],[-4857,3501],[-1989,4258],[-1788,-1391],[-4083,854],[-3861,4485],[-2560,403],[-1797,2712],[-4039,644],[-2090,2029],[1383,4817],[-3993,2867],[-536,3493],[-6204,2499],[-2991,-366],[-4884,-4634],[-1129,9505],[-6689,1034],[-5408,-2699],[273,4594],[-4202,2435],[-4192,-598],[-5015,1920],[-1650,2246],[-1006,5198],[1527,1895],[-612,3880],[-6184,3145],[431,7033],[1365,554],[-93,6125],[1125,8988],[-1146,2967],[-4511,6046],[2289,4025],[-77,2807],[-4191,2403],[-4100,7131],[2331,6334],[-3932,9123],[655,4341],[-4869,2136],[-3795,5776],[-1236,4125],[1904,17726],[3017,6290],[5129,6113],[312,4737],[-2344,2439],[-4463,430],[-1430,-3146],[-2345,3989],[-3171,60],[-1942,-2489],[-2261,2870]],[[939815,7230689],[-1266,-5372],[-4186,2686],[-4296,4853]],[[930067,7232856],[-8120,-3354],[-99116,35181]],[[822831,7264683],[-3063,5547],[-3495,2291],[-2583,-1282],[-4369,6997],[-738,2584],[-20152,4944],[316,-3801],[-5876,1812],[-6857,-130],[-1256,-1898],[-16078,60537],[1250,3243],[-3197,4201],[-3332,12435],[1276,4081],[3105,4340],[-1999,7566],[-2619,6733],[-4601,8215],[-219,4667],[-2751,6774],[-2002,1319],[-4105,8698],[-67000,108986],[-167,2239],[-6730,13025],[-2847,588],[-9079,14767],[-1891,17124],[2500,1986],[547,3339],[4120,2747],[-2215,5893],[-3360,45],[-2308,2713],[-1455,4602],[2216,5600],[-1736,1014],[-142,19169],[-4639,173],[-1363,6650],[-3269,2489],[-281,6918],[-1945,3796],[809,3945],[-5041,5277],[-4070,-355],[-1263,2335],[-236,5573],[994,2760],[-3881,15050],[2880,6827],[-4306,3196],[-3463,473],[-10421,3449],[-21419,19469],[-2654,601],[-6748,5819],[-6320,210],[-189,-3357],[-4310,-1376],[-194,-3994],[-17291,913],[-12955,53843],[5040,-1473],[1407,-2237],[2692,5364],[-974,6844],[-2962,6937],[-5933,-2604],[-1949,6352],[-1980,1403],[944,5392],[-3673,4727],[-7331,30469],[5055,19972],[6468,-1504],[9690,1397],[4594,1976],[424,9107],[3451,3238],[-294,4198],[3347,1231],[316,3471],[-2150,12829],[-2182,6024],[-5523,2099],[-1402,3627],[1505,8080],[3370,4325],[1957,-126],[1770,6704],[-1372,2342],[2463,5777],[2438,2546],[1822,4588],[-4176,2851],[4757,3870],[5691,7804],[2324,-3232],[3880,1224],[1608,3809],[2204,-948],[5218,2852],[4421,251],[3144,-3214],[2426,1601],[3932,-3261],[2350,1493],[3567,4972],[4591,3267],[4305,7285],[2625,692],[6263,11237],[3695,237],[3054,-1668],[3877,8016],[-526,3682],[3855,-711],[5253,1417],[6936,-4599],[4201,4591],[-2648,1590],[-4354,7096],[12830,7760],[2053,-1390],[2972,2265],[3292,-3411],[3661,-1454],[4963,4064],[4105,-2016],[5244,20],[3,1920],[6153,4697],[-77,1956],[6108,6278],[4185,1138],[3841,4154],[1342,3577],[7399,6817],[5289,2459],[166,-2424],[3331,-3820],[-813,-3281],[153,-8601],[2268,-6157],[7397,-5089],[-1295,-4329],[-2898,-3450],[-1607,-10190],[5281,-10440],[1488,2929],[4261,-815],[3222,3660],[11420,-3431],[-342,5006],[3460,6133],[2668,1054],[3000,-4410],[4536,4577],[7751,-2575],[9930,8006],[5859,-1836],[1460,-2943],[-1076,-3481],[2262,-2239],[2565,5725],[1696,-1730],[5386,2056],[1402,3375],[4982,5214],[3135,4475],[1306,10962],[4253,5027],[1474,4946],[4114,1702],[28,8934],[1771,2180],[-2606,4817],[-563,5549],[6007,3964],[1761,5002],[-181,3378],[1996,5131],[-904,3879],[3135,7957],[5412,3694],[5719,7751],[2381,-1560],[3576,2026],[2265,4240],[3660,1938],[1100,-1849],[6991,655],[3099,-5517],[6369,-2590],[214,2012],[5428,523],[3322,-3901],[8091,5665],[5164,-662],[1310,-2001],[4055,87],[-240,-3523],[8071,938],[3140,-1638],[2619,2372],[3461,770],[3881,-1702],[3861,2842],[3680,-1078],[2951,5196],[2761,1506],[-2265,4903],[290,4853],[3528,5038],[6852,4677],[4552,712],[1333,-1346],[4472,1642],[6733,4920],[3244,463],[1061,2855],[432,10436],[1871,4257],[-1121,4007],[4181,4014],[4776,1024],[3776,-1840],[5597,1000],[4413,-515],[704,2532],[5797,772],[7978,4406],[2433,5338],[4072,-1357],[4329,196],[1759,4619],[2832,1736],[-180,3307],[3305,3510],[6434,1368],[5831,2406],[949,2718],[5818,4055],[604,2746],[5897,3272],[2625,-952],[1610,3440],[7419,3496],[1313,3148],[3770,964],[4446,-595],[3801,3121],[4308,6922],[3144,2979],[1996,-2481],[6156,7259],[5271,1903],[3078,-2561],[4757,346],[5864,2744],[2921,5636],[7989,1274],[4298,-1333],[3541,4044],[1468,6932],[3357,3269],[-618,2323],[11211,6572],[6200,783],[10760,-2716],[5856,850],[2595,3681],[-7018,8183],[9726,5702],[49442,152503],[3911,4855],[-4056,13728],[1285,6844],[-4223,880],[-1929,8286],[1965,3378],[-33,6004],[1995,2152],[-610,3968],[-6118,16496],[-10416,24765],[-17027,73121],[673,7597],[-1452,6716],[-1514,15366],[-2670,7537],[-240,3408],[3932,12496],[343,4191],[1852,2903],[-9357,14255],[-6819,2818],[-3405,2839],[-10985,47174],[2375,-989],[3292,1777],[5916,-4543],[2580,679],[2547,3975],[5651,2457],[1886,-4379],[5627,1008],[3335,4201],[-50,3410],[4963,4486],[1943,-3009],[6438,514],[8782,2211],[7326,5377],[8886,-3087],[1384,-1828],[4698,-391],[3015,5006],[2636,1518],[3836,-1430],[2694,798],[9150,7924],[3484,-1536],[1040,2936],[3564,1921],[7557,396],[2427,2252],[7232,1558],[5024,2354],[1692,-2669],[6717,3112],[1267,3586],[9415,7783],[7843,358],[2249,2166],[4518,1099],[2344,-3253],[2107,-6278],[4681,-5272],[4177,-8409],[1906,1125],[6495,-408],[3383,3160],[4209,-1733],[-600,-3067],[1772,-3155],[8376,4467],[9063,1739],[5747,-5168],[12931,-4909],[8217,4100],[2068,2478],[592,19135],[-4339,11706],[-10133,5916],[-15197,11559],[-950,2848],[6743,2291],[84782,248529],[1896,-1441],[7593,-1193],[3456,480],[5733,-8984],[4248,2466],[6500,-7187],[3954,-1088],[1153,-2698],[9853,-3889],[2129,-2219],[4389,1832],[7969,-3479],[8173,-5502],[3321,2626],[3368,617],[6717,-4076],[6939,-198],[3762,4064],[7045,1507],[8522,-410],[58050,-21988],[52988,30211],[5643,-933],[2239,1741],[1789,4706],[791,8675],[5041,5657],[967,3305],[3116,2648],[-157,3868],[1742,6130],[-2511,4590],[1169,1870],[303,9560],[-740,6391],[-4373,5942],[13081,143444],[5912,2850],[7888,1494],[13658,334],[15246,-913],[5251,2905],[3157,5575],[7309,1916],[2946,-3345],[16957,9428],[1484,6315],[2834,3498],[728,3509],[5412,2518],[838,3949],[7003,7928],[32,4525],[-2134,4234],[918,4043],[5412,4060],[-70,3989],[-6106,6497],[-2491,7935],[215,6713],[2066,3299],[7628,5119],[1697,2458],[-382,5420],[4204,4901],[7870,132],[2626,1411],[8329,-1776],[2088,3077],[9159,-1217],[2778,-4278],[5570,88],[5836,-2058],[8977,-4398],[2787,2640],[3357,235],[-1000,7054],[8557,287],[8566,1793],[2362,3630],[5407,-1314],[7152,1633]],[[1894087,9329258],[-1236,-3737],[5122,-6617],[-2464,-2129],[-93,-9041],[4010,-3386],[-1175,-10298],[-4664,-103],[-5584,-3941],[-1873,-8333],[3706,332],[3999,-6313],[-212,-3842],[2530,-956],[16712,-22005],[743,-3668],[-6972,-5617],[8787,-7809],[2458,942],[6565,-2967],[4526,-5120],[1791,672],[69559,-91588],[80124,-11437],[30001,-4282],[1155,-5522],[5288,-6186],[2690,50],[31955,-60181],[-1106,-3051],[2620,-1920],[7910,-20379],[3442,-5064],[9935,-16671],[4889,-5064],[24649,-46421]],[[2203874,8947606],[-2411,-12299],[2312,-4603],[-1195,-14274],[-1569,-3907],[-3861,-15377],[-7527,-7408],[5587,-12804],[-389,-2240],[3502,-9133],[-2334,-27884],[-10657,-13222],[-7146,-12890],[-5611,-11577],[-4343,-26412],[46,-10488],[5855,-4722],[3788,-4265],[137,-3669],[3841,-12183],[5574,-6566],[2632,-4810],[-2990,-7200],[5943,-1687],[6669,3348],[5076,-1261],[7183,1180],[3686,-2088],[2873,-6596],[4425,-3187],[8820,-1167],[3644,-2512],[5834,6683],[2635,-516],[3981,-7666],[11226,-5125],[6574,-878],[11590,2872],[8661,-644],[16054,661],[3618,-823],[13496,-9797],[7442,2068],[2992,-2238],[6619,845],[7276,-2637],[5229,2815],[11592,804],[10968,3912],[6941,-1911],[3124,1355],[3665,-1462],[1058,-3217],[8024,-695],[3399,1001],[4237,-1535],[7363,875],[4669,-2156]],[[2413701,8688294],[9330,-2959],[916,2243],[4253,-978],[5989,-4930],[7235,1843],[3445,-2652],[11856,-5773],[6630,-7856],[31827,-19882],[8470,-7487],[5917,-2437],[6249,-9634],[4832,-3464],[1301,-2881],[1006,-7236],[3875,938],[6918,-1849],[9022,-7883],[4535,-1879],[6629,-8126],[4209,-7699],[6573,-963],[3875,-2979],[5649,-1350],[5298,-2600],[5906,-6336],[12617,2507],[21967,-13226],[-947,-14076],[-2320,-9569],[4729,-372],[4859,-2471],[6421,-455],[15916,-37279],[5477,-16756],[2337,-9007],[11734,-27722],[1926,-21048],[3043,-6261],[19987,-23441]],[[2693192,8394309],[27698,-64872]],[[2693192,8394309],[23756,-28241],[2356,-26704],[34798,4653],[21240,-93],[19629,6233],[59439,-12993]],[[2854410,8337164],[39185,-8802],[33610,-2365],[38926,-4721],[53461,-6195],[9026,2559]],[[3028618,8317640],[35791,10023],[28846,-1913],[4878,7900],[51095,-2280],[41365,-13319],[27950,-9153],[22441,-3362],[26632,-42793],[35605,-12344],[9180,2471],[9694,-1351],[6465,-72],[27324,-17709],[40007,-23352],[19767,-5925],[12436,-3073],[10602,-3758],[20455,452],[44461,10900],[-662,-32592],[15732,-2622],[22697,1394],[8765,-10949],[21375,25402],[5791,-89],[31222,23082],[9860,6118],[5882,2881],[33052,17085],[23731,13641],[23121,12493],[17327,8085],[24844,3612],[20548,7331],[2976,6824],[16580,7768],[3336,-307],[7060,-6796],[15386,345],[18932,-1647],[5439,1804]],[[3836606,8291845],[3766,2962],[7415,737],[14327,3728],[5108,-3722],[14385,735],[8687,-128],[15488,-4346],[8669,192],[5014,-2898],[9927,6128],[7234,3145],[25674,-3431],[2056,784],[16690,2408],[5232,2207],[11104,10648],[28843,14616],[14900,967],[2921,4593],[19410,9936],[9636,6886],[1211,3378],[100947,104979],[6222,108],[3128,2678],[18940,25189],[9325,541],[5990,2623],[1769,8268],[-364,7400],[6440,6697],[-56477,82116],[45007,104744],[3264,2068]],[[4218494,8698781],[58561,-14043],[3699,-6411],[10926,-8205],[14909,-6418],[6511,272],[8459,-2438],[10734,-4356],[36249,-3249],[3735,-2795],[8660,-2081],[6463,5324],[9489,10984],[8033,4633],[2884,5313],[6893,1351],[7414,468],[5328,4290],[3315,4596],[3401,7828],[11933,10633],[3967,2717],[11459,14792],[5411,11147],[1547,6898],[357,5672],[3315,3324],[15690,6454],[18081,-8671],[5861,-724],[17249,3123],[18446,-1086],[19453,7180],[12716,3447],[9238,9655],[9043,10105],[5035,6526],[8433,4721],[763,3076],[8527,-717],[6617,3069],[3152,7398],[6083,4031],[-846,8965],[795,1598],[-4167,6713],[2662,11980],[13212,25003],[3265,2130],[7707,11880],[2691,3222]],[[4661852,8878105],[3369,8145],[7722,4804],[9898,1224],[1217,2483],[3641,1555],[2140,4424],[24619,-4585],[14915,1614],[12170,-651],[1034,5564],[-1052,1782],[2200,10690],[4667,7253],[-2252,7688],[10292,3422],[6175,842],[3210,-1650],[1251,-5867],[6617,-6363],[5569,1753],[6710,738],[2549,6289],[7503,7115],[3437,-776],[2796,2937],[3153,-449],[8086,7901],[6669,427],[4098,4757],[7045,3881],[9690,-1549],[3478,-3319],[13299,-2020],[5243,3827],[3993,-3192],[11632,-1551],[-828,4468],[2690,3415],[20767,-3307],[7312,-10677],[4786,1290],[10233,-2192],[3790,-4809],[8167,-338],[4955,4800],[3786,-1498],[7928,636],[3386,-2569],[4036,1228],[3132,-1068],[1470,-4376],[4940,3829],[3265,860],[3987,7219],[2971,731],[4914,-1289],[3782,8980],[-2442,4963],[2154,4261],[-491,8619],[-1997,4138],[2033,5587],[-6344,2777],[-1914,7415],[-4915,8612],[1506,5315],[-5479,12864],[-2482,3901],[1164,4775],[-38497,38162],[2732,4739],[-12956,5396],[-8060,7990],[-1580,15077],[-26383,12642],[-14737,14608],[-13254,23043],[-10353,571],[-7074,2220],[-8547,-1270],[-4142,2742],[-1543,3133],[-12546,-1452],[-6264,-2910],[-15369,1538],[-6872,-1245],[-5638,-7055],[-206904,-9892],[20506,56212],[87892,240944]],[[4679308,9431001],[32533,-23851],[20404,-8302],[19102,-658],[15668,-9574],[15323,-6834],[3778,3388],[2459,-4882],[2242,733],[971,12021],[7308,2472],[695,1555],[8473,-1054],[-148,3602],[3849,80],[3097,3934],[6397,3643],[488,3795],[2985,3226],[14198,7380],[66973,32780],[7574,5423],[4033,7538],[3097,-577],[4392,4745],[2226,7657],[3220,5374],[-1780,3910],[1764,3956],[-710,3051],[1775,6155],[2343,1390],[-1511,6945],[-3726,-896],[-4250,2112],[-4264,-34],[-4285,-2749],[1015,10582],[2317,1666],[1724,4816],[2266,1614],[-549,3618],[15971,29569],[2426,1391],[5501,10864],[1099,4459],[84132,155771],[2220,4111],[5337,1824],[397,4155],[2358,1770],[4138,-1181],[938,4503],[10077,2531],[668,4276],[4139,4563],[1492,3988],[-3057,3523],[3274,6655],[2304,343],[2125,4810],[-484,4926],[2365,3686],[-3888,6060],[1403,5754],[-11861,18381],[1026,3605],[3982,6701],[-365,6599],[1786,3438],[-1525,8101],[-2371,2799],[-3809,946],[-1946,2752],[-3499,708],[-10445,7770],[-5371,-4097],[-2609,-352],[-18908,29301],[4045,5390],[5358,2657],[1582,4314],[5316,3366],[99578,63076],[3264,-334],[15719,4601]],[[5146656,9968824],[-22754,-105175],[144868,-62510],[53848,-141348],[245580,-21940],[-56296,-156328],[-8159,-144456],[-191340,-212253],[-62096,-40327],[50010,-197924]],[[5146656,9968824],[7751,3829],[3978,3133],[3776,-1020],[8069,4569],[5506,1489],[7526,407],[11202,-1208],[4130,1734],[5439,6078],[7269,-1140],[9450,5921],[2393,-4142],[6085,-4914],[4885,2162],[5390,-720],[5771,1721],[9847,-921],[4774,782],[9799,-1001],[3861,760],[4156,3048],[12262,4032],[7459,-1446],[3213,1551],[3353,4204],[12758,1635],[4640,-1605],[5764,-206],[8834,2443],[8591,-918],[5625,-6945],[18707,-2797],[10522,-8702],[2042,-4087],[5094,-60],[4509,-7670],[10539,4497],[2457,-388],[3687,-4449],[3489,-1829],[4673,-11905],[3560,-1198],[2525,-4411],[6515,-2350],[8590,411],[8467,-780],[4279,-2225],[-1186,-3651],[4262,-3520],[6479,585],[2948,-5820],[3199,-1432],[1708,3864],[-1395,6957],[7707,4029],[10061,1525],[9152,-213],[9438,-4993],[2440,-2657],[19751,-8740],[410,-5251],[3362,-987],[2913,2861],[5152,669],[2402,-6751],[3460,-4190],[5582,-2231],[-709,-7679],[-6569,-3724],[-313,-6990],[1204,-1643],[9169,5287],[4004,-136],[16002,-35504],[212,-8326],[5933,-5306],[41199,-91404],[-354,-5412],[3246,-2045],[2895,-5382],[18729,-41552],[-4492,-3815],[3725,-4580],[5438,-1969],[4219,-9361],[-2612,-9193],[1980,-2232],[6410,-1393],[4393,-9747],[-7109,-594],[-2547,-2222],[-122,-6389],[3001,-5385],[2249,-1192],[4470,1738],[-914,3704],[-2805,2616],[285,3371],[4755,1551],[3259,-7230],[-2869,-4148],[-3522,-8295],[1594,-9425],[635,-12717],[6572,-5517],[5830,-9278],[5774,-3633],[2362,-3458],[6341,-12922],[3478,-8519],[6217,-4796],[-1750,-6218],[1051,-6286],[7130,-11995],[-908,-6005],[-3542,-2290],[-2982,-9294],[2325,-3097],[4781,-2598],[177,-5217],[-3099,-5729],[-132,-4168],[4999,-7392],[11400,-4705],[4794,-1118],[3270,-15696],[-5650,-8290],[-2238,-4666],[-1323,-9927],[1327,-4075],[3639,-5351],[-1612,-11749],[426,-6499],[4727,-4894],[8712,-2503],[392,-8541],[1613,-6596],[8518,-6572],[3051,-5756],[7280,-2666],[4045,1283],[2251,5315],[3384,-1668],[4902,-7088],[16384,-2564],[4583,3660],[3639,-384],[3321,-2830],[3009,1140],[938,4243],[5025,1905],[6486,-100],[6543,1577],[10157,-4349],[6231,-649],[411,3436],[5368,-708],[1355,-5887],[-4707,-5328],[1091,-5937],[11891,1073],[3954,-3020],[7828,-1699],[3871,-10137],[4542,-4460],[4743,418],[5361,5894],[69584,-50985],[1035,-4614],[8796,-3643],[2983,-5698],[4332,-2720],[8043,-7403],[4315,-6210],[6037,191],[40049,-109142],[-2632,-2862],[-1941,-5477],[2119,-2783],[587,-5352],[4164,-2781],[1715,-3889],[6846,-6446],[13168,-35886],[1597,-3028],[5652,-3199],[6500,-650],[7670,2009],[3893,4122],[32202,-243],[1031,-7995],[2707,-1500],[4834,1000],[3864,4995],[5484,653],[3304,-3491],[4603,-2056],[2963,364],[5779,3212],[1922,-3808],[4688,146],[1509,5633],[2431,1533],[3658,-1962],[9763,342],[4941,1800],[3957,-959],[2219,1568],[27040,-519],[3754,3038],[-44,7554],[854,3988],[7854,9436],[-2700,9779],[1358,3111],[5105,922],[6084,-5570],[3766,2476],[4016,7671],[4923,3865],[6780,2117],[2445,2288],[2388,7596],[3053,2125],[8639,20],[8075,-1153],[2947,-1359],[3803,811],[7880,3913],[7032,-2215],[8881,3241],[2238,9397],[3257,1281],[6166,-2712],[3153,889],[3476,10550],[4957,493],[3470,2416],[11153,4389],[5576,690],[3008,5540],[4834,-1027],[5107,310],[4486,6665],[14313,-732],[7106,1524],[5797,5062],[3867,442],[6738,-2686],[3831,1024],[9010,-2004],[5210,-6647],[-4920,-11898],[-3942,-3472],[-876,-8164],[50,-7963],[-2687,-3591],[-1145,-4900],[-4957,-5323],[-3066,-5793],[-59,-6045],[4714,-5719],[1368,-7090],[4564,-781],[1563,-2891],[-695,-8080],[8696,-8579],[2084,-4442],[-463,-3810],[-6099,-9860],[-2457,-2243],[-258,-4257],[-25014,-25798],[-6703,141],[-3728,-1218],[-4850,-5825],[-512,-4386],[-5897,-3764],[-2412,-3650],[-1856,-10036],[3581,-4825],[-3878,-19255],[-3238,-5265],[-1621,-8112],[-3938,-5173],[1191,-6470],[-3143,-7268],[-66,-6229],[-1787,-5225],[2813,-4651],[-1820,-3968],[-1258,-13614],[-2983,-5061],[-6693,-5632],[-2913,-11494],[-3586,-6158],[176,-5636],[4179,381],[3626,-4995],[-1382,-6863],[-4190,-1266],[-342,-5656],[3254,579],[-3056,-15174],[-2110,-3993],[-2340,3123],[-2616,-356],[-813,-4747],[-4312,-3726],[-4168,-599],[-1701,-3750],[1283,-4083],[3848,-5192],[55,-3550],[-5354,-8678],[-320,-5602],[-2551,-2517],[-3876,-466],[-1310,-2597],[1397,-3701],[-3305,-5183],[-3488,4447],[-3429,-1065],[-4166,-8139],[46,-6028],[1321,-2439],[-3937,-11919],[4070,-2164],[-6857,-14735],[-4164,-4051],[-1903,67],[-3755,-3748],[-3012,-738],[-3308,-3598],[-3271,-1193],[-3854,-5711],[-2416,-9815],[-419,-6095],[-2283,-2237],[4,-3324],[-1920,-7467],[489,-4772],[2457,-6102],[-12019,-25817],[-3430,-1889],[-5012,119],[-5630,4726],[-48026,17286],[-33659,12115],[-2157,2792],[-4524,1134],[-2599,9313],[-3185,424],[-4859,-4951],[-4441,-10707],[698,-4458],[-5755,2693],[-5023,-1319],[-2557,-9785],[3128,-1005],[524,-3968],[-5786,-7666],[-4403,-3277],[-5736,-6369],[-4274,-2819],[928,-3972],[-5575,-77],[-2465,2820],[-2817,-1225],[-2145,1873],[-7637,-10189],[-7004,-779],[-889,2742],[-3539,1619],[-6787,-3440],[1211,-4277],[-5128,-3876],[-1096,1287],[-6679,-3778],[421,-5241],[4200,-1093],[1375,-4988],[3239,-226],[17266,-136927],[-389,-3926],[-2045,-3932],[656,-4638],[-1031,-3702],[1692,-6322],[-1390,-6270],[2302,-5110],[-2028,-5407],[-58,-5847],[-1629,-8754],[6788,-6114],[4571,484],[-664,-5993]],[[4376817,5180934],[-1559,-3519],[-1798,12],[-747,8002],[3669,447],[435,-4942]],[[4420603,5242204],[2191,1169]],[[4422794,5243373],[20725,9566],[-4328,-6953],[5186,-5181],[3003,-5045],[-7100,-1210],[-3378,-3584],[-3494,-1977],[3976,-3899],[2613,2489],[3410,1086],[4423,5365],[2126,-6195],[2449,2369],[1312,-2517],[-830,-5545],[1526,-2638],[-5100,-1640],[-5823,2624],[-2097,-5324],[-11040,-3680],[-4720,5226],[-5030,25494]],[[4726300,5417667],[301,-6042],[-12287,-10772],[-1923,4989],[-886,7410],[-3536,132],[324,-5245],[-1248,-827],[-3049,4470],[-2088,-4346],[-1692,-132],[-3494,3259],[-3208,-4461],[1564,-6843],[-2891,-8181],[1563,-5688],[-1764,-5237],[-2809,-1922],[-1930,-5449],[-6049,-5970],[-1905,1699],[-8471,-954],[-4899,7287],[-4698,3383],[-566,-4219],[1813,-7610],[3015,-1078],[1362,-4738],[4137,1990],[2528,-3344],[-7885,-7783],[-1315,645],[-3293,-3332],[-3006,1730],[57,-6502],[-42305,-41754],[-21130,-20856],[-2444,531],[-961,4602],[-1928,0],[-1804,2884],[-3261,1594],[-3691,119],[-483,3971],[-4498,-264],[-5378,-3963],[-4602,-8915],[-29779,573],[2857,3813],[-3654,2229],[-4343,-1398],[-1563,-3264],[-1727,1219],[-6842,-2305],[-25356,488],[-2095,4241],[-2133,324],[355,-5320],[-4063,-2322],[-744,2469],[-7791,-4227],[-6910,-4474],[-746,-3023],[-48259,-27585]],[[4420603,5242204],[-1946,-1843],[-5660,1650],[-3330,-959],[120,-6711],[-3129,-1922],[-2175,895],[2940,6967],[-2051,5177],[-2091,128],[-2211,4282],[-6899,18156],[-608,7870],[-4015,2421],[-1283,-2561],[-3052,-1270],[-1566,1986],[884,3183],[-4376,2876],[-2374,8249],[-37,11317],[-4536,4411],[238,1917],[-3206,11897],[-3253,5824],[-6830,2416],[80,-4090],[4343,0],[3812,-3763],[1036,-8965],[-1446,-6775],[2817,-16490],[5421,-3771],[1079,-4926],[2412,-3059],[-1084,-2497],[-3611,-123],[-284,-4543],[3370,-4981],[645,-5373],[-2770,-1721],[3,-4867],[-2092,-4721],[1567,-2493],[-81,-9979],[-2974,-9067],[-557,-4981],[1804,-2621],[4819,-2049],[-3493,-11441],[1739,-4623],[-14369,-13607],[-5118,10428],[-2891,3967],[399,4474],[-2811,4990],[-1202,-4219],[2653,-8189],[-1689,-4858],[1164,-3767],[-2529,-831],[-1567,-7099],[-2331,-2173],[-1489,-4793],[1209,-3273],[-5581,-5284],[-4739,1471],[-4862,4410],[2013,8304],[-886,8570],[-3134,5624],[-1289,8556],[488,4994],[-482,6132],[643,7929],[-2284,5565],[-4061,2489],[-75,5501],[-2610,2369],[-924,-4159],[1523,-4598],[5299,-2825],[883,-3958],[482,-17892],[2088,-13043],[-4139,-6076],[-3571,-7342],[-640,-6899],[1601,-7039],[-1124,-1666],[1051,-7405],[1489,-3137],[-4442,-4538],[-10556,-2419],[-227,4469],[-3291,6140],[-1204,-2433],[-3575,-192],[-3740,-3894],[-803,-2689],[-4492,-5372],[-26762,-6131],[1015,5175],[-1887,9784],[-2808,2940],[1850,-11253],[534,-6944],[-21481,-4921],[-3117,680],[-4710,-2473],[-6285,-851],[-2446,831],[-2566,-2569],[-13342,-3057],[-3657,-318],[-2531,2876],[-2527,319],[-5138,-4090],[2687,-3131],[-27643,-19663],[-28872,-20536],[-3919,-512],[-803,3072],[-2452,951],[1084,3519],[-3534,1278],[-3494,-958],[-723,-3580],[3259,-1606],[1443,1287],[2768,-3260],[-5659,-3136],[-2252,-3328],[-3775,-1529],[-2651,260],[-4655,-4862],[-7673,2885],[-4621,-2625],[-1927,-2689],[-4935,-9907],[-1847,-6651],[-2088,7802],[-1687,-1918],[1592,-9027],[-4924,-3304],[-2573,375],[-2892,-2169],[-3855,2173],[-3049,-2169],[-1569,2744],[-1844,6524],[556,15851],[-2685,1849],[923,-7985],[-1325,-835],[-2770,-5684],[5375,-7934],[-715,-6128],[-1815,-7738],[-3239,-4349],[-3226,-2295],[-2445,-135],[-2357,-3280],[-6518,-4636],[-30121,50695],[720,4463],[2292,3639],[-4173,6136],[-5181,2109],[-3061,-521],[288,3657],[-2447,5049],[-1471,5045]],[[4007370,5092412],[-956,-1682]],[[4677266,5362931],[-3565,-3519],[-2440,3986],[3336,3004],[2669,-3471]],[[4355797,5180835],[-9216,-8727],[-1248,2732],[1251,4415],[2808,2803],[2091,4725],[3353,-2532],[961,-3416]],[[4083056,5036603],[-7938,-5646],[-2247,1808],[3047,5497],[2817,1406],[2891,-3324],[1430,259]],[[1923993,6062494],[5833,-4232],[593,-2756],[-1620,-3913],[941,-3670],[-1641,-6154],[-1869,-914],[-1370,-11479],[-2382,-3119],[-597,-5472],[-2759,-2966],[-2294,-7609],[-40,-4178],[-1601,-2612],[276,-3278],[2444,-4531],[244,-2874],[-2625,-3306],[-527,-5441],[2326,-5144],[-3243,-7814],[-117,-5365],[-1615,-5929]],[[1912350,5959738],[-570,-10842],[-1361,-1464],[799,-4149],[3509,-10467],[3982,-597],[909,-3876],[2772,-3052],[190,-5625],[2390,-4586],[-705,-3532],[3264,-4437],[-497,-3197],[1997,-11844],[-573,-7808],[-1434,-3104],[-412,-8203],[-3146,-6928],[-36,-4203],[-2348,-3425]],[[1921080,5858399],[116,-62]],[[1921196,5858337],[111,-59]],[[1921307,5858278],[-317,-13149],[-2492,-6805],[-4390,-4880],[-308,-3593],[-2146,-574],[-1532,4827],[-2502,704],[-4741,5131],[604,2493],[-2206,4678],[-3511,-1425],[-1431,-4857],[-5387,4959],[-2712,-8970],[-2970,-419],[-2134,3035],[-3250,-1764],[-2531,-3420],[-3813,-526],[-5736,2348],[-3537,3885],[-4935,1413],[-3619,-2759],[-3736,-444],[-3094,-4710],[182,-4190],[-1658,-2043],[-2661,3045],[-4610,903],[-31,4974],[-7667,1273],[-2234,-1561],[-6876,7155],[-1864,13796],[-91,6931],[-2751,-2678],[-2617,-5564],[-7876,-2567],[-371,-3937],[-2439,-189]],[[1805317,5848804],[2796,6917],[1697,564],[4002,5383],[-1309,8107],[3277,6882],[17,4700],[-2819,1826],[-1921,3573],[-5136,516],[-2467,-4171],[-3516,-3114],[-1265,2968],[-3411,232],[-3492,-2726],[-2442,2605],[-3147,-787],[-1340,-2531],[-6191,15],[-3784,1087],[-1389,6465],[-1991,1157],[2309,4392],[-1895,2223],[-534,6901],[-3132,-518],[-1441,3743],[-4597,4786],[-4170,2980],[-2981,205],[-1671,-5489],[-6433,2056],[-2638,-507],[-2347,-2867],[-2208,4442],[3443,4040]],[[1743191,5914859],[2075,4301],[3403,2534],[3514,139],[1116,2195],[919,6753],[-1022,4719],[-1600,1668],[772,6092],[-2930,868],[1608,5368],[2602,-622],[2090,5990],[-7131,7900],[-5669,4044],[-2688,-3130],[-2387,1884],[3447,5930],[-2358,6987],[1158,9819],[3507,8983],[2704,2174],[4445,7586],[1606,733],[2058,6629],[4016,3577],[1622,2898],[5561,531],[1394,4057],[2995,4620],[2396,12123],[404,8385],[-2576,1667],[1325,6484],[-607,11246],[-3107,4013]],[[1805317,5848804],[-913,-3473],[-3241,-1277],[-2671,-2842],[-6336,3048],[-3152,-5352],[-3762,3768],[-5434,2295],[-2012,3100],[-4671,1963],[-2722,6407],[-4286,626],[-4010,3902],[-5877,2663],[-8424,5352],[-5251,-818],[-1815,-3260],[-3613,-9],[-759,3345],[-5076,-1332],[-1625,3611],[-8784,5544],[-1763,-1853],[-5138,-738],[-1033,-4613],[-3092,-1657],[-2465,-3822],[-2718,-2032],[-897,5863],[-3203,-873],[-1536,3285],[-3071,813],[-3600,3691],[-758,7619],[949,14207],[-1294,3756],[-4001,3576],[-3569,1471],[-1760,3127],[-3482,-3804],[-4280,-1648],[-4632,-6257],[-4229,-2419],[-4250,1511],[-3550,-5034],[-3534,-2602],[-2623,1600],[-10534,2686],[-2001,6158],[1379,3270],[150,5487],[-9023,661],[-4010,-3360],[-3254,844],[493,2994],[-2817,5827],[-2684,533],[497,4039],[-1522,2881],[-4996,1124],[-4284,2474],[-1002,3682],[-3126,1984],[-2723,-3859],[-1146,2816],[-2411,-1766],[-5328,3707],[-5613,2955],[274,4516],[2758,4142],[832,6365],[-200,8612],[748,3105],[-3472,10506],[-2974,7301],[-13134,3371]],[[1572231,5982287],[1756,3447],[3371,649],[-476,4159],[4039,6360],[5020,-480],[1788,-3289],[13906,1280],[2365,-2877],[2761,-1069],[7448,-6325],[4909,-2395],[3095,-348],[5041,1958],[2920,-730],[756,-4364],[2110,-2234],[949,-3879],[2829,-4677],[2521,-2269],[6447,-144],[1767,-3087],[2472,1019],[5272,-1634],[9674,-5443],[465,-2816],[3207,-616],[1430,-3201],[3518,776],[8750,-1712],[1890,1260],[4860,6198],[2618,1353],[4135,-1917],[4412,-3268],[4605,-5164],[2015,2912],[5324,-3830],[1165,-5753],[3995,-9063],[10415,-1146],[7388,-4710],[7600,-8298],[428,-2061]],[[1572231,5982287],[-4462,1554],[-4752,170],[-6323,1327],[-3885,2364],[-1135,5332],[-1783,3607],[-10172,5346],[242,4527],[-5145,11],[-223,-4120],[-2476,-1428],[-1789,-5754],[-2733,-1522],[-2508,1976],[-4940,-611],[-1372,1168]],[[1518775,5996234],[1290,2487],[-333,4305],[2446,1895],[-158,2607],[-4133,-788],[-193,3538],[4741,1443],[6486,-1814],[892,2357],[2787,834],[3146,-1197],[2695,5035],[6809,8257],[8333,4594],[5426,5341],[2838,-3354],[4803,3442],[-570,5764],[1598,422],[2062,4617],[-2894,2533],[1524,4982],[6448,-1178],[1189,2749],[2905,368],[348,3398],[3005,3340],[6818,-4713],[56,-3111],[2291,-2821],[4511,-2248],[4034,4373],[-963,5506],[-2607,4778],[-344,5574],[1295,5065],[2178,1028],[2084,4746],[1981,722],[-179,4865],[3365,12587],[2408,576],[2225,-3144],[2298,426],[1207,3615],[2732,139],[666,7708],[-192,5411],[3729,6078],[2522,1404],[1900,9870],[3267,3071],[2631,107],[1355,6076]],[[1518775,5996234],[-3437,-1812]],[[1515338,5994422],[-1139,4024],[1302,5558],[-4487,9015],[-1398,4103],[-4397,2962],[1406,2416],[646,6374],[-6464,684],[-3886,2342],[-2089,5537],[3901,-1252],[5692,2304],[3734,-2204],[2953,3464],[6487,-569],[2502,2247],[4566,1440],[779,5390],[2342,4526],[-843,5094],[-7641,4008],[-5445,1534],[-3939,-2897],[-3059,690],[-3136,4622],[-5566,2571],[-3013,-299],[-2995,-2402],[-3673,4316],[-9042,-207],[-3775,-1007],[-3833,3479],[3551,5380],[4027,-2532],[5212,1591],[2708,5785],[-4409,4844],[1588,6664],[-2037,4553],[-7350,2054],[-4977,-634],[-4085,5802],[-2078,4349],[-5282,838],[-3274,-1548],[-2128,4085],[-6398,8588],[-2895,93],[-1956,-2956],[-3936,849],[312,2568],[-3497,6746],[-5575,2361],[-2244,4029],[-2438,117],[-428,3685],[-2664,2616],[-815,5074],[-2689,2780],[-678,3664],[2541,1122],[-1666,3523],[2474,3216],[1384,6063],[4375,-3802],[1146,4228],[-2257,1839],[-477,4543],[2467,2959],[7189,-1637],[5553,3455],[3002,5960],[602,3009],[-685,7062]],[[1443041,6195270],[3934,-538],[1943,-1692],[2206,1575],[4592,-3207],[5238,2491],[2962,-619],[2554,4436],[2113,-373],[7037,3408],[-174,9486],[2380,1995],[-659,2996],[7658,11947],[739,3185],[2738,1816],[-233,7425],[1747,6891],[-1518,2039],[3536,3865],[2618,850],[-229,3407],[-1838,4426]],[[1515338,5994422],[-3978,1302],[-2035,-3158],[4190,-5833],[505,-3467],[-1771,-3221]],[[1512249,5980045],[-3163,3943],[-20809,15257],[-21477,1319],[943,-3174],[-1617,-3233],[2136,-3242],[-1820,-5907],[-2718,-4873],[-2160,-1811],[-4164,322],[-2770,4701],[641,2772],[-5953,6244],[-2141,4528],[-2527,521],[-12330,-1284],[-7702,2925],[-2389,5097],[-9346,115],[-3000,-852],[-6264,913],[1277,3083],[-1126,3688],[1532,5865],[-1977,5128],[490,2996],[-2284,4033],[323,3915],[-997,4063],[-3973,-32],[-5909,-1498],[-6162,-3103],[-2378,735],[-4175,-2157],[-2368,427],[-4515,3712],[-3267,5977],[-6169,4629],[-9248,10785],[-5207,3598],[-3183,-85],[-5669,8554],[-9083,1097],[-4093,-8270],[41,-2324],[-3884,-409],[-6229,7133],[-1557,75],[-10252,12918],[-5288,862],[-9263,8509],[-6646,5104],[537,5513],[-3280,3432],[-538,3203],[-2849,1918],[-3821,414],[-382,-5284],[-5094,411],[219,7961],[-2866,3937],[-5627,10162],[132,5558],[-2244,5432],[-12602,3726],[-1204,1458]],[[1242761,6141175],[-789,2150],[3030,7431],[5988,6890],[1415,3288],[7826,10864],[3767,8360],[-231,3784]],[[1263767,6183942],[3184,-556],[-138,-5105],[4393,-1892],[5233,-4371],[2751,-6330],[6375,-4529],[2983,-4546],[1435,-22],[9783,-12235],[2839,-722],[3977,-4868],[3579,-1324],[-2235,-7841],[6007,-5605],[3661,-1642],[2027,-3521],[5552,-3814],[408,-2225],[3468,-2311],[3421,-4717],[5410,12036],[1468,-446],[3006,3036],[4062,-2744],[2462,1574],[6241,-1750],[4078,1307],[2493,-713],[1118,-3168],[2372,53],[2851,-5168],[3229,422],[1220,9399],[-2894,5855],[-1937,7487],[1967,4906],[-1928,2377],[-1196,5461],[4379,5840],[2110,10210],[3983,-1160],[6410,5706],[2661,3596],[702,4362],[-7269,4688],[397,2864],[3047,10],[3773,-1966],[3773,3655],[1431,2833],[-1279,8290],[-2550,-361],[-1048,3870],[5397,6972],[-617,2355],[3364,6541],[2415,-2554],[2123,1865],[4444,-2895],[2476,-5533],[1350,2200],[8361,1531],[7848,-977],[2512,-3701],[5818,-1661],[5987,-4011],[1622,-3593],[2929,604]],[[1263767,6183942],[-1764,5056],[505,3237],[-4449,10688],[736,4975],[-3252,3385],[-1755,-4061],[-3143,4240],[-4568,-1143],[-2686,4585],[-3217,2082],[-1827,4714],[-3402,2332],[5963,6652],[6994,-2362],[4631,-6316],[3415,-2047],[5655,-882],[3884,3533],[4422,-5424],[2606,566],[3610,3110],[4799,-2967],[-53,-6243],[2428,-1769],[2887,-5428],[-239,-4078],[2468,-4913],[3584,1091],[101,3870],[-2161,2579],[-2426,9024],[-2250,5181],[-2459,2035],[-1574,3907],[-2182,1970],[-2827,8166],[80,3401],[5149,9261],[3961,2025],[4923,5251],[-3500,4262],[-2465,-153],[-1622,7597],[1538,5764],[-1384,6252],[2322,5369],[6025,5388],[260,1693],[4273,1516],[2562,-2501],[413,-5086],[2089,-658],[3194,2102],[3515,517],[2626,8662],[2163,-217],[1819,10326],[-443,2959],[-2768,4971],[2324,7851],[-899,5744],[-4929,1465],[-3440,4752],[-532,6627],[2810,8094],[1282,9101],[3910,2234],[1334,6409],[483,8106],[-1315,1331],[-4976,-399],[-2232,1004],[-2258,5364],[-3958,-200],[-4208,-2732],[-1523,890],[-3524,-1905],[-3254,-171],[22,-2831],[-2312,-2578],[-2125,408],[-1728,9409],[1666,3673],[-1497,4190],[-4036,2485],[-2958,-1751],[-9376,4653],[-1,12113],[-1312,2675]],[[1242761,6141175],[-3235,5135],[-3417,3695],[-1892,-2693],[-3287,3130],[-3751,1709],[258,4881],[-3168,1966],[-3049,-1676],[-2734,3213],[-2980,1323],[-1605,5642],[-2853,1336],[-2291,-990],[-6100,10087],[-3761,800],[-3090,3382],[979,2840],[-4886,1575],[-3478,-3906],[1744,-13497],[-1567,-1151],[-3232,3376],[-1086,4670],[-4288,2737],[-3819,-1666],[-4867,5790],[-949,5245],[-3665,1414],[-2089,2991],[-571,4296],[-3322,-411],[-4310,4195],[-5095,7058],[-4143,-668],[-1002,2007]],[[1146160,6209010],[-627,12229],[3661,9123],[2075,919],[831,3703],[184,8455],[1527,6422],[3875,5262],[4657,-2775],[3615,4242],[-1204,6208],[3791,2808],[677,12215],[1165,4582],[-1950,1401],[-2424,7515],[212,3065],[-3041,2811],[422,5390],[4212,617],[604,5692],[4423,3510],[1523,3174],[-807,3667],[2552,926],[3118,5404],[771,8358],[-2361,1964],[-2432,9217],[4776,10999],[4702,994],[2662,-1046],[2907,4985],[4738,10111],[-204,2296],[2474,6777],[3373,1877],[4595,-962],[3934,6391],[1669,-135],[6549,13665],[3147,1452],[588,2626],[3393,2780],[-1457,5439],[3003,6362],[2224,2377]],[[1228282,6422102],[1536,-7436],[6141,1329],[3638,1704]],[[4560015,441396],[-2962,3945],[348,3299],[2954,6270],[6849,381],[5836,-12208],[562,-2812],[-3811,-7481],[-3783,2794],[-5993,5812]],[[4498071,491295],[-1796,405],[-2287,3244],[-4666,2144],[-3669,536],[-7756,-1731],[-3579,619],[-7286,10770],[-328,3994],[-3419,5052],[-3306,8474],[-820,4822],[3111,2553],[-2595,2501],[-1106,5122],[465,3917],[5085,-16],[1777,-2956],[1797,-5924],[2161,3082],[3867,2023],[4854,-2729],[13384,-5592],[4015,-2684],[5099,-524],[5092,2204],[5733,146],[5790,5405],[1770,3661],[4737,5640],[4263,3088],[2517,402],[4784,-3314],[2865,-721],[2814,-2556],[4440,-1138],[3336,-2984],[7704,-4800],[5156,-6686],[4581,-3831],[6064,-10674],[964,-3451],[6867,-5655],[1104,-6225],[-2346,-5050],[-5060,-4440],[-2430,-6372],[-2262,-1647],[-5186,2185],[-2336,-2065],[106,-4052],[-4325,-2152],[-1539,-2345],[-4484,-1067],[-2864,335],[-6257,-7139],[-4337,-6672],[150,-6505],[-5941,-1840],[-2031,-5776],[927,-3169],[4414,-4091],[-1750,-4455],[-4853,-2458],[-5335,566],[-2183,1213],[-89,3239],[2123,1308],[3034,4218],[1946,-383],[405,11584],[-2707,6391],[-3201,3388],[-2353,6123],[-4607,6782],[-3219,3418],[-2674,4834],[-3628,4501],[-4248,3510],[-4443,2470]],[[4612130,444455],[2308,-4887],[1836,11217],[451,13585],[-820,13267],[-2929,6066],[-329,6195],[2132,5788],[1747,131],[3176,3000],[-647,3978],[3096,-463],[1770,2685],[2805,1227],[1210,4018],[7226,10099],[4420,3063],[5781,2688],[6590,-2629],[1924,73],[4898,-4734],[1207,512],[13036,-5920],[3991,-7243],[1731,-1247],[440,-7359],[-1149,-2633],[28,-4553],[-4756,-6760],[575,-2379],[-1008,-5518],[269,-4689],[-3410,-5051],[-356,-3584],[-3316,-6396],[-3207,-8989],[-689,-4111],[-3431,-3655],[-1701,-10897],[4622,458],[1943,-3297],[121,-4496],[-3274,-1506],[-805,3500],[-1990,284],[-43,-4419],[-2510,-1804],[-1817,3391],[2128,10950],[-5771,-346],[-2622,-7152],[1421,-3629],[-911,-6847],[-1712,3948],[-3044,3291],[-1984,-1557],[-4678,-324],[-5739,1186],[-4156,-1641],[-2132,7666],[-6469,-1555],[-549,2661],[-2295,693],[-1682,-2025],[-2283,257],[-1563,-3770],[-3195,2758],[-1757,4327],[-3018,13],[-4568,3536],[-2108,-293],[-1370,2707],[-504,6110],[1810,4538],[5758,-5863],[4324,171],[801,2940],[3491,2237],[1205,-2680],[2026,1687]],[[4711465,491299],[2894,2146],[683,4098],[2206,3894],[2356,-1042],[2284,1399],[3446,-5658],[2992,1004],[2865,-2602],[6510,-3838],[6295,-5497],[1721,1219],[1692,6387],[3405,1849],[4667,-503],[5013,1351],[403,-3033],[-1127,-5252],[1134,-5933],[2405,-363],[-1446,7282],[2040,3458],[3237,-4713],[-943,-5024],[81,-6628],[1339,-2977],[3766,-1177],[5633,-378],[2035,-3657],[-846,-8291],[2108,-5109],[-162,-3398],[2314,-3199],[5217,890],[2332,3196],[3575,-6195],[1967,1721],[1314,-2907],[3023,734],[4214,5948],[3454,6136],[8581,2080],[6077,-3426],[4176,890],[2372,1598],[1286,5547],[-955,4436],[-2584,612],[-346,3340],[-1941,2159],[-3669,-1980],[-1111,5117],[-3353,2495],[-1171,3263],[-2453,-334],[-993,4562],[-2437,2461],[-8679,-2290],[-1070,2592],[-6214,4624],[-8460,10245],[-3722,5578],[-1285,3851],[-2060,1401],[-4229,8212],[2354,9917],[4197,2974],[1809,2812],[4877,-349],[3050,3319],[5544,3579],[1763,-634],[1610,-3835],[4656,1913],[3376,-2169],[3458,1274],[1120,-2041],[5285,-4134],[53,-9233],[1297,-1426],[232,-4961],[1965,-4406],[3097,-1730],[1484,-8113],[4339,-4734],[4097,-763],[1629,3832],[4395,1916],[1520,4862],[4121,4159],[2307,4274],[2597,617],[1817,-3174],[4665,-383],[4095,-1402],[2488,-2821],[1726,64],[3454,-8045],[966,-5629],[-401,-7542],[-1044,-6647],[-1529,-2045],[1533,-5751],[3788,5223],[-261,5546],[1279,3310],[-2175,3231],[937,5251],[2027,6420],[3081,4571],[3016,2939],[3120,902],[2569,-1538],[2252,1023],[9956,-2548],[1408,-2757],[-963,-3959],[75,-4738],[2128,-3136],[3494,-8245],[-752,-2975],[1361,-5963],[-3622,-3298],[44,-7701],[1971,-3644],[-287,-6071],[2048,-1982],[3132,891],[4621,4286],[-1453,1344],[2896,5176],[3477,-603],[-1123,-3369],[561,-3176],[-2176,-1936],[1211,-7300],[-1974,-2705],[1543,-2318],[-2961,-2437],[-1939,1445],[-2926,-1923],[-4594,1583],[-1720,-1538],[-4515,-962],[-1586,4152],[-4497,6390],[-2574,-1410],[-2817,-5434],[-3810,3380],[-3804,-995],[-1082,2652],[-4051,-6629],[-3213,-476],[118,-2912],[4778,-2207],[6148,34],[1844,-1151],[7229,252],[1121,-3187],[2935,-831],[441,-3903],[-2843,-2316],[-6872,147],[-2225,1021],[-5383,4920],[-4991,1034],[-8524,-3272],[-2174,-2813],[-7384,-3707],[-1446,-2552],[-6265,-516],[-4081,3594],[-1992,4666],[-317,8353],[2952,2060],[2180,6520],[-1069,3804],[1391,3053],[-1311,7544],[-3788,1083],[2038,-9451],[-2146,-2201],[-1924,1344],[-2095,-2693],[-975,-4236],[-4116,-2462],[144,-3122],[-2581,-1477],[-1666,-3567],[-2032,-1513],[-1016,-3761],[-3551,-4031],[-4977,-2987],[-4319,5789],[-3117,-2425],[-3884,-37],[-2076,-5742],[-8312,-4323],[-708,-2790],[-4475,1100],[-3041,5317],[-3441,-5092],[-3564,2447],[-5295,-640],[-2009,-2560],[-5621,-4656],[-4327,-4520],[-1663,36],[-3349,-3128],[-4475,-1059],[-5088,-3969],[-4152,1317],[-2858,-1583],[-11823,4926],[-3493,-745],[-3928,-9100],[-11208,-3763],[-7589,8388],[-4058,-1850],[-8496,4802],[-2179,-335],[-4690,5977],[-327,8869],[1558,7577],[-908,2918],[2450,1854],[1978,6253],[3001,-1400],[-1012,6545],[-2002,2846],[-145,6651],[-1095,7730],[-1408,73],[1250,7615],[2401,5807],[2438,1614],[1556,5252],[3880,2051],[3483,-121],[2711,1442],[1253,3264],[5406,-267],[374,4812],[3843,4407]],[[4903120,538417],[4382,-650],[2003,-3354],[1075,-5023],[-795,-5285],[-3059,-4745],[-2992,-1053],[-3451,2164],[-1245,3656],[158,6383],[806,3584],[3118,4323]],[[4756396,498910],[-4885,4550],[1846,5364],[1436,8461],[-2665,1537],[809,4500],[-726,5710],[3207,4350],[4083,2606],[4655,-1538],[6258,398],[1409,-5341],[-2285,-1520],[-4857,-6124],[-517,-4640],[-1803,-2269],[-1488,-7979],[-2217,-5428],[-2260,-2637]],[[3567068,765678],[1093,4114],[-1939,3400],[434,2927],[-3653,1323],[4192,4849],[3004,919],[4426,-350],[-1783,-3850],[1464,-6248],[-1604,-5118],[-5634,-1966]],[[3715455,851392],[-3026,-900],[-602,-3776],[255,-7993],[3449,-2799],[-557,-5123],[2372,-489],[3581,-13657]],[[3720927,816655],[-1016,-6904],[-16951,-192],[-610,2327],[-5664,2950],[92,-2715],[-2867,-1519],[-1508,4773],[-1834,2507],[-3311,-6060],[803,-8606],[1456,-2227],[-1429,-4865],[-3114,-566],[95,-12117],[1440,-2923],[720,-5831],[-152,-13136],[3692,-11598],[3171,-208],[2534,-2351],[-2872,-3631],[-3943,-2027],[-1882,-2370],[-463,-6358],[-3685,-5946],[683,-3658],[-1008,-2720],[574,-5847]],[[3683878,714837],[-4149,-2123],[-3769,-105],[-1129,2467],[-3540,935],[-1930,1923],[-43,3459],[-5116,4309],[-2561,148],[-6669,4877],[-3241,6414],[-5546,2808],[-4947,617],[-3442,-589],[-4633,-2598],[-9518,-2320],[-5993,1844],[-4612,-1188],[-5057,-98],[-4321,-1780],[-2407,-2708],[-3785,1923],[-2276,-286],[-2179,3118],[-3914,1025],[-5242,4060],[-6134,789],[-2375,-5428],[-2817,217],[-144,6485],[-1272,3790],[3149,1332],[2039,4303],[4037,4215],[532,5972],[3441,2021],[2603,-4435],[801,-4853],[-1204,-3324],[4655,-6136],[-84,-4145],[1733,-3589],[1763,39],[2657,4750],[1501,6084],[-546,4050],[6327,7912],[4416,9776],[767,4510],[-985,3913],[1262,6250],[2022,4275],[3629,-4909],[2748,-1384],[5140,2325],[3274,5584],[1906,6727],[393,4549],[-726,5673],[824,7851],[-286,12377],[3695,17250],[1672,2891],[181,5458],[2998,2869],[2733,4940],[2659,2100],[1923,4120],[1231,5028],[-856,2974],[2748,5777],[1741,1749],[2623,-297],[4460,-7729],[-1081,-963],[-284,-7862],[2208,-3383],[6262,-3072],[3631,2827],[1682,3881],[144,3322],[1760,1766],[4146,-2199],[1965,-2642],[4586,-1582],[1844,-2940],[4415,-2429],[2493,-2561],[2570,-255],[3164,3168],[1116,2836],[4236,-3320],[4174,2557],[3694,-1279],[1766,1710],[3191,-4058],[-261,-4870],[1321,-2925]],[[3923789,741028],[4591,-4898],[4179,1150],[1648,4016],[4576,516],[8551,-7208],[3339,56],[1882,-2105],[4342,258],[1923,-1405],[4738,-255],[7476,1534],[6262,3191],[5426,6570],[4214,-4657],[11563,-2808],[9959,-5620],[3072,-753],[1985,-2059],[6357,-2028],[4171,702],[6665,-1874],[4417,3074],[8350,2167],[4149,5343],[2737,223],[2148,-3713],[-801,-2173],[7173,-4006],[6312,-5393],[3181,-375],[7426,3308],[2117,3450],[4073,9152],[4415,12148],[321,5681],[2732,2811],[2949,6078],[1206,4829],[-835,4363],[1427,1349],[845,5477],[-765,3185],[2641,3809],[-503,4895],[3623,4262],[2081,3970],[2105,93],[2697,2534],[3126,-94],[1850,2808],[7692,570],[3231,-2109],[2330,1232],[6667,-2265],[1080,-11809],[4498,-15975],[4061,-7998],[5376,-2420],[1767,-2429],[2618,-518],[4566,837],[850,-1346],[7312,-1146],[8649,6828],[-2,2778],[2599,3161],[6503,-3056],[11184,-15667]],[[4192886,751274],[-1369,-6984],[-2623,-6076],[86,-2698],[-3094,-2746],[1059,-5358],[-893,-4417],[-2366,-3372],[-430,-4470],[182,-15027],[-1026,-3345],[1943,-3510],[3202,-2134],[-8203,-12500],[-1426,-3313],[-3165,-742],[-1861,-2966],[-2408,-1061],[-1714,-6753],[2935,-1238],[-1486,-4526],[1984,-1048],[-119,-4200],[-2816,-1966],[-2520,-52],[-6048,9274],[-6941,7480],[-3599,862],[-1826,3886],[-6140,-876],[-1630,-6374],[1057,-9891],[-2498,-8247],[1595,-5994],[-25,-3216],[1620,-2497],[-810,-8450],[1304,-3984],[2969,-4454],[595,-2826],[-981,-5042],[677,-1997],[-880,-5940],[3019,-1937],[1618,-3987],[5210,-437],[-117,-6903],[2901,-7354],[-3472,-11953],[-2500,-3921],[-6481,4387],[-4135,-2597],[537,-2469],[-2176,-2963],[1209,-7326],[-3838,-7209],[-1638,3033],[-4503,-5523],[-5296,606],[-2308,1768],[-4154,-8802],[-1289,-5754],[-44,-7247]],[[4117740,525898],[-6017,1340]],[[4111723,527238],[376,3846],[-5087,4140],[125,7033],[-842,5777],[-2199,6562],[1221,6840],[196,11375],[1267,4851],[209,8802],[-2151,-1081],[-3846,4798],[-1320,-1852],[-10675,793],[-3273,2707],[-3312,-2436],[-3734,8572],[-2257,16125],[-907,10363],[-1794,3481],[-2468,-2583],[-1782,-3960],[-8881,-10088],[-3233,-7382],[-937,2610],[235,6195],[-2203,-1325],[-4708,1450],[-4132,-308],[-2951,-3234],[1663,-2945],[-1096,-6429],[544,-2950],[-2702,-4093],[-1982,-4864],[-1787,-961],[-2814,-12496],[-2883,936]],[[4031603,575507],[-12945,6975],[-19682,7542],[-6742,2297],[-11970,2816],[-3580,-2328],[-3615,1829],[-1562,6759],[-8187,2816],[-17992,2219],[-5942,-2347],[-2937,-6072],[-1804,-703],[1450,-4993],[-4403,2383],[-3321,512],[-6830,2927],[-6821,341],[-685,5035]],[[3914035,603515],[70,538]],[[3914105,604053],[183,458]],[[3914288,604511],[23,59]],[[3914311,604570],[951,2347]],[[3915262,606917],[353,666]],[[3915615,607583],[7869,-4516],[-1968,10934],[-2852,2612],[-1806,-3000],[-887,-4943]],[[3915971,608670],[-904,1921],[1474,8500],[-1925,8552],[-1451,2748],[-643,4692],[762,3858],[-3043,4834],[-1267,6392],[-2092,2438],[-6881,-877],[-1870,4732],[-639,5142],[2467,5080],[42,6723],[-1655,5844],[5866,4994],[3396,-2575],[3610,496],[2738,5188],[3638,302],[1298,1521],[328,10059],[1689,5263],[-3615,3360],[206,6460],[-716,2380],[889,4336],[2950,3302],[2792,7114],[374,9579]],[[3914769,605719],[276,691]],[[3915045,606410],[-276,-691]],[[3720927,816655],[2803,266],[-1542,-7492],[3739,1177],[1624,2880],[4545,-5298],[2111,3269],[383,7194],[-1108,1394],[-380,5334],[3613,1292],[602,4721],[2301,4694],[-465,15049]],[[3739153,851135],[2977,1580],[2246,4474],[-1560,8467],[972,3945],[-1061,7404],[2645,854],[2300,-2774],[3880,-223],[4062,-6690],[3942,-1280],[8839,4446],[2797,191],[3752,-1687],[4426,-6877],[7750,-20585],[6988,-5137],[2930,-389],[3800,-3441],[1408,451],[1285,-4606],[2691,-3127],[4667,2096],[9405,6749],[3792,1192],[1492,-6330],[8349,-4479],[8938,-7995],[7528,-3637],[2329,511],[2814,3452],[1837,4575],[3143,3866],[5967,1028],[2386,-1110],[5740,-12382],[2894,-7542],[5493,-8784],[5118,-4947],[1677,-3658],[639,-5752],[-238,-9328],[1449,-7674],[396,-6136],[2530,-7733],[2409,-5118],[2892,-383],[3009,1350],[324,-3195],[3253,-4155],[2217,547],[3646,-1322],[2813,2437],[1192,3774],[2982,184],[4485,-5204]],[[3915971,608670],[-926,-2260]],[[3914769,605719],[-2536,-652],[-6128,3029],[-2275,-944],[-1912,-3391],[-1686,2509],[-3330,675],[-6430,-1135],[-2157,-1172],[-1978,-3940],[881,-6388],[-882,-4348],[-6016,-4069],[-4910,1053],[-3258,-609],[-10875,2599],[-16558,4890],[-2465,2128],[-8370,3056],[-4047,456],[-957,-1131],[-5012,408],[-1587,5409],[-4831,3527],[-6046,1930],[-2727,-290],[-645,4547],[-3200,4702],[-5050,5923],[-9423,5314],[-2234,2071],[-7576,4008],[-4293,-684],[-10850,1841],[-14886,5259],[-16396,2420],[-7997,586],[-3802,-558],[-12111,2017],[-6304,1567],[-2807,-616],[-4805,1496],[-4712,5628],[-4553,1792],[-1690,-643],[-1363,4963],[-2257,4340],[1158,6391],[-601,2404],[2098,9002],[3533,-512],[2712,3105],[-1535,2638],[3362,7570],[2058,1132],[3775,6264],[-528,11297],[-2549,2355],[-6332,1948],[-3126,-1535],[-1870,-2514]],[[3914035,603515],[70,538]],[[3914288,604511],[23,59]],[[3915262,606917],[353,666]],[[4102056,1327784],[13,37]],[[4102069,1327821],[-13,-37]],[[4102550,1329177],[868,3552],[4812,6089],[5402,2294],[3197,3547],[3746,588],[4090,2178],[2898,4788],[1212,4662],[5116,1376],[3400,2276],[4710,4766],[2091,5137],[-91,4228],[-3932,1866],[-923,2056],[1706,6342],[-1948,10663],[-1025,8818],[-48,7800],[-1490,10796],[-1980,9906],[-3521,7978],[790,3687],[2154,2963],[1422,7688],[-3897,11391],[4027,4401],[3,9627],[-4843,726],[-2912,-932],[-2023,2515],[-389,3194],[1463,2832],[536,5200],[-1769,2160],[618,9218],[2012,3075],[1200,9102],[-1361,8202],[-1411,3086],[-2770,-844],[-2373,-5730],[-1944,-464],[-3083,5882],[-2359,1754],[-152,5318],[2630,2535],[2452,4798],[3980,998],[2649,5669],[3730,-3123],[2216,3510],[2767,43],[931,-3555],[3972,1561],[433,3200],[-1366,6448],[4049,2786],[3587,-3051],[341,3994],[1961,8122],[6212,-2179],[3612,7893],[1262,5998],[3917,4126],[1378,5211],[2009,636],[184,3994],[8760,3901],[6209,1344],[1260,1720],[-1591,5745],[1249,2010],[-1596,4933],[1684,6314],[1998,713],[3192,5537],[-1006,4888],[1004,2875],[3062,872],[5912,5176],[1213,3194],[5854,2309],[3936,-788],[3218,3114],[1677,4896],[2218,-1096],[-364,6153],[418,8244],[4612,-6619],[4381,2897],[2825,588],[624,2436],[-1992,9737],[1389,2354],[5819,-1433],[3394,-2572],[3590,210],[-1504,6312],[2548,7182],[2297,3395],[2081,-10],[2443,-2949],[5653,-14989],[2613,4393],[1424,-2110],[5962,3185],[1213,2856],[2918,-134],[475,-5922],[2730,-1201],[542,5117],[5021,-935],[565,1501],[4738,184],[1063,3442],[2700,1613],[5540,814],[1862,3549],[3222,1387],[-205,5289],[1098,2172],[3934,312],[2429,-1613],[2502,785],[4065,5673],[8951,4367],[1097,2903],[3307,119],[3501,-1971],[4737,3347],[1883,4113],[2040,167],[1126,-3160],[3269,-1408],[2931,830],[3323,5744],[-226,7813],[-4971,6471],[1595,2120],[993,5434],[3616,3937],[1055,4061],[3901,1387],[3250,2468],[2823,5929],[2067,2563],[1086,8032],[1781,7857],[-1894,3753],[1736,7548],[-2566,4344],[941,12092],[-1113,2201],[-6386,4554],[-6962,11076],[4315,5258],[4120,1009],[4727,-2287],[2931,216],[6542,7622],[1066,2788],[6061,8361],[1168,2989],[2823,1338],[3796,4416],[746,7829],[3013,4442],[3164,1198],[4143,8048],[2676,3460],[1005,6016],[2649,3167]],[[4401399,1888059],[5993,-1942],[6222,979],[3664,-1119],[5846,6000],[4334,1211],[4080,-4688],[1875,-7091],[-2336,-5650],[3706,-2607],[111,-3445],[3372,-2574],[4799,1597],[3873,316],[4146,-1947],[2107,-3350],[3271,-2031],[1789,1308],[-256,6003],[3275,4174],[5752,-532],[1887,4575],[-15,5406],[4753,-562],[6078,9595],[872,2712],[4718,-325],[4372,5347],[2630,-1112],[2872,2917],[1355,-637],[1923,-5257],[6089,12243],[5550,-5814],[2087,-6126],[1698,-15203],[2920,-9237],[3693,-6978],[1436,-5535],[4168,-6773],[-819,-9045],[-4141,-6035],[-3044,-2647],[-2485,1622],[-4454,-106],[-2332,-1805],[-1286,2834],[-5011,-4866],[-2634,-9772],[-2606,-1427],[-920,-4890],[-2293,-2784],[834,-3202],[-1703,-5100],[-457,-4287],[1986,-3913],[2528,1208],[5776,-5394],[-472,-3435],[677,-8483],[2859,-10689],[-649,-4579],[1253,-5211],[-339,-2760],[6059,1775],[316,-1721],[4196,-749],[4131,5798],[4101,2551],[2090,132],[908,5037],[3785,4434],[3272,147],[1474,2846],[3732,1512],[1756,-1449],[1952,-6418],[-1472,-3482],[-3018,-3337],[-497,-7625],[-3041,-7908],[1214,-1910],[121,-6294],[-2318,-44],[1187,-12777],[1560,-672],[325,-5983],[-1114,-4257],[4608,-6243],[3555,-11208],[1970,-3442],[52,-3719],[1364,-11704],[72,-12626],[2220,-7721],[2040,-1355],[7066,-1951],[5002,-7399],[3801,-8265],[5149,-4858],[2346,-3547],[1541,-8490],[2582,-533],[4378,-5319],[1030,-6194],[4840,2468],[3755,-5616],[-517,-3562],[-2590,-2516],[-4251,-6870],[-1202,-7397],[150,-3034]],[[4586056,1585646],[-5266,-8256],[-2399,-2041],[-3897,-27],[-3993,-3782],[-6997,-5416],[-3243,1142],[-4741,-1905],[-3753,93],[-2949,-24039],[-1116,-5354],[-978,-8925],[-3553,-17825],[-32,-3653],[3014,-8934],[874,-6805],[-989,-2963],[-5665,-7192],[1584,-6488],[2481,-6987],[-57,-4665],[-2279,-5011],[-1122,-12682],[-2381,711],[-1858,3486],[-1603,-3754],[-30267,-34952],[-3289,-1325],[-1539,-2508],[371,-6045],[-2737,-6360],[-3084,-3328],[-1487,-4589],[-89,-9197],[-2907,-8029],[-3021,-2612],[-4724,-397],[-1068,-2036],[992,-4024],[-1958,-3607],[-6575,-2528],[-9011,-27555],[-1673,-18542],[-7959,-20765],[-4378,-23391],[88,-5748]],[[4450823,1256836],[-2069,334],[-6689,5928],[-2384,5455],[-5102,-3401],[-5428,2112],[-3009,3396],[-2932,9008],[-1842,-3635],[-229,-3927],[-6721,-2066],[-2466,-1691],[-9613,-9882],[-2812,-2186],[-4837,-1958],[-7316,-928],[-5765,707],[-5145,3607],[2835,6870],[1545,5822],[964,7030],[-806,10870],[-2400,9751],[-2937,4034],[-2818,1865],[-2911,-2323],[-8145,-3567],[-1338,-5933],[-3384,-2634],[-77,-3583],[-2953,-1375],[-3418,3393],[-5296,10421],[-224,2338],[-6364,11242],[-2981,3468],[-6230,3953],[-250,2469],[-5050,7510],[-1288,384],[-1850,-9332],[-3054,-2808],[-4014,-7542],[400,-4350],[4864,-6460],[-6827,-8940],[-3863,-2688],[-11718,-12140],[-6253,-5575],[-1781,-816],[-3302,-5959],[-3721,-2356],[-3263,645],[-1119,-4091],[-2011,635],[-5200,3986],[-4567,8201],[-9164,6745],[-3151,1393],[-6350,-503],[-6905,-4606],[-3204,-5104],[-8499,-8398],[-8372,-9804],[-3673,-5704],[-2382,-2128],[-5013,368],[-4848,1918],[2621,7948],[1204,7669],[-241,15596],[-2570,19170],[803,9208],[964,3711],[646,8944],[-2433,12149],[-2415,4549],[-1610,6327],[-3056,5937],[1074,1973],[-920,4406],[-4342,-6512],[-1722,-6586],[2154,-4625],[-5476,-2472],[-3392,-4602],[-5099,-3369],[-1847,4893],[-3654,5216],[-6784,5977],[-3130,-2313],[-4166,1813],[-5951,-4231],[-11627,-10330],[-9761,-6246],[-8485,-3371],[-7679,5832],[-4177,5241],[-4174,2936],[-5677,-1877],[-626,1915]],[[4586056,1585646],[-1740,-10387],[-1570,-1313],[-1030,-4725],[-3440,-4947],[-2065,3193],[1985,3848],[-2868,1054],[-2956,-6023],[-2253,-2042],[-1912,-6239],[-2767,-1476],[-410,-6720],[2294,-543],[2124,2441],[1573,-3567],[1545,1796],[1871,-1612],[-645,-9212],[2347,-5633],[2227,-2381],[-885,-7379],[3162,-6055],[2554,-6288],[514,-15450],[-850,-7878],[-2232,-7300],[2824,-2382],[-2206,-4768],[2791,-3723],[5147,995],[2845,-2332],[-442,-3407],[-2167,-2987],[-78,-10384],[-483,-6145],[2350,-5391],[-584,-2153],[1673,-4993],[-331,-4711],[1730,-8976],[1390,-1582],[3845,5372],[578,3618],[2128,-938],[1552,3043],[2487,771],[1581,3464],[3387,-4261],[2153,638],[2250,-1608],[3104,311],[8371,-1470],[2540,343],[3975,-3915],[4669,766],[2222,-952],[3725,931],[8659,-2411],[3699,-1778],[6839,-5257]],[[4662852,1414536],[-987,-6965],[-2006,-4866],[242,-7286],[-1202,-2827],[-2991,-1500],[-766,9504],[-3836,2433],[-2771,64],[-1162,-4547],[-4217,1087],[-2512,-5700],[5075,-1887],[1611,-3394],[-2326,-11641],[-820,-14278],[1138,-9188],[-1095,-7272],[406,-2317],[-2111,-2938],[-2405,-7242],[-4486,-8675],[-3042,-688],[-2605,1158],[-83,8489],[-5301,7295],[-238,7410],[-5014,-13168],[2018,-4160],[-3349,-6453],[5556,2308],[3056,-1640],[-740,-7187],[599,-2621],[9241,-8252],[-6260,-2042],[-3790,-7144],[1689,-10175],[-4148,-3860],[-5436,-2332],[-3479,-10618],[-1362,-1114],[-1150,-7906],[-1574,-3404],[725,-7739],[-2396,-7058],[239,-5629],[-2209,-6324],[-10636,-2484],[-4145,-2509],[-3301,-6555],[-5132,-3795],[-2252,-3571],[-4455,-712],[-4721,-4958],[-2309,-611],[-9275,-6558],[-998,180],[-9241,-6260],[-4180,-1794],[-16627,-11517],[-5786,-4964],[-3767,-1662],[-5871,-4099],[-11563,-9971],[-9474,-7039],[-3117,-3804],[-6144,-4435],[-5726,410],[-440,3045],[-197,13655],[1078,1081],[-296,7391],[-2439,18654],[-611,12868],[695,8697],[1191,6963],[-661,7332],[-2648,8672],[-2862,5542],[-4373,2603],[-399,4199],[805,10358],[-886,7917],[-1683,-3954],[883,-2689],[-1810,-9008],[-2163,-132],[-7946,8291],[-2273,-188]],[[4615490,1192577],[1592,2829],[77,4451],[-2310,7850],[-2202,3864],[-2572,9026],[277,10004],[2201,4007],[1356,7172],[-569,4208],[415,6644],[2106,3870],[2719,9041],[2005,12527],[6061,4283],[5668,6459],[2202,4146],[1511,-3187],[-123,-7464],[-1100,-8496],[-1288,-4817],[961,-5113],[3861,-5624],[1180,-3225],[290,-6872],[-2226,-607],[-2460,-6034],[2625,-3194],[1301,-3352],[-1557,-2877],[737,-3220],[270,-14082],[3454,-1146],[-3012,-8121],[-3256,-3767],[2131,-6455],[1400,-8373],[-1674,-2383],[-1897,2195],[-2688,-5565],[-3700,-1662],[-1076,-5053],[-2335,-2173],[-2702,-5813],[-2374,2120],[-1773,-5019],[-2818,3999],[-1764,6093],[1462,3517],[1377,6444],[-1568,3186],[-195,5759]],[[4644966,1225489],[-1689,6400],[-764,6475],[-2797,1827],[2604,12646],[1575,5540],[3435,3842],[1618,6266],[2103,445],[378,-8173],[-1117,-4628],[-492,-7076],[-1523,-6255],[241,-5757],[-560,-7418],[-3012,-4134]],[[4102056,1327784],[-942,-3096],[-6078,-4873],[-3330,4274],[1279,2050],[-678,9962],[-1641,8218],[-4309,5857],[-6819,-1991],[-12102,-11423],[-6575,-9916],[-4445,4125],[-1792,8655],[-1687,3071],[2704,5552],[1208,8309],[-863,5847],[-2856,2431],[637,7617],[-2166,7449],[-5808,3128],[3267,5234],[1105,10802],[-1254,8923],[-2794,7490],[-1158,15604],[-2735,7544],[-2611,3212],[1293,10272],[1807,6711],[318,8441],[-1764,14185],[-1687,4986],[-2045,3264],[-6778,4530],[-3276,4027],[-3761,2628],[-966,3004],[2,8944],[2769,-576],[766,2370],[3424,3974],[1141,3087],[2738,2398],[1564,6191],[808,13938],[-722,7035],[2489,10738],[-562,3323],[1526,2297],[-83,6779],[-1445,5497],[-3974,8241],[-5694,3415],[-2451,6817],[-2849,2510],[1390,2659],[2349,9267],[-5973,4107],[-6055,2580],[-1588,4581],[-3326,2712],[-33,5028],[-3486,2202],[-3361,54],[-1226,-3888],[-3555,2557],[-780,2998],[-2100,-36],[-2036,9409],[-1307,2739],[-2929,2027],[-9410,2935],[-1872,1787],[-1940,-2669],[1326,-3903],[-2612,-5559],[-9837,5351],[-4736,9161],[-1208,7031],[492,18646],[1737,1195],[2627,-4570],[2573,-1922],[4512,-1417],[3204,970],[6578,-7214],[6586,2488],[-1262,1808],[-4980,-843],[-1324,4239],[-9910,11007],[1032,2476],[3593,-2772],[-1680,6905],[-1340,1053],[-6966,-1317],[-3562,-1396],[-3287,2476],[-2151,5082],[-1307,-2607],[-2664,-658],[-1744,1496],[-2677,7192],[-498,6353],[366,5911],[-1565,11995],[1613,2132],[-1567,8624],[-1566,-958],[-2458,2896],[-187,6579],[3366,4458],[3694,644],[4822,-1023],[1164,9643],[-1202,12280],[-1701,3917],[1309,11304],[4205,-2634],[719,3063],[-4478,5339],[-2061,6490],[-2089,4342],[-249,5884],[-1216,4651],[-3155,6023],[-6351,6652],[-5220,2937],[-4549,1346],[2664,9822],[-321,7178],[-1364,5114],[-1809,2228],[-223,3866],[1798,8551],[151,9127],[-880,6136],[-2613,6199],[-921,10683],[-3695,6127],[4658,6396],[3012,2109],[2930,5689],[2023,7908],[381,5003],[-496,5792],[-1705,6799],[-4784,13486],[2038,2488],[3527,-881],[2313,4804],[-2581,2000],[2465,6450],[464,3291],[4599,9214],[903,4459],[81,8058],[-1125,4985],[2072,11213],[7262,10110],[5561,4053],[4175,4085],[2209,3652],[2467,8678],[1428,9022],[3464,6845],[815,7267],[-2062,7977],[1420,2446],[9035,1160],[2458,4013],[7753,2015],[5201,599],[4235,12658],[815,-339]],[[3996920,2103695],[-1236,-3933],[674,-3228],[-1674,-6753],[-4247,-826],[-2300,-2776],[1145,-3505],[-2484,-1824],[1255,-10083],[2334,-2389],[2366,-7021],[5737,64],[2459,-2682],[-1701,-7262],[180,-5197],[-906,-3776],[691,-3521],[-498,-5103],[2476,-1285],[1282,-3898],[9411,-13125],[227,-4489],[2540,1731],[752,-8985],[3626,-897],[5579,1168],[2866,-3246],[129,-4741],[1706,-11370],[3527,-1065],[4002,-3360],[1054,-4492],[2781,-6564],[6057,124],[3062,-2352],[1966,-5043],[-323,-4868],[3087,-148],[688,-4797],[1452,-1793],[1909,-8683],[1703,-3397],[4095,1669],[1673,-3536],[3292,2010],[1269,-6737],[3153,-2293],[527,-4572],[1644,-587],[2629,-4266],[6028,-2590],[4016,-228],[4011,3093],[5871,941],[1872,3290],[6473,998],[2011,-1805],[111,5796],[3971,2536],[3747,3739],[438,4354],[1468,3199],[8620,-5],[4794,1281],[3192,2166],[5804,142],[5707,1990],[3195,3206],[2201,-3241],[1873,495],[4541,-3721],[3606,-1188],[4522,-3952],[3646,786],[2120,3203],[2398,-240],[2423,-4761],[760,-6859],[2791,16],[800,4090],[1979,-1102],[902,3698],[4851,3087],[2638,3117],[4417,-2976],[824,-2549],[2511,294],[6186,-1989],[4172,1075],[1882,4023],[-246,2877],[1883,3619],[3573,3084],[538,3959],[14033,2805],[4490,-201],[2617,1747],[-712,5800],[1648,3366],[-450,6807],[1260,1085],[521,8167],[2079,1805],[1955,5373],[673,5504],[-1532,1823],[249,6903],[4314,1435],[2849,1981],[4070,5103],[2122,-726],[8175,3976],[1023,3625],[5194,4628],[1611,-948],[8008,-494],[2886,-1078],[2825,764],[1694,-2494],[5597,1872],[3880,-475],[3719,-3253],[2539,-465],[3597,6753],[2143,1087],[3441,-3236],[3868,-583],[1350,2403],[7169,-3931],[75,-3572],[-3917,-9858],[-4060,-2520],[-200,-6594],[3387,-430],[8756,6316],[1783,-2651],[1101,-4388],[4284,-2939],[3760,764],[1366,1917],[3095,-850],[3901,-2831],[4702,-2194],[1198,-5276],[2691,-928],[2294,-5085],[3150,90],[1190,2673],[6879,2726],[4411,-2243],[1385,-7121],[2821,-1644],[698,-4688],[5395,3007],[2663,3523],[9573,6354],[1489,7567],[-1519,1667],[3486,3684],[2494,198],[3357,3853],[2447,732],[802,2758],[2929,2108],[7137,368],[2852,1949],[6753,-562],[1120,-2947],[4013,-3220],[409,-1780]],[[4436731,2001802],[-3768,-2085],[-1942,-2686],[523,-10092],[-1050,-2700],[1786,-4423],[-1841,-1917],[-1513,-4625],[1263,-2598],[-2025,-7761],[-1420,-1203],[-2218,2038],[-3265,-4474],[-1584,2263],[-4230,-460],[-2970,-5721],[-1123,-6413],[-4018,-823],[-936,-5648],[2079,-2011],[432,-3548],[-795,-4328],[-3016,-5131],[72,-6341],[4415,-6170],[-180,-2897],[-3443,-6316],[906,-5870],[-1459,-3837],[-3886,-2672],[-126,-5294]],[[4102550,1329177],[-481,-1356]],[[4000064,1599243],[-4540,-1657],[-7145,-5245],[-4021,-4725],[-1153,-2994],[-3571,749],[-4266,4034],[-1732,3260],[2736,6903],[590,8601],[1842,14626],[-397,4634],[3501,8603],[3180,-3424],[3197,-861],[3543,2958],[4098,-563],[1061,-3527],[4004,-1422],[1654,4186],[5791,-2422],[-1220,-2244],[1202,-7930],[-645,-4474],[1883,-6979],[-6175,-4453],[-3258,-3136],[-159,-2498]],[[5368921,1472259],[26,-2876],[-3394,476],[1511,7403],[1857,-5003]],[[5367097,1478839],[-4227,-2504],[-3026,5159],[-845,7283],[717,8517],[1951,-2052],[5617,-13048],[-187,-3355]],[[5352129,1484694],[-557,3843],[2215,4511],[1671,-7262],[-3329,-1092]],[[5154983,1699565],[3859,13759],[2093,-372],[3196,6216],[3607,-1606],[2366,1105],[2564,3608],[2098,300],[996,-1643],[2465,-1080],[1361,-4470],[75,-8565],[-2766,-2492],[-2650,5744],[-2008,132],[-1291,-4620],[-4658,3980],[-3094,-1486],[-1398,2509],[-3250,-10290],[-3565,-729]],[[5176093,1731648],[3756,923],[533,-3581],[2654,1855],[10366,1168],[-1087,-10043],[-3526,972],[-1293,-2004],[-4819,767],[-3542,-3095],[-469,1364],[-2080,1092],[-980,1954],[-1036,5774],[1523,2854]],[[5193739,1731648],[577,3509],[2861,6661],[906,-5650],[2321,-4060],[1512,-6380],[-1650,-3128],[-6050,4134],[-477,4914]],[[5153194,1766078],[1277,-1505],[-507,-8290],[-3252,-3127],[-2327,635],[-2613,5437],[2685,5497],[3579,2168],[1158,-815]],[[5031860,1940206],[-1474,3009],[1193,7078],[1932,-379],[-805,-9517],[-846,-191]],[[5220960,1738112],[-4282,7580],[-5147,1888],[-1708,5268],[5902,-4774],[2045,1255],[6029,-6144],[41,-4674],[-2880,-399]],[[5203587,1745963],[-1580,1760],[2503,3608],[3406,949],[-680,-4468],[3000,-1860],[-2882,-2760],[-2348,-359],[-1419,3130]],[[5315488,1514999],[-943,-2884],[-2244,-1785],[-2047,1294],[3746,9793],[5002,7081],[2304,-2322],[30,-4447],[-5027,-3091],[-821,-3639]],[[5339933,1521548],[-4010,-536],[-4578,2173],[-1488,8792],[1238,2838],[-857,9264],[546,5870],[1555,1211],[530,4622],[4002,968],[300,-4739],[1273,-4063],[-874,-2836],[479,-4610],[1649,-1982],[1887,1986],[2616,-4113],[-1414,-8031],[485,-2795],[-3339,-4019]],[[5289939,1504875],[2654,7380],[3735,1014],[2246,-6942],[-1444,-6918],[-1847,-635],[-4417,-7802],[-1245,2876],[763,3004],[-445,8023]],[[5265389,1578293],[2917,11681],[3446,3862],[1083,5088],[2289,4794],[4538,-1217],[1404,-3452],[5543,3906],[8031,3703],[3615,-6647],[1341,3119],[346,4810],[2532,-455],[2086,-4854],[2102,-7220],[-4567,-10477],[917,-3071],[4189,-9031],[2060,-692],[2286,4802],[-401,4725],[1810,3516],[2045,1342],[645,3583],[4599,7962],[1544,-199],[1308,-4318],[3418,-2749],[482,4977],[4118,-4977],[3347,302],[3432,-2408],[-166,-7542],[-2008,-4091],[240,-6274],[-2768,-8878],[-3368,-1093],[-425,-5209],[-5481,-3583],[-3418,3626],[-1910,-1309],[-495,5276],[-2211,2872],[-1646,6072],[-2675,-836],[-148,-2980],[-2421,-1349],[50,-5949],[-927,-2448],[-744,-8766],[298,-4132],[1356,-3343],[-297,-4791],[-1602,-491],[-560,6775],[-4076,-2572],[-1102,-2866],[-2289,2872],[-4236,2415],[729,5375],[4588,3783],[1971,4415],[-2335,13545],[429,4326],[-988,3860],[470,10342],[-3997,976],[-2257,-7637],[-3358,-5949],[-3193,-9556],[-1820,-8660],[-4219,-5581],[-1886,-1237],[-2283,-5896],[-1787,-2237],[-3309,710],[-2726,11843],[-4412,5105],[-726,3711],[1633,16951]],[[5206043,1943763],[-3561,-2032],[-1875,-2671],[-4199,-2202],[-2294,760],[-3083,-2794],[-1625,-3302],[-2729,-2684],[-654,-4489],[-2586,423],[-1932,3318],[-6169,7269],[-4558,-878],[-1665,-3155],[-4426,-3025],[-1696,-81],[-4957,-4180],[-5845,-2342],[-2729,-2374],[-6367,325],[-582,-3806],[-4937,-2277],[-2636,1773],[-4865,-602],[-2391,1464],[-2085,-2310],[940,-5546],[-5876,-1219],[-5948,1350],[-3342,-5937],[-2391,-2553],[511,-3709],[-2555,-6896],[3628,-5318],[2800,-521],[960,-4993],[6204,-5595],[3219,829],[1032,-3366],[-1302,-6785],[1826,-2425],[-1411,-2945]],[[5123892,1858262],[-4661,3446],[-4340,-1946],[-1566,-3128],[-5740,-328],[-2617,-3771],[-757,-4022],[-2412,507],[-3687,-1500],[-5467,6745],[-8995,-5364],[-3215,-512],[-4734,7922],[-1209,-644],[-3294,4351],[-2165,-1402],[-4177,2684],[-2530,4534],[-4698,2109],[-6188,-1662],[-7067,-260],[-3855,-3187],[-2726,-4930],[-1852,1730],[-4493,-2433],[-7165,-7515],[-1436,-4955],[-4241,-6566],[-4301,-12402],[-4030,-5394],[-3607,-10525],[970,-5126],[-2255,-2671],[-324,-9208],[-1526,-11629],[-2605,-4533],[-2372,-448],[-562,-3839],[725,-8560],[-3054,-5501],[-402,-8309],[892,-9146],[1695,-1646],[947,-13112],[1888,-3950],[1019,-4969],[-1943,-5266],[-238,-7159],[1566,-14281],[-336,-1860],[4148,-11470],[723,-4990],[2091,-5241],[2849,-2105],[2529,-7742],[4004,-2778],[1054,-4376],[3187,-3833],[748,-3837],[2983,-4952],[3745,3213],[1747,3076],[3967,527],[1453,-4928],[2894,-4730],[4992,-1523],[1812,-3821],[2548,-8110],[3299,-4897],[-441,-3635],[878,-6771],[-1844,-3716],[-806,-4725],[445,-4159],[1841,-972],[4704,-7109],[480,-7318],[2179,-4133],[1235,-5043],[8735,7516],[5502,1897],[1467,-1648],[715,-5990],[2245,-1669],[4729,-441],[4219,721],[1691,1880],[7684,-6159],[2991,-23],[2114,1693],[2193,6988],[2493,3267],[3174,10148],[1131,9719],[1506,4608],[2199,1392],[1919,4526],[1406,827],[1504,6582],[3984,7812],[3042,3613],[2362,914],[244,4526],[4694,4225],[4223,13039],[6095,4453],[3545,-361],[2400,6483],[2198,3180],[2259,-419],[390,-7297],[-1282,-8053],[3652,-2493],[1331,-3008],[5094,-3516],[3143,933],[3347,-556],[7544,-2624],[1099,-1829],[4446,0],[1748,1591],[3048,6837],[2847,-1351],[3985,-179],[2113,-2395],[2424,2843],[2355,5186],[201,8399],[1378,1237],[-336,4635],[2692,457],[1222,3987],[9176,-223],[3764,1802],[3480,138],[4131,-1188],[4053,3827],[5575,-3452],[6687,-97],[2858,3204],[2868,-4439],[3984,-3174],[3953,-210],[4638,4823],[8504,1051],[5433,1545],[3764,4144],[-6249,487],[-2412,4087],[-6101,392],[-7190,4974],[6121,1987],[1223,3896],[2685,-1049],[1696,1963],[6599,394],[2918,-1049],[3734,1967],[3537,3714],[1457,133],[1621,4663],[2664,-1948],[2634,1089],[4742,-2001],[3241,2129],[4463,-2156],[1565,648],[4853,-4930],[6512,-4327],[2138,-8367],[3800,-5254],[991,-5425],[-1636,-8138],[141,-4380],[-2395,-2179],[-1596,-5104],[-703,-6586],[1011,-1941],[-1727,-4727],[37,-3568],[-2880,-5505],[-3754,-2119],[-3939,1181],[-1277,5336],[-4009,2498],[-1973,3546],[-3247,3027],[-1714,3596],[860,6712],[-4183,6901],[-9603,-9444],[-3841,54],[-5462,-2425],[-1842,-1666],[-2811,1023],[-4099,-2808],[-1365,256],[-1680,-5425],[930,-3724],[-2902,-7282],[-1930,-2552],[-3133,-8524],[20,-2843],[-3912,182],[-1147,-4623],[-1908,-874],[-1046,-10231],[-6782,-4661],[920,-3368],[-744,-3318],[-6927,-8366],[-1396,-5678],[-4746,-4389],[-3482,-9997],[-2863,-3402],[-3270,-895],[-3137,-2836],[-7211,-9310],[-3376,-1537],[-2292,2002],[-6169,-2282],[-3755,-630],[-2140,1134],[-4376,-6641],[-3107,-3001],[-6504,-3014],[-1669,2198],[-1626,-3530],[-1644,1087],[-2371,-4410],[-1845,-1279],[-123,-5049],[-3491,-8884],[-482,-4087],[-2246,-6008],[-2819,-3195],[-3732,-5949],[-1685,-1154],[-3854,1282],[-3617,-1023],[-2691,6205],[-8697,8300],[1746,4135],[-2397,4209],[-1956,-1529],[-4433,1059],[-3391,5425],[-3735,-3182],[-991,-9346],[2372,-319],[1406,-3384],[-421,-6396],[2031,-13152],[2710,6790],[319,6825],[2718,1498],[1660,-8643],[2682,-5540],[4008,-4385],[1839,-4161],[1681,971],[1248,-15995],[1406,-3639],[4666,-1921],[5418,-69],[1928,1662],[1408,-2740],[3191,-2908],[6442,-12180],[3333,-2620],[964,-6516],[1930,-3455],[803,-4091],[5020,-9008],[1082,-4542],[2733,-5237],[2246,-8696],[241,-3200],[2844,-6645],[-836,-4336],[226,-6691],[4794,-4763],[2530,-6039],[5079,167],[1797,-3702],[2554,-1650],[596,-2816],[-1111,-3660],[2722,-5221],[4069,3352],[4075,-2124],[2764,-4414],[-1466,-5748],[-5377,-9776],[2081,-3904],[3250,-1912],[252,-3213],[2586,-904],[3092,-7028],[3596,433],[3818,-2332],[3775,-4885],[-4543,-1223],[-1403,-2229],[967,-5884],[-244,-4858],[-3130,3835],[-1970,-1091],[-709,3725],[-4408,-2216]],[[5218923,1288331],[-5973,16766],[-1886,-987],[-2886,5576],[-2004,1213],[-444,3180],[555,6290],[-2242,2389],[-3642,193],[-1619,2425],[-236,4475],[-2046,1381],[-8645,-98],[-3872,1648],[-1923,2996],[-3938,19610],[-2610,4147],[-5164,2046],[-2640,8043]],[[5167708,1369624],[-2002,5438],[-4323,14781],[-4320,6082],[-5487,2067],[-2853,2652],[-10724,3402],[-6224,9015],[-3973,4835],[-6784,5143],[-7653,1734],[-6465,3098],[-5492,4571],[-5565,3698],[-7188,5727],[-6534,3196],[-8272,1886],[-4374,-3318],[-2553,91],[-4861,3155],[-6620,6679],[-4056,5717],[-10105,18808],[-2819,8542],[-4369,8290],[-2634,630],[-342,-5795],[-4744,-19066],[-5984,4196],[-2085,441],[-6137,-923],[-5397,2584],[-2186,6796],[-3768,-808],[-6676,360],[-2361,-4680],[-7727,-6918],[-3036,-639],[-3949,748]],[[4977066,1471839],[239,4569],[3146,7718],[2145,1855],[-839,3172],[692,6158],[-782,2715],[3245,2330],[1248,3591],[-459,6001],[-3578,3972],[-3277,-235],[-2053,1694],[-4604,-543],[-951,1895],[682,5480],[1546,3603],[-2499,6629],[-2106,769],[391,5760],[-6080,9491],[-942,7574],[3633,6504],[-5900,8146],[-4756,962],[-1353,-3302],[-4437,-1784],[-2269,5363],[-5040,-502],[-2572,5115],[686,4054],[5553,2337],[-1717,5203],[3311,1464],[6333,731],[986,2551],[-130,6540],[2310,7138],[579,7144],[-2220,116],[-1366,7817],[-467,7013],[-1796,3113],[776,6757],[-655,10143],[126,4798]],[[4951845,1653458],[5816,3907],[1024,5325],[5526,4937],[769,4544],[-1755,5079],[1884,893],[3325,5281],[1583,764],[2049,-3726],[2552,-12509],[2169,-6520],[0,-2940],[2717,-7993],[2405,-749],[1454,3402],[-134,9341],[-1607,2503],[-628,6825],[596,4528],[-3587,3604],[-1535,5704],[643,3642],[-2171,4347],[163,4218],[-2977,12400],[324,6523],[-720,1530],[961,6903],[-1288,3958],[1933,8190],[399,5733],[1927,4110],[726,5880],[1443,2552],[-1767,5378],[201,5684],[-2779,-407],[-5009,-2789],[-4819,4594],[-2573,7933],[-2929,5050],[-806,3063],[5906,-1470],[2729,3158],[3980,-5026],[-171,-4621],[2903,-2512],[1146,-5256],[3950,-694],[1800,2212],[4181,12199],[-241,17222],[-4738,10103],[-4538,6579],[-685,3312],[4263,2098],[1381,-2889],[3934,328],[3194,2452],[-1881,10299],[-1529,-384],[-2385,5840],[123,3515],[3377,4101],[692,5651],[-803,2816],[973,3934],[9578,2430],[2156,1549],[3755,4994],[-964,5501],[-77,7154],[-1933,7925],[1530,3320],[711,4706],[3014,4816],[4652,-66],[4908,2230],[5465,5771],[1408,7342],[-624,12171],[787,5222],[2229,1839],[786,2823],[6379,-1083],[-800,-4985],[-141,-8601],[-1017,-5998],[3725,-2407],[2985,-6770],[3007,-241],[4248,-1892],[2304,2370],[3588,-231],[1883,-2690],[-935,-2696],[4953,-397],[-1423,4047],[3094,6105],[-874,3780],[781,5139],[3217,8185],[4214,7091],[3616,-971],[3277,6060],[5200,5585],[-1528,2684],[478,4985],[-1643,3000],[682,5565],[3617,4858],[75,4086],[-1522,2173],[963,5884],[-1122,1019],[2338,6350],[4057,1469],[2076,-2474],[2495,1993],[1324,4797],[4176,-1917],[7637,-5432],[1676,2501],[1851,-451],[4650,-4139],[5046,-5606],[4471,-3419],[2816,124],[3659,3681],[4528,-1248],[3938,1027],[4500,8300],[1896,-6614],[-3540,-3329],[87,-3435],[-1244,-5250],[1556,-4569],[5821,-9902],[5622,-4862],[5560,-134],[3157,-2036],[2126,3192],[3985,1790],[4210,-1538],[8907,3339],[2659,-1797],[5217,3580],[1807,-5305],[683,-4926],[3256,-1828],[7361,6267],[6653,-2006],[2169,-2689],[3284,-239]],[[5206043,1943763],[2335,-788],[1446,-4597],[2092,2228],[5761,-817],[1769,3829],[3828,-4597],[6948,-461],[1247,3205],[4217,-4278],[6682,-4846],[4163,-2181],[526,1580],[3728,-1716],[1570,-4538],[3697,-5245],[6345,-255],[2185,-6722],[2153,-160],[2081,-3592],[7814,7742],[2641,8340],[1349,1707],[-2082,5072],[4359,1184],[3410,-5162],[2420,980],[1160,-3149],[3505,-1029],[1971,1924]],[[5295363,1927421],[513,-4867],[3001,-3457],[3842,-1147],[5003,-5039],[496,-2802],[2135,-1750],[-481,-5589],[-1607,-1842],[-205,-5360],[2928,-3129],[4515,-244],[1782,-1907],[1218,-4106],[3256,-2558],[4894,195],[4597,-2183],[-20,-3764],[4423,-4628],[-881,-4351],[2294,-2851],[-195,-3683],[-2447,-1825],[1116,-6795],[1485,-1124],[-3747,-6518],[-2818,-6883],[-185,-5228]],[[5330275,1833986],[-1691,3263],[-2115,-2741],[-10069,-1271],[-6410,1765],[-3786,4003],[-3293,6981],[-3094,858],[-1710,2380],[-2733,7206],[-2892,2458],[-2226,4207],[-6977,-3137],[-3543,823],[-6282,-797],[-5012,1179],[-13159,-2679],[-2254,5310],[-3566,382],[803,-5030],[-3791,1231],[-1637,2038],[-16409,198],[-1914,3627],[-12823,-7628],[-1486,1970],[-9753,-2756],[-2188,3337],[-7128,-2165],[-5870,-2882],[-2102,-39],[-3670,-2241],[-5145,-1180],[-2347,459],[-5238,-3986],[-3360,4675],[-3603,8658],[-2255,3308],[-3709,-177],[-234,2098],[-9551,-387],[-3300,3433],[-1238,-2984],[-481,-6544],[-6758,-3673],[-2005,2756],[-3555,1451],[-2489,-3935],[-2335,454]],[[5295363,1927421],[2950,-725],[1881,-2795],[2319,1206],[2374,5678],[3330,306],[2740,-5402],[9802,-601],[948,-1533],[4662,-1535],[1679,1534],[2010,-1666],[7151,-1790],[4495,2808],[3214,-1270],[6745,-4355],[1606,1155],[2886,-3579],[3053,-1972],[6957,2244],[2520,-924],[3297,1111],[4486,-1303],[-765,3834],[2248,2106],[6199,3827],[4400,3448],[5439,769],[3803,5006],[2293,4196],[4148,1883],[3079,-156],[2888,3280],[681,5253],[4141,11990],[-1519,3179],[6522,5586],[7413,-988],[3090,750],[2336,3606],[1852,-4453],[2135,1824],[2562,5792],[318,3588],[-2291,2616],[-3777,507],[-3173,4027],[1446,7419],[2256,4143],[4691,3458],[1801,2686],[1527,-2920],[3585,-916],[9798,10230],[3052,-643],[1830,1777],[1534,7270],[-3387,6031],[-292,2757],[2211,2672],[3507,1426],[540,3271],[5215,6120],[1203,4192],[2602,-1496],[2627,11198],[3180,-3682],[-1184,-5707],[3247,-744],[2237,-2134],[3434,-1079],[2508,592],[3251,3121],[964,-2125],[-3144,-8105],[887,-6117],[7946,-8084],[1120,-2960],[-1224,-6602],[-2472,-3227],[-5651,-922],[-2409,-1917],[-603,-3899],[-3895,-5041],[-3256,-24100],[-2969,-12276],[-3448,-7776],[-8226,-12035],[-570,-4796],[-6171,-1949],[-3391,-2685],[-1687,-4266],[-182,-3332],[-5078,-223],[-1047,-6528],[-6666,-9076],[-1205,-3831],[741,-7632],[-3025,-1132],[-2118,-5582],[-1985,-2712],[-1108,-4170],[2063,-950],[-391,-3835],[-2082,-895],[-4498,-6894],[1855,-10852],[-5995,-1309],[-1017,-2684],[-2463,1318],[-2747,-1980],[-5583,711],[-912,-3917],[-3099,290],[-503,-2966],[-4054,-1096],[-15221,-1306],[-2826,-3481],[-6744,1305],[-515,-2358],[-3090,500],[-6165,-2541],[-902,-2371],[-6485,444],[-2446,-3353],[-4083,1859],[-2759,-592],[-2596,-2471],[-7045,751],[-4769,2326],[-6185,-2551],[-1505,1459]],[[5498437,2006183],[1564,1457],[1116,4436],[2799,727],[-2365,-9882],[-2166,-2468],[-4119,-163],[45,4348],[3126,1545]],[[5514966,2196438],[2440,-2290],[32,-3685],[-2089,-387],[-1769,2083],[-1583,7290],[-439,6842],[2299,9329],[4090,684],[2160,-2867],[259,-4634],[-4578,-4474],[-1282,-5876],[460,-2015]],[[5514291,2143201],[-1373,5998],[2058,1721],[5933,-2258],[823,-2620],[-2473,-5147],[-4968,2306]],[[5651078,2372695],[3088,-6487],[1144,-4790],[-2558,-3935],[-3428,2364],[-3226,6358],[-1273,7898],[1096,2448],[5157,-3856]],[[5639576,2377152],[-2123,2568],[398,8412],[-2989,3190],[-2479,7775],[413,4545],[2416,-1261],[447,-6593],[6464,-7832],[295,-5791],[-2842,-5013]],[[5655711,2470368],[1290,-1181],[166,-4437],[-1853,-2979],[248,-6105],[5493,-13628],[-4960,-6204],[1086,-3434],[-4860,-5647],[-2370,-6834],[1590,-4563],[-1604,-12818],[-3032,-4223],[-5789,1790],[-2848,-68],[-567,5455],[1879,5110],[2382,1471],[2410,4458],[2244,10602],[2907,4375],[265,3913],[-1764,2650],[-5943,2841],[369,4888],[-889,3192],[-2243,1282],[642,6519],[1122,1539],[361,5688],[2931,6963],[-1287,6907],[2051,4918],[5824,-2018],[2581,-6484],[2399,-1208],[-231,-2730]],[[5525418,2330528],[-2666,8440],[-3543,2252],[-3260,5124],[-645,7411],[711,2391],[3955,2628],[5296,-1808],[3456,-5459],[3050,-6821],[-1444,-2556],[2614,-2237],[-601,-5311],[1489,-4050],[2568,-3535],[1595,-5256],[2209,-2357],[1210,-7550],[-3253,-6967],[-3202,-1650],[-1500,4670],[-4213,5549],[-3949,122],[-1300,6954],[227,6096],[1196,3920]],[[5167708,1369624],[-5143,-3914],[-3636,-12131],[-2059,-1879],[-2395,-7122],[-1525,-2203],[-3126,-1204],[-5535,-5688],[-6672,-9776],[-3656,-1788],[-8057,-1465],[-4986,-8451],[-2866,-845],[-2210,2329],[-1852,6419],[-9222,16341],[31,1571],[-3063,9496],[1073,6222],[-2447,5074],[-2485,-1454],[-1951,-3153],[-5597,-5005]],[[5090329,1350998],[2876,6391],[4059,4022],[3340,6353],[-1382,3617],[-4207,1284],[8,4274],[-2687,-2038],[-9007,3201],[-1549,1720],[-5417,-881],[-2512,4845],[-3246,-1254],[-3194,821],[-426,-2057],[-7171,-2029],[-3629,-5130],[-3172,543],[-2835,-1160],[23,-3156],[-2977,-4594],[-2085,-4750],[-1715,-822],[-5018,-8152],[-8099,-5763],[-1472,-207],[-3719,-5963],[-1946,-1004],[-2008,-3583],[-4186,-3412],[-2997,-231],[-806,-3703],[3052,-4086],[964,-5757],[1967,-827],[1007,-4414],[-726,-12523],[12369,-6647],[646,-7159],[3009,-2925],[-2051,-2192],[537,-7491],[-695,-5160],[562,-9588],[-1226,-2292],[19,-6944],[-1125,-1881],[1970,-4414],[1966,-9523],[-804,-7542],[321,-5369],[2250,-2178],[357,-7925],[-3121,-5161],[-4519,-11747],[-1713,-6101],[-878,-7419],[1660,-6040],[-994,-2326],[1824,-3901],[-551,-6605],[-2424,-6822],[1645,-3634],[2560,-2031],[535,-4553],[-1128,-5761],[322,-5406],[-961,-8011],[2966,-3963],[-721,-4466],[-3692,-7418],[241,-3963],[5058,-7802],[-2488,-5241],[806,-7286],[1802,-7474],[2814,-1794],[1850,-5497],[-4380,-6063],[-444,-5000],[-1725,-7280],[-281,-9703],[-4052,356],[-2895,-4075],[-883,-2941],[503,-9442],[-1066,-1427],[1122,-7027],[-1512,-5349],[895,-3348],[-1391,-9957],[-1845,-3456],[1042,-4478],[3295,-7031],[2169,-10606],[2975,-5748],[3734,-2501],[-206,-4022],[1210,-6396],[1922,-5744],[-803,-2944],[1772,-3967],[723,-8740],[1122,-4934],[-977,-3987],[-1508,-366],[-4274,4475],[-2974,8515],[-1414,2054],[-3156,995],[-2265,-3783],[-6390,-1206],[-3184,-4088],[-1669,311],[-3957,-3549],[-4520,-159],[-6552,2986],[-8625,3036],[-2186,-5353],[-6425,-9085],[1479,-2570],[-2927,-1942],[-3160,-4370],[-8289,-188],[-5262,3220],[-925,2813],[2218,1882],[-1094,3406],[-6336,1644],[-760,-6188],[-3023,3524],[2280,4579],[-3330,2909],[-3202,4248],[-3937,-2534],[-1991,-3183],[-2125,5596],[1529,3076],[-509,5232],[-3038,7342],[-1589,1608],[-2101,6771],[171,8951],[-595,2505],[1341,4056],[1959,15619],[-122,4664],[1731,1727],[368,6836],[4371,1980],[2171,6181],[116,9866],[4486,11098],[-2271,11118],[-798,12234],[-1048,3109],[1542,3639],[1828,927],[1044,7154],[1767,3064],[4707,13889],[-1365,5240],[1775,8532],[-255,8973],[3816,15060],[-354,3514],[-2334,4175],[1806,5700],[-1477,2639],[2281,5144],[-23,3001],[-2047,2491],[620,4918],[-1242,4021],[1391,3299],[-216,7640],[1483,4113],[-2565,847],[-3560,4924],[-2263,4912],[-1928,6189],[-2148,10513],[-2518,9403],[-2740,6977],[2249,5365],[239,4606],[1650,5175],[1579,1132],[21,7348],[-3502,7057]],[[4944409,1248294],[1606,3233],[-1291,3100],[-1379,13441],[-2531,4180],[1146,3331],[-800,8613],[-2530,3421],[-2295,5379],[1508,4301],[2187,1256],[2085,-1664],[2941,160],[3356,3590],[3023,4800],[7961,3790],[-1125,3868],[-2326,2856],[-3122,11617],[-903,5896],[-1530,966],[-2201,16111],[1328,6604],[-3081,8108],[5496,570],[8219,-3275],[3343,3085],[4059,388],[3325,3421],[1421,5277],[-1699,5338],[649,5826],[-4912,9127],[1969,6965],[-222,3236],[-2174,2466],[-698,3869],[2566,6867],[-2436,5390],[-4715,6876],[-4378,2876],[1594,6736],[-26,6944],[1558,6364],[10767,13915],[2214,-1642],[4710,5969]],[[5085427,668257],[6471,370],[5638,-2687],[-1128,-4225],[-4776,-927],[-4449,1196],[-2359,2642],[-3334,-528],[-4041,2548],[-2380,-699],[-3297,4291],[1958,1773],[4692,-2101],[7005,-1653]],[[5058850,689576],[-3436,4301],[-1218,7711],[1325,2365],[-739,6875],[3628,-2133],[2452,-4414],[5229,-4007],[4291,-407],[-1129,-7415],[-5020,-447],[-3534,1146],[-1849,-3575]],[[5040967,816673],[474,4970],[-3405,2626],[-95,10216],[-1133,1756],[1547,4586],[-43,2914],[1514,5531],[-1552,10194],[395,4065],[-703,7850],[778,17457],[918,8546],[2866,3012],[519,-5816],[3136,-10223],[158,-7414],[2329,-10486],[1043,-10239],[-1066,-1070],[-1020,-12526],[-1555,-6057],[-454,-6024],[1286,-4379],[-141,-11373],[-1425,-1476],[-200,-4001],[-2730,-5875],[801,-7542],[-1797,-6639],[-686,8771],[-1629,7207],[1334,964],[536,10475]],[[5218923,1288331],[-861,-3861],[-2659,-5249],[737,-8604],[1522,-1952],[2648,458],[1583,-2928],[1703,882],[1614,-3791],[-759,-5998],[-4547,8762],[-3173,1474],[-1925,2557],[-3855,-3579],[214,-3442],[3262,-4441],[2375,-4820],[-1574,-4131],[-627,-7332],[-860,-2084],[-6923,-2349],[-172,-5449],[4926,-8592],[5431,-5873],[2633,-5174],[2801,-2652],[2811,1627],[1277,-1305],[4049,-341],[1421,-7082],[4838,-9666],[1520,-5346],[3084,-1176],[6837,1765],[3596,-779],[7,-4401],[-3316,-1949],[-482,-3098],[-2792,-2864],[-5903,1605],[68,-3521],[5301,1594],[2773,-3769],[3044,-57],[1130,-4803],[-1289,-7968],[1447,-1999],[-411,-7969],[3460,-694],[1243,2886],[3069,-832],[2409,-2269],[3453,375],[3333,4755],[-4962,4137],[-1717,6072],[4565,-666],[1627,790],[2392,-2548],[2995,-9404],[1311,-9239],[-1710,-17861],[1042,-3452],[536,-6681],[-1939,-6034],[-2972,-132],[-962,-4350],[-6673,6140],[-6021,10226],[-2327,2046],[-2120,-1729],[491,-2922],[2938,-3536],[656,-3250],[2685,-3165],[2579,-749],[682,-3249],[-349,-6431],[-1540,-3222],[-3050,2052],[-1208,3835],[-2132,-2097],[-1718,5412],[-6347,8062],[-5993,-4542],[-1213,-2455],[-2965,-1305],[-3368,713],[-3408,2722],[-2648,-3707],[-4984,-2935],[-3211,-248],[-4981,-2556],[-2967,1904],[-1892,-1210],[-3806,-5751],[-1679,-1328],[-5602,-1386],[-5330,-19703],[-184,-7252],[832,-6070],[6196,-9445],[-2479,-2387],[-5728,-7817],[-7159,-283],[-7068,2433],[-4977,5492],[-8108,-96],[-2654,-2938],[-2790,1399],[-1535,5554],[-2205,-13],[-1308,3029],[-4783,1011],[-2643,1643],[-4003,5924],[-59,2412],[-2282,5473],[-1363,-252],[198,15138],[726,6142],[3614,15842],[680,6164],[-756,9650],[1582,8851],[3097,2897],[1352,2783],[614,6799],[3027,7464],[-1090,7567],[171,6508],[-9820,6556],[-4442,1817],[-1204,-2182],[-3775,3843],[-4271,-647],[-1901,1778],[-2352,6042],[-648,5339],[-1349,3723],[-3663,1401],[-117,4472],[-1998,4221],[-6882,242],[-1593,5707],[-5228,7853],[-962,3264],[-5580,4670],[-10602,15851],[-917,3387],[-2490,3839],[-1366,15838],[2244,2566],[645,4214],[4178,7580],[1412,632],[264,5943],[1406,4354],[4865,3601],[1483,5545],[3218,24],[-1328,3899],[321,6771],[-720,3579],[640,7802],[1969,9286],[122,10263],[-1636,8791],[-2302,3869],[-5326,2493]],[[5379709,870288],[-2100,4786],[1666,8784],[5194,-4525],[4018,-15286],[-1022,-2723],[-2508,-1549],[-553,8696],[-4695,1817]],[[5335037,971745],[-646,6009],[1331,2740],[4403,387],[3950,-3191],[2045,-3648],[-1044,-7410],[482,-4222],[-1965,-2365],[-3381,383],[-4116,6435],[-1059,4882]],[[5356476,942171],[1867,-1712],[3209,-5474],[1237,-7755],[-3351,750],[-2089,7075],[-2855,3751],[-3737,7309],[3328,-1285],[2391,-2659]],[[5286559,1138435],[-3206,2802],[603,5692],[-3651,3006],[-1753,6546],[1592,1879],[3536,10339],[1629,6207],[8049,-6838],[4839,1843],[6805,-1580],[3872,-7741],[-801,-7682],[-3983,-7280],[-3861,-5261],[-1390,-5024],[-3064,-3382],[-4381,1858],[-4835,4616]],[[5295753,1227883],[-4087,1640],[-2913,4008],[2610,3397],[5286,1072],[2975,1521],[2114,-8014],[-2882,-1238],[-2305,1444],[-798,-3830]],[[5220960,1238177],[-1364,-2345],[-4909,2027],[2254,5441],[2132,507],[1887,-5630]],[[5168576,978814],[1371,6781],[1717,1929],[-670,5485],[1365,2359],[1995,-1446],[2420,3565],[-3416,2616],[447,4538],[3491,5177],[709,-5916],[2601,-956],[2156,5755],[2334,-310],[715,-3561],[1029,-11905],[2305,-302],[1269,3104],[2804,-6218],[1049,-5421],[-3151,-3590],[1311,-2258],[39,-8485],[-1464,-4600],[1124,-3681],[172,-13544],[-1117,-1796],[-2541,797],[-4774,-1628],[-1388,1513],[-390,4720],[-6259,7694],[-1971,5670],[-2944,5866],[-104,3401],[-2708,2109],[474,2538]],[[5288727,996160],[5676,-7312],[4512,-9767],[2578,1741],[1959,-4429],[2367,-275],[-817,-4261],[-2951,-5728],[-2526,-969],[-359,-2967],[-3885,-4274],[-8833,-6523],[-1485,5437],[-2769,1853],[-3830,-5453],[-3562,-1322],[-2927,-3075],[-2303,-4836],[194,-6344],[2616,3120],[1889,-1563],[-373,-7633],[-7133,-13641],[-1775,-6347],[-3121,-458],[126,8496],[-2373,686],[-3078,3264],[-3738,-9420],[-2873,-2786],[-2558,5836],[238,3323],[-1767,4091],[-2728,13034],[-1365,1163],[881,5225],[3092,4290],[3373,-259],[1649,5432],[-2495,4347],[2573,6395],[578,4748],[3119,749],[2570,8820],[1658,2889],[2830,-2099],[2731,2028],[1696,5615],[-1408,3519],[-3494,64],[-1443,2681],[2814,8280],[-1124,2969],[3289,5117],[742,7617],[-3877,-4617],[327,4726],[4897,5568],[306,6320],[1381,1981],[-84,4095],[-1683,3600],[3469,8601],[624,6462],[-1524,4857],[-2,7031],[-1365,2557],[1767,6643],[243,6779],[1845,6264],[-333,3198],[3146,6768],[781,3326],[3788,3599],[4257,5859],[2181,943],[2927,3403],[3435,474],[414,-3425],[-1453,-6502],[818,-4162],[2298,-226],[1069,-2928],[2391,-470],[779,-4869],[2483,-4708],[2062,-6878],[165,-3689],[-1736,-1928],[-98,-8681],[2353,337],[1045,-3341],[-804,-9724],[1061,-13907],[-2747,1895],[-1127,2689],[276,7947],[-4193,9732],[-1313,5378],[-2427,-2215],[1536,-4429],[-2551,-3481],[-3480,-278],[706,4964],[-3121,2788],[-545,-4232],[-2254,-4192],[917,-3758],[2130,-3401],[-2920,-4735],[1260,-8475],[-653,-8133],[-3021,-2729],[-1313,-7584],[2365,-9053],[-580,-8352],[-3020,-7092],[-2073,-2077],[1295,-4764],[2108,-1529],[4971,10583],[2332,1695],[1432,-1586]],[[5220983,1050206],[2942,1767],[175,3321],[3394,-281],[3790,1814],[3331,-162],[1897,3241],[4955,4780],[4671,6877],[2563,-1624],[1437,3717],[5053,3298],[1857,-1800],[22,-12103],[1831,-5142],[225,-9204],[-1393,-6616],[1064,-5260],[2914,-2062],[-847,-4945],[493,-2758],[-4074,-3068],[-807,-4449],[-3228,-6429],[-3973,-3591],[-2567,-6108],[866,-1701],[-3026,-7630],[-299,-4390],[3071,-4512],[-2417,-1935],[-1102,-3805],[3951,816],[1685,-2117],[643,-5182],[-465,-8655],[-3987,-482],[-517,-10018],[-2737,1675],[-2103,-4596],[-1969,407],[401,6178],[1446,11126],[-1368,4725],[1686,4474],[-6537,-5456],[1870,-5849],[-3388,-9759],[-4996,807],[-2936,11601],[-987,-3025],[1139,-2929],[-1726,-4367],[-2678,-944],[-5315,253],[-1110,10332],[964,4487],[1764,2429],[1927,8560],[-883,1278],[723,6899],[-477,3588],[1521,6383],[3573,831],[2568,1993],[-118,5940],[-1124,2357],[1446,5888],[-1801,7766],[-2239,5619],[14,2432],[-3190,9081],[2512,6214]],[[4944409,1248294],[-1926,3459],[-2663,1025],[-3640,3443],[-2009,-591],[-2442,3246],[-5473,700],[-949,-3233],[-5928,-5735],[-7325,-876],[-2958,-3551],[-4086,2103],[-4295,-2035],[-3529,-6722],[-1565,2244],[-2070,-1151],[-3256,2712],[-3411,9719],[256,3507],[-3346,10701],[664,5052],[-1010,2428],[1579,4839],[-2617,10113],[811,2952],[-1014,6706],[-4563,6925],[-558,4949],[2682,1873],[3315,-252],[2071,7632],[-1061,6313],[1968,5246],[1664,10224],[-3644,5933],[-3855,0],[-3762,-2436],[254,7932],[-1406,4945],[513,3814],[1886,1499],[-331,8785],[2052,3682],[1929,7265],[4955,-9415],[4383,2440],[2680,3950],[3531,1539],[1772,3835],[2820,3197],[332,8695],[746,2494],[5577,2863],[2945,4355],[1250,11092],[-1805,9146],[670,8410],[2217,6236],[-722,6072],[1856,5580],[2269,1805],[25,4225],[2372,19201],[7519,6687],[4058,-1509],[597,7487],[1853,2292],[961,5497],[-723,5501],[-2367,1210],[-1729,2885],[399,2812],[-2894,17253],[3456,9587],[6,4095],[-4022,19233],[608,4215],[-531,4658],[4731,7114],[-3225,11394],[3256,13297],[3710,3641],[1830,5245],[4341,3984],[1967,4883],[2045,11018],[1495,2003],[786,4382],[1574,2879],[551,6636],[2359,5681]],[[2785772,2104487],[2068,1895],[83,3394],[2449,-474],[3240,-5350],[-4313,-5335],[-3527,5870]],[[2741388,2109718],[4664,1403],[2202,-5521],[-4244,-4357],[-2963,4386],[341,4089]],[[2606646,2688195],[3192,-334],[1008,-3993],[4062,-2357],[2596,8937],[1985,-3083],[2310,-6894],[-2409,-166],[-926,-6204],[-1326,-2105],[-4256,1278],[-1760,3528],[-933,5991],[-3543,5402]],[[2592252,2654718],[-1495,5070],[1000,5510],[1852,-2864],[2779,-1781],[29,-3865],[-3933,-383],[-232,-1687]],[[2599398,2651374],[2714,-3099],[-372,-2793],[-3773,-1756],[-932,3065],[2363,4583]],[[2745127,2115718],[-1643,-287],[-2640,3860],[1471,1847],[3505,-3093],[-693,-2327]],[[2800039,2126723],[901,1622],[6272,-1001],[-891,-3033],[1927,-4766],[2015,-1050],[2605,-10806],[-1723,-4091],[-2771,-1465],[-760,2624],[-4386,7219],[3,2049],[-4025,3331],[-264,2525],[-3991,546],[-4910,6663],[3898,-389],[1542,1593],[1674,-4202],[2360,-400],[524,3031]],[[2654727,2216973],[1336,2803],[2845,-1262],[998,12903],[1388,2925],[1651,-2021],[7098,-210],[2647,-2288],[1307,-3892],[-434,-2567],[-3830,2504],[575,-5776],[4589,-420],[3662,-2952],[1711,-3375],[2241,-1496],[2024,-3528],[3493,614],[5132,-3903],[-602,-6392],[-2066,-2149],[1218,-4426],[1644,-2108],[3312,1420],[4324,304],[3893,-4603],[1421,-5011],[5283,-4130],[3497,-1617],[-469,-3569],[2643,-1634],[-89,-2688],[3093,-5445],[383,3958],[2810,752],[3458,-4595],[-346,-2872],[1009,-5305],[2123,-5944],[-1604,-2812],[-3734,-2493],[-3213,252],[-2171,2944],[-2164,-1794],[-2608,4379],[-366,3551],[-2650,5249],[-7376,2544],[-1299,3588],[-5297,6898],[-2921,1105],[-1175,3374],[-3454,3830],[-7231,3584],[-3049,-264],[-2656,-2923],[-5521,7584],[-2508,2497],[-4578,1798],[-2403,-1525],[197,4781],[-3095,4154],[324,3064],[-1933,3324],[-4013,1538],[-662,5023],[2188,4745]],[[2898928,2443581],[-1411,-1013],[-4196,2483],[-4592,-1823],[55,-3205],[-2348,-1651],[-3170,1174],[213,-10224],[-3047,-919],[1315,-6679],[-1857,-650],[-1237,-9351],[333,-7436],[-1941,-9343],[-6362,-6706],[-1274,-4913],[-2609,2456],[-1731,-3292],[2059,-7210],[-1226,-3666],[-6756,-8104],[-3400,-5513],[-146,-2134],[2344,-6477],[1730,-2313],[2502,-13685],[3566,-2714],[1236,-8176],[3461,-2900],[-2119,-4593],[1393,-5342],[156,-3853],[2211,-2827],[2932,-509],[2346,-5927],[-825,-4879],[-3271,-3644],[-7065,-2082],[-3793,-1988],[4828,-3114],[1645,-3952],[280,-5827],[3497,-5778],[468,-6660],[-2506,-3318],[-1758,1481],[201,-7404],[1634,-9484],[-799,-4912],[447,-4338],[2503,-1909],[2526,70],[3517,-9686],[4714,-783],[1843,-5462],[-1219,-1122],[-1140,-6671],[1736,-7739],[1870,-4498],[-3771,-3206],[141,-5134],[-1095,-3869],[844,-10152],[2444,-5894],[265,-7130],[4190,-1750],[-38,-4046],[1836,-3597],[1295,-6734],[-2616,-21838],[-1112,-2772]],[[2889074,2116725],[-3920,5341],[-10361,8441],[-5700,5113],[-7099,-1681],[-1488,-2447],[-4025,3493],[-2166,-3967],[-3213,3458],[-2291,7480],[-3933,8045],[-2511,3495],[-650,9687],[90,9772],[-900,23442],[-890,8061],[-2777,17213],[-1591,5444],[-1737,2588],[-5354,-124],[-2196,3959],[-5462,1406],[-3533,3839],[-4120,6836],[-4240,8190],[-3846,19544],[-3375,9016],[-7211,3413],[-2293,7324],[-1993,3200],[-1665,5365],[-4225,10437],[-259,3499],[-3942,8023],[-2665,7451],[-6423,4845],[-2395,3263],[-702,6396],[-1767,5365],[-1888,2880],[-2406,1155],[-2651,3571],[-6067,2497],[-8794,-64],[-4576,-1534],[-6187,-644],[-3453,2561],[-3537,4342],[-5659,8505],[-4819,9068],[-6985,16750],[-7552,13682],[-5342,8752],[-2607,-1210],[-6385,10162],[-3394,-124],[-7171,12204],[-10157,18084],[-3817,5561],[-1206,2948],[-5177,7602],[-8115,10989],[-3772,6264],[-2409,2045],[-525,4027],[-3818,-335],[-4291,13501],[-3965,5832],[-1298,4207],[-1529,124],[-760,5437],[-1966,3647],[210,2661],[-3141,8738],[1337,2796],[-2434,5222],[612,6073],[-2851,2369],[-2372,8509],[241,8812],[-5707,9012],[-1195,8760],[-2329,2826],[1928,4968],[1769,7925],[-1516,7798],[596,2608],[-1733,7363],[-2895,4200],[1986,5430],[4494,-2866],[8024,8757],[3449,1507],[4686,6314],[3203,-1622],[2366,-5079],[2517,-2647],[1352,2557],[5297,873],[1976,1533],[8297,-6795],[3790,-1067],[4921,-3972],[4578,-2302],[5856,-5133],[261,-6042],[2862,-6265],[2466,-3470],[10065,-11465],[2459,-4663],[6551,-2599],[5267,-2838],[5720,619],[4929,-4005],[8537,-4143],[6244,4203],[1979,-4177],[4835,-1665],[4783,1867],[2672,-189],[4753,1527],[5508,3767],[5862,2111],[3401,2160],[3588,646],[1912,-3542],[1842,-888],[6145,1990],[4159,-115],[8409,-4501],[1686,-2567],[3683,-1959],[137,-6697],[1938,-1709],[4032,-540],[7856,4172],[2776,2462],[4613,1781],[12848,7897],[2491,-1879],[4668,-8119],[253,-4031],[6910,-7286],[150,-5247],[16197,-22483],[5301,-5477],[3378,-474],[5653,-25884],[332,-8738],[2559,-3917],[1124,-4730],[-3135,-7286],[1742,-4342],[3034,947],[1813,-1797],[2492,4103],[1928,-4663],[3824,-193],[4371,-2991],[892,-2001],[3714,-2550],[769,-4030],[2083,-1495],[2533,-4833],[842,-7812],[-3048,-9938]],[[3271954,970565],[2733,521],[732,3841],[6371,-5517],[4141,-2506],[1799,-3000],[3408,-498],[6270,-4588],[-1848,-10290],[822,-4416],[-4103,-1651],[-2316,2988],[-3557,-1101],[-3082,4299],[-3010,6980],[-1850,-128],[-1689,3443],[-3451,2305],[-3333,3899],[1963,5419]],[[3166249,1404486],[3091,3954],[9488,10480],[5015,3860],[1471,2631],[2118,444],[4615,10401]],[[3192047,1436256],[3652,-4956],[22050,-21749],[-1226,-16767],[2142,2432],[3130,1091],[1466,-1539],[3280,2689],[2368,-388],[5618,-11552],[4340,-6806],[3224,-3089],[399,-2317],[3419,-2790],[970,-2869],[4881,-2252],[7484,2446],[3500,-4952],[3601,-2301]],[[3266345,1360587],[1885,-5491],[2427,-1473],[1770,-3115],[325,-5581],[5073,-4693],[607,-2296],[2911,-2098],[1075,-9237],[2195,-6335],[3475,-1048],[3229,-4286],[6496,3639],[4959,-2088],[2324,-2778],[1889,-4703],[937,-9653],[-571,-5877],[1215,-2188],[-936,-3469],[1463,-3432],[4492,-4065],[3682,-5813],[3785,-2769],[5531,4769],[4406,338],[2094,2887],[3706,1538],[1995,-7650],[7144,-746],[433,-4924],[6519,1681],[3188,-625],[1470,-4693],[-1004,-1589],[110,-9284],[-735,-8180],[-1787,-902],[-1717,-6054],[-4520,-7319],[-4859,10172],[-3863,3686],[-1349,-4951],[362,-6495],[-715,-3521],[-3567,-3117],[-1972,-4670],[-966,-10501],[-7483,-4444],[-3152,-5446],[3801,-1533],[2221,-6176],[5468,-4912],[2738,-4181],[2127,-5735],[5728,-4532],[2950,-175],[1565,2807],[3460,-2495],[2001,-4777],[3178,-985],[4060,209],[5483,1671],[3862,-2843],[2087,-10655],[3224,-7081],[282,-8401],[-883,-5110],[11494,-4390],[2217,-4366],[2008,-923],[2435,-3494],[3739,211],[3809,-2243],[5457,-4910],[1179,-2390],[6129,3499],[2274,-749],[2450,-10240],[-2565,-4048],[-2445,-7928],[4382,-4563],[554,-5675],[-2128,-4067],[3688,210],[2116,-2262],[3491,-7440],[613,-6576],[-824,-2268],[3653,-4023],[2751,204],[1703,-4573],[-173,-3773]],[[3431680,1050017],[-5826,-1113],[-1027,-4389],[-6676,-5776],[-1617,-3671],[-1777,-128],[-735,-4630]],[[3414022,1030310],[-3057,-319],[-2942,1562],[-847,4206],[-6173,3820],[-3085,-1415],[-2461,8335],[-3481,3274],[-2359,-2323],[-3136,4760],[667,3581],[-2111,2565],[-1372,5132],[-2934,4099],[-12558,15509],[-4677,3048],[-3010,3618],[-5308,3521],[-7846,3378],[-234,3237],[-1891,4486],[-6184,8599],[-2111,4650],[-5025,4902],[-3112,5334],[-23109,27444],[-10690,12050],[-7670,10154],[225,6063],[1702,1065],[837,7779],[-803,2557],[-5158,8613],[1383,4681],[-2793,7408],[439,4664],[-4628,7172],[-7376,8702],[-1378,2346],[-12170,10488],[-4789,3662],[396,1817],[-2959,5223],[-9961,9051],[-17011,19798],[-7351,15760],[-1874,3342],[443,2491],[-3561,7228],[-1105,6520],[-7124,12907],[-5579,21315],[-2133,7342],[-3553,4837],[-4718,4339],[-6684,5064],[-2979,3490],[-4578,10275],[-6217,10970]],[[3192047,1436256],[1362,9027],[-1450,13067],[-3089,12505],[-1532,4569],[-4778,5008],[-4761,10957],[-949,5061],[-1003,15338],[132,16206],[3148,-2830],[2810,3124],[2714,-5703],[4099,3224],[5909,20],[9241,3375],[1390,-2913],[6398,2451],[3370,10018],[3002,4989],[4138,3816],[5735,6656],[3333,5397],[1756,6188],[-2631,4519],[1950,4104],[571,4066],[-2758,8707],[-62,2280],[3327,6792],[3500,166],[2738,2338],[2188,4],[3851,6369],[2863,7746],[-4763,3845],[-707,2958],[704,4878],[-1424,7628],[663,3458]],[[3243032,1635664],[2289,-825],[5950,4868],[1361,6076],[8350,5003],[3302,-3334],[1536,1598],[5652,-4794],[2187,3338],[2257,78],[2080,-2573],[598,-4543],[2560,-161],[3799,3797],[4608,711],[1936,-6726],[3209,-1478],[2751,-3519],[-1092,-4199],[1781,-1442],[4737,722],[5098,-9094],[2096,795],[3857,-2788],[5747,474],[2042,-3954],[2748,1705],[2039,4712],[4313,1722],[46,2520],[4598,4180],[-1046,2361],[2259,5345],[8174,8433],[3412,4917],[4554,9142],[4655,10988],[8048,-351],[3237,1693],[13279,-4311],[7613,-1729],[1662,-2670],[4790,4555],[3766,951],[2882,-536]],[[3402752,1667321],[-239,-3587],[5860,-3826],[1248,-6468],[2082,-2936],[1965,28],[729,-3156],[5263,-4674],[883,-3699],[2812,631],[6420,-6383],[3943,-899],[1172,-7149],[2117,5028],[8866,4298],[5051,-1165],[4957,-2162],[4738,-4091],[5640,-2298],[4289,-334],[2269,-3006],[5233,3720],[3130,-383],[4357,933],[2041,3229],[2881,-5874],[1800,-14230],[-999,-2785],[-451,-7217],[2369,-8344],[3706,-9500],[-354,-8550],[-931,-8697],[-351,-9750],[1955,-13894],[2954,-9334]],[[3500157,1530797],[-3047,3549],[-2944,1052],[-4500,-1087],[-2335,-5028],[802,-6001],[-1160,-3835],[-6601,-1008],[-943,-989],[-4383,1096],[-2388,-1865],[-9735,-5055],[-3743,1989],[-6345,351],[-4496,-545],[-3444,4454],[-3622,309],[-3244,-2677],[-1248,-4410],[-2753,-1715],[-8037,-129],[-1552,-1574],[-7995,-3535],[-7462,-9056],[-1156,-5517],[801,-3394],[-1778,-12025],[-309,-11450],[3711,-4906],[-2592,-4052],[-2979,-1878],[-4384,-332],[-1076,-4602],[1302,-7806],[55,-6146],[-1197,-2368],[397,-4548],[-2609,191],[-4875,8456],[-4042,3810],[-2376,3636],[-656,5413],[-2260,7460],[-2157,2656],[-2652,42],[-425,-5291],[-3573,-3227],[-1936,-6776],[3738,-5109],[689,-7117],[-8250,-6262],[-4158,2725],[-2348,3265],[-3398,-4711],[-4202,2504],[-5156,-59],[-2217,2947],[-2591,236],[-602,-3480],[-2388,-4904],[182,-2720],[2592,-1295],[606,-4133],[-3016,-3571],[-3177,-6477],[-380,-4266],[-3778,-6963],[-2526,-1159],[-2189,1083],[-1754,-4726],[-2967,-2759],[-5057,-3123],[-353,-5193],[-2272,-3173],[-5531,816],[-2955,-3594],[-3740,-282],[-6380,2749],[-3060,4907],[-4958,92],[-2625,4077],[-3104,491],[-1908,-2731],[-806,-7949],[-5448,-2063],[-4517,-3220],[-3872,-6557],[-1995,-143]],[[3431680,1050017],[3440,1148],[876,-5102],[1594,-110],[2501,-3692],[-120,-5134],[-2056,-4562],[1780,-1225],[4428,3421],[1855,2793],[3188,-5575],[8215,1897],[2359,-86],[3792,-2954],[3826,536],[3291,4461],[639,3807],[2386,541],[1330,-2364],[3293,-222],[1437,1666],[2442,-2879],[3027,2050],[3347,8199],[-843,4959],[-3789,5039],[-792,6056],[-2057,3938],[587,6210],[4370,7277],[-1903,21857],[1736,8319],[1720,2018],[1062,5475],[3897,2790],[2466,4322],[6377,2941],[1122,2020],[5565,3951],[4858,4953],[2063,-4505],[7207,-455],[3677,563],[3601,-1451],[3160,2165],[2635,-26],[1877,3290],[3183,2880],[3589,1492],[3118,3092],[2357,-1166],[2896,4713],[1854,1237],[4763,14535],[1911,7414],[1617,1334],[801,4522],[2087,3157],[1368,4922],[4834,2408],[2421,-1785],[2161,3714],[1496,5572],[-835,6651],[1885,601],[1390,9225],[2043,944],[908,-2992],[513,-7149],[3299,2230],[2611,210],[2081,-2199],[-411,-5368],[4322,657],[1619,-2995],[2828,289],[-1045,-5591],[1209,-2815],[2038,2152],[2559,-3302],[-992,-4023],[4749,-5858],[1753,-5332],[-2465,-7034],[3463,-273],[1571,-6435],[4500,-1392],[-118,-5646],[2647,736],[1493,-1919],[2054,1709],[593,3244]],[[3623864,1154703],[3933,-3180],[1124,-8697],[-720,-16618],[1023,-8224],[2581,-3256],[866,-5700],[3396,-8130],[-399,-5241],[883,-7014],[-1900,-8357],[452,-4183],[2332,-3328],[-953,-3310],[-2942,-2502],[685,-2625],[-1449,-5237],[-561,-13554],[722,-6387],[2555,-6361],[828,-5062],[-2624,-3087],[-1886,-12727],[-153,-12906],[555,-3452],[163,-16106],[-2008,-3839],[-1937,-7458],[252,-25968],[-1287,-6070],[1449,-6775],[-1473,-15331],[-1981,-5117],[884,-4994],[-442,-7095],[-1486,-6195],[-2412,-5748],[-3359,-3700],[-529,5789],[-5344,3406],[-5013,654],[-2163,4415],[-133,5763],[728,4978],[-2983,4470],[-279,5607],[-5057,-510],[-8282,7110],[-3555,6328],[-2294,8139],[-3109,4957],[-349,4299],[-1426,2527],[-3399,642],[-2126,-3520],[-479,-8185],[763,-5172],[-1626,-5004],[-2068,1556],[-4378,-3396],[3853,-7283],[-2567,-2305],[1711,-7962],[-1644,-537],[-2520,-4084],[442,-3515],[4306,-405],[-1021,-4466],[-4346,-619],[-4432,6730],[-4333,1928],[-3103,28],[723,3579],[-6073,1809],[-3127,1783],[-3572,6507],[-6875,5683],[-5657,3662],[-811,2754],[-3286,4602],[-1811,4569],[-4384,677],[-5738,3301],[-7174,-4284],[3454,-12404],[4511,-7233],[3596,-8494],[-798,-5621],[3648,-6579],[2935,-7605],[-1368,-6528],[2409,-3571],[970,-4707],[-14358,-1447],[-2721,3734],[2054,1904],[-1029,6228],[-2413,3944],[-4825,5978],[-3713,5703],[-2715,5612],[-558,2825],[-4997,5751],[-6097,4445],[1795,4129],[-897,3979],[-5639,7642],[-3220,2125],[-3006,5820],[-6601,4737],[-1109,4137],[-3658,3172],[-1515,5172],[-2529,2226],[282,3441],[-3115,2177],[945,4642],[-1929,5249],[-8436,6353],[2347,3166],[988,3611],[-612,3787],[-3150,4611],[-2801,1369],[-2640,6691],[-6448,5659],[-1455,-2509],[-1391,8889],[-3827,4011],[-4353,507],[-1995,3708],[-4029,1700]],[[3534866,895584],[733,-5990],[-4139,2487],[-1025,3773],[460,3012],[3971,-3282]],[[3243032,1635664],[-2533,1770],[-4565,-304],[-9058,4979],[-805,4170],[-2661,3422],[-2025,5401],[-2829,1746],[-2529,3316],[-3651,919],[-2337,4970],[-3709,2651],[-2159,3512],[-2163,5916],[-1670,-437],[-2235,2433],[431,4306],[-2599,1000],[-5126,4124],[-2228,-139],[-2928,6294],[-2615,860],[-1714,4697],[-2605,2681],[-2902,1212],[-1470,3134],[-3971,838],[-2926,9149],[317,2688],[-1521,3469],[1741,2170],[-1078,6662],[-3406,4066],[-5304,295],[-2605,-2437],[984,-2862],[-1358,-3645],[-4809,5936],[-2588,2097],[492,4262],[-3301,3562],[-399,3362],[-1868,2306],[92,6568],[-1536,2983],[96,7427],[2517,-577],[-253,3891],[-3234,2254],[-179,6730],[2466,4090],[2746,-4332],[3085,6668],[807,8092],[-1245,1901],[-1197,7761],[226,5002],[1447,5261],[-2800,12810],[-2587,-34],[-2926,-2004],[-2538,4264],[-5769,7346],[-8798,5969],[-2020,4132],[-5769,7346],[-3606,0],[-3317,-1378],[-2020,-2984],[-3894,-918],[-6202,3443],[-3895,3444],[-2307,6886],[-4904,11937],[-2164,7346],[-288,4820],[4759,7575],[-2596,7346]],[[3084944,1901280],[-691,10078],[3922,8163],[604,20167],[-905,6482],[0,5762],[905,10563],[-755,4081],[-3319,4321],[-3319,2881],[-1206,3600],[-1057,8642],[-3469,5522],[-1207,7441],[4978,3841],[27156,22323],[3319,6960],[-604,9121],[-5280,22320],[-3168,6720],[-2716,2160],[-2112,5280],[-452,5519],[2866,22557],[-1358,19675],[-3017,15596],[151,9596],[754,8637],[2862,18292]],[[3097826,2177580],[1596,-5126],[-18,-3162],[3030,-16885],[1750,-3592],[1328,-7195],[4688,-9684],[3099,-4787],[10072,-12489],[1859,-4],[8367,-3906],[3619,-3993],[2683,-794],[3499,-2901],[7726,-13521],[2245,-12408],[-321,-2676],[2171,-3455],[3130,2556],[-2450,2753],[-1887,8884],[-1094,10586],[-1072,4110],[-3215,5501],[-3451,10222],[479,10482],[2249,5881],[4219,4410],[4084,2166],[6412,-1874],[5066,435],[3366,-11833],[3324,-3975],[6794,-9618],[3820,-3830],[4549,-3271],[3662,-6293],[1450,-6200],[560,-8437],[2008,-12523],[1387,-4188],[-664,-6426],[1102,-5187],[2482,-6633],[2415,-3291],[4982,-1243],[5851,-5994],[2746,-1309],[5269,382],[5117,3691],[5581,1020],[3669,-1823],[9104,-12789],[6876,-7406],[7605,-10674],[9917,-10084],[3534,-2086],[1257,-2226],[-969,-13731],[1055,-4037],[4595,-7764],[-105,-3918],[-1520,-9464],[538,-5236],[2187,-7288],[722,-4473],[4218,-7606],[2737,-2048],[3888,-5422],[1288,-3463],[5983,-11318],[5457,-4342],[3903,-4404],[5870,-1671],[4658,407],[5197,2443],[4376,-968],[4349,-2568],[7822,1029],[2723,-559],[3953,-3616],[5301,-10729],[4819,-7934],[2653,-8948],[4862,-6331],[559,-6004],[-4259,-2557],[-5780,-5752],[-5304,-3712],[-3534,-5109],[-8754,-4729],[-4016,-5109],[-7188,-3903],[-1724,-3904],[3774,-630],[5055,2808],[2814,2944],[4420,-1287],[6265,5497],[5137,3456],[4501,5496],[5699,5109],[6425,2433],[3256,5182],[2103,7249],[5640,4443],[4331,1066],[2747,5055],[7664,-2743],[7112,-9130],[4804,-4593],[5110,-6338],[2090,-7664],[5358,-2200],[2769,-2215],[3226,-4651],[4399,-14798],[716,-14741],[1604,-8565],[1606,-4095],[-921,-2360],[-4659,-388],[-6987,-2301],[-6348,2177],[-2088,-2177],[-1312,-6155],[-5231,-2981],[-2134,-3647],[-3007,-192],[-840,-1973],[3784,-3814],[-3365,-3860],[-6288,-8696],[887,-1918],[2969,3584],[7007,2004],[502,-1689],[-4976,-10738],[-1289,-7030],[-2610,-4790],[-5860,-132],[-2492,1402],[-2568,3456],[-1451,-1279],[4983,-5109],[2896,-1146],[5777,1142],[1847,-1666],[4983,1798],[1764,-4099],[4382,-187],[2325,-3443],[-402,-2689],[-5901,-8377],[-3215,-2297],[-4538,-191],[-3172,-1982],[-121,-7610],[-2450,-5437],[-5458,-3571],[0,-2301],[5100,-1853],[402,-2685],[-2452,-3903],[1686,-5241],[7070,-2816],[1886,-2737]],[[3365343,1906924],[1798,-955],[379,-7625],[-1643,-2432],[-1758,2745],[1224,8267]],[[3320376,1941346],[3479,3670],[882,6000],[1958,5880],[2399,3422],[3596,2706],[2812,106],[11681,-5424],[6221,-3843],[3474,-3792],[7644,-13216],[2349,-5582],[5189,-10052],[-557,-5271],[-1527,-2022],[-3557,-1475],[-2989,1022],[-2320,3299],[-5179,5267],[-4094,3015],[-1763,3725],[-4963,5319],[-7344,4034],[-1366,3873],[2493,1882],[604,2669],[4099,495],[-330,2757],[-3833,-365],[-720,-4060],[-2103,-104],[-1845,-2434],[-4580,3201],[-8193,-5242],[-1617,540]],[[3405356,1755035],[2036,2952],[3413,254],[559,-2266],[-3385,-1856],[-2623,916]],[[3374876,1892790],[4011,-161],[4736,-6849],[1768,-5622],[-28,-10468],[-1224,-2858],[-8334,-1697],[-3432,-2564],[-2264,7189],[-230,3308],[2272,15132],[2725,4590]],[[3359385,1883326],[2538,2209],[2784,-9458],[-1649,-3741],[-1990,7237],[-1683,3753]],[[3318419,1943168],[-1368,-3757],[-2916,-4703],[-3554,-1967],[-2211,-2144],[-1998,12834],[-1853,5682],[1922,8745],[5646,892],[7198,-12619],[-866,-2963]],[[3323491,1906453],[-6623,-3408],[-3232,696],[-8444,5738],[-5149,7092],[-530,4739],[4316,7875],[2765,-1398],[4030,4676],[3553,1967],[2916,4703],[4921,-1821],[8273,4739],[5128,-2738],[1196,-3104],[8242,-4550],[3612,-4748],[2123,-4640],[7196,-6549],[3607,-4504],[610,-5163],[-681,-10344],[-2712,-5024],[-2450,571],[-3251,6735],[-4202,6635],[-6221,2528],[-6750,-422],[-8438,211],[-3805,-492]],[[3305811,1977400],[1294,-2700],[-22,-4194],[-2398,-6370],[-29,-3808],[-2298,-10377],[3050,-9832],[1261,-7478],[-418,-2436],[-4177,891],[-1860,-4236],[-3274,-822],[-6184,8893],[-3265,3201],[-3367,11992],[-1056,6354],[1140,6636],[-455,7577],[-3662,10551],[2069,8100],[-118,6362],[-1460,4238],[2365,2094],[3451,1040],[2384,-1380],[7570,-12868],[5092,-5533],[4367,-5895]],[[3262880,2021725],[-2524,9040],[3693,1560],[5368,-1760],[6729,-3544],[11261,-3085],[8194,-1272],[9050,-4173],[3327,-7444],[-1001,-3513],[599,-5940],[324,-11509],[961,-5245],[242,-6639],[-1085,-319],[-2886,4214],[-6749,7286],[-5903,10678],[-3654,5301],[-2089,1538],[-7632,-132],[-7066,2936],[-5306,5761],[-3853,6261]],[[3201226,2078054],[1456,5474],[-629,7790],[960,4632],[5758,6105],[2316,-579],[3042,-3604],[3550,1456],[2938,6727],[4226,2893],[2204,2610],[5248,-5189],[697,-4946],[1408,-1556],[4587,-10251],[203,-6155],[-2209,-4278],[-1044,-4726],[-404,-9715],[-1283,-7418],[-3335,-4155],[-1765,-762],[-6024,-6908],[-5222,900],[-10276,4469],[-2382,7992],[-828,6839],[-3192,12355]],[[3409538,1751750],[7311,-1922],[38,-1981],[5745,-3520],[2086,643],[5180,-6706],[1004,-5565],[-3930,0],[-3861,-1402],[-8029,-5885],[-2974,895],[-3938,-379],[-2364,4794],[-4458,-2493],[-1726,2616],[2085,8441],[5906,11829],[1925,635]],[[3341992,1825120],[-3263,3093],[6248,2915],[632,-3443],[-3617,-2565]],[[3166249,1404486],[-3250,8233],[-9603,15825],[-1808,13335],[-4843,10446],[152,4800],[4126,7090],[1256,6962],[-857,13390],[-1136,7210],[-3284,8469],[-3746,6266],[-3517,9903],[-3718,7694],[-2218,6135],[-4276,6577],[-706,8859],[-1635,5691],[412,3679],[-2492,2021],[-3559,7403],[2213,2815],[-2468,2435],[2664,3909],[-2071,7779],[-2770,3643],[-4464,1251],[-5221,8366],[-673,7091],[-4071,2362],[-644,5710],[578,4495],[-1858,3837],[1256,3579],[3093,-780],[85,4843],[-2463,2362],[-145,4674],[-2663,947],[-1455,15896],[-1640,5257],[-2979,4363],[-3258,7657],[-6605,9862],[-7274,12069],[-147,2280],[-3200,9984],[-2895,5115],[-9177,13636],[-3457,3967],[-1349,5253],[-1944,3222],[-6640,7244],[-1475,6310],[-747,6871],[-4039,9794],[1221,10466],[-2254,7758],[-5459,6678],[-3330,4926],[-3939,4086],[-7741,5677],[-850,1226],[-6746,4099],[-5216,1266],[-2225,6144],[333,2361],[-2051,3770],[-4977,1023],[-4658,-4086],[-3477,-63],[-1584,3428],[-3601,418]],[[2987090,1821749],[2598,6321],[4107,7761],[2703,2341],[3231,-811],[3313,3867],[2138,7722],[5167,12307],[2450,663],[6459,6293],[3203,-2950],[5255,-454],[5064,4694],[1466,-2725],[1509,-7430],[4403,-4135],[4671,4272],[3190,-355],[3064,-2705],[5304,3306],[2452,2525],[433,10560],[-4904,14921],[-4471,7116],[-2596,10329],[-2741,2295],[-5625,9412],[-433,4131],[1298,1837],[2741,-3673],[2163,-1148],[9087,230],[7500,-4132],[7068,-5050],[3750,-1377],[5481,-5509],[2885,-1607],[4471,689]],[[3069243,1354149],[-2185,2669],[-548,3128],[2158,4814],[-1111,7245],[1148,1390],[-2323,7614],[55,4393],[-2201,3972],[915,2717],[-438,7917],[2594,1599],[6908,-11613],[2776,-2245],[2970,-4784],[4346,-3867],[2762,-10199],[1767,-4280],[-2167,-4545],[-5903,-5940],[-294,-3099],[-5684,-1370],[-1726,3843],[-1853,-913],[238,-3678],[-2604,-276],[400,5508]],[[3084492,1354149],[684,2766],[5078,1585],[1552,-4952],[4109,-5500],[1566,-3482],[4094,-3876],[3734,-8546],[7185,-10739],[-1689,-1662],[1445,-3447],[-966,-9587],[989,-3791],[-4079,-1646],[-2801,885],[-1528,-2813],[2445,-2099],[-1529,-2685],[921,-3766],[2851,-4621],[4316,-11716],[-2758,-2230],[-2441,5844],[-3760,3768],[314,3985],[-2616,2053],[-2612,10116],[459,7242],[-3187,6975],[-3431,2675],[-845,3311],[-2547,876],[-3823,7863],[302,5031],[1109,2865],[-653,9836],[-1888,9482]],[[2994573,1501752],[2559,6210],[2294,-3699],[-4853,-2511]],[[2960751,1646064],[1790,-482],[1767,-3447],[1423,-7319],[-2676,-2962],[1895,-4393],[387,-5926],[5459,-6450],[899,-7979],[2039,-2493],[3826,-11309],[75,-3038],[3895,-16328],[3574,-2879],[1779,-4459],[-205,-4402],[-1294,-4412],[4512,-3762],[1128,-2612],[-1275,-2640],[180,-5194],[3348,-4847],[2881,1782],[2965,-8496],[-1409,-3016],[645,-4086],[-1751,-3857],[-2590,9842],[85,-11742],[2090,-4985],[-3496,-1598],[-5700,767],[-2128,-4027],[-4618,69],[-3780,2424],[-17549,16846],[-849,3814],[-3846,5373],[979,5044],[-3103,8105],[111,1503],[-5567,11310],[-920,3539],[-5158,11725],[-4487,9075],[-556,5120],[-2734,4345],[-598,4094],[1719,2123],[3605,12558],[869,6847],[251,11926],[2186,3285],[3201,1970],[2009,-2178],[5386,264],[2728,2681],[3212,630],[3391,4257]],[[3053679,1421308],[-1620,1258],[-4803,724],[-2436,3255],[-2643,-697],[-2334,2300],[-618,2818],[-3320,3550],[-4898,2256],[-2079,-1400],[-596,9091],[-2153,-37],[-2025,2418],[-2133,8296],[4246,1453],[-2039,5903],[-454,5352],[2152,5146],[2058,1622],[5557,-3106],[4575,-5785],[1044,-10222],[4179,-12527],[2728,-3328],[319,-4853],[3822,-3094],[3471,-10393]],[[3500157,1530797],[3360,-7417],[1295,-5666],[-137,-6605],[-3215,-2565],[-1805,-3639],[-843,-10158],[1930,-5226],[2459,808],[2283,10442],[2798,-1050],[3235,-3376],[3088,-4692],[-2902,-6042],[2617,-2683],[2118,1395],[2049,-4285],[-577,-5547],[4368,5147],[10421,-1537],[2014,-1770],[2972,-10478],[-161,-5113],[1205,-6387],[-1283,-4734],[-2492,-4730],[-723,-3192],[-4905,-5503],[-2890,-4472],[-2003,-7922],[-3414,2110],[-1767,-2301],[3451,-2820],[1007,-11561],[-1291,-5624],[-396,-6907],[1767,-6004],[1928,18531],[-407,7670],[4660,4093],[3905,6156],[908,7971],[5589,-264],[1004,-1329],[-1164,-12472],[2452,-5305],[-199,11185],[5537,511],[3536,-2424],[1725,-2625],[8234,-831],[8431,6391],[4501,-4474],[4415,-2301],[10842,-2301],[2891,256],[4739,-1406],[4019,-256],[3809,-2914],[3898,4065],[763,-2237],[-80,-7410],[-2142,-12050],[536,-9426],[1930,-6263],[2932,-5305],[2888,-2182],[5544,-1406],[2490,1283],[1406,-8083],[-550,-9808],[68,-9146],[2647,-8692],[4061,-5377],[3126,-1873],[5289,1056],[1792,2334],[1543,-3268],[3024,-857],[3727,-2663],[1213,-11655],[-643,-9705],[3218,-12076],[-651,-6912],[-5670,-5927],[-3845,-2706],[-5496,-7606],[-4259,-11257],[-2814,-10350],[-2570,-13167],[-1203,-10477],[81,-7542],[1328,-5182],[8990,-6012],[1164,-1462],[2734,-7422],[-2573,-10857],[-4819,-12021],[-2730,-14828],[-643,-10989],[-1729,-1786],[-1925,6320],[-3331,1075]],[[2898928,2443581],[-841,-14718],[-5226,-2174],[-1483,-8884],[2128,-315],[2580,2307],[2637,-626],[4638,-3674],[1607,-5208],[7179,725],[4370,-5608],[4742,-1087],[0,-3132],[4440,408],[2094,-5010],[989,-6424],[5558,-4692],[1963,957],[3081,-1260],[2034,-3446],[916,-11145],[-959,-2176],[1385,-4211],[5174,-1860],[1986,-5049],[6423,-3754],[2313,-2160],[8692,-3031],[5801,-5930],[3174,-1611],[7146,-8093],[3731,-1988],[5493,-5422],[8360,-10201],[1750,-4089],[2881,-3044],[5359,-2948],[3972,-4392],[2807,-1657],[227,-4143],[4486,-8698],[3331,-4419],[11687,-4437],[4902,-5147],[1441,-525],[1178,-4561],[6535,-12174],[3132,-4895],[1489,1346],[2088,-5629],[1928,-2935],[6603,-6292],[-623,-10130],[749,-7077],[-1308,-11331],[-2972,-5497],[625,-5234],[4952,-5951],[2146,3663],[-2384,5158],[-578,3522],[3395,2419],[2585,-1494],[2910,-6177],[-161,-10350],[1902,-11231],[3170,-6180],[555,-4789],[2390,2632],[-550,3580],[-2419,968],[-2021,14233],[430,6667],[1211,3734],[4226,3804],[3597,-968],[-101,-3366],[1881,-6713],[2200,-2776],[1148,-4039],[4022,-5947]],[[2987090,1821749],[-2331,2216],[1707,3185],[-528,7244],[-3405,3099],[1545,6654],[450,5786],[-398,5517],[-2340,8370],[-367,10329],[-1299,5120],[-4265,5272],[1619,2046],[-577,10600],[-2457,9148],[-2219,5728],[-1797,-56],[-1856,15019],[-4457,19729],[-1574,11509],[-4495,14421],[441,1114],[-2532,8620],[963,6009],[-2007,7030],[-4992,10022],[-1275,9792],[-3733,5764],[1296,3370],[1948,-4556],[2022,6918],[2161,-1128],[-54,5674],[1500,-266],[2061,5607],[-1657,7114],[-3689,2032],[1119,5003],[-2810,3480],[-2694,5665],[-2488,-133],[-1558,-2416],[2974,-6491],[-3428,1106],[-2367,2884],[-2731,7287],[-4980,9587],[-2412,2173],[-2008,4977],[-8063,12723],[-3376,3072],[-2972,-255],[-2530,1981],[-1729,3771],[-3859,-1794],[-3410,703],[-801,3580],[-2773,4030],[-3853,3320],[-4676,6671]],[[2924851,1687968],[-2984,4136],[2164,1147],[820,-5283]],[[2916891,1747711],[4523,-8301],[3068,-13017],[-2102,-2446],[1449,-3068],[-1047,-4602],[402,-6936],[-2250,-3930],[22,-2530],[-5381,-735],[-1238,-5441],[-5451,5669],[-758,5863],[2888,7117],[689,17221],[2347,4598],[3576,2608],[-1740,6079],[1003,1851]],[[2864981,1771038],[-1006,-1611],[-2976,2251],[-1581,4077],[4659,219],[904,-4936]],[[2907260,1785546],[4198,1188],[5282,-8569],[1182,-4305],[2185,-2702],[1071,-4648],[-803,-3579],[1804,-9775],[1770,-3196],[2888,-2045],[2938,-7359],[-407,-5113],[-2202,-1594],[-2947,3833],[-7605,15851],[-197,3751],[-4339,7243],[-747,5349],[-3473,10166],[-3009,1629],[2411,3875]],[[2918977,2046505],[2548,-210],[1101,-2649],[-208,-4353],[3143,-1210],[2482,4579],[1655,-3895],[-1174,-4257],[-2165,2689],[-2972,-1666],[-5758,4047],[-108,3504],[1456,3421]],[[2853489,1871646],[-5409,3507],[-2048,-3001],[-1849,3713],[1019,5578],[-3025,7830],[433,3905],[-2461,9624],[-831,5535],[-2519,2551],[-258,3275],[-4223,4400],[-135,1986],[-6973,9180],[-7410,1335],[-183,4874],[-1923,9293],[-1782,6081],[-5455,13914],[-4584,9264],[-444,3196],[-4851,4596],[-1809,4863],[-4378,9272],[-4099,5237],[3315,3192],[3108,-3951],[1727,2153],[1469,-2522],[7082,2735],[1504,4439],[5161,4987],[631,3501],[-1660,3256],[1404,2531],[1885,-1545],[2485,-4843],[3416,-192],[761,-4022],[4537,-579],[2329,-5881],[2250,-1425],[160,-3948],[8100,-16070],[2341,-7953],[2410,-3073],[1124,-5241],[3735,-2492],[2382,-178],[1633,-2251],[2213,-27],[2007,-2717],[1606,-5373],[4139,-6835],[2701,17],[1837,-3285],[-287,-7146],[1904,-4713],[-4096,-8308],[-1234,-11625],[1584,-5364],[-1686,-3439],[-656,-4606],[1031,-3566],[-340,-6004],[621,-7657],[-2134,-4538],[-4452,-5049],[-2850,-401]],[[5184641,183780],[3137,-2110],[-964,-4214],[406,-6400],[-1405,-3516],[-4262,-2036],[-1687,-3321],[-4976,-5248],[-2172,-507],[-4420,2808],[-4254,-1155],[-6064,5565],[7352,5948],[7426,7091],[321,5117],[3336,3899],[5143,124],[3083,-2045]],[[5288708,140235],[2907,5057],[3105,3651],[1651,3527],[3416,-551],[2861,4550],[300,4033],[3416,-2013],[4168,124],[249,4172],[-3891,-3030],[-1595,2015],[4326,9870],[5847,3172],[1430,2196],[2936,1152],[421,7237],[2486,-2937],[-1804,-4622],[881,-2676],[-3056,-8075],[-1119,-4585],[472,-2869],[3791,343],[2437,-1774],[727,-5862],[-4455,-5821],[-4781,324],[-4455,-5821],[-2817,-1026],[-1798,-2996],[843,-3273],[-2217,-6958],[-2607,-1853],[-4498,3196],[-4260,-2301],[-1523,-3959],[-3212,379],[-7871,-1529],[-2533,-2625],[200,-3515],[-4072,-2717],[-4360,931],[-1527,-4095],[-2084,3197],[895,6691],[-2202,12753],[3140,-1506],[1999,5613],[8794,1499],[9039,3307]],[[4958007,437335],[-798,7614],[3162,9871],[-459,5170],[-1646,2826],[1046,2529],[3449,-3425],[-617,-4671],[2989,-3720],[1882,1997],[939,7516],[3169,-438],[4654,833],[-395,-5010],[-3707,-1770],[-1403,-4781],[-2767,2224],[-2209,-6835],[3060,-2345],[-931,-8330],[-1735,-2390],[-2062,826],[-1307,4765],[-4314,-2456]],[[5325379,232246],[2505,1266],[961,-6396],[3443,289],[251,-2722],[-7695,-5122],[-2570,764],[-740,-2924],[2572,-3835],[-880,-2936],[1119,-2816],[-579,-4505],[-2743,-2501],[-1532,4901],[-2013,128],[-1802,-5054],[-2015,2885],[-371,6555],[2099,5044],[2414,1524],[3845,9479],[661,4434],[3070,1542]],[[4964279,276841],[1026,3263],[-1447,4725],[-4339,771],[-603,2237],[-2929,-2235],[-2725,1502],[-3822,346],[-1842,2181],[-3859,1909],[-2102,-2399],[-2478,-541],[-978,-4473],[-2235,-1151],[-3533,5752],[-3294,-635],[-1215,2684],[-4425,-363],[-3192,1510],[-3036,-1922],[-6873,3834],[-5592,4100],[-3978,5049],[-1041,4474],[-7714,11761],[1529,7286],[3092,6579],[2811,3707],[4578,3072],[4980,516],[4492,5360],[3789,1668],[2240,-2426],[7941,5242],[2549,-2203],[6649,-1703],[5368,3156],[2397,540],[5743,-3065],[3802,3608],[5567,1415],[5207,-5634],[8435,-2297],[3527,681],[4581,6771],[2889,2301],[4759,8550],[1608,-5796],[3687,-6061],[777,-2864],[2406,-2416],[2389,-6242],[3775,-6450],[4932,-1854],[3378,2428],[3498,-3451],[1424,-5960],[521,-10683],[1861,-7142],[4898,-191],[2534,-4215],[3494,4410],[8190,2685],[2772,-3507],[2043,-7738],[2977,-252],[2413,-1798],[2647,-4729],[1005,-4794],[1683,-2552],[643,-4858],[2730,-7802],[2692,-4406],[6508,-3196],[5659,-6971],[2573,-8820],[-806,-9464],[-2849,-4529],[-2653,-1538],[-2369,-6843],[-5579,-6452],[-4257,-1026],[-1205,-2932],[-3694,251],[-1365,1666],[-3136,-264],[-2085,-3196],[-2490,-894],[-1483,-6386],[-1933,-1975],[-7106,7854],[-2813,2305],[-5930,-1390],[-4669,2033],[-2800,-1399],[-2501,3819],[-1887,-1591],[-5761,9564],[-2073,-47],[-1483,4286],[-3173,4279],[-2323,-256],[918,6072],[-3333,8756],[-5130,7032],[-4721,3242],[-1996,5769],[-2063,-957],[-2718,1668],[-2379,-879],[-1958,4578],[-5571,4138],[-3042,4428]],[[5493997,378830],[-4207,-785],[-3375,-3803],[-4022,4653],[-4085,-105],[-3001,-3167],[-59,-7358],[2321,-8525],[2732,-4419],[1367,-4461],[2966,-6045],[-90,-7698],[875,-2854]],[[5485419,334263],[-1499,-3041],[-2296,-1365],[-3638,-5342],[-1952,1252],[-3018,-3050],[-1223,-4608],[1876,-1687],[1833,-4678],[-205,-4841],[-3289,-4682],[-5702,-4227],[-5301,-6643],[-3095,-7095],[-2326,-3068],[-2415,-5496],[-477,-3835],[-3895,-4922],[-3614,-2177],[-1729,-3895],[-3652,-3127],[-3376,-5369],[-3698,-1278],[-1723,-7483],[-3012,-7350],[-7550,-8181],[-3528,-1785],[-11729,1018],[-4938,1152],[-1982,3374],[-3278,-2865],[-4101,-1533],[-3173,-5689],[-841,-3898],[-3777,-2945],[-1845,-4853],[-5301,-511],[-1362,-3064],[-4905,-1406],[-2687,-4415],[-5829,-3594],[-3933,1749],[-3775,-2948],[-5057,2556],[-6418,-1027],[-3782,3840],[-2728,1022],[-6428,-5616],[123,5532],[3320,7447],[-1206,7460],[3678,1289],[795,6552],[2383,171],[2208,2470],[4114,2528],[2193,-1021],[3053,4068],[3027,2283],[2282,-383],[2151,3052],[543,8279],[-4569,1648],[-1769,2427],[-1926,-1276],[-2647,1666],[-3216,-1534],[-1770,-4219],[-1599,3773],[718,4326],[-974,7392],[472,3718],[1738,2911],[4091,801],[2352,6078],[-437,8579],[-2058,3513],[3682,4158],[347,7681],[-1200,9712],[4752,6447],[1180,3742],[5174,3839],[775,7946],[3085,-809],[1933,3002],[2275,167],[2445,3987],[267,2798],[3525,1595],[948,4121],[1695,1097],[3045,6836],[5331,-800]],[[5385375,351686],[4559,-9322],[5467,-2253],[1925,4970],[4213,3709],[4206,-4525],[2483,-8687],[-889,-7645],[1826,-101],[4379,3101],[2119,3420],[-1214,5265],[2389,3429],[-121,4353],[2749,5431],[3322,975],[207,2939],[2107,2316],[-716,5157],[1127,2523],[1112,11334]],[[5426625,378075],[5216,-1952],[3764,3680],[3554,1029],[3484,4846],[1820,12],[2525,4665],[724,5786],[2323,-1575],[9101,9874],[3197,-343],[2824,3788],[7168,2153]],[[5472325,410038],[-1674,-4240],[-269,-5028],[871,-2991],[4163,-2953],[5218,5015],[2664,826],[2262,2666],[2357,6661],[6929,-9203],[323,-2735],[-939,-6360],[-233,-12866]],[[4942315,491571],[1404,-288],[450,-6698],[4005,-2091],[5683,-328],[-2123,-5442],[897,-2472],[98,-7461],[-2139,-706],[-2120,5185],[-1668,-386],[-1508,-4471],[-2949,-1630],[2086,-6615],[-2507,-225],[-1507,-3690],[2197,-3454],[-922,-3368],[-1973,-961],[-3773,1019],[840,4265],[1923,2322],[-75,5237],[-2814,4223],[482,7542],[3614,2429],[1211,4086],[-1491,3771],[2019,2808],[-2057,5309],[2717,2090]],[[5281854,491279],[3598,-1743],[2411,2037],[7468,-119],[2284,1888],[2546,-3300],[-2345,-2809],[-2396,-535],[-4815,-3640],[-4268,2253],[-4491,-6061],[-2144,-5658],[-1053,-5462],[-1948,-2748],[-3016,-699],[-1913,4557],[1037,7789],[1791,2808],[4348,2932],[749,5261],[2157,3249]],[[5085427,415002],[-6231,7387],[-2245,7929],[-2537,1963],[-4656,-1534],[-1371,-6519],[-3049,-639],[-3938,1534],[-1205,2177],[-4621,1466],[-3646,6971],[-1531,-643],[-4656,1158],[-2653,-1418],[-5861,1154],[-3054,-1789],[-3130,1278],[-5464,-5880],[-7306,1027],[-7232,9204],[-4497,-1287],[-5239,-3856],[-8983,-2280],[-2618,131],[-1842,-1903],[-512,-4963],[-1592,221],[-1183,4281],[324,3452],[-5262,1628],[-3498,6840],[-319,9296],[1203,5620],[83,6012],[-844,7149],[3022,5480],[3540,3318],[776,6095],[2576,361],[2504,2783],[2674,1059],[3028,-1831],[2628,3482],[-1512,2404],[3082,4359],[1412,-1715],[1919,2104],[1304,-8303],[3081,753],[1255,4720],[-725,6558],[3631,-780],[3884,10462],[3840,610],[2006,2762],[6763,429],[2896,-2210],[4529,2234],[567,4519],[1473,1359],[2040,-3078],[1405,-4958],[2892,167],[3357,3225],[3093,-4327],[3600,1516],[1088,4415],[2073,-1312],[5700,-8954],[2292,505],[1551,-3308],[3130,1653],[1892,-1348],[2277,1101],[4563,-2929],[2643,1246],[3158,-1308],[3209,1785],[3484,-1021],[311,-4630],[3439,-5593],[4572,-137],[2892,-2424],[3378,0],[2244,-2173],[2771,711],[2211,-3903],[4180,-511],[4730,-3064],[1650,-6847],[3654,-5689],[3378,-763],[1561,-2237],[4515,4534],[5728,-8564],[2472,3357],[2882,10572],[3238,-4342],[118,10042],[2378,3347],[839,-3738],[5224,-2220],[3369,2412],[7270,-2425],[3855,4210],[2653,-2301],[4021,421],[2792,4022],[3780,2572],[2960,-2138],[-531,-6516],[569,-2462],[9028,-899],[5124,-3601],[4508,-8348],[4374,-3620],[4344,-1460],[3185,3596],[3371,1159],[11133,1301],[3785,11489],[-3653,5748],[1159,2485],[4095,344],[6563,12239],[2910,1578],[2120,-1292],[2857,1088],[4626,3844],[3740,-2],[1600,6222],[2278,2755],[7162,1569],[1084,2105],[1767,9332],[2413,2940],[-3836,2582],[-3354,515],[-6472,-4939],[-1079,-4136],[-5342,2918],[2453,2357],[316,2866],[2259,5287],[-303,5438],[5077,2324],[2773,4158],[4177,-4602],[5978,-4618],[163,-7531],[-873,-3677],[1521,-1384],[1530,-7992],[2436,-2606],[199,-5537],[-3584,-4579],[-1899,-767],[-3280,3645],[-1415,22],[-3481,-8639],[1421,-5537],[-307,-3758],[-1703,-1520],[-8682,5384],[-376,-5121],[1132,-4789],[4073,-5609],[1072,-4061],[-1054,-6292],[-4970,-3292],[-4741,-137],[-395,-3366],[-4837,1657],[-2299,-2331],[-4769,-1860],[-1704,-2053],[-2882,-602],[-2599,-6254],[-5284,-2285],[-2169,-2049],[-6904,-1155],[-7231,648],[-3294,-2178],[-2567,2046],[-4659,-1279],[-1525,2936],[-5863,260],[-3913,-2785],[-4644,-7345],[-5953,-2871],[-4343,-2986],[-3977,531],[-3226,-3542],[-7078,-4847],[-4094,892],[-4810,4672],[-2166,-1382],[79,-4517],[-1405,-3036],[-1895,916],[1521,5915],[-931,4064],[-2387,1184],[-1591,3132],[-2170,1180],[-2722,-1672],[-14773,2962],[-2168,-3188],[-806,-5621],[324,-4222],[-1819,-4825],[-2800,-810],[-3960,3666],[-12615,-1623],[-7729,-7112],[-4363,-1918],[-5213,1646],[-2332,1690]],[[5414710,491264],[-1526,2568],[445,4090],[7750,15024],[4975,6268],[6107,2165],[-538,3674],[-3410,-2037],[-8783,-6687],[-606,8115],[4399,9438],[2673,4119],[4165,1219],[6678,-460],[361,-9008],[1004,-1986],[8516,6013],[3609,127],[2412,1662],[3055,-260],[4655,-3055],[8675,124],[3454,3698],[1930,-2424],[2811,-384],[2248,1922],[5623,379],[1964,-6967],[2493,-4214],[482,-6395],[-1127,-3196],[1231,-5240],[-1652,-3099],[-5459,-2500],[-11190,-279],[-6659,-1416],[-7134,-4649],[-3466,-840],[-5640,386],[-5371,1291],[-3762,-4352],[-3095,-2172],[-4221,-1344],[-3013,3726],[-2692,-881],[-4007,-4403],[-2680,2346],[-3812,-885],[-1872,779]],[[5326705,503063],[3088,3957],[-3322,5812],[-3568,1081],[-2269,-1309],[-1061,2196],[2378,3255],[6824,-1661],[2089,3835],[5461,1282],[1885,-1455],[-2654,-8000],[-3446,-5668],[601,-3536],[5542,-1674],[2366,2113],[1287,3579],[-2410,3782],[825,2906],[2049,152],[62,-4466],[3008,3766],[-725,7287],[525,4538],[1845,-384],[243,-5629],[4457,576],[-233,3831],[2844,2368],[3531,5501],[2171,640],[6214,-6822],[4994,-172],[1823,-3654],[-722,-2183],[-7507,-4155],[-4312,1722],[-3456,-3482],[-2159,-7282],[-3096,-5850],[-2569,-7027],[-2476,3580],[-2378,104],[-1190,-2730],[-4586,-5077],[-1159,-2557],[3023,-6255],[-61,-4658],[-3352,-3901],[-1846,-334],[-3672,8343],[-3393,-2122],[-3139,-7313],[-3642,-1030],[-3462,3703],[-575,2843],[-2952,2087],[-2169,-3299],[-6928,2072],[1260,3166],[5134,6903],[806,-132],[3815,9144],[3973,2744],[1612,2944],[3852,256],[902,1749]],[[5372330,491264],[2134,2345],[764,5088],[1913,6230],[4319,3034],[4982,5113],[2289,-3268],[-3,-5744],[2859,-1407],[6610,13354],[1596,-111],[2881,9324],[4626,5998],[2913,-126],[1569,-3894],[-241,-4095],[-2332,-5361],[1094,-7269],[-767,-2989],[-4880,-4077],[-3717,-7916],[-643,-3579],[565,-4284],[-6157,-11253],[-2393,-1612],[-5538,-836],[-934,2901],[1039,4091],[-1004,7791],[-2055,5191],[-4990,39],[-3354,-5867],[-3145,3189]],[[5289995,496058],[-2561,1018],[-2620,-2017],[-414,6826],[2728,8309],[4742,5373],[3012,1598],[3373,4090],[3938,0],[2520,1918],[1333,-3077],[2361,2933],[2940,-3312],[2169,322],[2563,-2261],[-2454,-4788],[192,-10083],[-1258,-4055],[-1696,-1089],[-4491,-124],[-1223,1403],[-8558,-639],[-1771,-1740],[-4825,-605]],[[6034147,506690],[1787,8472],[6369,8641],[4258,640],[1968,3396],[-1400,4401],[113,4478],[5600,562],[2393,6729],[3185,2633],[1189,-2845],[3403,-2451],[965,-6089],[3453,5189],[3773,-222],[-2028,-5935],[-6628,-4857],[-1687,-2041],[-3139,-771],[-4504,-4755],[-5107,1184],[-3757,-2535],[1085,-6181],[-6898,-5151],[-959,-3169],[-3434,677]],[[5728135,526689],[4097,5021],[4508,2977],[4889,-3426],[644,-3994],[-8595,-5251],[-2940,221],[-2603,4452]],[[5787204,526297],[1377,-9634],[-3011,-1097],[-4963,135],[-5684,1958],[-1165,2558],[1205,6436],[6059,-1215],[2966,1857],[3216,-998]],[[5845928,527016],[4076,3403],[5381,-1074],[3693,622],[3115,-3431],[3027,-1539],[43,-4368],[-1182,-2225],[-3729,2347],[-2398,3279],[-1682,-3279],[-5719,1968],[-4625,4297]],[[5752376,525908],[-6034,3909],[-835,6805],[-1899,4954],[4096,644],[6428,-2050],[5941,-4095],[5405,673],[3189,-1435],[6502,1666],[2413,-1666],[-45,-3390],[-4576,-4080],[-1820,-4497],[-712,-4770],[-3659,225],[-4406,1693],[-1111,3665],[-2453,1138],[-4295,-375],[-2129,986]],[[6064496,613329],[2480,-197],[-685,-4867],[-2480,-4243],[-3325,-601],[-1625,2541],[-3905,-7488],[-2875,-506],[66,8872],[3772,1226],[4978,4059],[3599,1204]],[[5689867,542108],[-5973,601],[-952,10038],[2789,3431],[3093,110],[1570,-3370],[267,-6951],[-794,-3859]],[[5627561,586806],[-2632,-5874],[-1347,-777],[-1815,-6008],[50,-2836],[-2595,-8084],[-1151,-806],[-4256,6899],[-4922,-864],[-3407,2869],[-3965,-968],[-4415,106],[-2121,-1163],[-4754,565],[-2197,3677],[-2330,1781],[-5501,300],[-6865,-2089],[-1905,-2648],[-3474,602],[-2128,-4026],[-3821,-1982],[-1483,-3461],[-4828,-2847],[-2343,686],[2444,4608],[669,6564],[-860,9155],[4008,5513],[1789,3594],[-1302,4726],[3026,1412],[1729,3853],[3376,10938],[3659,559],[1034,-2862],[2299,-441],[4476,-4004],[2166,450],[5508,-3416],[4433,131],[4349,5623],[4250,-1011],[4490,-10],[3379,2932],[4495,7677],[2728,-1410],[2370,3388],[921,3450],[2894,-63],[3617,2557],[3935,-635],[4010,2808],[2169,-7670],[4184,-2552],[3936,-7035],[2487,1406],[5222,-2224],[2207,-3848],[997,-4921],[-1462,-2903],[-1987,1379],[-4134,-598],[-4172,595],[-2489,-1151],[-3336,-3981],[-5385,-2205],[-867,-2185],[-3057,-1245]],[[5944521,581456],[-1528,-2102],[321,-5117],[2172,-2557],[-1598,-4561],[-3222,-5921],[-2143,-9623],[-3464,-1621],[-4365,2123],[-3520,5032],[-1812,5729],[-2086,1754],[-4762,10080],[1246,4126],[-498,4272],[2642,4657],[6030,2297],[8513,-4346],[3855,4],[4219,-4226]],[[5705135,611242],[-3009,1284],[-804,4790],[1964,2999],[2169,260],[-519,7351],[-983,2751],[904,4083],[2089,857],[4390,-2780],[1752,-2167],[2404,1414],[1343,-4424],[-1769,-6336],[-6304,-2948],[-1783,-6275],[-1844,-859]],[[6051834,627831],[-2056,-389],[-1529,-3064],[-3212,-1150],[-4419,2169],[-802,3455],[40,5693],[7130,-2703],[5922,202],[-1074,-4213]],[[6077229,636321],[2448,4727],[3347,2797],[5782,251],[1087,5565],[2124,959],[109,7183],[1999,2518],[2735,-1486],[2185,801],[-1527,5876],[4742,10134],[3740,-295],[916,2556],[-1289,6268],[274,4238],[4263,1193],[1199,2790],[7437,715],[-293,-5172],[685,-4159],[2615,2818],[2141,402],[438,-4273],[2402,-4865],[-3573,-1675],[-4849,761],[-2215,-3771],[539,-8792],[1308,-5265],[2767,-5963],[-1973,-5201],[1556,-7198],[-937,-7725],[-1630,-8663],[-1872,-5632],[-930,-6364],[-2997,-1812],[-2551,-7900],[-5014,-3188],[-1956,644],[-1004,-8361],[-1623,-3676],[-3086,-1322],[-1726,-3793],[-2839,-1370],[-2375,-4163],[776,-5058],[-2422,140],[-1566,-3775],[1607,-6858],[-3984,-6929],[-1444,3026],[1942,5743],[-43,3308],[-2296,3057],[-1803,-2877],[403,-3204],[-2901,-6096],[-3286,-14],[-1804,1449],[-4085,-1308],[-3755,1001],[-40,4521],[1719,7407],[-591,3458],[-3353,3215],[262,4063],[2699,3709],[1195,-2158],[2329,1658],[-1361,8309],[432,4136],[-2950,6294],[1574,3452],[4643,-6165],[2502,-692],[3303,1164],[-6978,8109],[1527,3068],[1210,8569],[3290,7661],[670,7505]],[[6052346,636648],[1174,8172],[3028,2115],[7058,-2],[7211,2564],[815,-2705],[-4052,-4780],[-724,-2830],[-5896,-3999],[-5867,-517],[-2747,1982]],[[6147097,687959],[1975,-3151],[603,-6929],[-2225,-4983],[-4307,3509],[-966,7127],[-3572,3132],[-4818,515],[-7618,-1383],[-1981,2338],[416,2845],[3394,3063],[7572,-137],[4562,1458],[5041,-1498],[1924,-5906]],[[5817094,692310],[1576,3504],[4775,5422],[3371,-763],[2163,-4222],[1209,520],[3250,-3141],[-1171,-3041],[-3645,-1565],[2329,-4602],[-2177,-5875],[-2408,423],[-6464,8254],[-3270,2556],[462,2530]],[[6080873,653660],[-2155,1684],[-275,4154],[1422,5587],[2513,-5583],[-2206,-3387],[701,-2455]],[[6114909,756549],[-2354,-2899],[-1758,2468],[-1759,-3605],[-24,-2838],[3232,-859],[-991,-3129],[-5108,-3835],[-1373,6021],[2795,6749],[2120,3413],[1132,4641],[4241,-1343],[-153,-4784]],[[6409146,763117],[1463,11076],[1280,1740],[2595,-890],[2926,-6456],[-2089,-3583],[-193,-7728],[-1956,-2216],[-2617,-8954],[-2849,-262],[-2745,3288],[1004,4815],[3181,9170]],[[6425510,814865],[1077,5994],[3773,276],[1524,-5541],[-728,-4293],[-2445,-5045],[-2975,-14187],[-3401,2472],[-1058,11515],[4233,8809]],[[6402175,793148],[2314,322],[-1624,-5969],[-2589,568],[1899,5079]],[[6417330,805592],[-152,-4212],[-2579,-1197],[319,6395],[2412,-986]],[[6362467,723620],[-1455,2129],[-2827,9490],[-4841,-2],[-2242,3192],[-1721,8681],[1853,5753],[1936,14907],[827,22471],[5837,637],[2489,-1375],[2047,-7058],[1837,3427],[-414,3637],[-2515,4212],[1953,1622],[-1059,3428],[-2494,-192],[-2283,-3520],[-1891,886],[-1869,5129],[-99,5050],[1373,4449],[579,7040],[-612,6099],[-2879,12905],[259,3311],[4697,-7853],[3648,-2114],[3093,1119],[2940,-5836],[2251,-1439],[1489,-3508],[2418,-2411],[1267,-7163],[-879,-2185],[1880,-4455],[6620,-270],[2695,-6534],[2382,1440],[1390,-3873],[1409,-10073],[-2730,-2684],[1404,-7095],[3560,992],[-582,-5078],[-2052,-1474],[-483,-5237],[-1459,-1931],[-3364,23],[249,-4232],[-5381,-7419],[443,-2748],[-2934,-2612],[-121,-4546],[-3534,-8054],[-2815,-758],[-7228,-5118],[-2062,-3182]],[[6184562,929306],[-3634,7695],[3739,-23],[1841,-4731],[-1946,-2941]],[[6223294,924669],[1057,5645],[2689,6323],[1037,-5088],[2054,-15177],[-1688,-277],[-2623,-3317],[55,5903],[-2581,5988]],[[6401787,930762],[-197,841],[-530,-505],[-1865,1537],[-2016,-72],[-1592,-1249],[-2456,2354],[554,4342],[-1071,3079],[189,8118],[1486,3024],[3576,-1007],[1846,2349],[3536,-128],[1966,-2241],[478,-5365],[2894,-4606],[2574,-2424],[-3133,-3072],[2211,-4102],[-6625,-1458],[-339,1498],[-1091,120],[-395,-1033]],[[6124944,1062855],[3175,-2352],[80,-2429],[-2815,-1994],[644,5045],[-1084,1730]],[[5950100,1087807],[2993,3373],[1037,-4727],[-1599,-2250],[-2431,3604]],[[6120003,1089464],[-1755,2880],[-2718,9643],[2793,-2236],[2047,-5556],[-367,-4731]],[[5729100,1277996],[3882,-8835],[-4135,16],[-1202,2651],[-9074,2762],[-1886,4941],[3020,1832],[940,3059],[4649,-97],[3806,-6329]],[[5691300,1186609],[-2071,2142],[-3698,282],[-2096,5440],[1974,4382],[3430,1335],[3595,-3367],[418,-2848],[-1552,-7366]],[[5841197,1226503],[1880,-4678],[-3169,-2769],[-767,5310],[2056,2137]],[[5812798,1230361],[-3572,353],[-2508,-2399],[-1049,7041],[1200,2885],[-959,4897],[2944,3249],[6075,-1105],[3407,-3256],[1693,-7409],[-1471,-1858],[-2991,-413],[-2769,-1985]],[[5834444,1232763],[-3239,4174],[-2140,-2133],[-1090,-5667],[-2889,5987],[-1497,5793],[-2484,416],[-1590,2850],[1158,4844],[1793,390],[3747,-3939],[5809,-3459],[942,7514],[2486,-3032],[238,-11633],[-1244,-2105]],[[5763075,1205946],[-2413,581],[-2111,6761],[-42,7584],[1919,1087],[3288,5248],[4651,6014],[5621,2455],[5824,-1019],[3488,1319],[115,2092],[3228,6723],[4753,4586],[1925,123],[2094,-2684],[2481,775],[1250,-3140],[-562,-3064],[-2409,-2940],[402,-3967],[2731,-3063],[-246,-3532],[-3314,798],[-2953,2079],[-3286,-2801],[3374,-4598],[638,-4924],[-2609,-1531],[-884,-3963],[-4618,-2578],[-1655,872],[-5120,-131],[2211,5442],[1788,1124],[1673,4072],[5244,5512],[-889,1750],[-5140,-2513],[167,-2812],[-3460,-767],[-5100,-4031],[-1734,-4165],[-4891,-2035],[-2325,-5492],[-3104,-1247]],[[5625828,1203938],[-4782,3894],[-2653,1150],[-4975,3959],[-4310,4377],[-1754,108],[-1476,3464],[-5480,2634],[-1390,3266],[-3184,3919],[-3532,-890],[-3222,6303],[277,3040],[-1593,6180],[-2770,4158],[-4019,2808],[-3009,5058],[-565,6771],[-3285,5790],[1119,4441],[-1368,10477],[1202,3707],[-461,6574],[969,3748],[2204,3505],[3536,3342],[2690,-1157],[1944,-3485],[5623,-4113],[3557,438],[-302,3672],[1486,3523],[2169,-264],[3057,5629],[4897,-511],[4593,1635],[1411,1851],[6287,-674],[4403,2177],[9061,558],[4004,-623],[4817,768],[523,1445],[4658,-874],[3774,260],[8406,-7537],[667,-2945],[2330,247],[1525,-2803],[5221,635],[6907,-6264],[5180,-8373],[-801,-7168],[-1983,3699],[-4192,-692],[551,-9517],[1998,153],[738,-5901],[3813,-2753],[2831,999],[202,3834],[2265,1942],[1614,-2764],[3707,-189],[3650,-2383],[707,-2777],[-1842,-6779],[447,-23373],[-2457,-10506],[-3330,-2612],[-5546,2164],[-3697,-3447],[-4093,-762],[-5261,-5178],[-3456,-4857],[-518,-2360],[-4020,-1032],[-2888,-2041],[-3695,507],[-5943,-3711],[-4338,-4470],[-1606,1027],[-2412,-2173],[-5301,4981],[-1767,-124],[-4899,3699],[-2845,-434]],[[5732455,1289898],[823,3963],[2498,1926],[3486,5099],[4784,397],[2676,-6363],[-353,-8303],[-4374,661],[-3957,-1771],[-2605,1021],[-2978,3370]],[[5758829,1239348],[-2808,10633],[2543,11898],[1961,5106],[85,4421],[-2404,8744],[-2828,3445],[-1552,7833],[101,4191],[-2553,5948],[4970,-469],[4400,4475],[-61,2570],[4240,468],[-171,4271],[11049,1250],[1930,2608],[-1260,2532],[522,4805],[1459,1678],[-1271,5936],[4938,14520],[1977,-451],[5039,1998],[3288,-2200],[7889,1141],[4586,-1327],[3913,3627],[3709,-495],[2620,2373],[5935,-3103],[6565,423],[2796,1758],[3240,-3236],[4978,1587],[4731,-2510],[3447,69],[11186,3594],[4603,3526],[3095,3713],[2506,-1418],[719,-10610],[-279,-3840],[1867,-6116],[4618,-4680],[2422,3204],[3486,-1680],[2409,4866],[12517,10763],[2495,6725],[246,3678],[3757,-176],[1927,1307],[3435,-255],[2546,-1581],[3933,564],[4644,-5264],[2051,1821],[1458,-2490],[4613,670],[3657,-1832],[4901,-4849],[2209,-571],[1968,-6979],[3591,-1229],[5576,-5668],[4046,313],[7349,-6319],[5607,-295],[2437,1373],[3329,-250],[1916,1508],[2815,-3664],[4597,-683],[1406,3205],[7561,1200],[3263,-1575],[1600,1098],[5294,-5608],[288,-4042],[3697,-2301],[2425,-5522],[3567,165],[3553,-2929],[2185,-3351],[1119,-8693],[2093,-5245],[963,-5360],[-728,-9596],[1291,-5880],[1887,-4530],[2039,-858],[4152,664],[6605,-802],[3467,-7888],[-2252,-388],[-400,-3962],[1687,-4858],[4900,-7542],[481,-7026],[-1646,-3264],[-2367,-1850],[-1609,-8696],[964,-3452],[402,-8437],[-1203,-6642],[1637,-7218],[-3812,1526],[-2927,4984],[-4750,163],[-4088,3932],[-2086,-4],[-2564,2296],[-5291,9587],[-3148,1922],[-5140,772],[-1708,4958],[-4806,6345],[-4730,2630],[-2091,-128],[-6821,5753],[-3082,1907],[-10711,5119],[-3391,4956],[-7643,2596],[-2830,6513],[-1735,2269],[-38,6790],[-1442,4290],[-4712,3777],[-7469,-128],[-2894,2049],[-4902,-1406],[-2568,2940],[-4653,-1150],[-6103,1014],[-4019,1662],[-2490,-503],[-2490,1406],[-2288,-3647],[1525,-2046],[5057,-11232],[425,-5866],[-1465,-3094],[-3256,-452],[-10436,7665],[-5862,1159],[-6111,-643],[-9760,3835],[-2125,3068],[-3533,1022],[-4416,3575],[-2734,-1401],[-6181,-128],[-2734,-1279],[-2573,1023],[-285,3613],[3705,4827],[448,2762],[-693,8169],[-3327,2616],[-4662,899],[-2248,-1023],[-2412,-5761],[-5140,-2164],[-1807,-4159],[-3411,-3639],[-5827,-10167],[-157,-2680],[2450,-3894],[-2088,-2565],[-3775,-128],[-4578,1146],[-6670,-4338],[-2807,891],[-2410,-895],[-5101,4257],[-948,5077],[-5844,10882],[-3284,9773],[-677,4904],[-2782,4611],[-2927,-1850],[-2776,571],[-2370,-2756],[-1875,3671],[1006,8383],[1791,-595],[1436,3399],[-909,9054],[-1247,1466],[-3213,-1018],[-6383,-9779],[-1766,-10874],[-1208,-10730],[0,-10230],[-3895,-6963],[-2407,1151],[-1890,-5821],[-321,-3698],[-2405,-4994],[-246,-3064],[1369,-6268],[-2409,-4975]],[[5763266,1337137],[3122,-2760],[-3010,-4765],[-719,-3699],[-5046,-6455],[-6363,208],[2065,4922],[920,6581],[3671,1734],[2585,4267],[2775,-33]],[[6082374,1161180],[3089,-2376],[2184,-3540],[3981,-3063],[-430,-3120],[-2949,2408],[-3659,1179],[-2873,5968],[657,2544]],[[6075068,1174042],[3576,-2467],[-630,-7786],[-1599,2784],[-1347,7469]],[[6094293,1179581],[1622,-315],[722,-9084],[1605,-4474],[340,-4396],[-2326,-1399],[-2287,4987],[-3177,10533],[3501,4148]],[[6372976,859507],[3076,1964],[1847,-2549],[3245,3295],[3544,-982],[1539,1073],[3408,9036],[3491,1492],[2879,4767],[6272,-4431],[4180,-4],[640,-5113],[2251,-1658],[5218,-8185],[3738,-8117],[-2172,-7031],[6,-10861],[-3735,-15157],[-1492,-571],[-2285,-4286],[-5530,-3300],[-3061,2491],[-4862,-1803],[4940,-3776],[1407,-6327],[-163,-2812],[-2291,-4155],[-202,-4150],[-1701,-5242],[-3045,481],[-1274,5703],[-2118,1544],[1175,3768],[-3773,4945],[-1058,-1596],[-3492,6307],[-3639,25],[-1548,8484],[-3174,10434],[-2421,-1944],[-1845,3518],[-6781,9711],[-2898,-54],[-1236,4427],[1967,5730],[-1246,1474],[-2856,-2759],[-2581,6787],[1109,5027],[99,4687],[5551,-899],[1038,2516],[2659,-1106],[-478,-4218],[1359,-5757],[-885,-6263],[3057,-4219],[2608,-827],[743,6571],[-1801,2837],[130,3120],[1906,3573],[561,4365]],[[6212217,922710],[1883,1083],[2681,-1901],[1054,-4303],[3310,-375],[2312,-7039],[2128,-1854],[203,-8368],[3050,-2561],[644,-9720],[-1286,-2296],[-2154,-11859],[-4881,-340],[927,6836],[-2363,697],[-4178,-1046],[1101,9006],[1403,5252],[-1906,5974],[2849,2724],[-2118,4533],[-2759,3390],[945,4473],[-2326,153],[403,6113],[-922,1428]],[[6385041,922722],[938,5341],[1842,4542],[5189,464],[2564,-1992],[1886,1468],[2995,-1284],[496,-603],[480,445],[298,-786],[447,1022],[943,-471],[1157,-2182],[3909,-179],[3574,-1778],[2566,-2936],[2209,-4930],[63,-3287],[-2749,-735],[196,-4406],[-1925,-5753],[2216,-994],[596,-6164],[-1564,-3771],[-247,-3575],[3698,-2569],[525,-5940],[-3024,1821],[-2925,-2461],[-35,-2748],[2886,-3456],[-1118,-6133],[-3309,3536],[-992,3012],[-7310,-768],[-5564,3500],[-2976,-4874],[-3480,-1410],[-3390,-9089],[-1443,-1012],[-3748,1244],[-2059,-2610],[-4301,4039],[1823,9836],[-3534,2919],[990,3539],[2964,2539],[-472,3665],[4113,7449],[2975,3488],[-3090,2771],[-5974,629],[-317,1237],[-5108,386],[-4107,5273],[2369,7143],[2645,-1060],[4903,-7035],[3054,245],[1373,1703],[-645,4166],[5989,7311],[535,2258]],[[6248739,922722],[539,5244],[2400,7753],[1537,13347],[1789,5528],[125,4560],[1662,2965],[878,6385],[1680,6087],[3021,1608],[3731,-5948],[0,-2553],[-2328,-3707],[-1041,-6519],[-884,-9966],[-4257,-21220],[-2229,-4191],[-4199,-2972],[-3133,-5109],[-4171,-11253],[-1683,-11756],[1680,-3840],[-1132,-3813],[-2076,-1560],[-3103,-9627],[-2535,1024],[1879,9410],[-1203,1080],[895,5278],[2530,3807],[3117,11283],[16,5450],[2134,8778],[1370,-1006],[2727,1725],[264,3728]],[[5572632,1474513],[-73,-3032],[-2957,-10628],[-413,-5294],[573,-4856],[3450,-11439],[3860,-16106],[2961,-7897],[364,-4615],[-2265,-4977],[-5617,5469],[-2613,7887],[-556,9794],[-2634,5819],[-2573,7443],[-1281,5795],[-998,9280],[-2377,7222],[204,5334],[3910,11467],[2021,1072],[2320,-1159],[4167,-4701],[527,-1878]],[[5410572,1478953],[-63,3542],[2199,1514],[3127,-708],[910,-3023],[-777,-5171],[-4619,1445],[-777,2401]],[[5521013,1512707],[2141,-2642],[626,-3201],[3082,-216],[1181,3638],[7227,-3975],[6019,-890],[7730,3032],[7248,-669],[813,1207],[4096,-681],[1281,1702],[12569,-430],[10554,-2023],[6577,1179],[2944,-2151],[3996,465],[5319,-3648],[-4574,-2457],[-2497,-3321],[-3928,1910],[-6024,-3707],[-4016,1411],[-3694,-256],[-7711,-5241],[-3692,-511],[-4020,-2689],[-5058,6008],[-2813,0],[-6185,-4726],[-12687,-392],[-4739,384],[-4911,-3141],[-2885,1995],[-6393,-2195],[979,2898],[-754,6784],[-3975,3588],[-2665,106],[-1084,-3771],[-2074,1676],[-275,7339],[3444,7170],[4167,763],[1568,-5179],[2425,1629],[668,3228]],[[5725737,1601668],[7684,-4407],[2597,-2939],[-670,-4853],[-4546,-311],[-2245,2849],[-4393,2336],[-4009,48],[-2007,-3077],[-3573,2464],[1767,5534],[2468,1738],[26,3677],[3561,914],[3340,-3973]],[[5697876,1569863],[5912,4360],[2881,-205],[1096,-5102],[-5118,-3505],[-4482,422],[-289,4030]],[[5447304,1532134],[10962,-4715],[5924,-202],[3047,-4156],[5783,1914],[1692,-2695],[4517,-1814],[-990,-2808],[3297,-4444],[2287,320],[3533,2816],[15,9481],[2119,1065],[2012,-3600],[3177,574],[2017,-3500],[-2352,-8498],[3092,-1598],[3138,10486],[4257,-1154],[545,-5376],[2544,-3504],[-800,-8569],[360,-6862],[-9319,1927],[-4096,-700],[-653,1375],[-4211,-343],[-2612,-3229],[-3966,1996],[-4466,-2499],[-33,-6048],[-5212,2204],[-6659,522],[-2672,4929],[-5015,-1509],[-3574,-2113],[-1221,-2290],[-5558,-3621],[-1936,-3361],[-11246,-3959],[-5941,-1031],[-6348,-2296],[-4365,534],[530,3927],[-1827,8386],[-2487,3195],[-1448,4627],[661,5330],[-105,5911],[2739,11062],[-335,7658],[3068,5103],[6474,-556],[5099,1217],[3151,2532],[2386,-1315],[2702,1412],[6067,-828],[2252,-1310]],[[5721602,1569863],[4136,6508],[3818,1865],[1046,2124],[6763,-2418],[1653,1876],[5998,-6455],[477,-3584],[4701,-4534],[4330,-278],[598,1684],[4346,-3005],[1408,-3262],[2558,-1953],[2289,-6295],[4749,-4855],[3107,-4296],[2110,345],[1097,2850],[4527,-6775],[727,-3884],[-1573,-8629],[-4176,-2429],[-1199,-2296],[-6023,-128],[-1021,-1002],[-3453,3676],[-10466,2818],[-2811,-2239],[-3615,-318],[-3539,1572],[-6982,218],[-3975,-5556],[-5499,447],[-841,-2506],[-8929,1756],[-2072,3759],[-6638,5741],[-1650,7356],[1842,7352],[-861,4468],[1470,4822],[-220,3875],[2880,7091],[5712,-2711],[767,5534],[2434,1671]],[[5706040,1893402],[785,6688],[5655,-130],[1210,-5232],[-482,-7031],[-2573,-5752],[-2202,-980],[-3259,3451],[-514,5262],[1380,3724]],[[5706342,1828699],[-3011,4563],[178,4570],[2894,3769],[3221,1431],[1897,-6343],[-2050,-6711],[-3129,-1279]],[[5611368,1982665],[-951,3062],[-2647,2612],[1116,3691],[1798,315],[1286,-4533],[-602,-5147]],[[5781729,2136530],[-2234,1887],[-1295,4333],[1507,8356],[2404,4538],[1775,-7212],[-809,-7921],[-1348,-3981]],[[5698042,1911158],[2965,7410],[5455,-5177],[238,-8053],[-1533,-3218],[-5245,-359],[-1848,5144],[-32,4253]],[[5744215,2128612],[578,5992],[4358,-854],[-732,-6167],[-2745,-1966],[-1459,2995]],[[5806959,2101339],[-3836,-613],[-4234,-2769],[-4277,-435],[-1768,8306],[-2206,672],[-1085,10870],[582,12936],[-1274,584],[-3044,6257],[5617,7703],[2422,5706],[468,7447],[3108,6823],[2706,2489],[2858,4477],[2731,1287],[1846,5954],[2901,3564],[3169,-1981],[2629,81],[2514,4652],[1467,5611],[2180,-3121],[3858,-12907],[2253,-1470],[1525,-4538],[2010,-256],[-250,-6268],[564,-5109],[-2770,-4286],[-1883,-4794],[-564,-5876],[1206,-2689],[-2651,-8432],[-402,-6012],[-2810,-5748],[-1847,-5497],[241,-4478],[-2613,-831],[-3130,-6520],[-8211,-789]],[[5917211,1755158],[-2092,-2504],[-2394,2195],[-889,5300],[-3061,6091],[-2048,5814],[-4345,2551],[-2271,-336],[-444,5023],[1117,2626],[3215,-6264],[3169,-4027],[3256,-2241],[4053,-5181],[2734,-9047]],[[5712203,1786626],[-917,2278],[-2548,-1172],[989,12531],[2225,5293],[525,-6694],[2472,-8146],[-872,-1615],[298,-7949],[-2607,2643],[435,2831]],[[5687552,1678580],[1438,2092],[1422,6556],[-535,3670],[2326,639],[527,-5300],[1764,-3077],[3936,-4078],[-1125,-7418],[3374,-6775],[-2457,-1888],[-1645,2712],[-3609,2392],[-1605,-2292],[-4062,2012],[-1169,2427],[-294,5072],[1714,3256]],[[5745685,1680281],[5349,-5685],[847,1095],[3611,-9592],[-2128,-5812],[-4279,-5639],[-5036,-1342],[-8045,3010],[-432,3005],[-2035,1860],[260,5457],[-1295,4192],[-2023,1088],[-1507,-2984],[-4121,-1521],[-6961,-4740],[-2444,-3459],[-2552,8186],[-455,6090],[1102,5869],[2256,4883],[235,4587],[-3442,397],[-1480,2768],[-6736,4708],[-24,2530],[-2541,4904],[-2517,2709],[-1047,4686],[-60,6921],[2615,965],[1901,8203],[-1332,5061],[2640,1996],[4940,-4987],[485,-5241],[3330,-4018],[2151,3469],[1546,8671],[4776,4282],[2774,-187],[1164,-4794],[3672,-6413],[342,-3306],[2452,-571],[1529,-4479],[2929,-3771],[-1530,-2486],[-1198,-5121],[-2246,-2510],[-1493,-3874],[-2086,-2056],[-767,-8236],[1250,-1862],[2969,388],[1159,-3251],[-320,-5629],[1491,-2753],[2248,-511],[2009,2689],[4331,-516],[3769,2677]],[[5694652,1713440],[-1232,-3607],[-3034,278],[172,-3993],[-5404,-1362],[-3257,1761],[-555,5683],[2765,2618],[-2405,2472],[-838,8796],[1888,4308],[-1614,11267],[2808,3901],[3036,-1099],[1369,1407],[4651,756],[1804,-5621],[-1436,-4791],[362,-3260],[3172,-4921],[-2492,-5620],[1403,-7244],[-1163,-1729]],[[5763075,1696590],[-2950,11816],[-3072,4569],[-109,4166],[-3934,12263],[-10630,7094],[-836,1967],[-5588,5675],[208,3480],[-2734,5940],[3591,16278],[-60,16949],[2316,8478],[-779,5929],[-2125,7089],[1579,9506],[789,8369],[1757,7119],[-2369,6211],[-4948,-1230],[-1184,2330],[-2293,132],[-4,5594],[-4186,2753],[-1082,11782],[-811,4593],[-3087,4940],[818,4647],[-504,5002],[979,2410],[1079,9790],[-437,5010],[2669,3962],[2261,602],[3781,8791],[-1467,7329],[-4982,771],[-4493,3196],[-3007,436],[-79,5678],[1934,3823],[-63,3204],[-1601,6279],[545,4236],[-2226,3440],[-4232,-3028],[-2786,-938],[-489,6762],[2476,4873],[283,6695],[-2780,5397],[748,6084],[3335,8997],[3932,8766],[402,6695],[2920,4747],[1949,11047],[-1979,10842],[3398,4163],[-152,6913],[2962,3969],[-86,4340],[-1733,2815],[2383,8859],[2578,2012],[5970,15851],[3019,9132],[4147,3610],[3357,6033],[336,2520],[4533,8609],[316,1801],[5849,6346],[997,3364],[1847,1046],[758,3482],[3518,4001],[1074,-4748],[4112,2677],[3955,-86],[-258,-3745],[-4876,-10873],[-4761,-6593],[-2171,-5369],[546,-5321],[-3824,-4841],[-2545,-503],[-3652,-4419],[75,-9587],[-476,-5620],[2005,-3188],[2450,-1610],[4308,2061],[2481,-5449],[3125,-1871],[3060,-8994],[-3055,-6515],[1089,-9656],[3171,-1214],[77,-9051],[-909,-8287],[-1475,-7819],[1405,-2192],[-3516,-4860],[632,-7208],[-2399,-5324],[161,-3319],[-4272,-6210],[-1589,-3382],[-1304,-9285],[-4054,392],[-3638,-2100],[-2342,-5241],[-3282,-4606],[-5505,-5684],[-3132,-635],[-1965,-1986],[-559,-3707],[-2097,-3703],[1168,-5816],[2693,-8245],[3451,-784],[484,-3055],[2804,-3122],[2173,-4648],[3979,-2005],[4173,639],[8156,10286],[983,2622],[-721,11723],[862,5109],[4106,10449],[438,3796],[8547,5737],[6554,-189],[3293,1149],[2188,5523],[535,4796],[-2025,7023],[-3175,1769],[-5297,-1550],[251,6082],[2378,707],[1802,3260],[1403,5663],[3502,6056],[2402,808],[2901,4283],[5250,2163],[4532,4121],[2065,5931],[4630,4325],[4916,3560],[2315,-206],[1061,-2637],[2428,851],[2748,4670],[4380,243],[3012,2215],[3663,974],[4919,-2403],[335,-4305],[-2889,-1287],[-3,-4962],[-1526,-918],[365,-5173],[2529,-6327],[2435,-3819],[1220,-9028],[-1446,-5889],[-2215,-1593],[990,-5287],[-1549,-2890],[-1122,-6145],[480,-12357],[-1159,-7393],[-5143,-3954],[-1004,553],[-6397,-7702],[-1275,-3155],[-3075,-549],[-3852,-3142],[-2009,-3065],[-2776,-149],[-3312,-3204],[-4662,203],[-3845,-3443],[-2051,-3762],[2088,-4487],[-5541,-123],[-427,-2984],[-3469,-1422],[-924,-2877],[2008,-5373],[2488,-3962],[1407,1214],[3417,-6328],[1684,-6008],[4620,-958],[5140,-2813],[2488,-387],[3456,-4342],[5164,-1059],[3429,-4050],[11907,-2302],[900,-3012],[-1816,-6227],[1657,-3995],[-559,-4981],[476,-4606],[-2082,-6903],[2529,-4670],[2327,388],[4340,-2557],[4174,-375],[5521,-5388],[-2967,-2455],[-7155,3637],[-15058,5706],[-3727,-256],[-2489,3466],[-1780,511],[-4158,7313],[-2395,1904],[-2617,-1574],[-3910,2040],[-3977,-264],[-2084,-1293],[-9147,2515],[-7802,7808],[-2112,-1436],[-7420,3578],[-1505,-802],[-6017,1063],[-3350,-2246],[-3110,-5360],[925,-5686],[-3738,-13233],[1565,-3647],[3052,-1534],[-522,-3260],[964,-5876],[-203,-16434],[-2932,-2105],[-324,-8565],[327,-6651],[2088,-7922],[3228,-7441],[2392,-10331],[886,-12140],[1205,-5369],[2489,-6775],[2890,-13678],[1367,-1533],[3211,-12528],[4575,-8948],[3700,-9464],[2326,-9455],[3815,-5684],[2894,-2944],[2530,-5940],[3657,-3903],[1962,-3899],[4295,-4926],[2211,-1338],[423,-3149],[-4941,3800],[-3049,-1193],[-2353,3001],[-2444,-2194],[-5936,4965],[-185,2709],[3691,1403],[-3023,7931],[-4838,1148],[-5381,3522],[-6615,3225],[-2764,2789],[-3751,6151],[-160,4627],[-2614,7543]],[[4192886,751274],[4797,-4530],[4102,-359],[5890,-3948],[3342,235],[3770,1775],[4271,3612],[2238,-552],[6183,-15816],[2356,-3161],[5883,-1649],[4881,575],[5095,3948],[4385,-941],[6017,2247],[5334,-1892],[3845,1357],[5734,-5620],[4979,-903],[1328,3392],[4094,-2693],[-319,-6511],[2507,-7649],[3034,-3355],[-194,-6169],[-1655,-2385],[-1011,-5388],[1082,-3812],[2499,-2305],[967,-3711],[-886,-2940],[964,-4347],[3496,-68],[1435,2349],[3845,1622],[2387,-2876],[3936,-9847],[1606,-5492],[-1323,-1347],[-40,-14381],[319,-7158],[-2051,-2876],[2613,-5050],[2481,-846],[-350,-3436],[-1968,-2497],[560,-4091],[6226,-6416],[4659,-1185],[2604,-3191],[3908,1145],[2722,-1525],[3376,-6916],[2811,-3315],[2294,87],[2043,-3414],[2249,-635],[2706,2373],[2381,-412],[3062,-5741],[2370,-954],[4371,912],[3303,4980],[6152,1530],[4041,4909],[2298,580],[3849,-2297],[4658,-256],[7221,-3281],[4134,4129],[4634,-4431],[3991,2042],[2118,4413],[4441,2274],[2768,-2239],[3455,-489],[4007,7467],[3029,2467],[3255,4576],[2028,-2779],[4153,-12359],[3451,-1918],[5464,767],[1242,-1024],[2721,3019],[5394,-7555],[3015,-1730],[4776,606],[2937,-2519],[5176,-6406],[846,-3359],[-285,-8328],[-4173,-4474],[77,-6903],[1124,-10477],[-318,-5246],[-2745,-7911],[91,-4862],[-2246,-8319],[804,-4470],[-2169,-7925],[-402,-7926],[-2007,-12910],[2166,-8948],[-756,-9424],[2149,422],[1899,7719],[1205,-3652],[-803,-4146],[728,-5232],[3409,-9916],[2946,2886],[3975,-5021],[5435,-1685],[3107,-8255],[-884,-5505],[-2645,-3465],[-2884,-1071],[-3046,759],[-2669,2315],[-5908,1700],[-4491,-148],[-2409,2474],[2639,2528],[-204,7259],[-1880,3767],[-3608,3798],[-8593,4316],[-445,-7993],[-3202,724],[-4479,2927],[-4245,968],[-6128,-2303],[-228,4963],[-1919,1600],[-3415,-3057],[-517,4325],[-2812,3215],[-2492,-2949],[-5580,3849],[-1652,3342],[-2811,-209],[281,4312],[-2200,2520],[-4099,-4857],[-2706,-35],[-42,5127],[-2390,-1385],[-4349,352],[-852,5714],[-2690,2466],[-4480,2329],[-3853,-819],[-4846,4706],[304,2313],[-5020,575],[-3688,-2905],[-2663,7420],[-2896,4595],[-4803,3929],[-6104,2173],[-6270,-124],[-3986,-1522],[-3401,1130],[-1126,-1909],[-8592,-4094],[-1250,-1470],[-3128,-8867],[-5260,-2821],[-618,2040],[-4536,3327],[-655,-4129],[-6636,-2690],[-3344,122],[-3720,-4110],[-8158,4093],[-3337,2484],[-7066,1031],[-3453,-379],[-1903,2163],[-4910,1221],[-807,3533],[-2941,2882],[-4940,44],[-2000,-2551],[-3751,2708],[-7831,2496],[-10358,-575],[-1351,2409],[-6963,4031],[-963,-4387],[-4601,1251],[-3606,4070],[-1135,-1546],[-4265,4106],[-2373,-827],[-318,-8828],[-4088,4698],[-2099,-2525],[-1523,-5114],[2409,-2680],[-1594,-3886],[-4106,2868],[-2530,5469],[-3183,471],[-2337,-1477],[-959,3616],[-2921,-1244],[-1432,-2689],[-3635,4319],[-1203,-2286],[-1991,2912],[372,4973],[-2554,1463],[-2332,-2761],[-5453,2337],[-1611,-1670],[-2729,2473],[-3502,1428],[-5941,-3153],[-557,-1595],[-5252,198],[-128,2424],[-5921,2515],[-4425,-1722],[-7150,4620],[-5624,2233]],[[4358576,482595],[-8631,-2233],[-4064,3347],[412,2876],[2464,2792],[4722,-1247],[5226,446],[1683,-2214],[-1812,-3767]],[[4295066,897125],[-806,-6307],[-4141,-3343],[-5247,1034],[-3831,-1116],[-1521,4204],[1334,7854],[2172,1037],[2924,5528],[2410,-1018],[1560,1981],[3861,-2552],[-244,-2945],[1529,-4357]],[[4406447,692941],[-356,-1653],[-7066,76],[-7291,2744],[-6287,915],[-2008,-2631],[-4483,156],[-3496,-6204],[-2168,-10060],[-1936,-1660],[-5637,3171],[-4113,-68],[-9636,1271],[-4873,-252],[-1681,-1429],[-3763,671],[-4780,-1135],[-596,2613],[-6148,-2672],[-5880,2401],[-7094,2110],[-7273,3187],[-2756,2361],[-8273,457],[-2359,-1748],[-3150,-165],[-2646,2637],[1474,8281],[-2019,811],[-1206,3444],[895,6323],[3899,-1055],[4946,6256],[3584,6444],[3374,8733],[1580,1079],[5596,-308],[8626,1965],[6408,-368],[3150,-1682],[3860,506],[4413,-1017],[3169,949],[18243,790],[6330,-1563],[13662,1038],[5443,1176],[4734,-746],[6408,268],[10808,3379],[3950,-1019],[4395,-2355],[10001,-7631],[2401,-6571],[-3238,-434],[-4391,-4283],[-4970,256],[-2369,-3777],[-3030,1144],[-5484,-6771],[-1405,-4150],[2512,-4205]],[[4543274,719608],[-2741,-2891],[-1587,-3924],[-1173,8723],[-4373,698],[40,6285],[2909,615],[1239,3748],[-696,5439],[14137,-1146],[6986,-3481],[8758,-7447],[1609,-3963],[-3658,-3582],[-6523,5502],[-4879,449],[-3644,2660],[-4990,-3603],[522,-3663],[2353,10],[2354,-3175],[-148,-4271],[-4758,108],[-211,5535],[-1526,1374]],[[3903866,1521846],[663,1120],[6166,1722],[-1910,-3940],[-4919,1098]],[[3956666,1595188],[230,6159],[3706,1871],[369,-3315],[-2968,-5044],[-1337,329]],[[3925258,1549672],[3938,-2148],[1137,-3315],[2895,-4458],[-4287,-7577],[-3937,-1395],[-3580,-2529],[-2401,1770],[359,11828],[-878,3072],[5138,-132],[1616,4884]],[[3776788,1343715],[2816,4571],[2985,3199],[4894,475],[751,-3775],[-367,-6539],[-1544,-3458],[-2509,-996],[-2011,-3575],[-4414,5876],[-601,4222]],[[3730092,1320562],[-7818,1799],[-1965,3371],[-6220,4671],[1986,5375],[5460,4063],[1095,2492],[3594,-3475],[7030,-5181],[-202,-2963],[-2046,-4703],[-914,-5449]],[[3799810,1354149],[-296,2993],[3235,10031],[-338,5717],[1854,11112],[-1731,2007],[2992,6943],[2889,-796],[2961,2617],[4112,-1520],[4880,3345],[1874,-2713],[3192,-844],[3750,-2451],[4321,976],[3957,-681],[2271,-3737],[-999,-3160],[3444,-3886],[-64,5144],[5032,-54],[1885,-3264],[3729,-3160],[1049,-4701],[1882,1606],[3142,-4282],[5099,-10619],[2966,-13537],[-622,-4242],[-1546,-108],[-2570,-4866],[-400,-5872],[-2165,-2561],[-1612,-5237],[803,-6903],[-1844,-4094],[-1612,-6392],[766,-2753],[-1604,-2684],[-3052,-2169],[-5462,516],[-1646,-3776],[1684,-2296],[-643,-4986],[-5504,448],[-3370,-4483],[-1155,3007],[695,7992],[-1827,6199],[-2280,1473],[-132,2749],[-3253,3289],[-1003,3588],[-4052,3541],[-2251,-3072],[1207,-5022],[36,-6546],[-2129,-703],[-5058,-5114],[-5464,-507],[-3049,-2309],[-3055,-4210],[-2695,-371],[-2474,5416],[4005,7890],[54,2579],[-3110,4761],[-1201,4224],[-2012,11296],[2801,4401],[415,4081],[1782,5355],[-2630,-17],[-5185,-3387],[-370,2128],[4109,5279],[2613,4482],[-21,6900]],[[3744183,1344704],[2757,6593],[4180,-4621],[-640,-7182],[-2972,-129],[-3325,5339]],[[3641040,1354318],[-161,5800],[-2843,4753],[4,3096],[-1547,7896],[-1652,4289],[2905,15164],[2074,2445],[29,5204],[-1197,5568],[-1598,2422],[-7228,4791],[-3094,7077],[2333,7762],[-3739,10261],[-17,11973],[-5906,6631],[-6289,13],[-991,1197],[-5708,-500],[-3556,6784],[-4848,-1284],[-2697,-2053],[-2678,-3970],[-2943,1321],[-3280,-1903],[-1969,1263],[-3789,-1500],[-2130,-2488],[-1767,2045],[-3217,8653],[-2233,1790],[-2267,-1132],[-4715,342],[-2234,-2079],[-959,7447],[-1191,2106],[1687,3895],[0,5868],[2614,1737],[761,2474],[9867,5139],[9193,9652],[2663,5290],[1175,4606],[-2035,7185],[-4131,4142],[1767,6519],[3390,2605],[703,4166],[1692,132],[5057,7159],[5785,-767],[2381,1418],[4081,4528],[1329,-5183],[41,-3895],[1442,-6144],[3336,-4146],[4177,379],[-365,-3383],[-4658,-7802],[1527,-5629],[3653,-3515],[6948,2245],[161,-4857],[3012,-1990],[1285,1798],[-2849,3260],[-161,2424],[-3777,6140],[-1403,5944],[1727,1210],[482,4474],[-2774,2105],[364,4031],[-1850,4095],[324,4721],[-1564,3516],[9315,-627],[7979,2355],[473,2471],[2996,-1323],[-1050,-3443],[1810,-2748],[4538,-201],[7148,-9063],[-2172,-1414],[-642,-6009],[1448,-5628],[2330,-2932],[1041,-4862],[3413,-7222],[2289,-1594],[-1121,-3076],[2369,-5812],[2851,-1982],[1085,-5177],[-2614,-3255],[-562,-8829],[1363,-12267],[-643,-4087],[2051,-5944],[-80,-3711],[2771,-7223],[-158,-2428],[2166,-6264],[-161,-6775],[1365,-4474],[2493,-4602],[1604,-4985],[5421,-8880],[5461,-3844],[4903,1031],[4251,-4346],[8759,-3319],[10525,-2561],[6016,-2561],[5301,-3191],[-3982,-3096],[-5855,-6943],[-4337,-11629],[-5622,-21859],[-1204,-8441],[558,-5241],[4062,-3647],[3453,-379],[2207,-4040],[4425,-264],[-979,-4123],[1170,-3707],[-1153,-4032],[-4086,-938],[-8450,1792],[-3156,-859],[-4371,-4397],[-2782,2988],[658,4138],[-1826,4308],[-3690,3909],[-1411,5944],[-2580,1136],[-6146,-255],[-1232,4702],[-3353,4346],[-2307,1364],[-3168,-124],[-4868,4498],[-3904,-644],[-3495,5169],[-4403,1677],[-2484,-341],[-7980,3060]],[[3471731,1725379],[3210,-697],[-495,-4655],[-2297,264],[-418,5088]],[[3496085,1732791],[2763,594],[2491,-3878],[2327,0],[1006,-4542],[1606,-2552],[1446,-5246],[2372,-1972],[-281,-5461],[-1892,-296],[-3813,-6971],[-2197,-8959],[-291,-6677],[-2616,744],[-2104,2750],[-2350,6134],[-3614,-3064],[-1041,-7797],[-1649,-4794],[-2206,4150],[-1369,14441],[-7272,10381],[2381,14969],[4314,-215],[1540,-2887],[7350,2108],[1632,3354],[-514,2490],[1981,3196]],[[3495331,1741701],[3634,1043],[713,-5910],[-3094,-1009],[-3534,384],[-2243,2375],[1502,3675],[3022,-558]],[[3500673,1785576],[3402,-1617],[2382,2476],[-180,3293],[9479,-11966],[743,-5048],[2906,-975],[1053,-3750],[3182,-3968],[825,-5627],[1290,-2558],[4900,-2169],[1071,3575],[133,4981],[2815,-326],[4049,-10690],[4546,-6302],[3050,-2747],[2063,1091],[742,-4341],[-7177,4055],[-2213,-2075],[622,-3760],[-2267,-1647],[-3211,610],[-2898,4086],[-6504,6927],[400,2281],[-5143,5163],[-6463,-3177],[-4019,-3652],[-2216,1056],[-4094,-4976],[-2077,3664],[-4265,243],[-3190,1647],[-204,7890],[2123,565],[3247,6218],[2146,1563],[477,10440],[-981,1488],[-544,8059]],[[3489807,1804648],[2141,506],[-263,5206],[3668,-4990],[5065,-9455],[-949,-8041],[-3116,4165],[-1164,3282],[-4214,5471],[-1168,3856]],[[3485569,1842451],[8100,-6566],[-516,-4717],[-2210,-487],[-3588,3064],[-1802,4075],[16,4631]],[[3506932,1804079],[-4763,10173],[532,2342],[-3431,4768],[704,1968],[3218,-4478],[1081,1607],[7248,-12168],[2037,-5243],[5713,-9589],[-1301,-3748],[-4619,7297],[-2856,2422],[-3563,4649]],[[3402900,1887729],[1530,3382],[2124,-2834],[-2737,-6818],[-2509,1641],[1592,4629]],[[3473391,1894363],[4379,-4627],[2137,-1139],[940,-5107],[-588,-3580],[-3011,5283],[-3857,9170]],[[3507511,1904287],[-3973,-1658],[-1395,1735],[5672,3247],[-304,-3324]],[[3473410,1896200],[-1986,2099],[-677,6387],[1589,2231],[3623,-237],[1532,1658],[2100,-1641],[-1714,-3702],[1499,-5326],[2297,-2011],[-5232,-2920],[-3031,3462]],[[3510498,1907287],[2368,-1107],[-2584,-4829],[-1569,2241],[1785,3695]],[[3937489,2166408],[-1594,3142],[1724,3520],[-2048,1598],[-2623,-1207],[127,3976],[2617,683],[3314,-4650],[3777,-1326],[1933,1184],[1074,-3637],[-5728,-1434],[-2573,-1849]],[[3391258,1959111],[1772,-2645],[1098,-7360],[2795,-3151],[1306,-4762],[-743,-3230],[-2841,-161],[-1494,3512],[-2731,-767],[-3655,6711],[-142,4141],[3788,8269],[847,-557]],[[3443897,1949302],[-1505,3873],[4556,-986],[-340,5392],[2729,2820],[2251,-2050],[2407,9225],[4386,-4666],[-190,-3803],[2759,-159],[753,3510],[-1988,1891],[565,3276],[2413,1628],[3706,-4382],[934,-4085],[-1163,-6877],[216,-6973],[-978,-3034],[-4621,-1074],[1170,-5828],[-4139,1869],[-933,-2552],[-2730,852],[-2132,5759],[-2800,-3108],[-1722,582],[-3035,4234],[-569,4666]],[[3913480,2229258],[4728,6537],[895,2409],[203,6981],[2595,2276],[2313,-1264],[-301,-10090],[-832,-7479],[-2451,-4354],[-2370,-1597],[-3453,2816],[-1327,3765]],[[3814764,2247265],[3138,1605],[1861,-1778],[498,-3328],[-4487,-1150],[-1010,4651]],[[3630758,2243183],[-2077,-2167],[-1152,-3763],[-174,-4606],[-4130,-1853],[157,-3456],[-2452,-835],[2552,-4884],[-3513,-3033],[-2728,3324],[-1128,5718],[1969,11098],[157,5618],[-2768,1593],[1968,5944],[1999,-585],[806,-3373],[-1219,-3964],[1720,-2498],[2069,1315],[2547,-973],[1456,2892],[3941,-1512]],[[3837176,2508004],[-1682,-4936],[-1429,4070],[2019,5328],[1092,-4462]],[[3868053,2356991],[25,-7612],[-9894,-1433],[-1446,-2685],[-3574,-447],[-163,2680],[-5499,3264],[2929,7346],[341,2626],[2683,2345],[4434,1156],[4500,-5649],[1859,1951],[-2852,6799],[-3775,2984],[-4018,-128],[-2648,2813],[-3215,-132],[-3054,2049],[-4694,11820],[-2326,4730],[-161,8948],[2423,2984],[820,4388],[3888,1287],[2548,6356],[5278,4623],[4980,9166],[1075,4595],[3111,-1031],[-1377,-5561],[787,-8318],[2970,-5603],[3443,-1154],[-722,-3665],[5189,-7130],[3,-2395],[4669,-4762],[-1196,-6205],[543,-3490],[-3098,452],[3017,-5851],[1162,350],[-1042,-10610],[-4623,-4274],[-3300,-7577]],[[3672225,2272915],[1429,-1221],[-1282,-5883],[-2254,-895],[-1604,-3319],[-3052,5374],[511,6711],[-1295,6508],[2192,-873],[1625,1694],[3957,-5153],[-227,-2943]],[[3669059,2283815],[-901,2738],[1229,3413],[-712,2565],[531,5626],[2222,598],[308,5103],[3496,-1279],[-1499,-9928],[-2568,-891],[123,-10158],[-2229,2213]],[[3391258,1915257],[1705,7860],[2704,-2241],[-94,-2928],[2094,-5100],[4487,-3109],[4038,-8976],[-910,-5029],[-4439,-12232],[-2599,-395],[-2842,1838],[279,5034],[-3059,3668],[-2136,5759],[-177,10493],[949,5358]],[[3425122,1901020],[-2939,8821],[2267,-974],[2151,-6978],[-1479,-869]],[[3437061,1904313],[-1054,-897],[-6154,5268],[-3650,7906],[269,3995],[2345,791],[3392,-2348],[4803,-8914],[49,-5801]],[[3407597,1909135],[-333,-5979],[-3627,5144],[-1175,3107],[-3971,1609],[-1417,2147],[-560,4869],[3951,-3253],[3444,-1088],[3688,-6556]],[[3443803,1912823],[-2057,-5004],[-5139,7700],[-1657,7768],[4916,-2696],[3879,-5009],[58,-2759]],[[3403523,1916941],[-2831,242],[-4635,5594],[2596,4736],[3703,-1649],[1167,-8923]],[[3465159,1930502],[2895,-3202],[885,-8216],[5816,1274],[3886,-3034],[-2034,-5883],[-7432,-4957],[-1687,9587],[-3037,3875],[-1775,667],[-331,6839],[-1121,3841],[1681,1149],[2254,-1940]],[[3794530,1936597],[-1227,5595],[2149,255],[3541,-2148],[-1087,-4670],[-1767,2310],[-1609,-1342]],[[3445200,1940412],[4661,-6917],[-440,-3909],[-2675,-3740],[-2025,2602],[-5951,4923],[-1912,3834],[177,4474],[3226,3026],[2264,-929],[2675,-3364]],[[3493029,1935120],[2773,2998],[1228,3625],[3225,1680],[-2889,3967],[-5092,588],[-398,-3718],[-2582,-3066],[-3814,1084],[-512,-4029],[-6652,697],[-2841,3262],[688,2885],[-2008,4210],[132,3766],[2303,4314],[8483,3425],[-1120,5241],[1833,1497],[3075,-1071],[2915,3465],[9275,-5143],[3139,1477],[2289,3925],[-382,2705],[3365,322],[-947,-4898],[120,-5319],[1948,-4768],[3412,-2242],[459,-4366],[1898,-7452],[-2084,-6740],[2090,-7372],[-271,-5308],[-2267,-158],[-1737,-3265],[-331,-8899],[-1588,-2739],[-3564,767],[-5712,3999],[-2468,8269],[-3145,3073],[3454,3818],[-3724,652],[-1976,4842]],[[6552076,1602324],[-2013,-820],[-6526,2677],[-2967,5415],[-3655,759],[-5506,-654],[-2455,-1954],[-852,-2857],[-4549,1740],[-3457,5301],[528,4638],[-40,9008],[-1316,5596],[-1469,1368],[-1265,11895],[-1050,2557],[79,4597],[-2607,8505],[-2612,2749],[-2239,-607],[-512,-3608],[-4795,-8918],[-3213,5022],[-3673,3501],[-1605,3950],[-2531,3159],[-3918,2130],[1204,-6159],[1936,-1605],[2250,-4450],[-3305,82],[-435,3685],[-1854,1581],[-2427,4822],[-2812,2620],[-3511,5878],[39,5151],[-2252,4342],[-1044,4734],[3125,2098],[1972,-4846],[4820,767],[2013,-2812],[1684,1781],[3574,-2996],[1482,2361],[3911,-1075],[1113,-4618],[1822,3589],[2856,687],[2399,-3634],[215,-4081],[4848,-1606],[3157,-2429],[2536,3004],[2369,5561],[5206,-3613],[3619,-6848],[1580,-5092],[2967,-1512],[3090,-3891],[4957,-3557],[666,-5414],[5027,-7532],[-270,-2931],[2026,-4922],[4013,-4291],[17,-2427],[2276,-5366],[2975,1790],[6265,894],[1159,-4405],[3097,-3903],[1608,1538],[1518,-3140],[-3093,-3917],[-7613,-5261],[-7866,-2394],[-691,-1387]],[[6429990,1610877],[-3330,1063],[-1659,3787],[-3061,9978],[-1241,947],[754,5257],[-588,3721],[1092,2976],[3772,4159],[3725,-557],[5584,-4721],[855,-9417],[2809,2433],[-479,-10478],[-3174,-7359],[-5059,-1789]],[[6465004,1551827],[-7306,2165],[-2657,-1271],[-1441,2170],[-4067,-30],[315,2606],[4716,2026],[4817,-995],[1439,-3685],[5394,1342],[2713,2711],[2101,-4490],[-6024,-2549]],[[6562469,1492367],[-1966,3978],[-4337,3958],[-725,-1913],[-4415,3196],[-2409,-260],[-1847,1922],[-2984,-1388],[-2318,3557],[-2409,1542],[-3978,-202],[-959,2685],[-3011,2579],[-2817,4649],[-998,-1087],[-3564,3386],[-2948,-2367],[-885,2688],[-5901,4534],[-1947,-643],[-1022,3451],[-5563,-2680],[-2708,3451],[-5855,252],[-3021,2748],[-1892,-2228],[-1525,2675],[-1487,-2987],[-2488,307],[-604,5800],[-2396,491],[-575,4319],[3281,1784],[2858,-1880],[7889,-314],[1158,-1379],[4503,-887],[4419,962],[4402,-2116],[5518,601],[3943,-1398],[1095,-2305],[6813,2940],[3706,-816],[1572,-2290],[3822,1395],[5129,-1921],[1505,1421],[10109,-1000],[3044,316],[1698,-2572],[7089,-2479],[2017,-2582],[4169,-2106],[4054,-395],[4119,3132],[12822,-4527],[4120,527],[8471,-1079],[4483,-2159],[2449,1106],[9943,-6949],[-2255,-3517],[-3176,-1598],[-4413,1534],[-3858,-2050],[-2731,1671],[-4177,-3716],[-3370,-4981],[-7308,763],[-1445,-1147],[-3860,1018],[-1043,-2547],[-6426,-1279],[-1364,2041],[-4901,-1018],[-2891,3319],[-2644,-639],[-4618,-4154],[-166,-3143]],[[6649206,1489624],[-1523,3968],[-4976,8058],[1367,7925],[2848,3000],[2334,-2949],[-1539,-2685],[-860,-4948],[761,-1947],[1572,-1342],[16,-9080]],[[6536899,1364414],[-1495,-2093]],[[6535404,1362321],[1495,2093]],[[6534805,1361484],[-1240,-1736],[0,-6811],[-1031,-4816],[-2390,-4150]],[[6530144,1343971],[-1327,1338],[2790,4797],[1788,7598],[-680,1739],[2090,2041]],[[6406527,1244180],[-16072,9201],[-4704,688],[-3419,1958],[-6478,5926],[-11189,4366],[1767,10604],[4318,12477],[5693,10606],[7852,8111],[1570,5928],[-1177,10919],[6870,5616],[8834,11233],[7791,12678]],[[6408183,1354491],[-561,-5724]],[[6407622,1348767],[-1162,-1521],[5716,-74873],[2159,-2807],[86,-6872],[-7894,-18514]],[[6425875,1340404],[-1253,-1320]],[[6424622,1339084],[1253,1320]],[[6530570,1341713],[32,-520]],[[6530602,1341193],[-32,520]],[[6530847,1339901],[-34,172]],[[6530813,1340073],[34,-172]],[[6423376,1334888],[302,2815]],[[6423678,1337703],[-302,-2815]],[[6425928,1336991],[257,1405]],[[6426185,1338396],[-257,-1405]],[[6531099,1334389],[-435,3885]],[[6530664,1338274],[435,-3885]],[[6425555,1334713],[298,1780]],[[6425853,1336493],[-298,-1780]],[[6528003,1327093],[1883,5840],[1098,634]],[[6530984,1333567],[-2515,-5906]],[[6528469,1327661],[-410,-568]],[[6528059,1327093],[-56,0]],[[6423121,1334529],[207,227]],[[6423328,1334756],[-207,-227]],[[6421445,1333085],[229,217]],[[6421674,1333302],[-229,-217]],[[6419288,1327965],[-135,4942],[2163,-193]],[[6421316,1332714],[-2028,-4749]],[[6424613,1331056],[1414,1195]],[[6426027,1332251],[-1414,-1195]],[[6515259,1316124],[134,444]],[[6515393,1316568],[578,237]],[[6515971,1316805],[3691,2823],[744,3707],[3028,1473],[2850,3696],[1534,-1666]],[[6527818,1326838],[-5943,-3307],[-2410,-4817],[-4206,-2590]],[[6424552,1324056],[1623,1316]],[[6426175,1325372],[-1623,-1316]],[[6424363,1323710],[51,93]],[[6424414,1323803],[-51,-93]],[[6423228,1322994],[968,412]],[[6424196,1323406],[-968,-412]],[[6422719,1321872],[275,504]],[[6422994,1322376],[-275,-504]],[[6515282,1316743],[884,503]],[[6516166,1317246],[-884,-503]],[[6512711,1313288],[1481,4036]],[[6514192,1317324],[-1481,-4036]],[[6422694,1316488],[109,630]],[[6422803,1317118],[-109,-630]],[[6514506,1316743],[186,-66]],[[6514692,1316677],[-186,66]],[[6513728,1312653],[-375,137]],[[6513353,1312790],[375,-137]],[[6422650,1312380],[154,334]],[[6422804,1312714],[-154,-334]],[[6514658,1311975],[-898,678]],[[6513760,1312653],[898,-678]],[[6422599,1308818],[-148,525]],[[6422451,1309343],[148,-525]],[[6497195,1290659],[697,4029],[2098,3300],[8206,4102],[1820,3707],[4312,2235]],[[6514328,1308032],[-4144,-5440],[-7913,-4479],[-3431,-3988],[-1645,-3466]],[[6514520,1308450],[114,346]],[[6514634,1308796],[-114,-346]],[[6421562,1305499],[315,888]],[[6421877,1306387],[-315,-888]],[[6424631,1303719],[-1306,630]],[[6423325,1304349],[1306,-630]],[[6426255,1295971],[881,890]],[[6427136,1296861],[-881,-890]],[[6427815,1292324],[3,898]],[[6427818,1293222],[-3,-898]],[[6427148,1290798],[-173,773]],[[6426975,1291571],[173,-773]],[[6427540,1291496],[-340,-757]],[[6427200,1290739],[340,757]],[[6427174,1289511],[604,580]],[[6427778,1290091],[-604,-580]],[[6494549,1279510],[1653,10065],[788,81]],[[6496990,1289656],[-907,-1345],[-337,-6151],[-1197,-2650]],[[6434887,1284080],[-1423,2550],[2231,648]],[[6435695,1287278],[-69,-68]],[[6435626,1287210],[-77,-74]],[[6435549,1287136],[-662,-3056]],[[6427500,1286699],[1077,211]],[[6428577,1286910],[-1077,-211]],[[6431808,1284830],[-251,258]],[[6431557,1285088],[251,-258]],[[6433325,1284983],[-53,-51]],[[6433272,1284932],[53,51]],[[6434245,1283773],[-301,163]],[[6433944,1283936],[-62,83]],[[6433882,1284019],[-325,770]],[[6433557,1284789],[688,-1016]],[[6432493,1284183],[-659,603]],[[6431834,1284786],[659,-603]],[[6434600,1283832],[215,186]],[[6434815,1284018],[-215,-186]],[[6493666,1278150],[749,830]],[[6494415,1278980],[-749,-830]],[[6492640,1276459],[186,760]],[[6492826,1277219],[-186,-760]],[[6492080,1275305],[515,968]],[[6492595,1276273],[-515,-968]],[[6439466,1274773],[-147,184]],[[6439319,1274957],[147,-184]],[[6448908,1272057],[-1650,1467],[-3348,167]],[[6443910,1273691],[3389,388],[1609,-2022]],[[6488696,1270181],[1201,2081]],[[6489897,1272262],[-1201,-2081]],[[6490348,1272856],[1436,1892]],[[6491784,1274748],[-1436,-1892]],[[6442829,1273197],[-2478,979]],[[6440351,1274176],[2478,-979]],[[6442911,1273186],[-81,11]],[[6442830,1273197],[81,-11]],[[6486425,1268336],[1912,1638]],[[6488337,1269974],[-1912,-1638]],[[6479073,1267756],[2791,1080]],[[6481864,1268836],[-2791,-1080]],[[6457416,1267860],[-2047,605]],[[6455369,1268465],[2047,-605]],[[6452670,1267129],[-2496,1178]],[[6450174,1268307],[2496,-1178]],[[6459870,1266941],[-2207,810]],[[6457663,1267751],[2207,-810]],[[6460697,1266888],[3127,815]],[[6463824,1267703],[-3127,-815]],[[6453558,1267080],[-667,119]],[[6452891,1267199],[667,-119]],[[6469407,1266182],[320,-45]],[[6469727,1266137],[-320,45]],[[6472260,1265058],[-1214,896]],[[6471046,1265954],[1214,-896]],[[6432242,1131080],[-156,105]],[[6432086,1131185],[156,-105]],[[6431795,1131485],[-2345,1865]],[[6429450,1133350],[2345,-1865]],[[6429426,1133364],[-2156,25]],[[6427270,1133389],[6521,16048],[4828,3966],[12614,30602]],[[6451233,1184005],[13306,26416]],[[6464539,1210421],[1628,-1707],[-17425,-35220],[-4800,-11581],[-2988,-6151],[-4635,-7379],[-6893,-15019]],[[6435133,1126523],[-2362,3790]],[[6432771,1130313],[2362,-3790]],[[6435917,1124227],[16,0]],[[6435933,1124227],[890,-782]],[[6436823,1123445],[5663,-4280]],[[6442486,1119165],[-540,-814],[-5263,3796],[-766,2080]],[[6447236,1114507],[-2391,132],[-1238,2306]],[[6443607,1116945],[3629,-2438]],[[6447427,1114194],[-109,116]],[[6447318,1114310],[109,-116]],[[6447539,1113973],[10,-58]],[[6447549,1113915],[-10,58]],[[6451852,1109300],[-3911,3746]],[[6447941,1113046],[3911,-3746]],[[6452005,1109159],[6597,-6120],[3249,-1438]],[[6461851,1101601],[-1990,0],[-7856,7558]],[[6501277,1098895],[-4240,1909],[-11594,3996]],[[6485443,1104800],[8250,-2743],[3769,-690],[3815,-2472]],[[6501277,1098895],[8262,-2356]],[[6509539,1096539],[-8262,2356]],[[6485443,1104800],[-4456,631]],[[6480987,1105431],[4456,-631]],[[6480477,1105184],[-631,0]],[[6479846,1105184],[631,0]],[[6474630,1104707],[4211,506]],[[6478841,1105213],[-4211,-506]],[[6474124,1104845],[197,-54]],[[6474321,1104791],[-197,54]],[[6471936,1104157],[2027,556]],[[6473963,1104713],[-2027,-556]],[[6463664,1101473],[634,263]],[[6464298,1101736],[-634,-263]],[[6513976,1096976],[4277,627]],[[6518253,1097603],[-4277,-627]],[[6524486,1097578],[-6063,49]],[[6518423,1097627],[6063,-49]],[[6525235,1097512],[2793,-262]],[[6528028,1097250],[-2793,262]],[[6511909,1096139],[-2125,282]],[[6509784,1096421],[2125,-282]],[[6511909,1096139],[1731,788]],[[6513640,1096927],[-1731,-788]],[[6530831,1095695],[-1272,939]],[[6529559,1096634],[1272,-939]],[[6534707,1091442],[-3401,3769]],[[6531306,1095211],[3401,-3769]],[[6540983,1083197],[-4340,4794]],[[6536643,1087991],[4340,-4794]],[[6545757,1080125],[-82,62]],[[6545675,1080187],[82,-62]],[[6546191,1079585],[92,-225]],[[6546283,1079360],[-92,225]],[[6546566,1079299],[1767,-1762]],[[6548333,1077537],[-1767,1762]],[[6550344,1076386],[1122,-861]],[[6551466,1075525],[-1122,861]],[[6551579,1075391],[5649,-4063]],[[6557228,1071328],[-5649,4063]],[[6558295,1072003],[1121,-1476]],[[6559416,1070527],[-1121,1476]],[[6557518,1071794],[536,353]],[[6558054,1072147],[-536,-353]],[[6565549,1068666],[-126,106]],[[6565423,1068772],[126,-106]],[[6565577,1068656],[2293,1581]],[[6567870,1070237],[-2293,-1581]],[[6559863,1070265],[-285,213]],[[6559578,1070478],[285,-213]],[[6560786,1070166],[721,0]],[[6561507,1070166],[-721,0]],[[6564721,1069471],[-2922,665]],[[6561799,1070136],[2922,-665]],[[6568435,1069740],[2670,-1123]],[[6571105,1068617],[-2670,1123]],[[6571387,1068557],[1648,-1211]],[[6573035,1067346],[-1648,1211]],[[6573122,1067305],[3511,-3562]],[[6576633,1063743],[-3511,3562]],[[6577930,1063000],[-874,251]],[[6577056,1063251],[874,-251]],[[6578858,1062575],[1646,-1620]],[[6580504,1060955],[120,-192]],[[6580624,1060763],[237,-264]],[[6580861,1060499],[-2003,2076]],[[6584048,1058054],[-376,85]],[[6583672,1058139],[376,-85]],[[6585924,1056289],[3091,-3006]],[[6589015,1053283],[-3091,3006]],[[6591076,1051452],[-978,869]],[[6590098,1052321],[978,-869]],[[6595029,1047939],[320,-284]],[[6595349,1047655],[-320,284]],[[6625809,1040284],[-34,-42]],[[6625775,1040242],[34,42]],[[6626568,1039550],[-77,-40]],[[6626491,1039510],[-128,491]],[[6626363,1040001],[6,43]],[[6626369,1040044],[199,-494]],[[6613455,1038861],[492,-2139]],[[6613947,1036722],[-492,2139]],[[6609097,1038197],[-1065,382]],[[6608032,1038579],[1065,-382]],[[6627546,1036890],[318,288]],[[6627864,1037178],[825,759]],[[6628689,1037937],[768,194]],[[6629457,1038131],[2117,-1068],[-3354,-4617],[3688,-3581]],[[6631908,1028865],[-1049,-285],[-4458,4616],[1145,3694]],[[6624451,1038434],[670,-271]],[[6625121,1038163],[-670,271]],[[6623704,1036676],[527,918]],[[6624231,1037594],[-527,-918]],[[6614269,1036731],[2781,-4175]],[[6617050,1032556],[-2781,4175]],[[6621262,1035448],[1325,166]],[[6622587,1035614],[-1325,-166]],[[6640456,1030193],[1777,-5417],[2340,-217]],[[6644573,1024559],[-2872,-1195],[-2608,4675],[1363,2154]],[[6621097,1034546],[9,16]],[[6621106,1034562],[-9,-16]],[[6620517,1034095],[-483,-61]],[[6620034,1034034],[483,61]],[[6618701,1033162],[1240,817]],[[6619941,1033979],[-1240,-817]],[[6617769,1032824],[138,220]],[[6617907,1033044],[-138,-220]],[[6637044,1030514],[2383,162]],[[6639427,1030676],[-2383,-162]],[[6637042,1030531],[-321,384]],[[6636721,1030915],[321,-384]],[[6631916,1028816],[3826,1332]],[[6635742,1030148],[-1744,-2680],[-2082,1348]],[[6659025,1026650],[1780,1118],[-1715,-9143],[2256,-2735]],[[6661346,1015890],[-4782,3036],[1332,6465]],[[6657896,1025391],[673,1685]],[[6658569,1027076],[456,-426]],[[6648567,1021745],[-2972,1989]],[[6645595,1023734],[2488,3205],[484,-5194]],[[6651644,1018921],[2545,2572]],[[6654189,1021493],[-2545,-2572]],[[6666627,1012930],[-3889,3751]],[[6662738,1016681],[3889,-3751]],[[6667505,1012512],[182,-3351],[4809,-5492],[1370,-310]],[[6673866,1003359],[-1685,-1813],[-6014,8478],[1338,2488]],[[6676842,1003367],[4251,-3686],[1379,-2823],[1999,1520]],[[6684471,998378],[-763,-1219],[-2523,-1132],[-4343,7340]],[[6674672,1002882],[1174,573]],[[6675846,1003455],[-1174,-573]],[[6687937,1000214],[1204,-2466]],[[6689141,997748],[58,-118]],[[6689199,997630],[-2039,-1621],[-761,1606],[1538,2599]],[[6690902,997553],[19,-6]],[[6690921,997547],[-19,6]],[[6694548,986179],[-1444,1765]],[[6693104,987944],[1444,-1765]],[[6693104,987944],[-5708,3200],[125,3787],[2251,1531]],[[6689772,996462],[-419,-5755],[3751,-2763]],[[6695351,985720],[1163,989]],[[6696514,986709],[-1163,-989]],[[6704106,976715],[-4699,5556],[580,3943]],[[6699987,986214],[1741,-1658],[694,-5308],[1684,-2533]],[[6698223,985603],[-671,240]],[[6697552,985843],[671,-240]],[[6698335,985313],[431,414]],[[6698766,985727],[-431,-414]],[[6708963,977658],[444,-7718]],[[6709407,969940],[-2606,-196],[-1,3195],[2163,4719]],[[6704229,976598],[3018,123]],[[6707247,976721],[-3018,-123]],[[6709268,968881],[3467,-5923],[2700,147]],[[6715435,963105],[-3937,-1479],[-3339,4027],[1109,3228]],[[6732162,944290],[-3950,1286],[-8341,14424],[-2789,3736],[4320,4901]],[[6721402,968637],[-417,-5679],[694,-3651],[4125,-6811],[2747,-5982],[3611,-2224]],[[6735263,954488],[1885,-335],[-1032,-13959],[1547,-1204]],[[6737663,938990],[-3799,2763],[1606,7926],[-207,4809]],[[6733009,950123],[1099,2249]],[[6734108,952372],[-1099,-2249]],[[6741135,935933],[-4672,-4038],[-1378,-3820],[347,-10477],[1378,-10799],[928,-1122]],[[6737738,905677],[-1386,1244],[-1704,8988],[-563,7809],[712,6001],[1340,3302],[4998,2912]],[[6745075,899833],[1382,4911],[6800,6010],[2813,1662],[7908,2685]],[[6763978,915101],[-9636,-6798],[-9267,-8470]],[[6750758,912311],[3578,1716]],[[6754336,914027],[-3578,-1716]],[[6745394,908326],[1245,571]],[[6746639,908897],[-1245,-571]],[[6742257,908193],[2656,5]],[[6744913,908198],[-2656,-5]],[[6768560,890107],[-153,136]],[[6768407,890243],[153,-136]],[[6755164,877770],[-1058,1214],[279,5958],[1674,2648],[6440,283],[1839,1171]],[[6764338,889044],[3678,1083]],[[6768016,890127],[425,-337]],[[6768441,889790],[-2409,-2426],[-6871,-1994],[-3094,-2823],[-903,-4777]],[[6762612,858548],[-394,1262]],[[6762218,859810],[394,-1262]],[[6771455,815656],[-349,993]],[[6771106,816649],[349,-993]],[[7010607,779754],[-426,-122]],[[7010181,779632],[1050,8116],[925,2071],[2102,46],[298,1212],[-665,583],[-144,752],[125,859],[-877,-338],[-1108,276],[-386,859],[270,1273],[395,62],[-1320,3697],[241,1764],[1021,368],[1465,-2593],[752,323],[366,1779],[-1262,445],[231,4280],[2197,7439],[-231,2656]],[[7015626,815561],[386,-2713],[-576,-4809],[465,-3630],[-2414,-2630],[1326,-1086],[-67,-1376],[-718,-1173],[-1003,932],[-1340,1958],[-474,-2873],[1759,-908],[-62,-1441],[-1103,-700],[-123,-1184],[1469,-782],[886,469],[-156,-470],[-10,-1004],[733,-913],[463,-251],[-726,-1223],[-2231,-254],[-735,-3193],[879,-3959],[-1647,-2594]],[[6774417,805044],[-2833,4197],[-1193,3701],[899,2218]],[[6771290,815160],[3127,-10116]],[[6776779,802275],[-1061,941]],[[6775718,803216],[1061,-941]],[[6777963,800100],[7509,-10112],[3653,-6796],[3351,-4880]],[[6792476,778312],[-2779,3494],[-4248,7969],[-7486,10325]],[[7008259,778562],[-46,-148]],[[7008213,778414],[156,775],[1510,356]],[[7009879,779545],[-1620,-983]],[[6795264,772716],[-2529,5670]],[[6792735,778386],[2529,-5670]],[[7004313,760699],[-5,-4]],[[7004308,760695],[109,178],[964,-276],[424,4817],[-684,567],[-106,522],[1050,1887],[-2081,2301],[655,1012],[1937,920],[790,1534],[945,-429],[1542,982],[-1704,3388]],[[7008149,778098],[2064,-46],[-306,-3507],[-1383,-2145],[-1716,346],[-1676,-1083],[2048,-1868],[-694,-1859],[-1168,-980],[-110,-827],[710,-575],[533,-1091],[-803,-1209],[914,-1993],[-970,-941],[-1279,379]],[[6796767,771424],[-324,314]],[[6796443,771738],[324,-314]],[[6797327,753434],[-2621,907],[-589,10285],[1193,2751],[1580,-1150]],[[6796890,766227],[-1279,0],[-1031,-7639],[2747,-5154]],[[6806551,760333],[1631,-2048]],[[6808182,758285],[-2003,1772]],[[6806179,760057],[-873,1386]],[[6805306,761443],[1245,-1110]],[[7004363,754500],[-179,5991]],[[7004184,760491],[288,-4981]],[[7004472,755510],[-109,-1010]],[[7007513,396109],[5087,-3402],[4134,-3989],[0,338960],[-1638,-1518],[-2005,2347],[0,2546],[-1542,552],[-761,-353],[-222,1396],[-1021,1749],[-569,1304],[58,629],[742,-138],[405,629],[-675,3819],[-1484,0],[-68,1412],[-1465,1211],[1301,5185],[-346,2823],[-2997,3089]],[[7004447,754360],[3250,-1906],[1139,-4625],[-2085,-3834],[1233,-1860],[118,-1277],[1884,746],[1137,-3194],[-1166,-2197],[-891,-310],[368,-971],[881,-1363],[390,-1027],[113,-1008],[902,332],[1543,-641],[32,-2793],[5938,234]],[[7019233,728666],[1669,-317],[0,-158468],[-88,-77025],[88,-58553],[0,-48515],[-2084,1772],[-6542,3220],[-2791,605],[-1972,4724]],[[6801799,751608],[7228,-10139],[4970,-2229]],[[6813997,739240],[-2515,-1294],[-3160,2667],[-2316,4916],[-4207,6079]],[[6812850,734541],[4049,1976],[2714,-544]],[[6819613,735973],[-6763,-1432]],[[6821667,734671],[-1681,1122]],[[6819986,735793],[1681,-1122]],[[6804285,730887],[1822,3197],[1557,-169]],[[6807664,733915],[-3379,-3028]],[[6843376,715882],[-3748,0],[-5503,2991],[-4126,5477],[-2062,1503]],[[6827937,725853],[4441,-2416],[5989,-6273],[5009,-1282]],[[6828519,681618],[-5202,4124],[-5178,2195],[-5958,-278],[-7888,5141],[-7700,8873],[-4380,6717],[-5188,4906],[-2073,7234]],[[6784952,720530],[7219,-8636],[11006,-17610],[5156,-2500],[4125,-2992],[6535,-491],[4125,-1825],[5401,-4858]],[[6844555,717425],[-5096,784],[-1174,1386]],[[6838285,719595],[6270,-2170]],[[6838285,719595],[-1754,2744]],[[6836531,722339],[1754,-2744]],[[6847950,686750],[1475,1866]],[[6849425,688616],[-1475,-1866]],[[6841589,680651],[3459,6000]],[[6845048,686651],[-1473,-7338],[-1986,1338]],[[6795492,681605],[5046,-1220],[8419,-417]],[[6808957,679968],[-6618,-42],[-6847,1679]],[[6808957,679968],[1248,199]],[[6810205,680167],[-1248,-199]],[[6821133,679890],[-4203,1263]],[[6816930,681153],[4203,-1263]],[[6835745,680148],[5689,526]],[[6841434,680674],[-5689,-526]],[[6834626,679889],[579,33]],[[6835205,679922],[-579,-33]],[[6831557,679733],[3046,120]],[[6834603,679853],[-3046,-120]],[[6796648,676049],[-1929,3556]],[[6794719,679605],[1929,-3556]],[[6828995,674780],[-4275,1832]],[[6824720,676612],[4275,-1832]],[[6833972,674587],[4285,1463],[5021,-513]],[[6843278,675537],[-1935,-1026],[-7371,76]],[[6798176,675365],[-1281,541]],[[6796895,675906],[1281,-541]],[[6803272,671924],[-4310,2987]],[[6798962,674911],[4310,-2987]],[[6806267,668631],[-1407,1921]],[[6804860,670552],[1407,-1921]],[[6813467,662794],[-4905,3144],[-2101,2429]],[[6806461,668367],[2133,-2415],[4873,-3158]],[[6815620,659468],[-1764,2864]],[[6813856,662332],[1764,-2864]],[[6817180,655645],[-1402,3568]],[[6815778,659213],[1402,-3568]],[[6817476,654669],[-292,966]],[[6817184,655635],[292,-966]],[[6817417,632386],[-1171,1905],[-6608,15562]],[[6809638,649853],[4369,-6987],[3410,-10480]],[[6838108,624956],[-26,399]],[[6838082,625355],[26,-399]],[[6834542,630670],[-3378,1936],[-7362,-1018],[-1483,2371]],[[6822319,633959],[8904,-1340],[3319,-1949]],[[6819403,628820],[-1574,2689]],[[6817829,631509],[1574,-2689]],[[6821609,627328],[-1288,788]],[[6820321,628116],[1288,-788]],[[6815603,553504],[-388,15164],[684,5307],[1725,2991],[5494,4326],[1378,3160],[1031,16950],[2757,7302],[1368,6489],[3788,8145],[-2020,1699]],[[6831420,625037],[3366,-1261],[-3193,-5298],[-2168,-7256],[0,-5089],[-2845,-5871],[-1192,-5010],[794,-9366],[-430,-4408],[-2935,-1289],[-5569,-5363],[-1439,-3390],[1108,-8920],[-1314,-9012]],[[6837126,618498],[71,101]],[[6837197,618599],[-71,-101]],[[6831723,606923],[-24,-581]],[[6831699,606342],[24,581]],[[6822576,575270],[1761,1076]],[[6824337,576346],[-1761,-1076]],[[6928875,551972],[-2116,3135]],[[6926759,555107],[217,6244],[1032,6810],[1715,2501],[4472,828],[-684,-4816],[-2757,1994],[-2399,-2332],[-347,-7317],[867,-7047]],[[6817624,568747],[0,114]],[[6817624,568861],[0,-114]],[[6817918,570316],[1323,2580]],[[6819241,572896],[-1323,-2580]],[[6847715,546651],[857,9055],[-1725,1656],[-685,6642],[1032,1841],[6881,-3329],[-1725,-1994],[-3441,1657],[1576,-12391]],[[6850485,549788],[-2770,-3137]],[[6818718,561466],[86,2719]],[[6818804,564185],[-86,-2719]],[[6818686,550778],[-1239,1699],[-496,1174],[182,1590],[1224,4172]],[[6818357,559413],[-754,-2568],[-258,-4054],[1341,-2013]],[[6711379,551880],[761,1201]],[[6712140,553081],[-761,-1201]],[[6925152,548737],[1535,4304]],[[6926687,553041],[-1535,-4304]],[[6816230,550528],[71,105]],[[6816301,550633],[-71,-105]],[[6816256,550678],[-675,2082]],[[6815581,552760],[675,-2082]],[[6928815,551270],[-25,-287]],[[6928790,550983],[25,287]],[[6928269,518924],[-6012,8473],[-1307,2450],[-943,2111],[-1622,5657],[409,3446],[2206,3391]],[[6921000,544452],[1162,1215]],[[6922162,545667],[5464,1662],[1036,2153]],[[6928662,549482],[-307,-3578],[-3788,-1166],[-3778,-4986],[-1031,-3159],[337,-3483],[1301,-4080],[6873,-10106]],[[6813259,548351],[-502,-499]],[[6812757,547852],[502,499]],[[6819299,548153],[304,70]],[[6819603,548223],[-304,-70]],[[6816396,546784],[406,746]],[[6816802,547530],[-406,-746]],[[6809090,545477],[3186,2269]],[[6812276,547746],[-3186,-2269]],[[6802542,536339],[3382,2079],[3151,7046]],[[6809075,545464],[-1836,-7769],[-4697,-1356]],[[6813670,543214],[3678,1650]],[[6817348,544864],[-3678,-1650]],[[6908658,542322],[-5205,656]],[[6903453,542978],[5205,-656]],[[6811163,540519],[-35,-285]],[[6811128,540234],[35,285]],[[6911519,541714],[-2668,542]],[[6908851,542256],[2668,-542]],[[6836667,539437],[-2849,-2039]],[[6833818,537398],[2849,2039]],[[6811119,535197],[453,3183]],[[6811572,538380],[-453,-3183]],[[6832716,536393],[-121,724]],[[6832595,537117],[121,-724]],[[6817559,501128],[-1313,5552],[-5156,9143],[-694,3988],[-337,10139],[-1379,3651],[-3093,338],[-6830,-2890]],[[6798757,531049],[86,1261],[7270,1848],[2750,2305],[2528,-8310],[-165,-9564],[2845,-4092],[4137,-2293],[-649,-11076]],[[6796739,535979],[-1363,-572]],[[6795376,535407],[1363,572]],[[6795259,535270],[-1868,-4195],[-546,-4092],[-3689,-6907],[-4633,-4377],[-3044,-4091],[-3330,-1798]],[[6778149,509810],[3362,2193],[3084,3850],[3451,3467],[1715,3145],[3788,9970],[1710,2835]],[[6832274,534510],[277,372]],[[6832551,534882],[-277,-372]],[[6831168,533527],[-582,-596]],[[6830586,532931],[582,596]],[[6812049,531446],[-334,1734]],[[6811715,533180],[334,-1734]],[[6795114,529603],[2042,1160]],[[6797156,530763],[-2042,-1160]],[[6826631,529880],[-955,-1466]],[[6825676,528414],[955,1466]],[[6823370,527215],[15,-510]],[[6823385,526705],[-15,510]],[[6823370,527215],[2097,924]],[[6825467,528139],[-2097,-924]],[[6815776,517598],[-1341,-860],[-2746,2476],[17,7271],[2928,-3909],[1142,-4978]],[[6814983,524740],[-337,486]],[[6814646,525226],[337,-486]],[[6823293,521520],[1135,2984]],[[6824428,524504],[-1135,-2984]],[[6793862,522453],[377,1127]],[[6794239,523580],[-377,-1127]],[[6822632,518439],[751,2995]],[[6823383,521434],[-751,-2995]],[[6700061,521455],[-89,-389]],[[6699972,521066],[89,389]],[[6823161,521212],[95,141]],[[6823256,521353],[-95,-141]],[[6699719,519965],[251,967]],[[6699970,520932],[-251,-967]],[[6699703,519890],[-237,-1030]],[[6699466,518860],[237,1030]],[[6786378,513466],[5687,6235]],[[6792065,519701],[-5687,-6235]],[[6822569,518676],[-38,-20]],[[6822531,518656],[38,20]],[[6697673,511029],[1695,7399]],[[6699368,518428],[-1695,-7399]],[[6931856,514901],[-1673,1853]],[[6930183,516754],[1673,-1853]],[[6819149,514833],[160,794]],[[6819309,515627],[-160,-794]],[[6783702,508720],[2187,4212]],[[6785889,512932],[-2187,-4212]],[[6819654,513115],[578,286]],[[6820232,513401],[-578,-286]],[[6934899,511880],[94,-112]],[[6934993,511768],[-94,112]],[[6784624,509684],[1271,2808]],[[6785895,512492],[-1271,-2808]],[[6937802,508121],[-2541,3406]],[[6935261,511527],[2541,-3406]],[[6695322,494811],[2209,15238]],[[6697531,510049],[-371,-5608],[-1838,-9630]],[[6784741,509810],[4,45]],[[6784745,509855],[-4,-45]],[[6773178,501318],[2145,2218],[2685,5057]],[[6778008,508593],[-101,-1930],[-3692,-5225],[-1037,-120]],[[6821415,501499],[-2926,3879],[595,3257],[3210,-4134],[-879,-3002]],[[6941270,505031],[-1975,1436]],[[6939295,506467],[1975,-1436]],[[6944565,503601],[-50,21]],[[6944515,503622],[50,-21]],[[6944665,503351],[-124,-1536]],[[6944541,501815],[124,1536]],[[6792535,501821],[-723,135]],[[6791812,501956],[723,-135]],[[6792535,501821],[1,-2]],[[6792536,501819],[-1,2]],[[6793739,501442],[2331,128]],[[6796070,501570],[-2331,-128]],[[6793661,501565],[-482,133]],[[6793179,501698],[482,-133]],[[6817474,500754],[-529,-1028]],[[6816945,499726],[529,1028]],[[6722019,500415],[25085,-944]],[[6747104,499471],[-9864,-493],[-13456,546],[-1765,891]],[[6748059,499330],[3870,482]],[[6751929,499812],[-3870,-482]],[[6808838,499013],[-4024,783]],[[6804814,499796],[4024,-783]],[[6751942,499397],[2505,-939]],[[6754447,498458],[-2505,939]],[[6813979,498611],[1812,263]],[[6815791,498874],[-1812,-263]],[[6812489,498416],[-5,0]],[[6812484,498416],[5,0]],[[6755373,498327],[18,-2514]],[[6755391,495813],[-18,2514]],[[6756795,495050],[-326,138]],[[6756469,495188],[326,-138]],[[6948510,494518],[209,-296]],[[6948719,494222],[-209,296]],[[6954707,486564],[-35,31]],[[6954672,486595],[35,-31]],[[6958109,481979],[52,-120]],[[6958161,481859],[-52,120]],[[6963991,472964],[-5804,8837]],[[6958187,481801],[5804,-8837]],[[6966365,469224],[-144,196]],[[6966221,469420],[144,-196]],[[6966625,468876],[18,-25]],[[6966643,468851],[-18,25]],[[6967699,467567],[-226,242]],[[6967473,467809],[226,-242]],[[6967942,467307],[-233,260]],[[6967709,467567],[233,-260]],[[6972408,458806],[-145,306]],[[6972263,459112],[145,-306]],[[6987607,426525],[-5967,8513],[-719,3187],[-6988,14445],[-1525,6100]],[[6972408,458770],[10276,-24201],[4923,-8044]],[[6733003,1288173],[-1629,1135],[386,5492],[-1195,2240],[279,4494],[-5464,4295],[-6814,1626],[-5561,-552],[-19961,1273],[-3489,7133],[-2255,2163],[-4404,-905],[-2805,2025],[-2834,-583],[-3190,5384],[-212,3007],[-5291,3574],[-9889,-6934],[-1137,-2469],[-3836,-3989],[-5570,-3129],[3402,-4403],[-492,-2362],[-7382,-2853],[-1620,-4771],[-5397,-2101],[-4819,521],[-7190,-3282],[-3749,-7547],[-5484,-3820],[-2438,1641],[-3913,-2423],[-7325,3727],[-2275,31],[-2024,3160],[-5484,-2056],[-3036,3651],[-4847,16],[-2988,5752],[-1417,4924],[260,5768],[-867,5261],[-2573,1964],[-5215,6473],[-1243,3574],[916,10109],[-1407,230],[-2246,3896],[-4501,4265],[-492,4908],[-4125,5799],[-86,1626],[-5253,981],[-2621,7287],[-3065,-154],[-1282,-1672],[-3306,-398],[-1253,3666],[-3883,-371]],[[6537412,1364470],[1672,8098],[1980,-432],[1735,3405],[5750,950],[2680,2390],[6163,3614],[5451,12669],[1225,4709],[-53,7801],[1972,8746],[1489,974],[2231,5283],[250,5767],[-760,6707],[1052,3792],[1945,1552],[2843,4683],[2951,2212],[3576,-780],[5517,2857],[414,-5464],[4760,-1164],[3570,-2492],[2804,595],[3146,-2376],[3075,4191],[2954,-2155],[6715,3908],[2177,5121],[1961,-1218],[4032,3460],[2530,-708],[3703,8064],[1688,-631],[7038,2781],[1482,2350],[6337,-1921],[3190,1225],[2170,3143],[4045,764],[1369,3967],[-1971,1995],[1767,5994],[-801,5748],[-2374,743],[-3127,3284],[381,5137],[-893,5896],[-1721,1052],[-165,1843],[860,4474],[2900,2051],[-1564,4410],[4783,3775],[1681,-1538],[4584,4350],[3129,4219],[2572,1402],[6664,5501],[2813,1657],[4978,5752],[6905,5753],[4657,2688],[4020,4982],[9795,5624],[3006,-3038],[1567,5484],[3717,877],[7773,-383],[606,-3643],[2770,-4789],[482,-4142],[-819,-6481],[144,-5446],[3085,-2454],[4722,5139],[-4265,6097],[-1638,4180],[1868,991],[1596,-4344],[2536,-4027],[4415,-3962],[4098,-1790],[5801,-1147],[7612,-6276],[7951,-5484],[17670,-8313],[7710,-2041],[5702,-2689],[7657,-9677],[1740,-4699],[3133,-5829],[6096,-5676],[1535,-661],[2826,2157],[8216,-2646],[3759,-3835],[7686,-4641],[16061,-14391],[7962,-3786],[7445,-5752],[9494,-9933],[7614,-5330],[2674,-844],[6241,-6903],[4409,-3566],[5638,-3222],[6939,422],[9422,2033],[7517,345],[1759,1035],[728,3568],[2607,57],[4038,-6386],[3518,-1534],[1831,-4218],[3972,1329],[1393,-3457],[2462,-545],[5538,-5618],[2568,4732],[-245,5058],[3998,-2420],[6433,-2262],[1900,-2250],[2485,2442],[1398,-2915],[5710,-1342],[1161,2330],[4405,-5667],[3614,-153],[3422,-3451],[460,-4021],[-2217,-1852],[793,-2679],[-3170,-8898],[1124,-1683],[3920,-1746],[3528,1142],[3248,3592],[10873,-2382],[3873,2267],[3614,392],[0,-570366],[-149,50]],[[7018879,815733],[-1276,192],[-1063,-818],[-757,385]],[[7015783,815492],[701,-286]],[[7016484,815206],[250,200],[0,158550]],[[7016734,973956],[0,171451],[-346,38871],[-1051,890],[-4270,-1243],[-2949,-2914],[-2525,1119],[-6930,-997],[-5599,4341],[-4704,737],[-2949,-1289],[-1108,-2439],[-4164,-1595],[-5252,4494],[-3721,767],[-906,-3236],[-4404,3927],[-2207,-614],[-1099,3252],[1638,4587],[-1378,1426],[-1619,5461],[-530,10999],[-7633,-16],[-6583,2792],[-8057,2194],[-7065,3666],[-2361,5338],[-2352,-3451],[-2111,5322],[-1484,-2393],[-2361,-230],[-2043,2179],[1127,4065],[-5060,-1764],[-2322,444],[-2978,5829],[-1687,-874],[-3932,3728],[-1861,-323],[-4414,2470],[-2486,4326],[-5822,-982],[-2650,-4019],[-2834,737],[-722,3528],[-4193,-1534],[-3749,2791],[-10,3329],[-2660,5753],[-4028,-507],[-993,2562],[-6226,-445],[915,-4003],[-3199,-1458],[-29,4449],[-1889,736],[-1070,-3037],[-2651,491],[-809,4279],[-1918,3513],[-1822,-2469],[-3614,-2286],[-5436,4387],[868,2884],[-3952,3129],[-588,7869],[-2303,-1119],[-2718,-8713],[-4116,1702],[-7218,-5798],[-4453,-1488],[-2824,1734],[-6014,10860],[-6014,9403],[-4067,-491],[-3971,-3068],[-8096,-4371],[-8973,1917],[-6043,-752],[-2544,1764],[-1436,4311],[-2545,11397],[-1156,3314],[-5051,-522],[-5734,-1519],[-4145,-4402],[-1021,-6397],[-1533,-1242],[-3412,3620],[-3315,0],[-935,2684],[-3277,399]],[[6763229,854718],[-211,1244]],[[6763018,855962],[211,-1244]],[[6763312,854516],[2383,-5701],[231,-3727],[1369,-4080],[472,-829],[193,-1166],[-500,-8542]],[[6767460,830471],[-675,4611],[250,2613],[830,1726],[-1885,4817],[-2668,10278]],[[6770102,818704],[-1293,5452]],[[6768809,824156],[1293,-5452]],[[6822975,520437],[43,396]],[[6823018,520833],[-43,-396]],[[6946060,498366],[-1035,2037]],[[6945025,500403],[1035,-2037]],[[6406527,1244180],[30899,-17688],[4079,-1001],[23589,-13968]],[[6465094,1211523],[-13861,-27518]],[[6427270,1133389],[-4264,-77],[-5261,6959],[-3739,1523],[414,2757],[-2432,5804],[-4765,1156],[-1737,2968],[1064,5184],[2642,305],[1522,3762],[-2002,3855],[1274,7382],[2011,4227],[2821,972],[1918,-2756],[2251,382],[-216,4241],[5394,-2490],[1326,-4823],[3323,641],[6965,-788],[1489,2732],[-1576,3167],[-3212,-1918],[-244,4862],[-2768,576],[-2369,-1982],[-3939,-132],[-3373,2689],[-2644,635],[-2315,-3302],[-2912,3050],[-4736,-639],[-805,-3711],[-2327,-256],[-1968,-3255],[-606,-4151],[-2885,116],[-2049,-3771],[-3657,-1978],[-1121,4091],[-1853,1534],[-439,5816],[-3209,7291],[-4383,447],[-3532,2936],[61,-8474],[-2794,-1241],[-4573,4218],[-679,-2547],[3922,-6304],[1920,-5165],[-1956,-3109],[-1881,2365],[-726,3579],[-2568,4347],[-2530,64],[-4219,4661],[-3754,9993],[4302,5911],[-1511,3658],[-654,4845],[-2559,3337],[-3615,246],[-629,-2102],[1782,-3589],[-5252,-4403],[-1643,5437],[-5806,-6115],[-1870,-5176],[-2564,3681],[-2166,6853],[699,4347],[-1528,8425],[-2448,5308],[-3458,4047],[-1075,4231],[463,4993],[-1134,4428],[-3772,-4602],[-603,-2744],[803,-8446],[2653,-8816],[-4593,5284],[-1634,5257],[-2006,137],[-2411,-2556],[-1440,3891],[1407,3600],[-5606,15286],[-2923,5881],[2861,4190],[2872,2502],[1985,3891],[-2515,11171],[215,2103],[-1125,12409],[1274,3523],[1688,52],[711,4522],[3600,2623],[3448,-2728],[-463,10070],[3160,737],[2591,5647],[-523,5554],[1914,3502],[998,4360],[-364,8021],[-1340,868],[-2796,-3656],[-1589,-9677],[-3459,211],[-2348,-1526],[-3076,-6455],[-5221,-7806],[1528,-8045],[-43,-4802],[-1322,-4534],[1527,-9459],[-405,-11249],[-2688,-6716],[-2734,1019],[-2326,-2674],[-2892,-518],[-3410,3767],[235,-4853],[3012,-2493],[1813,-5305],[2888,-5734],[-1810,-7492],[-6742,-5753],[-4043,-7447],[-2697,-3258],[-2901,-1234],[-2049,-10878],[1529,-3328],[238,-4219],[1808,-703],[1972,-3643],[-845,-4162],[-3318,-3515],[-2667,-7023],[-7428,-13610],[-3694,-2050],[-2515,-5929],[-4814,866],[-3011,-499],[-6899,2653],[-5455,-2131],[-2718,-5512],[-3345,-244],[-3935,3396],[88,4767],[-2073,4058],[-5775,6173],[364,9326],[-2531,6541],[-2931,10206],[-1023,7249],[-1142,1687],[-2912,11188],[-299,6110],[1771,2481],[1684,-1543],[3534,137],[6669,-1151],[2480,956],[-131,6927],[1168,6959],[-3112,13281],[-2685,-1918],[-2444,5922],[-1990,12116],[2603,6934],[-870,2128],[-5101,4534],[-3652,-2620],[-164,-7965],[-1461,-298],[-4558,3387],[-2656,8233],[-3936,5003],[3496,1035],[1298,4764],[-2267,2418],[-6221,3786],[1271,3918],[-824,2498],[-4748,5601],[-1588,3576],[-6287,7336],[-7773,5771],[-1559,3775],[-8439,2587],[-8344,-1053],[-7051,-4493],[-2035,7872],[-2681,-1858],[-2306,5593],[1376,2459],[-1642,4997],[2995,3960],[797,3806],[-7995,961],[7044,5552],[4578,-2173],[3449,5753],[1163,-1598],[5960,4493],[-6176,2153],[2425,3001],[2969,762],[4346,-1018],[7544,132],[14163,-7841],[2542,423],[2009,4606],[2814,-2050],[3853,-4],[4500,-4725],[3290,-6771],[5866,-4862],[2030,482],[4756,5221],[2050,652],[9406,14758],[1196,3263],[4385,7069],[6776,13957],[3246,4259],[455,2175],[2733,1450],[2961,3353],[2050,-181],[7175,3716],[6947,-3988],[740,-4622],[1810,-343],[4738,-6182],[-283,-17108],[800,-4602],[2610,1854],[-1406,12847],[2967,7802],[1782,493],[990,-6104],[-194,-6066],[1923,679],[-804,7798],[1791,1900],[3315,-12187],[2407,-2684],[2125,1078],[-238,3967],[5662,6455],[2410,128],[2690,-4278],[-827,-7994],[745,-6710],[3051,13554],[-883,4082],[44,6715],[3292,-388],[1242,-2739],[889,-5757],[2634,-4949],[1712,-8699],[1352,9174],[-402,7798],[-1968,7421],[-3824,2827],[-1590,5994],[7667,1846],[3533,-1275],[-291,4631],[2512,1800],[4166,-1893],[5582,955],[2086,-1151],[-193,5203],[-3077,3131],[-1138,3478],[-4366,-515],[-62,2761],[3414,967],[2045,9907],[-1482,3519],[481,9707],[-1405,5309],[-2173,1278],[-3125,-771],[-3136,1913],[-2266,-5489],[-6438,-3563],[-4539,-1615],[-1035,-4084],[-2614,-105],[-4215,-5109],[-1429,2466],[-2886,-649],[2211,5625],[-1569,831],[-1991,-5386],[-1934,-2514],[-2845,-1158],[-2350,842],[-6386,368],[-1558,2679],[-3968,294],[-6539,-842],[-1624,2717],[-1941,-1651],[-6738,2013],[-3442,-526],[-3046,-2274],[-827,-2237],[-5557,-699],[-3460,-1616],[-2165,-3857],[-4128,-3815],[-2194,2120],[-3109,-252],[-3549,4485],[-5916,1108],[-3938,-1789],[-3358,-3289],[-1903,-3289],[-5788,1248],[-2085,2631],[-581,5234],[-1835,5291],[-2351,2278],[-4576,-686]],[[6202891,1448964],[922,674],[-5513,20249],[-1099,12808],[318,18914],[8848,39423],[3065,27534],[11565,30005],[270,5369],[-1339,3604],[60295,-17625],[3170,12379],[8530,19144],[1292,7885],[4578,3052],[-2757,17058],[-1773,1810],[1349,15646],[2353,4584]],[[6296965,1671477],[6684,251],[71,2909],[3847,-2146],[3458,211],[7243,-2759],[3296,3760],[3375,-869],[2891,-2265],[4613,3392],[558,1792],[5429,-2747],[1382,2953],[3243,-2809],[149,-3107],[5510,-7899],[3817,-2902],[3885,-5027],[-3342,-3418],[-1513,2204],[-6076,-12396],[711,-4608],[5046,-8530],[67,-6398],[2332,-4291],[530,-3949],[4122,-6755],[4191,-4621],[2333,-8230],[2896,-6256],[2059,-7730],[-3408,-4897],[-2916,-12067],[1281,-6922],[-826,-6891],[-5726,-8196],[-2555,-6423],[-4186,-1553],[2925,-17837],[-625,-3983],[744,-3764],[-49,-7053],[1548,-1580],[1761,-10289],[364,-9080],[-1142,-4579],[-2664,-3315],[1999,-16460],[1408,192],[686,-7437],[-806,-4766],[1403,-1343],[200,-7614],[1607,-3835],[2328,-9834],[1946,-5501],[3537,-1624],[4640,-11671],[1403,-831],[883,-5364],[1349,-1058],[-341,-6037],[2047,-3775],[801,-4734],[2774,-9651],[1207,-8045],[3936,-8313],[75,-5365],[3897,-1598],[2662,4778],[960,6391],[-2531,12256],[0,7786],[-2168,3025],[-33,6418],[-1439,2999],[1108,7024],[3937,7235],[2562,-648],[3094,2369],[2609,-2493],[2689,-707],[2171,-6391],[482,-9076],[-404,-10998],[81,-16742],[1126,-4879]],[[6034010,1778982],[-3885,2828],[5824,2149]],[[6035949,1783959],[-4000,-1604],[2061,-3373]],[[6037147,1784241],[-1185,-277]],[[6035962,1783964],[1185,277]],[[6037928,1783964],[-747,265]],[[6037181,1784229],[747,-265]],[[6058984,1776165],[-627,3573]],[[6058357,1779738],[627,-3573]],[[6046757,1780839],[-581,205]],[[6046176,1781044],[581,-205]],[[6027049,1780355],[166,-2600]],[[6027215,1777755],[-166,2600]],[[6057531,1779656],[-1004,-762]],[[6056527,1778894],[1004,762]],[[6051499,1776153],[-1362,3126]],[[6050137,1779279],[1362,-3126]],[[6034243,1778643],[-260,-129]],[[6033983,1778514],[260,129]],[[6014458,1777301],[0,-4]],[[6014458,1777297],[0,4]],[[6053959,1778031],[312,307]],[[6054271,1778338],[-312,-307]],[[6016238,1778010],[-1297,-976]],[[6014941,1777034],[1297,976]],[[6008696,1777617],[-444,201]],[[6008252,1777818],[444,-201]],[[6028309,1777217],[-1211,-703]],[[6027098,1776514],[1211,703]],[[6009652,1776577],[-604,607]],[[6009048,1777184],[604,-607]],[[6031248,1777160],[1937,118]],[[6033185,1777278],[-1937,-118]],[[6021099,1777064],[-2248,-903]],[[6018851,1776161],[2248,903]],[[6018851,1776161],[-100,132]],[[6018751,1776293],[100,-132]],[[6012789,1775121],[-66,-198]],[[6012723,1774923],[66,198]],[[6060387,1774988],[-2043,722]],[[6058344,1775710],[2043,-722]],[[6013430,1774764],[550,495]],[[6013980,1775259],[-550,-495]],[[6064088,1774014],[-1928,507]],[[6062160,1774521],[1928,-507]],[[6061014,1774823],[-425,111]],[[6060589,1774934],[425,-111]],[[6010699,1774637],[-207,482]],[[6010492,1775119],[207,-482]],[[6061705,1774641],[-318,84]],[[6061387,1774725],[318,-84]],[[6011193,1774468],[-332,-207]],[[6010861,1774261],[332,207]],[[6064637,1773870],[-413,108]],[[6064224,1773978],[413,-108]],[[6024190,1773800],[-3815,-2748],[-680,1211]],[[6019695,1772263],[4495,1537]],[[6070134,1771869],[-3982,1602]],[[6066152,1773471],[3982,-1602]],[[6004868,1773649],[420,70]],[[6005288,1773719],[-420,-70]],[[6024997,1773706],[-555,43]],[[6024442,1773749],[555,-43]],[[6025815,1773643],[7,-12]],[[6025822,1773631],[-7,12]],[[6018491,1769448],[-657,3780]],[[6017834,1773228],[657,-3780]],[[6032341,1761337],[-2856,1961],[-3430,9092]],[[6026055,1772390],[1654,-1064],[1378,-5814],[3254,-4175]],[[6000093,1771757],[100,260]],[[6000193,1772017],[-100,-260]],[[5996252,1768736],[-79,43]],[[5996173,1768779],[79,-43]],[[6073318,1767801],[-2345,1845]],[[6070973,1769646],[2345,-1845]],[[5990740,1768791],[-1264,307]],[[5989476,1769098],[1264,-307]],[[5992150,1766010],[-753,3654]],[[5991397,1769664],[753,-3654]],[[5988669,1769546],[-252,104]],[[5988417,1769650],[252,-104]],[[6018957,1767601],[1918,1992]],[[6020875,1769593],[-1918,-1992]],[[5999327,1769082],[854,223]],[[6000181,1769305],[-854,-223]],[[5997405,1767984],[-342,309]],[[5997063,1768293],[342,-309]],[[5997506,1768108],[-43,-33]],[[5997463,1768075],[43,33]],[[6073495,1766624],[-48,899]],[[6073447,1767523],[48,-899]],[[5993113,1765735],[-164,-218]],[[5992949,1765517],[164,218]],[[5992679,1765158],[-49,-66]],[[5992630,1765092],[49,66]],[[5993702,1763863],[2375,-2493],[1003,2270]],[[5997080,1763640],[-1364,-3682],[-2014,3905]],[[6080171,1763250],[-2307,-852],[-2552,1236]],[[6075312,1763634],[4859,-384]],[[5991383,1762743],[1537,353]],[[5992920,1763096],[-1537,-353]],[[5990220,1763510],[-138,-188]],[[5990082,1763322],[138,188]],[[5999282,1760986],[-339,1510]],[[5998943,1762496],[339,-1510]],[[6021649,1761801],[-2755,934]],[[6018894,1762735],[2755,-934]],[[6022107,1761057],[-286,560]],[[6021821,1761617],[286,-560]],[[6084812,1756530],[-3456,5063]],[[6081356,1761593],[3456,-5063]],[[5991499,1757926],[-938,3571]],[[5990561,1761497],[938,-3571]],[[6032382,1761125],[47,16]],[[6032429,1761141],[-47,-16]],[[5988164,1759039],[-450,1188]],[[5987714,1760227],[450,-1188]],[[6023017,1759280],[-200,391]],[[6022817,1759671],[200,-391]],[[6024078,1757207],[-936,1829]],[[6023142,1759036],[936,-1829]],[[5996183,1758578],[2235,-466]],[[5998418,1758112],[-2235,466]],[[5998560,1758137],[55,9]],[[5998615,1758146],[-55,-9]],[[6024861,1755677],[-754,990]],[[6024107,1756667],[754,-990]],[[6001068,1755122],[-814,-392]],[[6000254,1754730],[814,392]],[[5994090,1751840],[-908,2350]],[[5993182,1754190],[908,-2350]],[[5997918,1753145],[-669,-2438]],[[5997249,1750707],[669,2438]],[[5981045,1753923],[3348,-2310],[5706,132],[3051,2301]],[[5993150,1754046],[-2567,-2478],[-4849,-746]],[[5985734,1750822],[-5257,1601],[140,1376]],[[5980617,1753799],[428,124]],[[5985734,1750822],[2336,-1964]],[[5988070,1748858],[-2336,1964]],[[6035462,1754114],[-138,-3151]],[[6035324,1750963],[138,3151]],[[5980725,1753885],[-100,-79]],[[5980625,1753806],[100,79]],[[6025798,1753597],[-3,9]],[[6025795,1753606],[3,-9]],[[6084387,1752512],[-702,-841]],[[6083685,1751671],[702,841]],[[6083685,1751671],[-300,-627]],[[6083385,1751044],[300,627]],[[6083099,1749061],[204,1981]],[[6083303,1751042],[-204,-1981]],[[5996947,1750494],[-494,-349]],[[5996453,1750145],[494,349]],[[6083439,1747944],[344,-874]],[[6083783,1747070],[-344,874]],[[6028601,1745962],[12,-33]],[[6028613,1745929],[-12,33]],[[5990809,1745727],[-141,-141]],[[5990668,1745586],[141,141]],[[5991748,1745802],[-428,41]],[[5991320,1745843],[428,-41]],[[5990645,1745722],[-717,-85]],[[5989928,1745637],[717,85]],[[5998093,1744633],[-1549,1070]],[[5996544,1745703],[1549,-1070]],[[6002819,1745098],[672,276]],[[6003491,1745374],[-672,-276]],[[6029914,1742383],[-305,833]],[[6029609,1743216],[305,-833]],[[6002123,1743191],[-221,-6]],[[6001902,1743185],[221,6]],[[6045722,1742865],[319,-2444]],[[6046041,1740421],[-319,2444]],[[6025896,1739443],[-1512,1073]],[[6024384,1740516],[1512,-1073]],[[6020023,1738597],[4208,2150]],[[6024231,1740747],[-4208,-2150]],[[6032370,1740284],[-154,140]],[[6032216,1740424],[154,-140]],[[6031370,1740364],[-227,-123]],[[6031143,1740241],[227,123]],[[6030741,1740117],[-619,8]],[[6030122,1740125],[619,-8]],[[6047522,1739468],[-1493,879]],[[6046029,1740347],[1493,-879]],[[6028894,1739981],[51,-81]],[[6028945,1739900],[-51,81]],[[6040102,1738611],[-2152,469]],[[6037950,1739080],[2152,-469]],[[6034797,1738077],[-672,611]],[[6034125,1738688],[672,-611]],[[6047120,1738615],[395,-380]],[[6047515,1738235],[-395,380]],[[6017547,1738172],[247,229]],[[6017794,1738401],[-247,-229]],[[6040163,1737864],[-46,569]],[[6040117,1738433],[46,-569]],[[6047977,1737790],[920,-1245]],[[6048897,1736545],[-920,1245]],[[6084305,1737673],[-1063,-1296]],[[6083242,1736377],[1063,1296]],[[6047243,1735958],[-2150,82]],[[6045093,1736040],[2150,-82]],[[6040243,1737150],[-31,94]],[[6040212,1737244],[31,-94]],[[6014365,1735881],[571,1017]],[[6014936,1736898],[-571,-1017]],[[6036919,1736666],[110,171]],[[6037029,1736837],[-110,-171]],[[6049686,1734406],[579,-1570]],[[6050265,1732836],[-579,1570]],[[6014357,1735895],[-606,-487]],[[6013751,1735408],[606,487]],[[6025868,1734478],[648,458]],[[6026516,1734936],[-648,-458]],[[6014383,1733998],[-255,568]],[[6014128,1734566],[255,-568]],[[6025181,1734005],[-225,-155]],[[6024956,1733850],[225,155]],[[6054332,1733897],[-383,-1066]],[[6053949,1732831],[383,1066]],[[6024996,1732761],[-228,960]],[[6024768,1733721],[228,-960]],[[6013916,1732642],[232,614]],[[6014148,1733256],[-232,-614]],[[6193870,1732278],[-2751,-740]],[[6191119,1731538],[2751,740]],[[6078877,1732438],[-92,-9]],[[6078785,1732429],[92,9]],[[6206532,1730145],[-4866,333]],[[6201666,1730478],[4866,-333]],[[6190465,1731107],[-604,-398]],[[6189861,1730709],[604,398]],[[6012946,1730081],[300,792]],[[6013246,1730873],[-300,-792]],[[6211743,1729726],[-3236,284]],[[6208507,1730010],[3236,-284]],[[6079593,1728184],[-428,2249]],[[6079165,1730433],[428,-2249]],[[6221437,1727077],[-1280,2888]],[[6220157,1729965],[1280,-2888]],[[6013927,1728743],[1190,-2240],[-1426,-2996]],[[6013691,1723507],[236,5236]],[[6214292,1729367],[1394,-197]],[[6215686,1729170],[-1394,197]],[[6012423,1728700],[161,425]],[[6012584,1729125],[-161,-425]],[[6013200,1728577],[435,-32]],[[6013635,1728545],[-435,32]],[[6176964,1726053],[7114,917]],[[6184078,1726970],[-7114,-917]],[[6023067,1718277],[-3898,3594],[-1298,-1261]],[[6017871,1720610],[1221,1739],[3537,-2178],[438,-1894]],[[6167512,1719563],[4872,3248]],[[6172384,1722811],[-4872,-3248]],[[6017253,1720094],[-2266,-938],[-3094,-4817],[-3041,-1970]],[[6008852,1712369],[2527,1799],[1136,4417],[3683,2605],[1055,-1096]],[[6024759,1716717],[-1279,1179]],[[6023480,1717896],[1279,-1179]],[[6007521,1716464],[-299,314]],[[6007222,1716778],[299,-314]],[[6035318,1717734],[-15,-4]],[[6035303,1717730],[15,4]],[[6237253,1716744],[-1473,-175]],[[6235780,1716569],[1473,175]],[[6016526,1713956],[-2261,595]],[[6014265,1714551],[2261,-595]],[[6005436,1714168],[63,268]],[[6005499,1714436],[-63,-268]],[[6003799,1713289],[-131,116]],[[6003668,1713405],[131,-116]],[[6244369,1712761],[-48,13]],[[6244321,1712774],[48,-13]],[[6017277,1710460],[-753,-1142]],[[6016524,1709318],[753,1142]],[[6010910,1707808],[2098,3735]],[[6013008,1711543],[-2098,-3735]],[[6250314,1706681],[-1674,2709]],[[6248640,1709390],[1674,-2709]],[[6007802,1709357],[-17,-33]],[[6007785,1709324],[17,33]],[[6022331,1707460],[781,1850]],[[6023112,1709310],[-781,-1850]],[[6005500,1707393],[-985,-1057]],[[6004515,1706336],[985,1057]],[[6255687,1706242],[-977,110]],[[6254710,1706352],[977,-110]],[[6015869,1704978],[-547,-1129]],[[6015322,1703849],[547,1129]],[[6015215,1703863],[-851,102]],[[6014364,1703965],[851,-102]],[[6014970,1703457],[-460,190]],[[6014510,1703647],[460,-190]],[[6257276,1701883],[-34,42]],[[6257242,1701925],[34,-42]],[[6263334,1699080],[-788,2679]],[[6262546,1701759],[788,-2679]],[[6279112,1678270],[-133,128]],[[6278979,1678398],[133,-128]],[[6132831,1675439],[-119,-38]],[[6132712,1675401],[119,38]],[[6131297,1674919],[-737,-201]],[[6130560,1674718],[737,201]],[[6131297,1674919],[1118,388]],[[6132415,1675307],[-1118,-388]],[[6129768,1674404],[217,132]],[[6129985,1674536],[-217,-132]],[[6129569,1674404],[-156,-49]],[[6129413,1674355],[156,49]],[[6129179,1674280],[-269,-85]],[[6128910,1674195],[269,85]],[[6128763,1674148],[-363,-379]],[[6128400,1673769],[363,379]],[[6107186,1671737],[-3537,366]],[[6103649,1672103],[3537,-366]],[[6296847,1671518],[-10127,515]],[[6286720,1672033],[1788,537],[8339,-1052]],[[6122708,1672227],[-449,-312]],[[6122259,1671915],[449,312]],[[6102862,1671600],[-1430,-747]],[[6101432,1670853],[1430,747]],[[6105802,1669086],[1480,2500]],[[6107282,1671586],[-1480,-2500]],[[6101253,1670829],[-841,-1091]],[[6100412,1669738],[841,1091]],[[6111852,1669167],[-1604,-1691],[-5166,-2316],[0,1580]],[[6105082,1666740],[2435,-129],[4335,2556]],[[6044636,1667510],[824,-644]],[[6045460,1666866],[-824,644]],[[6043747,1667254],[-396,-380]],[[6043351,1666874],[396,380]],[[6042830,1666375],[-373,762]],[[6042457,1667137],[373,-762]],[[6040253,1665999],[-1,-152]],[[6040252,1665847],[-74,-1772]],[[6040178,1664075],[-239,2910]],[[6039939,1666985],[314,-986]],[[6039530,1666880],[-394,-984]],[[6039136,1665896],[394,984]],[[6045237,1666674],[-79,-890]],[[6045158,1665784],[79,890]],[[6038492,1666244],[-53,428]],[[6038439,1666672],[53,-428]],[[6047312,1665745],[-21,-2808],[-3665,926]],[[6043626,1663863],[3686,1882]],[[6046171,1665747],[-202,97]],[[6045969,1665844],[202,-97]],[[6037576,1664829],[-295,-1151]],[[6037281,1663678],[295,1151]],[[6089687,1664569],[565,124]],[[6090252,1664693],[-565,-124]],[[6042151,1663916],[412,-185]],[[6042563,1663731],[-412,185]],[[6040661,1663227],[-270,473]],[[6040391,1663700],[270,-473]],[[6020554,1660858],[1031,-1530]],[[6021585,1659328],[-1031,1530]],[[6041650,1660380],[1391,2275]],[[6043041,1662655],[-1391,-2275]],[[6041498,1662147],[-510,505]],[[6040988,1662652],[510,-505]],[[6035113,1660162],[-142,-203]],[[6034971,1659959],[-105,-18]],[[6034866,1659941],[155,2414]],[[6035021,1662355],[335,-1433],[-243,-760]],[[6014391,1660558],[-1078,-51]],[[6013313,1660507],[1078,51]],[[6005514,1660566],[1167,1661]],[[6006681,1662227],[-1167,-1661]],[[6004852,1661884],[-6,-124]],[[6004846,1661760],[6,124]],[[6025960,1660282],[-469,193]],[[6025491,1660475],[469,-193]],[[6036809,1661268],[-220,361]],[[6036589,1661629],[220,-361]],[[6036051,1661497],[-133,-189]],[[6035918,1661308],[133,189]],[[6037362,1661324],[183,-846]],[[6037545,1660478],[-183,846]],[[6037144,1660716],[-264,434]],[[6036880,1661150],[264,-434]],[[6033458,1660885],[172,97]],[[6033630,1660982],[-172,-97]],[[6003387,1659776],[-78,1174]],[[6003309,1660950],[78,-1174]],[[6015148,1659583],[-606,780]],[[6014542,1660363],[606,-780]],[[6005040,1659730],[473,-1665]],[[6005513,1658065],[-473,1665]],[[6032055,1660005],[-1643,-475]],[[6030412,1659530],[1643,475]],[[6042439,1658896],[-426,801]],[[6042013,1659697],[426,-801]],[[6002412,1659733],[192,-3420]],[[6002604,1656313],[-192,3420]],[[6029558,1658928],[-973,263]],[[6028585,1659191],[973,-263]],[[6078472,1659014],[-247,-1505]],[[6078225,1657509],[247,1505]],[[6022520,1658561],[208,-34]],[[6022728,1658527],[-208,34]],[[6015755,1658329],[-218,-251]],[[6015537,1658078],[218,251]],[[6027285,1658178],[-404,204]],[[6026881,1658382],[404,-204]],[[6042960,1656230],[806,1432]],[[6043766,1657662],[-806,-1432]],[[6015014,1658021],[301,-231]],[[6015315,1657790],[-301,231]],[[6042464,1656895],[-2062,-1615]],[[6040402,1655280],[2062,1615]],[[6078955,1653837],[48,1328]],[[6079003,1655165],[-48,-1328]],[[6079291,1651692],[788,-1229]],[[6080079,1650463],[-788,1229]],[[6029730,1651212],[2781,659]],[[6032511,1651871],[-2781,-659]],[[6033317,1651402],[723,39]],[[6034040,1651441],[-723,-39]],[[6029729,1651211],[-2816,-1715]],[[6026913,1649496],[2816,1715]],[[6017406,1646115],[7717,2452]],[[6025123,1648567],[-1072,-947],[-6645,-1505]],[[6017353,1646092],[-1733,-199]],[[6015620,1645893],[1733,199]],[[6042509,1647956],[-373,-171]],[[6042136,1647785],[373,171]],[[6004148,1645529],[-154,2268]],[[6003994,1647797],[154,-2268]],[[6040806,1647061],[-2245,-1080]],[[6038561,1645981],[2245,1080]],[[6082990,1647458],[1028,-3268]],[[6084018,1644190],[-1028,3268]],[[6006011,1646481],[-1080,500]],[[6004931,1646981],[1080,-500]],[[6011536,1646614],[-109,39]],[[6011427,1646653],[109,-39]],[[6009987,1645689],[1419,847]],[[6011406,1646536],[-1419,-847]],[[5999000,1646248],[-432,-444]],[[5998568,1645804],[432,444]],[[6013465,1645804],[-849,357]],[[6012616,1646161],[849,-357]],[[6003650,1645454],[-170,298]],[[6003480,1645752],[170,-298]],[[6037832,1645395],[-905,-728]],[[6036927,1644667],[905,728]],[[6058045,1645263],[2046,-3000],[655,-4244]],[[6060746,1638019],[-2701,7244]],[[5999091,1645215],[-710,-457]],[[5998381,1644758],[710,457]],[[6047802,1643262],[-85,1579]],[[6047717,1644841],[85,-1579]],[[6036879,1644628],[-1041,-837]],[[6035838,1643791],[1041,837]],[[6083182,1644241],[-1205,-256]],[[6081977,1643985],[1205,256]],[[6054261,1643616],[-1902,-967]],[[6052359,1642649],[1902,967]],[[6083769,1644205],[-200,12]],[[6083569,1644217],[200,-12]],[[6081935,1644056],[-183,-146]],[[6081752,1643910],[183,146]],[[6081412,1643639],[9,-1530]],[[6081421,1642109],[-9,1530]],[[6034974,1642865],[-712,-169]],[[6034262,1642696],[712,169]],[[6033802,1642583],[-888,-373]],[[6032914,1642210],[888,373]],[[6032878,1642195],[-4366,-1831]],[[6028512,1640364],[1982,2091],[2384,-260]],[[6051175,1642047],[-424,-216]],[[6050751,1641831],[424,216]],[[6050732,1641822],[-292,-149]],[[6050440,1641673],[292,149]],[[6048881,1641153],[326,-107]],[[6049207,1641046],[-326,107]],[[6028305,1640277],[-2129,-892]],[[6026176,1639385],[2129,892]],[[6081700,1640097],[-26,-110]],[[6081674,1639987],[26,110]],[[6081473,1639131],[-120,-1163]],[[6081353,1637968],[120,1163]],[[6026746,1624157],[-2707,5990],[-3569,4015],[1193,3815],[2486,379]],[[6024149,1638356],[-2628,-2111],[0,-2332],[3788,-5476],[1437,-4280]],[[6081353,1635135],[0,-277]],[[6081353,1634858],[0,277]],[[6076315,1610222],[1978,7716],[164,9868],[2896,4678]],[[6081353,1632484],[-1715,-4553],[0,-8130],[-3323,-9579]],[[6026903,1623815],[31,-357]],[[6026934,1623458],[-31,357]],[[6027824,1619863],[-426,1001]],[[6027398,1620864],[426,-1001]],[[6027371,1620951],[0,506]],[[6027371,1621457],[0,-506]],[[6025844,1616245],[-145,-162]],[[6025699,1616083],[145,162]],[[5952273,1603543],[1795,2346]],[[5954068,1605889],[-1795,-2346]],[[5948126,1601958],[-6531,-2890],[-2592,1666],[-5108,-2184],[-973,3310],[3043,3141]],[[5935965,1605001],[-626,-4605],[3489,2148],[4173,-1197],[5125,611]],[[6030796,1602534],[353,-4669],[1726,-3819],[2451,-1695]],[[6035326,1592351],[-3026,633],[-1926,5202],[422,4348]],[[5944074,1597071],[163,0]],[[5944237,1597071],[121,64]],[[5944358,1597135],[1268,649]],[[5945626,1597784],[255,-65]],[[5945881,1597719],[5803,5490]],[[5951684,1603209],[-5658,-7631],[-1952,1493]],[[6062543,1594544],[-2480,-2652]],[[6060063,1591892],[2480,2652]],[[6055334,1574709],[2144,13153],[1933,2702]],[[6059411,1590564],[-4077,-15855]],[[6081733,1572357],[-74,554]],[[6081659,1572911],[2190,37]],[[6083849,1572948],[3085,-2464],[1397,4847],[1928,951],[700,-4431]],[[6090959,1571851],[-4530,-3202],[-3486,3569],[-1210,139]],[[6083628,1573171],[-1728,639]],[[6081900,1573810],[1728,-639]],[[6091202,1571547],[518,-648]],[[6091720,1570899],[-518,648]],[[6051216,1564187],[-1923,3359],[3981,3703]],[[6053274,1571249],[-2656,-2913],[598,-4149]],[[6083384,1569355],[-66,109]],[[6083318,1569464],[66,-109]],[[6096399,1566967],[-2062,-833]],[[6094337,1566134],[2062,833]],[[6095393,1565625],[-1905,-1996]],[[6093488,1563629],[1905,1996]],[[6093423,1563554],[2531,-6622]],[[6095954,1556932],[-3873,5203],[1342,1419]],[[6064208,1563305],[3055,-675],[3046,-2157]],[[6070309,1560473],[-2224,-217],[-3877,3049]],[[6054256,1562664],[1149,-462]],[[6055405,1562202],[-1149,462]],[[6105124,1559173],[-1522,839]],[[6103602,1560012],[1522,-839]],[[6072144,1559557],[2129,-5406]],[[6074273,1554151],[-2129,5406]],[[6097510,1555227],[3078,1712]],[[6100588,1556939],[-3078,-1712]],[[6131810,1555325],[1368,-3931]],[[6133178,1551394],[-1368,3931]],[[6131407,1554056],[11,120]],[[6131418,1554176],[-11,-120]],[[6123307,1548829],[1726,-4469],[2409,-168],[3431,3988],[503,5530]],[[6131376,1553710],[914,-4645],[-3287,-4980],[-3971,-1470],[-1729,2109],[4,4105]],[[6140488,1547439],[-18,213]],[[6140470,1547652],[18,-213]],[[6137818,1545907],[2536,1756]],[[6140354,1547663],[-2536,-1756]],[[6148636,1546485],[-3247,-2744]],[[6145389,1543741],[3247,2744]],[[6145149,1543509],[-2505,-2423]],[[6142644,1541086],[2505,2423]],[[6142454,1529580],[-382,-2796]],[[6142072,1526784],[382,2796]],[[5991527,1528257],[1701,-3282]],[[5993228,1524975],[-1701,3282]],[[6155711,1527837],[-2117,-2351]],[[6153594,1525486],[2117,2351]],[[5984410,1522895],[1716,2339]],[[5986126,1525234],[-1716,-2339]],[[6154718,1521859],[-1732,-3745]],[[6152986,1518114],[1732,3745]],[[5957600,1515044],[1735,2686],[4594,2697],[3199,-689],[1799,1353],[3017,-335]],[[5971944,1520756],[-3721,-1491],[-4472,-491],[-6151,-3730]],[[5981336,1520365],[-1085,-1100],[-4840,1513]],[[5975411,1520778],[5925,-413]],[[5972544,1520960],[-494,-35]],[[5972050,1520925],[494,35]],[[6152293,1518079],[-1599,-699]],[[6150694,1517380],[1599,699]],[[6360966,1487466],[-2380,7089],[889,10487],[2845,3890],[2172,8565],[2925,-697],[-1587,-5858],[-2019,79],[-463,-4685],[1771,-421],[-1834,-10661],[-2402,-5788],[83,-2000]],[[5994955,1515987],[-857,905]],[[5994098,1516892],[857,-905]],[[5998312,1512229],[-3248,3526]],[[5995064,1515755],[3248,-3526]],[[5948778,1510010],[600,1538],[7049,2475]],[[5956427,1514023],[-3335,-2904],[-4314,-1109]],[[5947708,1508424],[-1737,-2275]],[[5945971,1506149],[1737,2275]],[[5945628,1505961],[-748,-412]],[[5944880,1505549],[748,412]],[[5944875,1505547],[-4212,-2317]],[[5940663,1503230],[4212,2317]],[[5940339,1503052],[-7812,-4978]],[[5932527,1498074],[2679,4287],[5133,691]],[[5998333,1501773],[1917,-471]],[[6000250,1501302],[-1917,471]],[[5998118,1496856],[-109,2237]],[[5998009,1499093],[109,-2237]],[[5932669,1495446],[-313,2169]],[[5932356,1497615],[313,-2169]],[[5995964,1495710],[1817,836]],[[5997781,1496546],[-1817,-836]],[[5933606,1494123],[2090,-1643]],[[5935696,1492480],[-2090,1643]],[[5935696,1492480],[5233,-3404],[4074,-5523]],[[5945003,1483553],[-3317,4028],[-5990,4899]],[[5993628,1488651],[-585,362]],[[5993043,1489013],[585,-362]],[[5994291,1487145],[-438,1367]],[[5993853,1488512],[726,-881]],[[5994579,1487631],[-33,-29]],[[5994546,1487602],[-255,-457]],[[5989157,1481879],[2448,-712]],[[5991605,1481167],[-2448,712]],[[5999859,1484791],[-2005,1070]],[[5997854,1485861],[2005,-1070]],[[5999461,1481652],[-1592,1363]],[[5997869,1483015],[1592,-1363]],[[5997009,1482531],[822,621]],[[5997831,1483152],[-822,-621]],[[5953274,1478426],[-3275,2517],[-4632,2207]],[[5945367,1483150],[7850,-3323],[57,-1401]],[[5996825,1482427],[-1019,-655]],[[5995806,1481772],[1019,655]],[[5992761,1480225],[-1156,348]],[[5991605,1480573],[1156,-348]],[[6160083,1478043],[1993,2239]],[[6162076,1480282],[-1993,-2239]],[[5995364,1478477],[1414,1401]],[[5996778,1479878],[-1414,-1401]],[[6378912,1453772],[-1891,4283],[10,4016],[-2021,3910],[2574,4985],[1965,7227],[2894,1023],[1702,-7198],[-2283,-5894],[-1423,-9316],[-1527,-3036]],[[6161398,1477124],[758,1617]],[[6162156,1478741],[-758,-1617]],[[5953926,1478732],[2916,-487]],[[5956842,1478245],[-2916,487]],[[5984711,1477932],[2035,417]],[[5986746,1478349],[-2035,-417]],[[6157799,1476936],[742,360]],[[6158541,1477296],[-742,-360]],[[5960532,1477294],[-834,-60]],[[5959698,1477234],[834,60]],[[5957037,1477325],[21,-12]],[[5957058,1477313],[-21,12]],[[5984842,1474477],[-1428,2519]],[[5983414,1476996],[1428,-2519]],[[5959263,1476969],[227,2]],[[5959490,1476971],[-227,-2]],[[5958972,1476767],[-417,-216]],[[5958555,1476551],[417,216]],[[5957464,1476822],[668,-39]],[[5958132,1476783],[-668,39]],[[5960093,1476005],[202,591]],[[5960295,1476596],[-202,-591]],[[5963557,1476339],[-147,32]],[[5963410,1476371],[147,-32]],[[5964116,1476207],[1415,-1068]],[[5965531,1475139],[-1415,1068]],[[5963508,1476211],[526,-216]],[[5964034,1475995],[-526,216]],[[5967802,1475967],[-71,111]],[[5967731,1476078],[71,-111]],[[5967179,1475760],[420,242]],[[5967599,1476002],[-420,-242]],[[6160859,1475735],[-16,-55]],[[6160843,1475680],[16,55]],[[6158873,1472382],[1307,1703]],[[6160180,1474085],[-1307,-1703]],[[5981600,1470629],[2711,2535]],[[5984311,1473164],[-2711,-2535]],[[5980319,1470293],[-821,-26]],[[5979498,1470267],[821,26]],[[6156427,1470013],[-440,-515]],[[6155987,1469498],[440,515]],[[6157839,1465014],[-1769,3748]],[[6156070,1468762],[1769,-3748]],[[6158067,1464518],[5397,-5199]],[[6163464,1459319],[-699,-790],[-4698,5989]],[[6170528,1454610],[1615,-1306],[8944,-15293],[4125,-660],[3441,1994],[6871,6152],[2404,730]],[[6197928,1446227],[-4921,-3655],[-4664,-4409],[-4684,-1327],[-1429,-1627],[-2721,3375],[-4931,10156],[-4169,4421],[119,1449]],[[6399023,1411357],[-2139,512],[480,3867],[-4120,2947],[282,3648],[5906,315],[517,-3127],[-1361,-2520],[1486,-3164],[-1051,-2478]],[[6342970,1419726],[-7777,335],[-2851,1832],[1601,4397],[3921,771],[5232,-4543],[-126,-2792]],[[6219662,1246966],[-2732,3467],[258,5657],[-4133,3264],[848,4694],[3280,-2938],[404,-3614],[2963,-3984],[930,-4262],[-1818,-2284]],[[6294109,1134415],[-1671,-656],[-3904,6560],[-3525,2342],[-5724,6356],[135,6554],[2023,-1245],[604,-4018],[4496,-3072],[2974,-4985],[8757,-4087],[-919,-3150],[-3246,-599]],[[6045769,1781188],[-7284,2579]],[[6038485,1783767],[5264,-955],[2020,-1624]],[[6056520,1778850],[-2249,-512]],[[6054271,1778338],[2249,512]],[[6016664,1777875],[1797,-1362]],[[6018461,1776513],[-1797,1362]],[[6026802,1776417],[34,-55]],[[6026836,1776362],[-34,55]],[[6052537,1775955],[-753,-428]],[[6051784,1775527],[753,428]],[[6005680,1773481],[318,247]],[[6005998,1773728],[-318,-247]],[[6018101,1766719],[1341,-3341]],[[6019442,1763378],[-1341,3341]],[[5992468,1765132],[-322,739]],[[5992146,1765871],[322,-739]],[[6075191,1763979],[-1591,942]],[[6073600,1764921],[1591,-942]],[[5997257,1764697],[1102,631]],[[5998359,1765328],[-1102,-631]],[[6018006,1763186],[121,-191]],[[6018127,1762995],[-121,191]],[[6018131,1764921],[1307,-1543]],[[6019438,1763378],[-1307,1543]],[[5991499,1757562],[-13,-466]],[[5991486,1757096],[13,466]],[[6084749,1755005],[21,-1891]],[[6084770,1753114],[-21,1891]],[[6025394,1754636],[-149,291]],[[6025245,1754927],[149,-291]],[[6025394,1754626],[216,-517]],[[6025610,1754109],[-216,517]],[[6026803,1750723],[1165,-3383]],[[6027968,1747340],[-1165,3383]],[[5994666,1750201],[-154,403]],[[5994512,1750604],[154,-403]],[[5994652,1750067],[1766,53]],[[5996418,1750120],[-1766,-53]],[[6007323,1747080],[-2275,-1221]],[[6005048,1745859],[2275,1221]],[[6028368,1746597],[-280,683]],[[6028088,1747280],[280,-683]],[[5991039,1745870],[-87,0]],[[5990952,1745870],[87,0]],[[6085571,1743773],[14,-3661]],[[6085585,1740112],[-14,3661]],[[6001483,1743626],[153,-869]],[[6001636,1742757],[-153,869]],[[6002304,1743483],[-121,409]],[[6002183,1743892],[121,-409]],[[6010451,1738373],[-1643,1961]],[[6008808,1740334],[1643,-1961]],[[6032900,1739802],[1003,-912]],[[6033903,1738890],[-1003,912]],[[6037925,1737943],[-604,-507]],[[6037321,1737436],[604,507]],[[6034994,1737821],[1671,-1155]],[[6036665,1736666],[-1671,1155]],[[6026262,1735387],[-8,616]],[[6026254,1736003],[8,-616]],[[6040837,1736789],[3848,-1018]],[[6044685,1735771],[-3848,1018]],[[6062059,1735469],[763,626]],[[6062822,1736095],[-763,-626]],[[6048346,1730332],[-945,4604]],[[6047401,1734936],[2143,-4763]],[[6049544,1730173],[-1198,159]],[[6014061,1734717],[-195,278]],[[6013866,1734995],[195,-278]],[[6054350,1731693],[-438,946]],[[6053912,1732639],[438,-946]],[[6013846,1732457],[65,173]],[[6013911,1732630],[-65,-173]],[[6013672,1732000],[-350,-927]],[[6013322,1731073],[350,927]],[[6054314,1730973],[-1610,1006]],[[6052704,1731979],[1610,-1006]],[[6047326,1728577],[329,-959]],[[6047655,1727618],[-329,959]],[[6012383,1728595],[-33,-357]],[[6012350,1728238],[33,357]],[[6026984,1724696],[1084,-4670]],[[6028068,1720026],[-1084,4670]],[[6028670,1718719],[918,-249]],[[6029588,1718470],[-918,249]],[[6029588,1718470],[1564,-828]],[[6031152,1717642],[-1564,828]],[[6011981,1721825],[-145,-1728]],[[6011836,1720097],[145,1728]],[[6013029,1720619],[-154,-564]],[[6012875,1720055],[154,564]],[[6017615,1720099],[226,246]],[[6017841,1720345],[-226,-246]],[[6012788,1719984],[-457,-228]],[[6012331,1719756],[457,228]],[[6007039,1716724],[-1494,-2182]],[[6005545,1714542],[1494,2182]],[[6160916,1712198],[-1411,-4407]],[[6159505,1707791],[1411,4407]],[[6004110,1713013],[1291,1173]],[[6005401,1714186],[-1291,-1173]],[[6015839,1706425],[18,-1175]],[[6015857,1705250],[-18,1175]],[[6263586,1698148],[1329,-1986]],[[6264915,1696162],[-1329,1986]],[[6271965,1689877],[-3178,3731]],[[6268787,1693608],[3178,-3731]],[[6278628,1678973],[-3755,6145]],[[6274873,1685118],[3755,-6145]],[[6142469,1685090],[279,498]],[[6142748,1685588],[-279,-498]],[[6279656,1677731],[6486,-5872]],[[6286142,1671859],[-6486,5872]],[[6134742,1676441],[-1724,-943]],[[6133018,1675498],[1724,943]],[[6104660,1667433],[350,571]],[[6105010,1668004],[-350,-571]],[[6037252,1667152],[-1061,1629]],[[6036191,1668781],[1061,-1629]],[[6036158,1667166],[882,-278]],[[6037040,1666888],[-882,278]],[[6046711,1665491],[-227,108]],[[6046484,1665599],[227,-108]],[[6038941,1665408],[-323,-189]],[[6038618,1665219],[323,189]],[[6037324,1662009],[245,901]],[[6037569,1662910],[-245,-901]],[[6019614,1661741],[924,-883]],[[6020538,1660858],[-924,883]],[[6013000,1659069],[584,662]],[[6013584,1659731],[-584,-662]],[[6025272,1660475],[-320,165]],[[6024952,1660640],[320,-165]],[[6024952,1660640],[-287,-1018]],[[6024665,1659622],[287,1018]],[[6037605,1659967],[0,236]],[[6037605,1660203],[0,-236]],[[6004592,1659776],[208,108]],[[6004800,1659884],[-208,-108]],[[6026114,1660219],[713,-1816]],[[6026827,1658403],[-713,1816]],[[6037392,1660221],[52,-194]],[[6037444,1660027],[-407,-379]],[[6037037,1659648],[261,683]],[[6037298,1660331],[94,-110]],[[6042668,1658464],[-241,413]],[[6042427,1658877],[241,-413]],[[6078237,1657502],[554,-1882]],[[6078791,1655620],[-554,1882]],[[6040394,1654981],[264,-1375],[-2741,-1155],[-3319,-787]],[[6034598,1651664],[1476,1838],[2554,-445],[1766,1924]],[[6002587,1651344],[-83,-2405]],[[6002504,1648939],[83,2405]],[[6080683,1649933],[2291,-2432]],[[6082974,1647501],[-2291,2432]],[[6047672,1646554],[-478,1270]],[[6047194,1647824],[478,-1270]],[[6000704,1646255],[-614,-204]],[[6000090,1646051],[614,204]],[[6036580,1591435],[-1254,916]],[[6035326,1592351],[1254,-916]],[[6081855,1635582],[0,90]],[[6081855,1635672],[0,-90]],[[6025397,1615497],[3794,-7035]],[[6029191,1608462],[-2157,1775],[-1637,5260]],[[6076315,1610169],[-4339,-13209],[-5080,-2960],[-1047,386]],[[6065849,1594386],[5688,2685],[4778,13098]],[[6029796,1607005],[-116,284]],[[6029680,1607289],[116,-284]],[[6029818,1604165],[659,-902]],[[6030477,1603263],[-659,902]],[[5945521,1598864],[-1348,-1306]],[[5944173,1597558],[1348,1306]],[[6061983,1637086],[-523,-6711],[1726,-1220],[-766,-8116],[-2777,-14534],[-319,-12074],[-3321,-3748]],[[6056003,1590683],[2499,5449],[-983,6044],[1966,1641],[77,4724],[2535,15125],[0,3605],[-1369,4817],[1255,4998]],[[6037048,1590808],[2968,-3972],[6197,-4004],[2477,-751],[2747,-4157],[1330,536],[2236,7862]],[[6055003,1586322],[-561,-5699],[-3038,-4088],[-2366,4039],[-3797,2118],[-3783,-3353],[-989,3961],[-3421,7508]],[[6092881,1569123],[406,-1056]],[[6093287,1568067],[-406,1056]],[[6085993,1566392],[1325,-699],[247,-4986],[-5113,-6587],[-3527,-384],[-3679,-1839]],[[6075246,1551897],[4739,3922],[3441,997],[3093,3329],[839,3758],[-1365,2489]],[[6105958,1558929],[4361,561]],[[6110319,1559490],[-2482,-2528],[-1879,1967]],[[6100690,1557448],[2209,3259]],[[6102899,1560707],[-2209,-3259]],[[6111841,1558621],[211,-1879],[5415,-5233],[5657,2229]],[[6123124,1553738],[-3560,-3449],[-3131,512],[-4365,5800],[-227,2020]],[[6148761,1549515],[-3656,-2166]],[[6145105,1547349],[3656,2166]],[[6133217,1549433],[-966,-6407],[694,-3988],[1369,1334],[3412,5390]],[[6137726,1545762],[-365,-2632],[-3540,-4282],[-1968,-319],[-1001,1466],[404,4216],[1961,5222]],[[6140490,1547409],[1371,-2515]],[[6141861,1544894],[-1371,2515]],[[6142155,1529917],[-902,-336],[-988,5059],[1388,3682]],[[6141653,1538322],[-737,-6111],[1239,-2294]],[[6142092,1526317],[1513,-2726],[4809,1656],[1953,1702]],[[6150367,1526949],[-2290,-2614],[-5218,-1789],[-767,3771]],[[5975160,1520760],[-89,124]],[[5975071,1520884],[89,-124]],[[6150589,1516742],[-2830,-5745],[-2911,-3114],[1765,-4926]],[[6146613,1502957],[-2609,4257],[3472,4270],[3113,5258]],[[6000724,1504291],[-307,2472]],[[6000417,1506763],[307,-2472]],[[6147401,1504330],[645,-1468]],[[6148046,1502862],[-645,1468]],[[5994015,1493784],[836,794]],[[5994851,1494578],[-836,-794]],[[5991581,1491470],[1761,1674]],[[5993342,1493144],[-1761,-1674]],[[6147659,1503084],[-1789,-2303],[-203,-4111],[1032,-3329],[2396,-2168]],[[6149095,1491173],[-1945,147],[-2153,4788],[-464,3895],[3126,3081]],[[6149662,1491304],[784,-1163]],[[6150446,1490141],[-784,1163]],[[5992156,1489564],[-203,129]],[[5991953,1489693],[203,-129]],[[6150529,1489085],[-552,-1768]],[[6149977,1487317],[552,1768]],[[5999618,1484137],[-157,-2485]],[[5999461,1481652],[157,2485]],[[5987565,1479148],[-878,-173]],[[5986687,1478975],[878,173]],[[6153501,1479535],[-3543,2127],[-542,3859]],[[6149416,1485521],[4085,-5986]],[[5984801,1477549],[312,-1335]],[[5985113,1476214],[-312,1335]],[[5985112,1476212],[-1600,958]],[[5983512,1477170],[1600,-958]],[[6157196,1476644],[-1841,-1765],[-1772,4021]],[[6153583,1478900],[1558,-2816],[2055,560]],[[5967808,1475956],[-226,-843]],[[5967582,1475113],[226,843]],[[5962835,1475447],[-2378,135]],[[5960457,1475582],[2378,-135]],[[5976134,1469959],[3326,259]],[[5979460,1470218],[-3326,-259]],[[6170253,1454928],[-4929,933],[-1382,3477]],[[6163942,1459338],[6311,-4410]],[[4436731,2001802],[4119,6363],[4956,789],[939,2220],[10116,6186],[6310,-5924],[1578,256],[2777,-4966],[3629,-2362]],[[4471155,2004364],[931,-3832],[2531,-1060],[1487,-4698],[5818,-1767],[2499,99],[2300,-6143],[-303,-6889],[3286,-1944],[2870,-6058],[2858,-3847],[3642,-3298],[597,3213],[3297,3722],[4123,-5031],[3375,1519],[2087,-813],[-22,-4204],[1643,-4557],[3400,-2190],[4907,495],[3242,1801],[1110,-1695],[3361,-292],[1570,-2848],[25,-4375],[5528,-3039],[3513,-619],[2198,3392],[1976,-1378],[3241,494],[5159,9866],[733,5440],[-1265,4529],[1510,1060],[1781,4961],[4333,3197],[7630,2498],[2292,1699],[5338,1099],[6123,-2748],[5557,10892],[628,2848],[3203,2448],[3360,849],[1915,3647],[-408,4547],[2794,2498],[3203,4846],[3485,1149],[2198,7243],[3015,-1298],[3637,5445],[-597,5845],[1350,3996],[1664,1199],[942,3896],[2450,1099],[2323,-949],[848,5545],[2323,6744],[2607,16883],[-942,1848],[62,6743],[1319,4495],[377,8141],[2386,2148],[1162,6243],[-1287,3096],[62,4095],[2826,2448],[3109,-700],[1115,3272],[2072,-200],[3124,5268],[-63,2947],[-3265,4170],[-2010,4619],[2497,6841],[2386,2247],[5212,275],[2167,1573],[3626,-3820],[2026,1048],[-95,4594],[2387,3745],[235,6267],[-1130,9187],[895,2522],[3124,-1523],[2983,824],[2732,-4195],[2637,-1123],[1978,5867],[4334,5117],[2998,4793],[2952,-699],[4553,-20870],[2826,2297],[2857,10485],[5463,3146],[4255,3894],[7206,2047],[3376,8837],[2135,2521],[6417,-209],[2265,-1624],[7482,-882],[5218,3954],[7970,-848],[1577,1307],[5950,-9461],[4019,-3601],[4995,-918],[1222,-2083],[3730,3177],[2953,-6496],[3508,-5790],[444,-3283],[2819,-3707],[1399,-7909],[1887,-1518],[6728,-1660],[1487,4555],[3286,5473],[3930,1129],[2887,-2294],[2642,6143],[2184,626]],[[4802037,2158106],[1936,-5120],[677,-5668],[3711,-1152],[2349,-3895],[1110,-5952],[-554,-1859],[-6887,-11818],[-2194,-16],[-6551,-2725],[-2484,4602],[-1452,-2173],[-8671,1018],[-43,-12591],[3734,-4785],[7109,-5182],[-1486,-2492],[-5012,-1926],[-988,-2715],[3309,-8718],[-321,-7674],[-1041,-1913],[3450,-2593],[-441,-2201],[2650,-6523],[2573,-2812],[3323,-590],[4944,-2346],[1767,630],[1893,-2739],[-1124,-5629],[6867,-13354],[3805,-1838],[1411,-2939],[3322,-3037],[3910,-5039],[3272,-1684],[4390,-4075],[4148,-2466],[562,-2699],[2869,226],[940,-4774],[-682,-1975],[2291,-6584],[6815,-3658],[1348,-2184],[4270,42],[3686,-5408],[4121,-4329],[1052,-2279],[5398,-5307],[5328,-8047],[-143,-4766],[3035,-7761],[3058,-2578],[512,-6966],[2439,-1274],[1396,3475],[6758,-1348],[3828,-5223],[130,-5625],[-2134,-6893],[-3255,-4534],[-1418,-418],[-3175,-5916],[-2426,859],[-5696,-10995],[-3855,-46],[-4730,3232],[-3094,4555],[-2548,-1656],[-2947,-87],[-2798,-5141],[-4165,-193],[-4736,1590],[-5813,3105],[-2612,-1470],[-3070,-4254],[-3323,1423],[-588,4208],[-3214,1834],[-10768,3057],[-13010,5571],[-945,5678],[-3944,2509],[-183,3691],[-1796,2557],[444,3771],[-1247,4793],[-8029,9715],[-809,-2688],[3135,-4981],[5384,-6912],[801,-6903],[-1607,-1529],[813,-6212],[3160,-6948],[1795,-8297],[-804,-2217],[915,-5152],[-4963,-1142],[-1315,2996],[-3175,1342],[-763,4035],[-3015,315],[-3531,-3328],[-4452,-2270],[-4152,-4510],[-4511,-9113],[-900,-6149],[-27,-6634],[-3542,-1191],[-3820,-15577],[-2705,-4149],[-489,-2983],[1086,-5231],[-4535,-7213],[-2152,-10735],[-2000,510],[470,-6154],[-1077,-2133],[803,-6008],[-1971,-6072],[-2770,-4538],[2650,-644],[1365,-3958],[-878,-2922],[-3054,-1173],[-568,-6268],[1371,-2812],[2886,-2297],[-1280,-3324],[1801,-4999],[-1170,-3335],[-2784,-3996],[-482,-4447],[-2737,-11718],[-2696,-6637],[861,-7880],[1831,-3771],[776,-8142],[2311,3342],[1887,-2996],[3137,-1070],[929,-6228],[-2459,-6508],[2849,-196],[5743,5344],[2488,-2876],[-425,-4071],[-2190,-3845],[-6902,-3495],[5566,-2004],[-675,-9728],[-2641,-3992],[1593,-3601],[-901,-4245],[-3281,11],[364,-5556],[-4058,-359],[-1632,-2041],[4704,-5305],[2327,1790],[4864,-1203],[2221,-2680],[-470,-3071],[-4862,-1480],[-1481,-4104],[-5650,394],[-2046,3004],[-4538,-7862],[1412,-1195],[1165,-6498],[-3241,365],[-2511,6757],[-2332,-2812],[-482,-5893],[-2706,-773],[-1872,7045],[-2199,-2830],[-1816,2196],[-2053,-7362],[-4747,-3306],[-2236,-2563],[-5502,-10934],[-1953,-6393],[-4693,-9267],[-2451,-2835],[-971,-6525],[-1354,-2841],[-6465,-8028],[-4077,-3039],[-7463,-1225],[378,10690],[-3024,237],[437,5608],[-1693,6873],[-3949,4988],[-2100,366],[-379,-4209],[4307,-5458],[1637,-4508],[-2173,-4917],[3278,-4405],[-1828,-5890],[477,-9428],[-1454,-3635],[-2486,-902],[-7025,-4513],[-5741,-3020],[-4355,-4974],[-1661,-4586],[798,-5752],[1187,-1274],[1056,-10281],[-3142,-3701],[-3628,-2836],[-3944,-763],[-5860,-4862],[-5904,-3196],[-1555,-3043],[-2946,-2504],[-2734,-6601],[-3168,-2170],[4744,-2296],[5727,4347],[2811,759],[1724,2142],[2244,-1133],[5072,156],[52,-5056],[-3299,-9720],[2327,-2680],[1649,-5244],[-359,-9588],[708,-8420],[-1391,-4679],[-4658,-2305],[-2851,-2748],[2157,-2848],[-553,-10949],[2449,-3141],[4822,2429],[4816,4474],[4044,-1819],[-718,-3708],[4840,-258],[-426,-8079],[-1230,-12010],[-2433,-13363]],[[4864666,2118254],[-4787,4020],[532,2293],[4255,-6313]],[[4471155,2004364],[2092,3108],[846,5459],[1580,2841],[-633,4548],[1017,6852],[3257,2224],[3659,6436],[2352,6128],[682,8692],[-1320,5214],[874,3794],[-833,5068],[3737,7614],[4085,-3221],[2761,6210],[3872,1194],[2256,2733],[-2839,4671],[-34,4129],[1590,1993],[1634,6801],[-2470,2512],[-4822,-3270],[-1361,5456],[183,3670],[1578,2535],[-2914,6771],[1789,15803],[3027,1013],[3255,2734],[4054,-2304],[2715,3911],[3048,2171],[-1707,4082],[1275,6467],[3200,-2109],[2619,2506],[2427,6107],[4224,-336],[146,3172],[1844,4790],[2724,3083],[5506,-178],[3918,4532],[5,3383],[-2525,2218],[-350,3177],[-2086,2446],[-1330,4006],[-3183,-696],[-2438,-2652],[-2493,5033],[2765,4688],[-1452,10473],[3807,4484],[116,8936],[-2152,338],[-592,4371],[3589,5975],[-106,5633],[3586,3403],[2138,3775],[3828,1681],[554,4068],[2028,4092],[877,4217],[3638,-5447],[448,-4741],[2219,-873],[4519,557],[3063,5867],[2328,1736],[2893,-1356],[3513,5947],[-564,5337],[2322,7533],[1649,128],[883,4287],[-3800,2590],[-465,3033],[1085,5165],[-1452,3021],[818,8953],[1485,1364],[-219,5160],[1326,5073],[2157,4156],[655,4422],[2169,-461],[784,-3883],[1772,-1384],[2058,4388],[-1610,2064],[-2260,8719],[363,4874],[-842,4869],[-1479,394],[-1352,4769],[-58,11738],[806,1694],[-455,7705],[2343,7738],[1415,6826],[-122,5088],[-3432,1884],[-1229,5069],[1156,3155],[3395,-568],[3246,7739],[456,6281],[2202,9364],[-350,3775]],[[4578111,2416768],[1022,3118],[442,5953],[1760,3887],[2287,-769],[2280,3957],[1095,4679],[5840,-1867],[-270,3317],[1959,1350],[1903,8232],[1347,10503],[2918,147],[1999,-5678],[2662,634],[4501,-1823],[3118,-2748],[333,-5277],[3852,-2833],[3908,9532],[4106,491],[831,6694],[3432,-1099],[4180,-22],[1036,-2155],[8481,4192],[4202,-4179],[2335,-4782],[1584,-1167],[789,-5616],[3327,2356],[983,5034],[1965,-1817],[2210,3433],[677,4326],[2462,2138],[2394,-2347],[2462,368],[720,-6209],[8597,595],[2202,1486],[2034,6017],[4302,-7503],[6541,-503],[3257,4636],[5225,-1819],[1969,-1580],[7534,103],[5174,-1884],[4430,3176],[1295,-2217],[3060,-566],[3017,5298],[1402,566],[4098,-6352],[396,-2562],[5093,-3821],[2610,-739],[1841,-4276],[2338,-1403],[2840,-8537],[3317,-3423],[1145,644],[3930,-2110],[1074,1823],[4514,600]],[[4762478,2426370],[221,-2241],[-3447,-2731],[-2747,-6330],[-7213,3436],[-3781,3328],[1846,-8232],[4105,-2048],[7248,-10006],[517,-4223],[2504,-2994],[1829,-5250],[3631,-3045],[4060,-335],[-705,-4773],[3289,-3276],[3932,1868],[7770,-9495],[822,-2477],[-1124,-6238],[305,-7625],[-3318,-2297],[-1849,527],[-794,-4448],[-1695,-2587],[-2407,-132],[-5464,-3826],[-6515,1291],[-3605,2791],[-4375,5952],[-2248,-2684],[158,-2565],[2225,-4771],[-2744,-3087],[-8437,6273],[-2088,379],[-6184,-2940],[-4260,-895],[-11319,4214],[-2490,-1146],[-5060,4],[-3617,-3200],[884,-2689],[2490,2301],[3213,-379],[1769,1666],[3534,-268],[1767,-1790],[2570,388],[1965,-2237],[-3290,-8565],[2808,-8692],[3660,-2493],[3850,-1014],[880,-1798],[3623,4],[5534,-3711],[3539,-1530],[-6,-11130],[6515,-3588],[961,-5739],[-7312,-1406],[-1686,-2940],[-2849,-448],[-1729,-3383],[-2689,-68],[-1405,-2229],[-2734,-387],[2187,-6992],[1335,2159],[2745,-48],[2802,-3362],[2387,2085],[3580,-4710],[-885,-2942],[2156,-3712],[-2331,-1653],[-1151,-4988],[10276,1986],[2133,-3221],[4684,1169],[121,-5049],[-2249,-2297],[-3130,-5756],[1060,-1620],[3800,3486],[5295,1343],[2053,-6405],[-10685,-3451],[2012,-3089],[5660,-1653],[5589,273],[-571,-4603],[-3611,-1027],[-2567,-5117],[-2656,-375],[159,-4269],[8201,-2081],[6204,-4630],[2104,-4177],[-485,-9076],[804,-4597],[2968,-5454],[6188,-9733],[4738,-10252],[2289,-3383],[3512,-3084]],[[4764182,2258583],[-3458,-5001],[-1458,3498],[4916,1503]],[[4732822,2336697],[2249,-5038],[5675,736],[6380,-4790],[883,-4072],[2861,-54],[1180,-1955],[2538,600],[1163,-2097],[-3568,-7614],[-2568,3315],[-4340,1926],[-3774,635],[-4214,3000],[-1968,-1214],[-7386,1670],[-2854,6583],[1603,5497],[1891,2361],[4249,511]],[[4765283,2286156],[-7321,10368],[-2450,8073],[627,5046],[2426,3565],[6668,145],[4542,-3492],[645,-1976],[-1887,-18421],[75,-5114],[-2187,-878],[-1138,2684]],[[4767541,2420447],[2744,867],[6058,-10269],[2151,-2619],[-2697,-8694],[-166,-2575],[-4477,-3086],[-6123,6025],[-849,2110],[-958,10486],[3209,7054],[1108,701]],[[4772004,2424538],[20583,49],[2534,-5501],[-712,-7779],[666,-2113],[-1859,-3209],[-4492,-1287],[-4342,5629],[-4086,2867],[-4018,4803],[-4274,6541]],[[4765159,2319345],[-6422,-1405],[-648,4252],[885,4135],[5920,-4301],[265,-2681]],[[4789944,2319165],[-1943,-3177],[-1842,2689],[-5301,4471],[-1810,4413],[1168,5689],[3477,2334],[1650,-1888],[2515,-5625],[2086,-8906]],[[4754351,2323398],[-5909,2090],[378,4594],[5618,-907],[3971,-2636],[-1041,-3964],[-3017,823]],[[4111723,527238],[-3522,1386],[-8021,-533],[-10479,7708],[-7150,2429],[-4680,2977],[-4733,1992],[-447,1450],[-5365,3065],[-3854,6647],[-10911,5354],[-11410,9690],[-9548,6104]],[[3715455,851392],[2015,-2252],[5783,-639],[532,-1763],[4126,97],[2776,3276],[5691,-38],[2775,1062]],[[5675558,8175860],[-114,-4284],[1312,-4558],[-856,-2173],[-5059,-3282],[-1393,-5283],[-6506,639],[-1793,-2599],[1605,-7756],[4256,-5198],[3884,469],[2036,-1959],[-1633,-6136],[3023,-6862],[2436,-7753],[6185,-4219],[-1366,-3750],[1287,-9374],[1204,-3750],[3988,-2173],[4312,-4218],[8674,-1491],[3184,1790],[2222,5368],[6506,3537],[3775,-1109],[1206,-3109],[516,-10959]],[[5718449,8085668],[-1026,-7194],[-8432,-9161],[-1071,-6221],[2061,-15808],[-1205,-4048],[-5167,-3068],[-4283,-4219],[-3747,-1618],[-3482,-5029],[-509,-5710],[-2033,-5752],[-7926,-2045],[-5435,-6008],[-4256,-1364],[-1633,-2940],[161,-10184],[-5730,-6946],[-1340,-3664],[-2239,-11934]],[[5661157,7972755],[-2044,-6174],[-6102,-6520],[-1206,-6009],[-8192,-4900],[-2088,-4175],[-4230,-1449],[-6103,-5028],[-2945,-3451],[-965,-7287],[-6988,-2088],[-3909,-4645],[-4150,-553],[-4181,3641]],[[5608054,7924117],[-4117,2495],[-9478,1279],[-7496,4984],[-5675,8736],[-6425,7243],[-3293,5710],[-4740,596],[-1926,2855],[-2946,0],[-6185,-2855],[-6530,5754],[-5865,3536],[-6719,7286],[-617,2514],[1687,3919],[-4709,5923],[1096,11420],[2007,5667],[-2035,8182],[-5221,0],[-3854,6476],[-8418,5959]],[[5701922,7830166],[7498,365],[375,-2245],[-4512,-4036],[1025,-2443],[4421,-373],[2012,3160],[2278,-3986],[-6834,-4759],[-3001,-5506],[-417,-6478],[1042,-4446],[6729,-8017],[3163,2426],[4222,-4404],[2869,1354],[6809,-2519],[3564,-4135],[5703,275],[2637,3154],[5773,-13899],[4278,-7262],[303,-1899],[9955,-11770],[5269,-7667],[4418,328],[6328,-5596],[2313,-4997],[3790,-5372],[1161,-4119],[2282,1369],[6008,-1334],[5826,-6322],[1202,-254],[422,-9296]],[[5800833,7709463],[-4458,-5012],[-181,-11453],[-2917,-11315],[-2650,-2386],[-3730,-6903],[-12676,-9213],[-4282,-1884],[-23045,-1589],[-4533,4823],[-27159,-4518],[-9139,3468],[-20236,-1656],[-5938,-2617],[-5707,-4701],[-6262,-8304]],[[5667920,7646203],[-2532,-6605]],[[5665388,7639598],[-2795,5062],[-3429,1405],[-2059,5499],[1496,4532],[-1817,3010],[2678,5156],[-1206,2642],[-3639,-2727],[-1740,2896],[-2919,938],[-689,3039],[-5335,9574],[-2115,5837],[-1016,6904],[1257,9246],[-2971,5241],[-295,3153],[2088,2344],[5677,2044],[3960,4389],[1689,4815],[4978,10056],[722,6435],[-374,8393],[4311,4176],[4552,299],[4391,6007],[775,5369],[-3989,8523],[409,4779]],[[5667983,7778634],[1250,8345],[5864,4132],[936,2515],[-3857,5737]],[[5672176,7799363],[1635,2529],[-1899,4858],[668,2599],[5437,2216],[1524,9161],[26,3919],[2142,4858],[2704,1832],[4444,-852],[7952,895],[5113,-1212]],[[5500721,7715506],[-1984,-6615],[-4060,-1230],[-1742,1786]],[[5492935,7709447],[2269,4793],[5517,1266]],[[5532749,7769594],[2610,-10957]],[[5535359,7758637],[-1752,-8346],[-5863,-4005],[81,-5710],[3532,-2557],[1500,-8777],[3668,-4217],[-348,-4604],[1480,-5028]],[[5537657,7715393],[-2508,-174]],[[5535149,7715219],[-1932,5494],[-5020,5176],[-3255,840],[-5017,4410],[-1189,-4079],[-3389,-2317],[-9641,-2297],[-634,-1533],[-5464,4853],[2071,6645],[-2516,2363],[-1132,-5178],[-7784,8346],[848,4185],[-798,6904],[1212,556],[2667,9360],[3969,8091]],[[5498145,7767038],[3404,-5229],[2520,1231],[7392,-1630],[1404,2426],[-572,8258],[9096,-1269],[2851,3706],[3098,-6202],[5411,1265]],[[5995286,8320456],[4084,1903],[1606,-2116],[-1912,-4939],[2304,-3011],[3541,2539],[-1922,4541],[1805,3690],[3642,-455],[-294,-5240],[1573,-6181],[1729,-2030],[292,-4729],[3058,-2058],[-1849,-4236],[1591,-3646],[3364,-407],[4138,-6592],[-1013,-5855],[1919,-6307],[-1125,-3862],[-4434,842],[-2633,4279],[-5364,768],[-1453,2688],[-4503,-643],[-2490,-2173],[-3492,959],[-311,-4341],[-3545,-7807],[-966,-4184],[-2330,-1569],[-2853,4674],[-8836,-13042],[-1164,-3904],[-5904,-5552],[-4253,-647],[-3216,-4470],[-1078,-5693],[-3015,-55],[-3172,-5182],[-1250,-10526],[-1644,-1929],[-4702,755],[-1759,-4594],[669,-3734],[-1957,-9688],[-5378,-2173],[-5109,-3813],[-313,-5680],[-1531,-4760],[-3325,-2365],[-1887,-5181],[-1741,-9896],[-1877,-3266],[901,-5817],[-739,-3775],[2900,-7599],[4824,-3454],[3459,-4945],[2604,-111],[-52,-7280],[-3338,-6072],[39,-3903],[-2728,-3835],[943,-4051],[-1902,-4518],[194,-8042],[-1003,-1409],[1769,-5844],[-1212,-9500],[1665,-9726],[2399,-4139],[-422,-5131],[-2027,-2100],[66,-4133],[-1879,-4879],[-10674,1539],[-4181,-1275],[-4255,-6268],[-3214,128],[-5458,-2169],[-2979,-3195],[-5534,-3580],[-3376,-9075],[-2933,4665],[-3733,64],[-2532,-2369],[-2059,-11448],[-1556,-1582],[-1025,-5823]],[[5877953,8008912],[-9348,4155],[-885,2217],[347,6859],[-5297,6136],[-2359,3920],[-294,7884],[-3615,8011],[-373,4601],[2408,3452],[-1926,6817],[803,2983],[3721,5879],[1394,4858],[-244,9418],[-892,3884]],[[5861393,8089986],[1751,3955],[-1556,11676],[3832,9119],[-188,4260],[-5759,14231],[-641,7330],[1900,6903],[6668,8564],[-133,6520],[-2491,5369],[-3080,3110],[-6238,2004],[2518,5752],[-1768,5155],[-1150,10695],[294,6264],[-5009,555],[-3453,10865],[-2809,4345],[7150,86],[1686,2215],[53,5326],[6235,2174],[3403,8480],[1474,1576],[-403,6953]],[[5665388,7639598],[-1372,-4416],[-5977,-4948],[-1956,-8838],[-4751,-7053],[-13242,-8888],[1810,-3565],[-927,-2334],[541,-7450]],[[5639514,7592106],[-3544,-8081],[-3078,-1154],[-1895,-2922],[-3467,2109],[-12961,10204],[-2243,4077],[1207,6122],[-2184,446]],[[5611349,7602907],[-263,7196],[1176,3921],[-1392,2258],[1179,4475],[-1982,2215],[1366,6051],[-2356,1406],[722,3749],[3802,3239],[-1097,6391],[-9852,6562],[-3078,1278],[-6800,-1448],[-4204,-4431],[-3052,766],[-4926,-5070],[-2892,2599],[-3667,-2300],[-6801,-1151],[-1499,1832],[-1874,9758],[-3908,3579],[-2249,7116],[-3213,-2003],[-2919,2173],[-2785,4176],[-3854,1449],[1929,4345],[-2492,5327],[-268,11718],[-3291,6136],[-884,14615],[-2268,4559]],[[5535359,7758637],[6367,1802],[3762,-838],[606,-3305],[2803,-3311],[4419,3287],[2822,-421],[3740,-4141],[3793,3703],[2816,-1248],[3179,5769],[-1209,7021],[645,2475],[9410,-1270],[5287,-7447],[1451,2744],[4471,597],[2836,2046],[3749,-384],[2972,-4048],[5811,-724],[5585,-3590]],[[5610674,7757354],[7800,-3484],[3106,3537],[-2089,8351],[3535,2686],[5408,-4262],[5059,-1278],[3561,2940],[-4257,10524],[-2410,2728],[-2811,6562],[-81,6816],[2304,1620],[2596,-4132],[4552,-1151],[6774,1748],[3935,-3580],[6586,-2556],[4926,-5242],[3989,-2216],[4826,1669]],[[5608054,7924117],[-1627,-3812],[0,-5454],[2516,-5240],[-215,-4475],[-4095,-1874],[-5167,-4218],[-15769,-5157],[-3480,683],[-5328,5923],[-1607,-5242],[-2115,-596],[-1900,-5156],[-2812,-1748],[-2889,-4601],[-4205,-725],[-3024,-8480],[-3990,-3919],[-5220,-2259],[-3268,-2898],[-5727,768],[-5382,-5284],[-3228,-1051]],[[5529522,7859302],[-1322,558],[-2734,-2680],[-2165,-260],[-4739,1921],[-3674,-2612],[-1703,-3008],[-3538,-775],[-2172,-3064],[-3651,2109],[-5017,5173],[-348,5186],[-5280,-5446],[-3780,-890],[-2645,7290],[-2524,2233],[-3055,-511],[-3577,1721],[-3327,-394],[-1294,4685],[-3012,-955],[-3330,3895],[-7191,5684],[-2487,3072],[-3173,823],[-826,-4270],[-2189,-2699],[1409,-3121],[-1662,-5478],[-7737,-6922],[-2950,3299],[3085,7094],[-6352,8454],[918,5825],[-3845,1571],[2090,5394],[-5117,896],[-5938,3967],[-4337,-1794],[-2011,6109],[-3112,1680],[-2587,3844],[3598,7204],[-462,7520]],[[5401499,7889777],[1046,11500],[1366,6472],[3370,-2062],[-1121,-6519],[-3219,-4986],[-1442,-4405]],[[5529175,7859189],[-1348,-580]],[[5527827,7858609],[1348,580]],[[5527502,7858284],[-1184,-1184]],[[5526318,7857100],[1184,1184]],[[5521443,7856151],[-421,-87]],[[5521022,7856064],[421,87]],[[5532749,7769594],[322,9076],[7576,7413],[-2621,4773],[427,6944],[-1794,5071],[1097,3111],[3990,1620],[3935,3579],[2918,-299],[3695,-6604],[4375,-2500],[2644,3016],[3013,-2787],[3782,2016],[4561,-4805],[5049,1567],[1501,3067],[3213,-1534],[1900,-6306],[4578,128],[2436,-3708],[6692,-553],[1286,-2343],[-910,-4006],[829,-3708],[3803,-4558],[4790,-1109],[4983,-13379],[-145,-5422]],[[5861393,8089986],[-2053,3529],[-12047,8608],[-3856,-1577],[-5703,1065],[-4283,-3919],[-2650,-4390],[-935,-5326],[-4312,-3111],[-3988,-8010],[-5353,-1235],[-7365,-512],[-936,-2173],[453,-11932],[-2111,-4261],[-2492,-13208],[-2864,-6178],[-2465,-10057],[-8648,-9885],[-5567,-8735],[-3748,-809],[-5729,6050],[-3747,-468],[-6212,-2770],[-2756,-3324],[-1393,-4730],[-3025,-4857],[-12475,-10909],[-3830,-1960],[-1472,1620],[107,8180],[3963,6520],[-54,7159],[1714,5113],[-6077,1321],[-1179,11035],[-3695,2941],[-5246,11632],[-2249,11420],[1393,2472],[7335,6519],[2971,5539],[-2570,6733],[991,2258],[3855,-43],[3373,4218],[1848,9034],[-1258,5581],[-9452,2941],[-2703,0],[-1686,-2685],[-1260,-6733],[-1552,-2896],[-2622,-555],[-7329,1442]],[[5877953,8008912],[-862,-3449],[-3574,-4031],[-1496,-4505],[-2236,-2082],[-3778,643],[-6908,-4082],[-5779,-8573],[-4501,-4218],[-10211,-5154],[-3040,176],[-7227,-3200],[-2529,-3523],[-405,-3831],[4137,-5014],[278,-4825],[-2747,-4044],[-3714,1036],[-4859,-3647],[-2853,-4658],[-4339,128],[-2327,-4611],[-7231,-890],[-3655,-5940],[-585,-4596],[-2665,817],[-2851,6080],[-3456,-1402],[241,-4738],[-7706,-1790],[-2771,2110],[-7071,-252],[-4259,3707],[-6583,-11125],[-2968,132],[-2057,-2365],[-1826,-5523],[134,-5450],[-2596,-2769],[-7027,372],[966,-4284],[-7438,-570],[-3655,-6579],[-2848,3775],[-2564,-1287],[-2213,-4214],[-2652,-575],[-5060,-9072],[-1610,-5757],[-224,-5572],[2338,-4853],[2052,877],[2712,-2648],[656,-4201],[-5124,-10703],[325,-11998],[-1627,-2618],[-5772,-3239],[-2773,2079],[-7618,-2221]],[[5672176,7799363],[-4468,1848],[-2676,-853],[-2946,2087],[1124,5115],[-2195,4261],[-6237,-1876],[-1901,5582],[-2838,852],[-5570,-2769],[-2141,894],[-1955,4262],[0,3835],[4231,15339],[-509,3451],[-5329,6136],[-373,6946],[3507,4133],[482,2813],[-1553,6689],[5168,7371],[-3375,5710],[3749,7458],[1766,7541],[2570,2472],[6560,2215],[4604,86],[4954,-1364],[3641,-5071],[2542,3153],[4767,299],[2488,4004],[456,3538],[-4337,10227],[-1232,8777],[3134,2088],[-723,4176],[7817,8309],[1551,3111],[-1847,5965],[-4738,2086],[-777,8140],[1125,4261],[-1151,3153],[-4739,5497],[-5863,1875],[-7782,-430]],[[5722434,7825137],[1879,-10091],[-4404,206],[2525,9885]],[[5500721,7715506],[5806,-2188],[1469,3790],[3903,3060],[6685,-1099],[527,4342],[3742,-1722],[4102,-4547],[3976,3255],[2533,-5940],[1685,762]],[[5611349,7602907],[1376,-2368],[-1922,-3389],[-3575,-505],[-4539,-2716],[-3579,-3779],[-3197,2585],[-8398,-4204],[1370,-5736],[-367,-7146],[-2618,-358],[-3144,2076],[-1187,5027],[-2251,4040],[-130,6650],[-3466,-1623],[-3587,6087],[-3014,-571],[1401,-3762],[-1281,-4483],[-5530,1723],[-619,4093],[-3258,4419],[-1154,3511],[-5349,5597],[1574,5396],[-3333,703],[-1406,2616],[-4741,256],[-3253,1602],[-3490,-451],[-1131,2433],[-3413,703],[-3149,-2925],[3798,-5845],[4565,-3444],[3111,3700],[285,-8306],[1114,-5938],[-5071,-430],[-2482,-5574],[1349,-5199],[-2990,-2028],[1305,-6218],[-6812,1689],[-4601,-2050],[-2464,-6272],[-4819,1415],[-5540,-3533],[-372,-4273],[-3864,4492],[1606,3714],[3747,1340],[3055,3624],[-2457,2196],[4952,6332],[5087,-322],[-351,4957],[2978,3371],[479,2773],[-4234,628],[-1876,5125],[-3611,-6009],[3178,-5261],[-8719,-1639],[-4660,-6398],[-401,4350],[-2479,1724],[2680,4983],[-1621,3546],[-4207,225],[-5138,-4593],[-5445,-900],[-4836,1782],[-2005,3971],[-5339,890],[-3095,2841],[3740,4976],[5724,2469],[1210,-3087],[5953,-953],[-4539,10564],[844,3622],[6673,1911],[3146,-2329],[4274,3448],[522,2872],[-5381,635],[-3050,1793],[-4254,-639],[-8630,-4178],[-4980,1679],[-10083,7106],[-2977,-2813],[-7631,-1542],[-10601,3583],[66,3123],[5329,-732],[3619,3551],[1691,3481],[2127,-2115],[6484,10798],[1122,11482],[-1922,4841],[3556,4142],[4088,10138],[6141,5803],[1373,3870],[-1464,5145],[0,7449],[4138,-1655],[-647,-2623],[3531,-2611],[1292,3799],[4900,2077],[-648,7571],[-1946,3482],[1808,2688],[3548,-7218]],[[5498145,7767038],[-883,1350],[4474,8574],[2533,2369],[1038,5241],[-1145,1478],[2390,8548],[4975,8257],[3540,4715],[2313,7972],[-1652,4097],[-497,5690],[-2353,670],[-2688,9062],[-350,3591],[4419,4292],[1878,8127],[4885,4993]],[[5521443,7856151],[4875,949]],[[5527502,7858284],[325,325]],[[5529175,7859189],[347,113]],[[5800833,7709463],[4000,-7864],[2509,-10419],[3169,-6155],[-37,-4583],[4170,-7428],[6239,-19481],[2488,-4692],[2039,-6790],[-144,-5067],[5740,-9268],[1084,-3780],[4949,-6946],[174,-2620],[5580,-10810],[3818,-4670],[-399,-2301],[4494,-6511],[-160,-1406],[10846,-13942],[2569,-4972],[4172,-4990],[-1119,-6268],[6117,-7844],[222,-5190],[1689,-6528],[5861,-7926],[-75,-2940],[2450,-5045],[4040,-3598],[-466,-2342],[1931,-6263],[2363,-1470],[800,-3196],[2455,-1737],[1764,-10215],[-323,-6392],[2535,-5305],[278,-4035],[2375,-4534],[2665,-2528],[-1583,-5206],[679,-6217],[-202,-15509],[1370,-6775],[1440,-2050],[2491,-9423],[-745,-12184],[-2386,-3448],[-2405,-8268]],[[5902354,7402332],[-6418,-663],[-5608,6801],[-1404,11514],[1125,13563],[-11345,3385],[-6774,11827],[1564,18799],[-5140,-2573],[-17262,5601],[-7521,4887],[-4373,-4281],[-239,-10575],[-10190,4023]],[[5828769,7464640],[-13677,7959],[-8447,-1597],[-3397,8069],[-8397,-2433],[2271,11498],[-12610,4197],[-14753,-7974],[-4861,10348],[-6733,-4946],[-2819,-10987],[-7521,519],[827,7404],[-20430,-5323]],[[5728222,7481374],[15449,41688],[180,6893],[5966,9270],[-20699,12969],[-7381,1772],[1614,11224],[-1793,17471],[7978,7499],[498,6223],[-11694,10392],[-5090,17198],[-8218,-520],[-6714,3996],[-597,8363],[-10967,-9870],[-9105,7079],[-4462,9259],[-5267,3923]],[[5728222,7481374],[-8607,-17958],[-4851,-722],[-8367,-14538],[-11625,-5501]],[[5694772,7442655],[-12441,7190],[-8009,-4364],[-8297,1189]],[[5666025,7446670],[1644,4712],[-4661,-1966],[-8914,8112],[2000,10037],[-9969,1148],[-2190,5056],[-834,5381],[-2019,1204],[-4283,19880],[4965,1136],[7954,-5867],[2896,11067],[-8600,1621],[-893,11409]],[[5643121,7519600],[6916,9586],[-9174,16718],[-9126,-409]],[[5631737,7545495],[-4377,8896],[-2843,22604],[7634,-105],[1596,1888],[4280,-5326],[-1569,-9532],[2252,-895],[12448,-9839],[5857,-6024]],[[5657015,7547162],[-7177,-1314],[4701,-11375],[7541,-7368],[21576,4340],[4572,10824],[-7342,3413],[827,8089],[-3297,11887],[-6475,-551],[-5498,-9786],[-8768,-7622]],[[5657675,7547699],[-4913,4465],[-3371,4210],[-8998,7039],[-1886,2492],[1445,5621],[-1114,17027],[676,3553]],[[5622281,7552783],[-9412,793],[628,7640],[-4581,10311],[47,10168],[5365,5998],[9271,-11241],[-511,-5569],[1241,-13799],[-2048,-4301]],[[5694772,7442655],[7650,-17507],[-8945,-18220]],[[5693477,7406928],[-13713,6986],[-2247,-7945],[301,-23238],[6435,-7218],[6570,2302]],[[5690823,7377815],[6911,-14748],[2496,-19464],[12841,8831],[3128,12842]],[[5716199,7365276],[-1594,-26215],[8925,-2695],[1693,-15125],[4154,-8886]],[[5729377,7312355],[-4622,-5600],[-13358,-908],[-9064,17047],[-21626,-6520],[-4751,11800],[-17771,-5505]],[[5658185,7322669],[-878,-272]],[[5657307,7322397],[-1363,-422],[-3913,-6214]],[[5652031,7315761],[-391,-621]],[[5651640,7315140],[-34,-55]],[[5651606,7315085],[-4383,-2079],[-5824,-4358],[-1864,265],[-9387,18981],[-5255,13626],[3530,13188],[-7013,17564],[1884,2983],[4420,1918],[-2013,2684],[-3614,-5369],[-1305,2004],[-1175,7890],[1677,3537],[-2616,2775],[-1406,8043],[2039,2206],[-3155,4659],[-1763,-4915],[-15659,11269],[-1211,5483],[-2214,-3034],[-3976,7640],[-5364,3601],[9545,16103],[8226,-5973],[-2927,-2610],[927,-2236],[3994,3398],[5357,7020],[1868,3856],[-259,3809],[-4291,12435],[6165,1061],[4996,-12171],[7663,2047],[682,7428],[14281,345],[6621,-4798],[2920,-6393],[1521,-7752],[-192,-4056],[1748,-4149],[373,-4300],[5364,5250],[-4298,7259],[9782,5451]],[[5612411,7378213],[-6075,-2949],[-72,5237],[-2584,16572],[4378,4230],[4353,-23090]],[[5643121,7519600],[-1413,289],[-10930,8778],[1082,7197],[-123,9631]],[[5627629,7540139],[-11647,-14316],[-8234,6799],[6533,4805],[4748,215],[2562,4912],[6038,-2415]],[[5729377,7312355],[12979,-8327],[11944,4931]],[[5754300,7308959],[3944,-8684],[-448,-9770]],[[5757796,7290505],[-4463,-8110],[-9423,-4835],[-6096,-10408],[-7461,-32620],[2471,-1355],[3227,-19477],[-6823,-16833]],[[5729228,7196867],[-11665,8664],[-6305,-6464],[-13258,-1106],[-3108,2719],[-12960,-2616],[-8666,22081],[-5468,-7024],[-4523,7959],[-6385,4225],[-7291,-4879],[-3845,-13872],[-5917,-3960],[-11555,-1954],[1315,13900],[-9113,-2102]],[[5620484,7212438],[-2771,1811],[-2895,-1717],[-1172,2343],[6448,19769],[2799,1924],[2243,-1291],[2817,2825],[3450,-1287],[1363,5117],[4659,1147],[-3052,3707],[-2886,-2429],[-2335,1278],[-6561,-2261],[-4190,9177],[12491,11390],[6031,12116],[4033,750],[3228,-925],[4250,-3213],[322,3453],[-8171,7292],[2315,6929],[-10517,645],[286,8033],[-3158,39],[-5902,4235],[20651,2165],[4874,6265],[2113,386],[5614,4607],[1324,5951]],[[5657307,7322397],[-1246,-5044],[-4030,-1592]],[[5651640,7315140],[-34,-55]],[[5620251,7212384],[-2323,-536]],[[5617928,7211848],[2323,536]],[[5617831,7211826],[-121,-28]],[[5617710,7211798],[121,28]],[[5616822,7211593],[-1201,-277]],[[5615621,7211316],[1201,277]],[[5729228,7196867],[2839,-18466],[13706,-22849],[434,-2185]],[[5746207,7153367],[-5358,-5617],[-9341,-8793],[-3432,774],[-1093,-4553],[4161,-7198],[4808,4145],[1227,-1887],[6579,-1818],[-155,-4690],[-1807,-3816],[191,-5805],[-4410,-2440],[-2646,3963],[-2128,-447],[-1286,-4347],[-2409,-1657],[1693,-5373],[-2137,-3895],[-3791,433],[1221,15154],[-6561,19550],[-4456,-4433],[-6648,-2965],[1527,-2693],[-4744,-6511],[851,-6583],[2885,-3595],[9032,-13330],[-5162,-5385],[-5311,3832],[-4674,-3658],[4507,-10928],[-2246,-3240],[-3933,-515],[-995,-5763],[-8910,15634],[3616,12751],[9341,10474],[-2399,1317],[-613,6812],[-3534,767],[-2490,-3834],[-1807,5696],[-1488,-711],[-3792,-9714],[-3571,-1191],[-2835,1194],[-1331,-3264],[-3726,-2744],[-2412,-4095],[-2573,-1530],[-3692,-8061],[600,-4790],[-1471,-3637],[-4717,-7995],[-3369,-1279],[-284,-3136],[-7326,2734],[-183,15209],[-3693,5902],[-1930,-2936],[788,-7046],[-2194,-2482],[2415,-2808],[-3373,-1917],[-1449,-6140],[-6425,-4602],[-2613,-959],[399,-6127],[-1842,-2437],[166,-4105],[-4302,342],[-2814,-3200],[-1119,9455],[-3579,-1466],[194,5593],[3265,3863],[-2983,2880],[476,11356],[1901,7435],[-2323,1918],[-2212,-2242],[641,-3452],[-5061,2302],[-3084,-3],[-2051,5499],[-2977,1662],[-764,-3757],[-5192,11173],[1851,16528],[2903,-67],[2760,-7485],[-1056,-2521],[3543,-10122],[4207,-3179],[-5409,10580],[2132,4518],[225,3721],[6774,-2780],[1208,-6323],[3354,-90],[1673,1873],[-3008,6080],[-10047,2896],[-492,5734],[8052,2687],[-1570,2355],[-6829,-3634],[2975,9970],[-1993,16357],[3097,2946],[478,3196],[-4898,4184],[-3688,9898],[6431,-1321],[-51,-6050],[3821,3899],[-490,4346],[-6903,15169],[-328,12745],[7434,15615]],[[5616822,7211593],[888,205]],[[5617831,7211826],[97,22]],[[5620251,7212384],[233,54]],[[5668326,7191061],[-4971,2425],[-10708,-3147],[2640,-7546],[11196,-5339],[3795,6591],[-1952,7016]],[[5746234,7153230],[765,-3850]],[[5746999,7149380],[-765,3850]],[[5609795,7076776],[-2526,-10291],[-8717,-7094],[-5290,-3058],[-7253,6018],[-1517,5594],[7089,9323],[8300,6184],[6641,124],[3273,-6800]],[[5646964,7048471],[-3105,-3046],[-8328,7757],[806,8478],[6572,-2135],[2593,-9278],[1462,-1776]],[[5757796,7290505],[4981,-9176],[15300,-5156],[8885,-13579],[299,-14166],[11634,-396],[7820,-4740],[7799,2738],[10848,-8180],[7102,1347],[9752,-3436],[11834,9322],[9244,-1756]],[[5863294,7243327],[-558,-16191],[5937,-1181],[13836,-14435],[5576,-8213]],[[5888085,7203307],[-1075,-11164],[-5472,-12378]],[[5881538,7179765],[-10086,16202],[-7919,-5009],[-4609,-15940]],[[5858924,7175018],[-3392,-6141],[-5468,-1663],[-680,2490],[-7991,703],[-4543,-1985],[-4369,2121],[1044,2549],[-731,4090],[-3168,-1857],[-4578,1921],[-929,-6707],[-14695,-903],[4717,-13500],[-5199,-5538],[-1447,-4474],[741,-8761],[-184,-6988],[-9772,5123],[982,4298],[-281,5557],[-3895,-704],[-477,-3962],[-2901,654],[-2320,4335],[-3938,-515],[3,-7035],[-4340,2186],[-2877,-1474],[-979,4022],[-4995,517],[-2219,5593],[830,8019],[-1044,3324],[-2815,-3196],[809,-2940],[-3946,-2582],[-835,2003],[-7510,-4917],[-842,-2249],[-6310,1219],[-1381,1729]],[[5746234,7153230],[-27,137]],[[5771901,7109974],[-3919,-798],[-6225,964],[-924,6195],[525,3767],[-4380,-1589],[889,-4223],[-2292,-2493],[-2352,892],[-3573,21643],[6751,0],[1182,-5018],[2327,-511],[2517,-3983],[9913,1181],[-945,-2060],[200,-8501],[-1968,-2236],[2274,-3230]],[[5836714,7131660],[-2957,-1898],[-1058,-5131],[-1868,971],[-1209,-6127],[-3946,-7138],[-4037,4014],[796,12388],[-4377,187],[-1550,-1800],[-3335,7206],[8159,5564],[5084,-1123],[-2103,3975],[8657,9579],[2396,-8180],[-163,-5186],[-2166,-1789],[3677,-5512]],[[5881538,7179765],[-7822,-2716],[-10640,-10154],[-1337,359],[-2815,7764]],[[5863294,7243327],[6893,5862],[1793,7392],[7411,2497],[6664,-2782],[3984,-7880],[8965,2097],[7715,-2388]],[[5906719,7248125],[-278,-9704],[-1280,-6397],[-3293,-1924],[-6265,-5872],[1364,-1086],[94,-5519],[-2062,-8543],[-2024,-3198],[-4890,-2575]],[[5902354,7402332],[-242,-4127],[2258,-5098],[1174,-9413],[-1268,-1860],[326,-8564],[-2728,-5753],[-2651,-8812],[-568,-12152],[807,-1530],[311,-8755],[3010,-16970],[-4165,-3611],[1002,-3639],[4593,-4816],[5569,3473],[1167,2872],[3820,4362],[3970,-7686],[-6103,-14704],[837,-2064],[-1890,-15156],[-1597,-2845],[160,-5621],[-4969,-17856],[1542,-3882]],[[5754300,7308959],[4761,2524],[3975,10852],[-349,8748],[6694,1859],[-1096,7998],[-7102,551],[-11386,11165],[2809,23012],[2710,5700],[-8497,9599],[6046,15145],[8457,8632],[7262,3060],[3018,9021],[6694,2980],[7311,-2893],[3417,8525],[10001,-10911],[8068,4328],[-528,9021],[4353,9611],[17851,17154]],[[5837544,7284639],[2023,4431],[-1574,13785],[-5090,6405],[-11227,-1490],[-9194,-26366],[7820,-9120],[3486,5323],[8686,-2279],[5070,9311]],[[6045878,7543747],[-877,-11356],[-7791,3456],[1329,5208],[7339,2692]],[[5664270,6918238],[-2146,-2090],[-1662,-7175],[-3076,-4539],[-3494,-9177],[-5620,-383],[-1502,-2399],[-11190,-3737],[-3748,-4189],[-2273,605],[-10869,-2430],[-1899,2174],[-3697,388],[-3220,-1595],[-5855,824],[-3103,-6137],[-10158,9718],[-783,1435],[3236,15703],[4701,5362],[5358,8293],[8614,2952],[4824,2301],[4338,3575],[2968,-1406],[6418,3519],[18665,4159],[8213,-4989],[4010,-3676],[-963,-4058],[3913,-3028]],[[5657015,7547162],[660,537]],[[5690823,7377815],[12874,3501]],[[5703697,7381316],[4742,-9243],[6594,24],[1166,-6821]],[[5693477,7406928],[-3357,-16932],[14424,1229],[-847,-9909]],[[3442985,1990774],[2237,-5397]],[[3445222,1985377],[-2631,-1446],[-4816,-5362],[-3578,674],[-4465,5613]],[[3429732,1984856],[3179,7678]],[[3432911,1992534],[2599,-2068],[1750,1621],[-817,3239]],[[3436443,1995326],[2030,-735],[1068,-2957],[3444,-860]],[[3442985,1990774],[1755,7373]],[[3444740,1998147],[1809,1897],[1511,-2315],[4818,893],[3194,-4339],[-1418,-5474],[-1606,-2229],[-1814,1045],[-6012,-2248]],[[3436443,1995326],[138,3957],[2413,844],[1190,3990]],[[3440184,2004117],[5286,-3709],[-730,-2261]],[[3459896,2004298],[1297,-2427],[-559,-3529],[-2557,-1760],[-2241,4540],[-113,2716],[4173,460]],[[3432911,1992534],[-1659,6292],[-2035,-198],[-1245,4604]],[[3427972,2003232],[896,2783],[4747,4575],[2754,224],[2145,-1919],[1670,-4778]],[[3425542,2002523],[-249,-233]],[[3425293,2002290],[249,233]],[[3425190,2002291],[-1786,3190]],[[3423404,2005481],[3402,2516],[1186,-3757],[-2802,-1949]],[[3429732,1984856],[-4510,60],[2716,-3974],[-4200,-3469],[-2971,-708],[-2635,3617],[-2220,-187],[216,3937],[1982,8577],[2271,5919],[1249,5580],[1774,1273]],[[3425190,2002291],[103,-1]],[[3425542,2002523],[2430,709]],[[3240963,4706573],[-573,-5463],[703,-8524],[-1140,-8834],[324,-3293],[4538,-6419],[519,-5806],[-4567,-18093],[98,-4651],[-4320,-13582],[-3122,-8439],[-2524,-4396],[-4850,661],[-4022,-9797],[-3581,-3730],[-689,-3521],[-3547,-8250],[-2629,586],[-2334,-2156],[-3766,-7626],[-3800,-11254],[-602,-5148],[1030,-5367],[2304,-5783],[254,-11161],[-1051,-4731],[-260,-6720],[4126,-8060],[3693,1562],[1341,-4027],[2453,3450],[1042,-2507],[-1388,-5262],[2381,-993]],[[3217004,4519239],[-305,-5124],[-6825,-6502],[-1343,1057],[-6365,-9431],[-2967,-1754],[-2063,-3037],[-3745,-1335],[-777,-2660],[-3275,-4587],[-3116,-7529],[-286,-2779],[-5210,-1933],[699,-4034],[-1848,-998],[-207,-3575],[-7802,5367],[-1803,3776],[-3839,4569],[-5201,2237]],[[3160726,4480967],[120,3333],[2175,3971],[-133,7309],[1758,5075],[-122,4911],[-1957,2495]],[[3162567,4508061],[-440,3036],[2364,2506],[-770,5603],[2873,1227],[592,4734],[-1428,5050],[2648,3202],[3991,1822],[2704,3946],[474,7527],[2708,5494],[1701,349],[1599,4124],[-2209,9138],[3029,13426],[-2493,2753],[-2158,4365],[1831,2884],[-200,4151],[2041,5438],[-3421,1199],[-1426,2705],[-4460,2288]],[[3172117,4605028],[-159,2192],[-3053,4877],[1436,5171],[2321,2720],[1174,6702],[3375,1042],[951,3698],[3356,1247],[-131,7932],[4148,1740],[4605,9976],[-3794,4778],[396,6028],[2015,7724],[-1418,3153],[1023,2674],[-799,6437],[2712,6221],[2195,2034],[-415,5794],[1980,3180],[2149,358],[1919,7227],[-9473,11209],[-1160,8748],[1397,7604],[-1100,2471],[-1978,9688],[277,5231],[-2393,814],[-1813,7673],[2736,4902],[-455,6422],[5169,-432],[566,6145],[1426,2341],[-1052,3798],[623,4910],[-3307,2726],[-3790,748],[-816,-4330],[-3073,610],[-4198,-1357],[-911,2036],[-7445,6573],[-2062,-1289],[-3262,1059],[-6572,19],[-1916,1103],[-945,-4293],[-6456,-12488],[-3571,-4918],[-3698,4179],[-8674,5607],[-4126,-1446],[-1096,-6114],[-1536,-1269],[-4583,3895],[-1916,-140],[-2900,3717]],[[3114020,4784085],[794,4553],[-1268,5429],[-3375,3399],[-138,4516],[-1321,1294],[1744,5200],[-3798,4439]],[[3106658,4812915],[1070,7395],[1977,1116]],[[3109705,4821426],[3441,-3277],[6926,2746],[3276,162],[2514,3044],[7760,2134],[4382,5349],[3828,3399]],[[3141832,4834983],[3885,4166],[3074,-3809],[3057,852],[4677,-1142],[6327,-3808],[550,-2612],[3605,1461],[2642,-1282],[5624,7416],[1942,-73],[2654,-5027],[8949,-5793],[3901,2403],[5240,-2066],[8812,1924],[5239,-1070],[3949,1544],[3012,-933],[4700,1407],[-496,5050],[2900,1004],[7401,9002]],[[3233476,4843597],[1021,-7600],[3858,-2476],[-953,-3387],[1112,-3575],[-1514,-3177],[351,-4356],[-2177,-4637],[1882,-17355],[3927,3534],[556,-5510],[-924,-5435],[1802,-6365],[-1327,-8691],[2520,-7092],[6670,-5589],[-4454,-6603],[-3858,-15514],[1294,-5983],[-365,-7426],[-840,-2911],[-1094,-16876]],[[3678222,4001109],[-1591,2193],[853,7090],[-741,8713],[-4524,5412],[-55,8631],[-1744,5423],[-4797,2526],[-2473,6257],[-906,4434],[1649,1883],[-735,6446],[4131,11447],[2992,5310],[3506,1814],[595,5096],[3449,4462],[6625,-2977],[2671,-4244],[2206,619],[4386,4103],[1529,-422],[-1420,-13957],[-1568,-2265],[1304,-4481],[-655,-5102],[2981,-5046],[3448,-1178],[3259,793],[2473,-4135],[3290,3637],[3700,-623],[2175,3034],[-1009,5392],[3084,6280],[3124,4248],[4127,3912],[1612,3983],[-7,15178],[-2219,4633],[-1070,4458],[-2835,3266],[-3516,-2390],[-5304,1453]],[[3710222,4106415],[4669,3434],[2336,5617],[1109,8473],[2256,-2394],[608,4355],[4435,1913],[3848,-1766],[5412,-4568],[7553,2883],[2057,-389],[5645,2634],[2568,3413],[8556,517],[2107,-2493],[4210,-2583],[789,-4072],[2901,-4554],[5834,-5370],[2079,-122],[2755,5662],[4791,2224],[2635,-13406],[2819,-597],[1469,-7732],[-1459,-5027]],[[3792204,4092467],[-2264,-2903],[-2047,176],[-662,-5165],[2141,-6726],[6189,-6546],[2942,-1397],[1062,-3672],[-7303,-10971],[2095,-7007],[-390,-4109],[1842,-781],[-550,-6091]],[[3109705,4821426],[397,6837],[1916,3349],[3728,2042],[1752,4997],[-215,4947],[3366,14773],[1760,10270],[622,10890],[-2434,773],[-2210,-4792],[-2011,1141],[-2757,5621],[-2494,2512],[319,3209],[-3629,3824],[-1234,4934],[-2158,4528],[-906,6228],[-4186,7065],[-5610,368],[-2178,-2187],[-2203,-4701],[-890,-6339],[-3555,-1193],[-1230,-3034],[1226,-3223],[-870,-3077],[-5637,625],[-2090,2915],[691,5782],[-1212,5927]],[[3075773,4906437],[-66,2422],[3688,6828],[-481,4343],[1435,5125],[517,7046],[1380,5964],[1388,9937],[1911,6760],[6030,13041],[3454,4526],[4012,1609],[3490,5994],[5573,1091],[7102,-2503],[7027,1087],[4341,3294]],[[3126574,4983001],[5092,-6364],[3373,260],[2256,-2661],[2302,-9598],[4446,-5156],[1053,-4432],[1666,-2258],[49,-6923],[2006,-4983],[-1112,-5343],[1005,-4389],[2675,-755],[7373,1535],[727,-3866],[3305,-3582],[1031,-4293],[787,-9817],[1134,-3699],[4846,-6016],[4661,-910],[3942,2540],[5469,-1351]],[[3184660,4900940],[3009,-9641],[730,-9874],[-495,-4037],[-3009,-3715],[-194,-3675],[-4476,-3644],[-4259,1922],[-5239,6262],[-2438,-811],[-3403,-3610],[-2027,-5078],[988,-2972],[-9128,-9501],[-5324,1015],[-8193,-1877],[-3539,-5659],[1367,-3460],[2479,-2024],[323,-5578]],[[3471101,4550505],[-7959,13899],[-1631,6942],[-3006,9635],[-8112,17390],[-1918,365],[-4084,-3226],[-2014,-3338],[-3254,-1851],[-2118,6662],[-3874,2300],[-9511,179],[-5505,6895],[-3323,2458],[-3307,71],[-4355,3097],[-6454,-113],[-5179,3615],[-5323,-2223],[-3412,-34],[-6391,-9694],[647,-5188],[3481,-1850],[855,-3165]],[[3385354,4593331],[-12482,-7131],[-1628,-4014],[-278,-8883],[-4445,-5015]],[[3366521,4568288],[-3276,5804],[-1952,-1263],[-304,-4914],[-2974,-2014],[-1543,5299],[2259,6895],[-2988,641],[-878,8460],[-4276,793],[-3962,5360]],[[3346627,4593349],[-137,10824],[-5190,10377],[-2978,9576]],[[3338322,4624126],[3723,2329],[4362,-401],[4757,966],[2954,-503],[14461,42],[7339,2041],[7212,300],[15705,-9920],[1427,-2614],[2548,1371],[966,8709],[-9648,7846],[3919,2459],[5863,9128],[689,14612],[-2130,1878],[308,5155],[-1494,4363],[495,3101],[4668,1121],[-3121,3084],[-1299,5680],[1917,5774],[3832,-315],[1695,3207],[3570,-4648],[9505,-9735],[4211,-1520],[3706,-5488],[3119,1760],[1433,3444],[3215,305],[3053,2602]],[[3441282,4680259],[8261,-3533],[5623,-3981],[1301,-2289],[3130,707],[3435,-2478],[4220,5390],[1829,9519],[2317,-638],[2619,1539],[-1404,6217],[3211,3359],[1515,-58],[1734,5384],[-1337,3835],[585,7934],[2205,6944]],[[3480526,4718110],[11202,-11086],[4585,-8893],[4527,2515],[1486,-3263],[1797,-5],[3400,-8249],[1915,-3027],[16127,-16775],[10303,-3297],[5107,1356],[2355,-2321],[2275,-4442],[5444,499],[5774,-6301],[2747,-273],[2714,1753],[2590,-3210],[1097,-5642],[2500,-2530],[-847,-5975]],[[3567624,4638944],[-6041,-19323],[7986,-24273],[3226,-3242],[1195,-6303]],[[3573990,4585803],[-650,-5980],[492,-3421],[-1438,-3336],[939,-2219],[-7654,-9806],[-1951,-843],[-1929,-7810],[375,-2992],[-1400,-4148],[-5466,-8085],[-2902,2870],[-1493,-741],[-6232,2471],[-2145,-1818],[-3482,3984],[-2098,4105],[-3399,1970],[-3999,9004],[-3214,3320],[-2891,1412],[-5104,6658],[-2622,1407],[-5389,5713],[-5055,3716],[-3951,-689],[-781,-3414],[-5332,140],[-3084,-3921],[-567,-7185],[-1715,-7307],[-1743,-2986],[-7100,-18794],[-1958,-7061],[75,-3297]],[[3479127,4526720],[-4256,16226],[-3770,7559]],[[3568438,3986542],[1735,-1920],[3418,3950],[2894,-1204],[1982,1866],[1927,4943],[3673,-1654],[6777,5723],[6841,13728],[2143,5439],[702,11171],[-1391,6729],[1058,1946],[-1468,11580],[-27,7173],[2459,2845],[1350,3944],[-819,3282],[2666,2184],[594,2474],[-1882,4209],[-54,4817],[2566,-2263],[3476,5902],[-4451,3230],[-117,3150],[-2404,2607],[783,3679],[-3953,106],[18,3440],[-3223,1985],[-1268,5248],[637,6874],[6313,11447],[4934,2938],[-1422,7862],[-5602,-225],[-1368,-927],[-3512,5016],[2287,5651],[4530,1138],[3340,1866],[1738,3137]],[[3606318,4151628],[6890,5137],[4371,-3198],[3947,2574],[2901,-1390],[1247,-2904],[2095,2744],[3458,-426],[3183,1328],[2841,-1309],[2552,1437],[3953,-1239],[2006,2916],[3547,-1126],[3553,1913],[4372,-7097],[-2170,-992],[-1467,-3527],[-324,-5362],[2087,-1037],[2382,-3745],[1576,-6026],[2226,-1097],[3446,3926],[1644,4339],[5326,4489],[3728,4024],[4245,1078],[1650,1731]],[[3681583,4148789],[3712,524],[3941,-6707],[908,-4164],[2616,-2424],[7772,-2050],[11565,-12568],[1278,-6493],[-4145,-6537],[992,-1955]],[[3468297,4807047],[1183,5520],[-2462,5934],[95,4553],[2716,7809],[830,5084],[-1477,1176],[-2976,-4498],[-3249,-1030],[-4629,837],[-1952,2335],[-2096,-7299],[-1656,-2035],[-2911,-250],[-2773,-4300],[-3488,8317],[-3726,2307],[1207,4105],[-1259,4039],[-352,8972],[-2379,4073],[-800,3464],[-2048,-786],[-1866,3320],[-3371,407],[-7776,-7172],[617,-8227],[-1767,-2483],[-3845,17],[-9014,-4986],[-1509,727],[-3829,-4097],[-7788,3488],[-1256,-2575],[-3680,4570],[-3356,1623],[-2116,-2066],[-4759,2356],[-2084,3466],[-4896,-2526],[-2050,127]],[[3369750,4841343],[-1013,4536],[913,5774],[-1225,8237],[4255,11243],[-2076,573],[-387,3574],[-3029,3334],[2266,5648],[3883,3511],[-28,2791],[4937,8283],[1751,4564],[-1344,7028],[870,7274],[-4096,1894],[-3473,5293],[2189,4147],[1683,208],[1717,4025],[-1472,9559],[1815,3797],[-297,14112],[4596,4744],[2039,405],[3891,4875],[3687,-1243],[3407,4043]],[[3395209,4973572],[1323,2017],[2612,-323],[2110,4943],[4539,-10820],[8587,-1461],[582,-984],[12522,-10459],[-571,8820],[7848,20387],[5651,3016],[2582,3903],[2070,-1023],[11802,1762],[1648,4571],[4495,5304],[4498,-3445],[3828,364],[6940,-5853],[1720,1397],[4944,-6745],[167,-2105],[3623,-6971],[1120,747],[4373,-5953],[5370,-3744],[1106,-7821],[2781,-2418],[2714,3111],[3027,-2985],[690,-3077],[3403,-461],[1279,-3056],[-401,-6821]],[[3514191,4947389],[-13852,-11863],[-1791,-2904],[-2939,-1147],[-4948,-4238],[4686,-14763],[5944,-197],[4220,3756],[4987,2167],[2793,6105],[3090,1863],[677,-3364],[2002,-1470],[2224,-4709],[-6242,-5942],[-2120,-1156],[716,-16136],[28373,-12763],[5401,-12195],[-750,-5499],[-3601,-3960]],[[3543061,4858974],[-2651,-5732],[-397,-4694],[-5420,-5841],[-1395,-11930],[274,-7668],[-1615,-2708],[-2149,921],[-4047,-6045],[-3164,94],[-7652,-19945],[-3074,2139],[-2920,-865],[-1191,-2194],[-3993,46],[-1857,1490],[-1613,4619],[-2678,-241],[-3307,2875],[-687,4414],[-6946,-1726],[-1046,-1918],[-3101,2941],[-1996,-382],[-5047,1913],[-3783,-1856],[-3309,366]],[[3573990,4585803],[7310,-344],[-739,-3911],[8563,-10749],[4516,7329],[4384,-3025],[5006,-15969],[2790,-5821],[139,-3518],[5593,-5452]],[[3611552,4544343],[-2496,-14907],[6180,-8302],[882,-8082],[9198,-16244],[8491,-7896],[3185,-7667],[19073,-33805],[3444,-4946],[11064,-10365],[1763,1316],[-20,5034],[2833,-326],[-26,-5293],[1323,-6232],[6640,-15641],[2759,-5619],[-814,-2358],[1480,-4679]],[[3686511,4398331],[-529,-3263],[-2633,1506],[-5115,-1785],[-5189,3595],[-6162,1236],[-1964,5822],[-2754,2365],[-4685,977],[-2058,-7005],[-9665,-642],[-4438,-1412],[-5403,1333],[-3547,-1005],[-6013,4636],[-1487,3221],[-5249,615],[-7298,2227],[-1728,-6748],[946,-3675],[-5327,-122],[-9574,8043],[-2985,219],[-7716,-4319],[-4298,465],[118,-2130],[-6675,-3124],[22,2231],[-4316,-1507],[-2115,2581],[443,3771],[-3924,3974],[-6171,-6161],[-4496,-217],[-4035,5231],[-2656,-4360],[-3717,3600],[-1418,-3464],[-2376,-1308],[-4802,815],[-1948,1408],[-72,-7134],[-2215,172],[-1467,-2797],[163,-5207],[4798,-8268],[-5885,-4665],[-2704,1611],[-2315,3175]],[[3523877,4382842],[-574,11726],[499,2899],[3053,8257],[3383,12844],[469,12212],[-240,19506],[-754,4642],[-5029,9032],[-1813,6240],[-1661,2987],[-8827,8864],[-773,-252],[-8798,7713],[-1975,1193],[-3818,4908],[-3941,8667],[-5859,15203],[-5058,3310],[-3034,3927]],[[3237112,5029059],[1450,-2320],[-1084,-8997],[-2855,-4148],[-852,-4995],[-3287,-466],[-2692,-2152],[-3420,-6730],[-3667,-3369],[3187,-4894],[-257,-2014],[-3260,-1419],[-7234,-1006],[-2745,-6165],[-2897,-9103],[-3521,-5013],[1916,-3011],[2119,1128],[3055,-2581],[2785,-6407],[2071,83],[1784,-6869],[1042,-380],[-217,-6836],[-2053,-489],[1759,-5181],[-474,-4912],[-2577,-5881],[-2363,-1442],[-686,-4512],[-2445,-7492],[-1960,-2522],[-16020,-5990],[-6085,530],[-969,-2564]],[[3126574,4983001],[3310,5414],[-898,2809],[-9075,-4228],[-3339,2695],[1511,11418],[2409,3822],[-387,5696],[4548,694],[4157,5108],[510,5119],[2165,3516],[1853,7126],[1393,2187],[269,6413],[2171,13701],[955,819],[7453,-3443],[3589,1697],[2706,3643],[677,2844],[3577,1625],[2815,3409],[4511,912],[2269,3056],[3889,7678],[2789,769],[3616,6464],[3644,3981],[-1071,5517]],[[3233476,4843597],[5526,-372],[3775,2287],[2197,-335],[7059,6212],[2915,5813],[4206,4524],[6544,-613],[1900,2788],[6412,3172],[1043,5135],[4224,4648],[718,4249],[-696,3028],[-5725,9949],[1010,4720],[2610,7034],[-3717,4756],[896,9675],[1013,1449],[2317,12395],[2884,10450],[1850,4514],[2901,2553],[1721,-658],[3521,5670],[2759,2546],[708,9964],[-1613,9447],[2243,6169],[-9,2787],[-4641,7109],[-1031,4261]],[[3288996,4998923],[2207,1548],[2674,-4497],[5664,-1756],[3049,736],[903,-4101],[-391,-5197],[2623,-2825],[4092,3241],[3351,6534],[5022,4890],[4202,1671],[664,2157],[4689,4341],[4114,1367],[3650,2977],[1290,5217],[-914,2116],[2544,6001],[-331,4265],[4979,-2485],[1926,1424],[5808,210]],[[3350811,5026757],[1925,-2287],[1015,-6031],[3386,-2261],[2780,-399],[8346,-23914],[4597,1769],[4695,-2702]],[[3377555,4990932],[1677,-3693],[-557,-2759],[16534,-10908]],[[3369750,4841343],[-3528,-7746],[-2521,12],[-4810,-2230],[-3785,-4316],[-1988,-132],[-2168,-5486],[548,-7026],[-1667,-4396],[-5645,-321],[-2202,-8028],[-3735,-3407],[-1543,-5611],[-5741,-1838],[-3102,-7447],[-2640,-1862],[-26,-2735],[-2216,-2726],[2309,-3084],[-1899,-5013],[7367,-13724],[1324,-6484]],[[3332082,4747743],[-5725,-3882],[-1517,-4188],[-2061,-401]],[[3322779,4739272],[-1806,-5],[-2566,-3809],[-5532,-506],[281,2163],[-3687,3096],[-393,4363],[-5877,8243],[420,5024],[-5317,-2301],[-1554,2683],[-2689,409],[-4923,-2252],[-1545,3006],[-2871,-2548],[-7015,6693],[-2573,-1890],[-3175,1694],[-3533,-3353],[783,-8240],[-4440,-5052],[-1553,-4695],[-2119,1331],[-2000,-3111],[-37,-5161],[-2261,-6052],[-488,-3964],[-3439,-7153],[-4526,-619],[-1510,-6416],[-3896,-1215],[-1975,-3062]],[[3244921,5039798],[2895,-4235],[4998,-2690],[-196,-3060],[2227,-1279],[1541,2076],[5226,-1931],[3622,-5379],[920,-5179],[3447,-6112],[5329,-3608],[4121,1960],[4687,-1768],[4107,-5395],[1151,-4275]],[[3277919,5212463],[6017,-15598],[17914,-18675],[2358,-7143],[2654,-4227],[3578,-2827],[-3077,-2505],[1447,-4384],[11110,-10689],[4432,-19502],[1024,-18891],[5607,54],[2717,2322],[2444,4927],[3728,4593],[-872,15728],[3304,443],[778,-6748],[-284,-11805],[2841,-1417],[8359,3740],[1494,-2469],[-469,-4906],[1367,-13769],[-7363,-14581],[2048,-7801],[-4549,-13896],[1514,-20141],[3100,-12949],[-329,-2590]],[[3606318,4151628],[1135,8562],[-871,4941],[1377,5165],[1639,2644],[1132,10590],[-186,4619],[-2087,3935],[-1656,5562],[-9528,6480],[-3405,-3153],[-2720,1403],[-1334,5226],[-2813,2955],[-1242,5996],[-3404,11422],[3184,9175],[4807,1328]],[[3590346,4238478],[1997,-967],[4051,3110],[1286,-3482],[2131,-13],[2018,-2370],[7482,-1324],[2846,-4325],[2100,599],[2698,-3568],[3216,843],[4514,-4230],[5151,744],[2088,1257],[962,-3360],[2653,-318],[840,3766],[4183,3355],[1554,3544],[3021,2686],[4968,-2272],[4469,-230],[355,3934],[2924,1218],[2227,2647],[-2653,6292],[980,5926],[-828,4122],[0,6327],[1269,2111],[4623,-3],[2256,3239],[1680,-1698],[3966,-155],[1911,-9512],[2499,256],[1387,4505],[4589,-1493],[3155,2484],[5894,1237],[2851,4993],[2747,-945],[1526,1687],[2800,-2696],[1917,1595],[2881,-345],[2507,2805],[-808,4753],[138,10046],[2219,5605],[2872,-273],[3374,-2262],[2395,3837],[2075,-32],[2391,2915],[-354,8305],[-2160,3133]],[[3720179,4306481],[-159,4976],[3455,1645],[2160,6882],[214,4120],[2199,-888],[4868,-4723],[-414,-16399],[2800,-5627],[3361,-2145],[650,-5918],[11863,-1421]],[[3751176,4286983],[4988,-5525],[1093,-2209],[-966,-5400],[248,-4905]],[[3756539,4268944],[-2556,-2270],[-438,-3081],[-3230,-4548],[-139,-4057],[-2328,-2848],[-6286,-4116],[-3846,127],[-90,-2029],[-4457,-763],[-3778,1007],[-1692,2203],[-3118,-4119],[-2866,-9977],[-3438,-4836],[-1117,-4645],[-3321,-5311],[-434,-5351],[-3179,-4774],[-1851,-4854],[3295,-4822],[2440,-1640],[366,-3005],[-3305,-3120],[2940,-6371],[-2862,-6015],[1333,-2961],[-616,-5165],[-6887,1324],[-1699,-2739],[-3992,-1898],[-4053,-180],[-1662,2606],[-2861,-1097],[-1292,-5434],[-2406,-954],[-7009,3045],[-2498,-1418],[-800,-4544],[-2032,-1944],[-42,-4073],[2296,-3081],[4554,-2427]],[[3686511,4398331],[4055,-6186],[6896,-39],[1252,-1251],[432,-42516],[3513,-13437],[5617,-4020],[1494,-5518],[-1470,-4306],[3612,-13298],[3801,-2679],[4466,1400]],[[3590346,4238478],[-1663,3901],[-5157,1862],[-4076,202],[-1349,1441],[-5575,807],[-4376,1633],[-9401,5560],[-3594,1031]],[[3555155,4254915],[-1887,1831],[-2859,14139],[399,6422],[-3589,5433]],[[3547219,4282740],[-1661,1549],[-3846,7349],[-2454,887],[-3139,8626],[-169,4258],[-2946,5780],[-5999,5403],[-3165,6982],[-119,4065],[974,10046],[1779,7991],[-325,7578],[-2126,10191]],[[3524023,4363445],[2108,5534],[-2254,13863]],[[3366521,4568288],[-1876,-1832],[-1068,-8018],[848,-4141],[-785,-4183],[-2985,-6134],[-3192,-916],[-3851,4233],[-2933,-356],[-3822,-3216],[-3544,-1018],[-4659,-5337],[-3187,-1561],[-1415,-4539],[-2472,-2442],[-3379,-767],[-2509,-3343],[1814,-5565],[-3011,-2301],[-3065,4110],[-3840,521],[-589,2095],[2308,8928],[27,5103],[-1866,2965],[-3955,1391],[-8944,287],[-4028,3048],[-7454,8555],[-3954,954],[-11020,14573],[-2021,8398],[-2937,2065],[-2783,-364]],[[3270374,4579481],[-1633,1003],[-4175,-3353],[-1880,-7366]],[[3262686,4569765],[304,9130],[-1645,2012],[994,3227],[2616,14197],[-501,6777],[-1819,866],[561,3830],[7094,-3071],[1657,7016],[4407,-233],[4753,-2137],[2760,-6049],[1351,-6616],[2984,-3537],[3037,738],[6216,-4285],[3769,2756],[1895,-2897],[4511,51],[2044,-8568],[3393,-435],[2776,1904],[587,-5971],[3606,197],[1060,4738],[2293,4488],[3440,-1512],[5126,3218],[1895,4654],[4748,-2055],[1291,1748],[6738,-597]],[[3322779,4739272],[1583,-4404],[-3974,-9478],[-2677,-10651],[-2592,-2858],[-2163,-16338],[4344,-1551],[1732,-4849],[2070,-2337],[-1958,-6099],[787,-6279],[-3782,-9503],[1188,-4482],[-513,-9439],[3838,-5467],[2210,-474],[2071,-8435],[1730,-4571],[2004,-9357],[1219,-1267],[8426,2693]],[[3262686,4569765],[-4113,-4436],[-3830,-5720],[-3482,-8174],[-3115,-373],[-4874,4900],[-3642,1660],[-1944,-2666],[-1048,-6550],[-2505,-9678],[417,-3139],[-2211,-3904],[-2033,1469],[-3957,-2405],[-2944,-322],[-1472,-5644],[-3670,-2455],[-1259,-3089]],[[3332082,4747743],[2291,-3138],[5104,-3555],[1230,-3615],[6818,-6857],[2572,1177],[4940,-1486],[2489,494],[5082,-4362],[893,-3449],[3003,-1990],[3327,1363],[3991,-1423],[3222,-3098],[6163,1646],[2231,1755],[2668,-1162],[6579,899],[1614,-2504],[2796,4765],[2843,576],[2679,-1520],[4896,-5360],[1846,-4782],[5368,792],[1484,-2524],[5703,-587],[6968,-3452],[759,-3285],[4493,1093],[3870,-188],[3169,-5235],[-790,-16434],[-1101,-2038]],[[3756539,4268944],[1022,-3321],[3603,-3649],[4355,475],[3994,-2923],[6199,-10054],[1599,-209],[8440,4008],[1704,-9591]],[[3787455,4243680],[-4599,-19413],[-5712,-1160],[-13494,-9286],[594,-7054],[-948,-4789],[2565,-1194],[1062,-3569],[2387,-3135],[-101,-8519],[6672,-6120],[5439,-16318],[4648,547],[5628,-4619],[1248,-5544],[1823,-3589],[6924,-1578]],[[3801591,4148340],[1597,-27659],[-1834,-23945],[-3054,-5871],[-4151,3219],[-1945,-1617]],[[3468297,4807047],[-750,-4526],[-4319,-854],[-2957,2143],[-869,-9123],[7162,-18660],[-7080,-13577],[-8476,-4027],[-6099,-7100],[-3042,-1836],[8041,-10466],[11327,-2236],[6300,-6100],[2994,-241],[1499,-4108],[8498,-8226]],[[2634290,9441157],[-782,-9083],[-4418,-12480],[-3835,-7490],[1416,-13268],[3343,-15255],[2062,-5605],[4489,-5081],[4478,-2096],[14505,-13793],[-6094,-18997],[-5207,-4813],[-3265,-6387],[-3668,-16720],[-1073,-25351],[-2359,-5771],[-5031,-4323],[-11633,22],[-8546,-7267],[-10137,-10175],[-8906,-3060],[-14865,-393],[-15509,-1240],[-1803,6217],[-20323,-16],[-15796,3301],[-12201,6067],[-10586,1533],[-9503,-8340],[-7873,-4168],[-15310,-5236],[-4986,-4896],[-2034,-4605],[-1656,-12565],[-8654,-3170],[-6231,-3638],[-8086,-9344]],[[2434213,9213671],[-8950,2340],[-6126,3829],[-5033,8150],[-4951,11684],[-3850,3672],[-7046,2694],[-9164,-1395],[-9218,-9491],[-10776,-296],[-9995,5189],[-17019,3678],[-23198,223],[-6109,20406],[-5695,4349],[-12110,353],[-3621,6412],[-1253,11755],[802,9979],[-11709,-1418],[-8566,-2605],[-6139,-3940],[-6745,-8769],[-4678,-7907],[-9173,-10542],[-11227,-10382]],[[2232664,9251639],[-2324,18566],[-2970,9949],[-5190,10351],[-10169,7716],[-9911,9812],[-2433,10327],[-5613,13333],[-3000,10827],[-3547,4814],[-4361,1648],[-7425,-1222],[-7709,6212],[-5706,12387],[-1889,8285],[-8229,16965],[-13259,13099],[-12207,7920],[-5665,10028],[-4718,20093],[-4604,9120],[-5395,3361]],[[2106340,9455230],[-2370,8170],[6163,4732],[9470,3838],[8177,215],[3970,1951],[3223,5002],[2389,750],[3799,5040],[5856,651],[3253,4804],[7187,2332],[5805,-2976],[5311,-1488],[5541,4464],[-2351,10661],[12801,6191],[6918,-71],[-771,8529],[6419,3221],[6621,875],[12078,-1944],[12592,7597],[8956,-1313],[1779,3183],[4650,4058],[415,6351],[4192,1181],[2651,3635],[11641,444],[522,8865],[5792,7028],[8089,4665],[5226,2029],[11000,-2314],[10019,-3370],[9674,1520],[9445,3545],[3459,4924],[-1012,5491],[3116,4199],[-1435,7998],[4480,1129],[4296,-4306],[-106,-3835],[3181,-4516],[3935,-2374],[9886,662],[3296,-4387],[-1087,-6329],[4267,-2338],[7778,1687],[3393,4280],[-559,4832],[4086,4970],[20230,-2316],[1332,-3686],[-231,-8515],[-4839,-7093],[3957,-8762],[4417,1304],[6255,-5001],[3246,2041],[6954,-304],[10046,1929],[6291,3728],[5718,-538],[8494,-4403],[8827,728],[6470,-3178],[14702,2290],[8241,-1710],[5103,2275],[3526,-1258],[20082,-1354],[4278,-2436],[2135,-7222],[3556,-4927],[4343,-42785],[3368,-3364],[5579,-315],[3944,-2608],[151,-4821],[6064,-8342],[2783,-7917],[5784,270],[8257,2724],[22904,-1621],[-56,-4434],[1836,-5338],[6284,-2704],[11268,372],[9866,-1142],[12016,-55],[7663,-7723]],[[2106273,9455271],[-472,294]],[[2105801,9455565],[472,-294]],[[2203874,8947606],[850,4605],[5524,-1242],[13665,-6291],[4359,-3811],[3353,-9072],[2989,-4794],[7476,-1994],[4165,1657],[8653,9297],[20007,431],[9235,3370],[5265,9822],[-16135,10336],[-11971,8745],[-14613,13351],[-2888,4662],[-1133,11389],[2557,17139],[-1953,11727],[-8875,8041],[-6432,11712],[-5045,5090],[2375,19456],[-2006,11038],[-5901,9513],[-875,14300],[-7119,4565],[-2159,4700],[-1506,8801],[-7129,20897],[-4034,7962],[-5373,6054],[-3106,7855],[-3311,23549],[-47,11646],[1348,9925],[-1717,17347],[-1623,5456],[-7740,11739],[1955,2062],[7032,-605],[6862,-2395],[5925,-366],[9891,4531],[9054,6574],[5327,1685],[5565,-1437],[8049,-4989]],[[2434213,9213671],[5152,-9049],[196,-9885],[-6082,-22569],[-2310,-5436],[-15067,-18280],[-5708,-5140],[8286,-15677],[11664,-13264],[11003,-9096],[10692,-10136]],[[2452039,9095139],[-7212,-14443],[9723,-6535],[4411,-4180],[6138,-9013],[2275,-5728],[3779,-4414],[7055,-4085],[12168,-4957],[4207,-6843],[1615,-8356],[5326,-15937],[5616,-11387],[5861,-15187],[3955,-7494],[5629,-6835],[6371,-5187],[-12230,-8214],[-11199,-3427],[-18319,-932],[-5865,-3573],[-5532,-8616],[-5799,-7002],[-3374,-6523],[-10218,9569],[-13529,3520],[3370,-11835],[5976,-12953],[1830,-7204],[-2023,-11198],[-7365,-17423],[-6222,-10908],[-6285,-19802],[-3111,-23453],[-5471,-5327],[-19218,-13342],[-3389,-6198],[-253,-7612],[2312,-10093],[4436,-14053],[347,-7602],[-41,-35503],[1970,-15916],[3947,-20644]],[[2634290,9441157],[2467,-1535],[3975,7209],[8962,3051],[4189,-745],[8411,722],[-2942,8113],[7808,3989],[6672,-3256],[4999,-7754],[2775,715],[2100,4237],[6239,999],[2314,-3191],[8861,-163],[5963,-1762],[8440,-10936],[6669,-4360],[3553,1958],[5820,8195],[3328,74],[4943,-10163],[6281,3760],[4288,4127],[2961,-3241],[7553,542],[3115,-2359],[14153,-1136],[1125,-8430],[11437,-2779],[430,-3937]],[[2791179,9423101],[-437,-6306],[-4918,-15271],[-13765,-16075],[-5723,-5430],[753,-8960],[-559,-12546],[5570,-6710],[8754,-5686],[8882,-9513],[5536,-9025],[14106,2275],[16153,-2360],[7028,-2418],[13781,-7841],[6663,-5467],[8188,-8663],[3548,-1320],[16530,-1873],[4558,525],[11454,4194],[11594,132],[6663,-2425],[5255,-6142],[7175,-4255],[18312,11873],[2732,3280],[2331,9640],[4042,2110],[13003,-668],[13683,1248],[3156,-7755],[1279,-20811],[5347,-25846],[-3600,-5801],[-7326,-15331],[-2996,-13996],[2607,-18105],[-127,-10704],[-2160,-7056]],[[2978251,9194019],[-11112,-3340],[-8975,-4817],[-15475,-6178],[-4398,-6316],[-8018,-6634],[-6971,-2973],[-16522,615],[-4651,-1490],[-4501,-4047],[-3512,-10859],[1048,-11468],[-1130,-9464],[-2118,-7513],[-80,-10251],[1525,-5029],[6181,-8257],[4976,-3086],[10354,-3417]],[[2914872,9089495],[-3051,-13600],[-10292,-12544],[19,-11979],[-2655,-15379],[-5405,-6286],[-7126,-5409],[-5539,-2452],[-8962,2136],[-5399,-816],[-3887,-4244],[-882,-9590],[-2077,-5168],[-5659,-6599],[-3732,-7849],[-1197,-17440],[-3815,-16602],[-4939,-10389],[-7225,-11839]],[[2833049,8933446],[-7647,1806],[-5986,5898],[-3289,6942],[-4198,-2763],[-10007,-10845],[-7311,-4557],[-15740,2040],[-6489,1913],[-1962,12770],[-9309,17340],[-3900,4436],[-4784,11490],[-5150,4456],[-8263,-1429],[-9155,-6471],[-14873,-7872],[-4365,15016],[-1587,11496],[889,13898],[-2183,11870],[-3274,5900],[-11938,13920],[-8076,1769],[-10523,10606],[-11147,7448],[-4699,1021],[-15254,12420],[-6253,3448],[-23005,4433],[-8561,-380],[-12431,-3257],[-4217,12955],[-5398,4554],[-16998,2954],[-13396,-956],[-14642,1721],[-17850,8270],[-7995,6770],[-6436,720],[-27796,-10615],[-17709,-5388],[-8103,-4054]],[[3322188,9518335],[4330,-2579],[3774,2227],[3030,-4461],[6751,-3692],[1863,-3528],[4413,-253],[4661,-3810],[8102,143],[7572,1898],[4119,-1960],[2836,4069],[5917,-1626],[3698,-5683],[-2550,-5415],[2381,-2527],[-1772,-6171],[3642,-1073],[12595,3951],[8620,-1930],[4149,-5583],[4936,-2857],[7298,-171],[3986,-2270],[1038,4367],[6178,-756],[4455,7038],[4224,-3254],[4131,206],[6287,-4202],[13679,-1458],[5432,5354],[7854,3912],[2436,6678],[3239,-156],[2511,2985]],[[3488003,9495748],[8102,-7133],[7247,-10243],[2600,-7452],[712,-7921],[5764,-6198],[-1558,-2388],[-8153,-1722],[109,-13282],[1755,-6230],[3698,-5286],[10779,-12259],[4630,-8408],[-5859,-6198],[-105,-15986],[-2884,-16645],[-4515,-10566],[-7263,-39651]],[[3503062,9318180],[-7282,3481],[-9789,-1278],[-5676,-6016],[-17388,6218],[-12462,-12798],[98,-8641],[25715,-5422],[13151,-7209]],[[3489429,9286515],[8856,-8545],[7116,-8388],[-2780,-8620],[1282,-16378]],[[3503903,9244584],[953,-13520],[-403,-18169],[-3520,-10314],[-9370,-8217],[-3392,-6451],[-3468,-10207],[-3919,-7057],[8691,-12496],[1429,-11332],[9775,-5040],[20150,-1641],[-1196,-7567],[760,-12006],[5891,-23869],[-22448,-1266],[-3941,-8253],[-15130,-759],[-4281,-1764],[-12441,-8965],[-8440,-8659],[4005,-9635],[5083,-5673],[906,-5850],[-2390,-4969]],[[3467207,9040905],[-18872,-5106],[-8259,-1083],[-7751,951],[-10396,-2034]],[[3421929,9033633],[-1660,13445],[-6449,7019],[-18603,17014],[-5556,8008],[-8225,16599],[-4831,6682],[-6667,3376],[-4641,284],[-5388,11776],[-1945,6689],[-11968,6050],[-4576,7205],[-839,11311],[-2524,11482],[-7326,14480],[-9566,12104],[-14660,2247],[-10701,10141],[-1069,8602],[-3817,6920],[-7720,7363],[-3816,29952],[-3722,13709],[-2784,6828],[-7932,-5135],[-5035,-829],[-3488,2003],[-3051,7039],[-4632,4393],[-7153,1379],[-4696,3075],[-7668,8529],[-1199,2895]],[[3228022,9296268],[-3011,16745],[743,8986],[3375,9569],[4671,6281],[7701,2595],[4470,7396],[12134,11372],[5696,2404],[23500,6581],[6167,3302],[8055,8436],[3900,7493],[3068,8923],[3751,3882],[12495,-412],[11127,8239],[-6188,6591],[-15653,8463],[-6926,2120],[-12445,6073],[-7907,2518],[-13241,6938],[-2929,3905],[-289,4924],[2718,6572],[8194,10309],[3041,5767],[10642,11591],[5612,17639],[7941,8314],[13754,8551]],[[3836606,8291845],[350,2153],[-229,24361],[2253,17452],[753,22948],[1753,10861],[-2295,37674],[-5723,14887],[-1347,13987],[535,22611],[1892,19754],[-403,9633],[-8498,28694],[-3110,18008],[-3339,14258],[-4154,10578],[-9790,21373],[-645,9123],[3762,29792]],[[3808371,8619992],[2784,2898],[4816,12997],[3197,16702],[4104,15395],[17178,1270],[22090,278],[16253,1190],[67,8537],[2062,13250],[4828,7891],[9245,3550],[6450,941],[-2192,6244],[-9212,31567],[-1652,11531],[-2740,11711],[-2104,12962],[2380,24832],[4323,21062],[2168,7988]],[[3892416,8832788],[4632,10624],[1374,11281],[4884,15148],[8339,8491],[6991,9610],[7487,12588],[4803,12424]],[[3930926,8912954],[12466,-10221],[2733,-3550],[5053,-15940],[7909,-10538],[4933,-4020],[4094,-1088],[14594,-406],[12202,-3640],[4635,4172],[11420,6883],[8052,8033],[4058,5469],[7841,18651],[1302,5176],[-2259,21451],[3910,4123],[9136,-3106],[3597,-3680],[5597,-10560],[6824,-9481],[9832,-11703],[12206,-23720],[4654,-17491],[29227,-6292],[8624,-503],[1824,4562],[13636,14759],[4726,7019]],[[4143752,8877313],[19195,-8982],[10093,-6950],[10077,-5093],[4752,-6162],[5415,-14349],[2530,-11978],[888,-23436],[-3006,-29979],[6842,-6498],[5129,-12639],[8594,-12302],[2583,-8286],[-1388,-12153],[1311,-10364],[2753,-8660],[-1026,-701]],[[3680098,9188032],[22646,-4682],[20225,-5166],[5486,-2660],[5765,-254],[17487,6887],[4580,-9458],[4893,-6346],[5967,-10280],[8887,-10921],[17052,-5999],[4193,-3820],[462,-4702],[-2308,-10060],[-4076,-25387],[-9473,-2301],[-13095,393],[-5168,2421],[-10804,9659],[-7527,2187],[-9847,379],[-11283,-2155],[-14402,-1523],[-13685,5305],[-2181,6306],[-6,12032],[-2931,9896],[-3708,5733],[-790,20081],[-6359,24435]],[[3883749,9137142],[-1598,-9918],[-620,-11920],[3702,-4702],[-1667,-6346],[-6612,-10200],[493,-11057]],[[3877447,9082999],[-14567,85],[-5262,25277],[1319,12723],[3204,7399],[6983,7336],[2847,4732],[11778,-3409]],[[3777255,9054104],[13898,5186],[3614,-5919],[2013,-8772],[-8118,-1451],[-5106,-3434],[-6301,14390]],[[3892416,8832788],[-13071,-1040],[-10897,2513],[-9535,7533],[-6356,16049],[-3179,13517],[4541,12996],[4540,8986],[-1362,9475],[-6810,12947],[0,9449],[7264,15394],[-12259,5952],[-10948,14035]],[[3834344,8960594],[4388,2807],[10888,2763],[8496,103],[14832,-3192],[11818,-1577],[15332,7932],[6903,4372],[4640,5302],[5943,13071]],[[3917584,8992175],[5811,-8882],[3577,-9248],[6609,-4723],[1417,-7756],[-2937,-13778],[-487,-8910],[1053,-8562],[-299,-12006],[-1402,-5356]],[[4143752,8877313],[3527,8591],[4250,13708],[1315,12668],[-2205,10213],[-516,12975],[2764,11833],[3722,6469],[8963,9493],[-1330,11141],[2131,12926],[3052,6951],[1212,11444],[2070,10436],[6377,15064],[3241,4691],[10618,9690],[11129,7818],[26501,-9757],[-1846,11352],[261,15471],[2349,15745],[3903,7825],[5451,4282],[11500,6533],[11248,7452],[11755,3909],[15725,729]],[[4290919,9116965],[714,-8972],[4043,-24638],[7794,3400],[11980,2575],[8310,-2034],[12620,-5628],[43946,-7444],[5184,-292],[14142,-7552],[14310,-14954],[9290,-6246],[9928,-10311],[16467,-9880],[13226,-9765],[-5310,-20971],[-874,-10827],[741,-9251],[3562,-8516],[10258,-9413],[8884,-5623],[5089,-5486],[5247,-9232],[13165,-17180],[19024,4784],[16136,2425],[30918,-309],[8189,4138],[9447,2331],[37354,459],[9642,-1470],[5623,-5430],[17083,-37553],[4801,-9995]],[[2833049,8933446],[8313,-10247],[-1159,-4614],[1777,-9547],[3878,-10187],[3990,-13704],[3989,-4397],[8354,-5523],[9552,-11333],[6698,-5825],[16137,-17800],[1392,-8955],[11731,-11480],[5705,-8289],[4058,-20129],[2099,-13528],[109,-20037],[-619,-10640],[-2258,-11777],[-4325,-16350],[-5705,-14617],[-6007,-12343],[-5563,-13893],[-1426,-11322],[1599,-14397],[18,-12268],[-2362,-15060],[-4885,-14825],[-3653,-6066],[-4412,-3836],[-8571,-3196],[-3547,-7818],[-382,-7584],[170,-28218],[2665,-21385],[-2953,-20101],[-1617,-23500],[117,-15214],[-3859,-10121],[-17,-9484],[-1330,-7238],[-7265,-14324],[-2524,-12452],[265,-13754],[3331,-22156],[-147,-46748]],[[3503062,9318180],[4021,-9858],[177,-6807],[-8824,-8916],[-9007,-6084]],[[2978251,9194019],[14398,-8175],[4081,-1168],[8060,765],[31307,6895],[4589,3266],[2634,5380],[3293,12189],[364,9893],[11416,-3728],[15356,-9462],[4554,-1634],[6787,672],[2788,3560],[394,6644],[7140,4749],[17967,2753],[-8855,13155],[-2113,5476],[-303,6347],[1763,8965],[5576,14607],[5547,7094],[8899,3852],[5303,4123],[-4002,5511],[-11819,5987],[13192,12122],[3538,4547],[5097,15013],[17725,-11417],[6120,-2327],[19163,-10057],[13838,-6252],[6287,-5761],[8648,-2799],[8687,-334],[12352,1798]],[[3421929,9033633],[-3306,-4612],[-4865,-3039],[-7089,-2110],[-16339,-83],[-11041,1729],[-5430,2253],[-8990,11212],[-4235,3729],[-7456,1968],[-11099,7121],[-6768,996],[-6255,5789],[-6509,-4632],[1550,-8722],[5853,-7371],[-656,-7854],[-4287,-7990],[-8085,-7094],[-2902,-7784],[-1250,-11371],[-3221,-8012],[-4330,-3467],[-4631,3146],[-9458,10397],[-3881,1318],[-12956,-2414],[-4530,-2524],[-10668,-2401],[-5620,-2443],[-4487,-4562],[-3428,-7250],[-6940,-3528],[-14154,-1703],[-14951,-275],[-8794,-923],[-9064,-2607]],[[3191657,8968520],[-5585,121],[-5034,3489],[-9468,-3534],[-8335,-69],[-14376,1810],[-8183,-1235],[-6185,1049],[-6626,11898],[-3499,3885],[-12357,5768],[-2329,4855],[-1608,10472],[313,8460],[2269,7793],[-21840,-7369],[-12877,-3543],[-14050,-8307],[-2135,12389],[173,8007],[-1879,9288],[-606,14521],[-2610,8990],[-9541,13437],[-988,4044],[-14,15397],[-8977,-2663],[-17515,-3577],[-7065,-3510],[-6460,-9900],[-7983,-4729],[-4570,-1007],[-15421,172],[-7798,2592],[-3297,4707],[-8038,6159],[-3744,7293],[-1825,10226],[-498,9993],[-20358,-3389],[-9364,-5168],[-6502,-7840]],[[3191657,8968520],[5094,-8894],[6619,-15035],[8372,-13818],[-1569,-6290],[4180,-10524],[-2574,-13655],[-498,-29416],[-3756,-7662],[-10776,-8633],[-4359,-6827],[-961,-7309],[166,-10736],[3239,-16334],[229,-7415],[-2446,-11848],[-5268,-9922],[-79,-10325],[-8909,-14796],[-1105,-10360],[-264,-37693],[897,-9077],[6857,-14322],[6041,-4120],[11915,-4149],[4909,-5052],[9946,-6522],[3738,-7548],[-3925,-6187],[-1779,-13150],[982,-8296],[5492,-9929],[3960,-12296],[5527,-22794],[1559,-11668],[5141,-24385],[3466,-9038]],[[3241718,8542495],[-5881,-8249],[-8246,-2486],[-17804,-9236],[-14081,-9366],[-10675,-2959],[-8560,-675],[-49813,84],[-21548,-3277],[-9482,1929],[-4377,2762],[-11583,14484],[-11565,15958],[-6612,3863],[-6906,6900],[-5047,3408],[-7400,2387],[-7018,-889],[-8212,-2856],[-7171,-1133],[-6659,-4575],[-1792,-8329],[3228,-28665],[-212,-42338],[2065,-32422],[1923,-20195],[3638,-28892],[4607,-26219],[1975,-20113],[108,-23756]],[[3808371,8619992],[-18749,-8996],[-4545,-793],[-12714,3894],[-21669,-6041],[-15779,-3190],[-12680,-3793],[-20587,-12399],[-7248,-6421],[-12260,-5850],[-8131,-8080],[-5838,-2929],[-9694,-2532],[-12191,-120],[-7019,3868],[-15122,15059],[-3249,6040],[-3174,11798],[-13531,22219],[-6014,17156],[-12681,2053],[-24039,-623],[-10964,-2617],[-6099,-237],[-8459,1595],[-9162,2982],[-4821,2738],[-15483,3343],[-13694,4089],[-8611,4558],[-4111,4116],[-4203,8722],[-3803,16514],[-2923,16721],[-5706,16584],[-9751,-3320],[-21633,-1752]],[[3432034,8714348],[-289,11374],[1437,15541],[-1793,3569],[-4098,1349],[-8830,14481],[-1987,8967],[-226,13327],[2250,7016],[9482,10230],[6435,3300],[8891,-1250],[15125,626],[5003,2928],[2714,5301],[1729,11338],[3766,14416],[6523,11067],[4593,13041],[8448,-1024],[9123,385],[7335,5229],[5514,15347],[2776,19248]],[[3515955,8900154],[21722,20211],[8489,12003],[24987,-9868],[5845,-3708],[10606,-9673],[7640,15556],[9160,12784],[8580,13206],[10158,3456],[8672,-2072],[5906,-6441],[7957,-4806],[10207,-3394],[5667,-7469],[51612,-331],[12963,-3211],[6057,-3784],[13744,-14621],[5991,-4288],[23075,1558],[7208,1960],[9817,4336],[3201,2887],[4943,8105],[7206,4130],[8215,1210],[5167,3347],[1528,3544],[2356,23766],[9710,2047]],[[3241718,8542495],[13152,5801],[10469,3695],[30605,6411],[9177,533],[37488,-104],[13829,328],[-5154,14323],[-1185,6003],[3386,11983],[5244,7880],[2920,7297],[5128,18759],[10640,22515],[2846,9960],[7788,4115],[4056,9822],[17092,9610],[6817,6527],[8837,11190],[6564,11500],[617,3705]],[[3467207,9040905],[35,-9191],[1448,-9015],[2606,-6592],[13366,-14663],[2432,-6562],[-704,-14109],[-4431,-1379],[-6375,-6831],[8614,-12535],[4518,-9105],[2087,-8394],[151,-14785],[3598,-7673],[12485,-9473],[8918,-10444]],[[3503903,9244584],[23826,-10362],[22991,-8129],[4398,313],[10349,6079],[7960,1767],[23631,13192],[-4813,17200],[11122,8580],[8700,3458],[17730,4622],[12596,-3243],[5295,-5807],[597,-6353],[-3630,-11725],[7707,-6209],[9914,6030],[11806,-7239],[14928,-7694],[2851,-4372],[9059,-4725],[11970,-2075],[6175,2448],[10960,10285],[10028,87],[9441,2269],[7165,-60],[4214,-1940],[5661,-6780],[11567,3855],[16439,7246],[4965,-715],[5960,4228],[7223,21749],[-1206,8299],[-8815,5114],[-4232,4625],[-5058,9677],[6860,6970],[6961,5234],[11522,3202],[10971,-309],[8212,-3249],[9136,-6807],[7476,7818],[6070,3949],[10278,4431],[17906,1469]],[[3888769,9320987],[2971,-3922],[17906,-19091],[3589,-6441],[7671,-17695],[1870,-10187],[4171,-12398],[3288,-17918],[8130,-31571],[-212,-7723],[-3200,-8530],[-5096,-6678],[-3562,-13497],[-3489,-5796],[-8457,-6038],[-9887,-10290],[-12751,-6540],[-7962,470]],[[3877447,9082999],[-1770,-10720],[7155,-15576],[4543,-7413],[3238,-10884],[5436,-9837],[6210,-20141],[6596,-9305],[8729,-6948]],[[4290919,9116965],[-8261,20838],[-4777,15461],[-2448,21429],[-2104,11675],[633,11243],[1705,5978],[171,9930],[-2477,9305],[-5033,8805],[-10442,22201],[-5567,9766],[-5439,16524],[324,5552],[5035,13529],[-1412,6507],[-5741,9634],[-1965,6170],[-1082,14662],[-1947,12545],[-1677,2978],[-14712,10358]],[[4223703,9362055],[19079,8433],[8665,5944],[11430,2769],[7505,2965],[20040,-2857],[2420,1750],[5897,-986],[6210,2833],[6474,6281],[3916,2481],[6232,1392],[3066,2217],[10453,21043],[696,3151],[5671,10912],[13701,8968],[10924,6125],[1405,5732],[12192,2160],[3557,1964],[8579,11126],[13279,5011],[28885,21184],[15460,6090],[6012,-3810],[6669,-3052],[5615,-1023],[8535,2194],[8000,-429],[12626,-2930],[16237,-8766],[6617,-9329],[1103,-3404],[4764,-4042],[6860,-7956],[7765,-6062],[7696,-3929],[14062,-5078],[9946,-1043],[6996,-2177],[5979,234],[8196,5073],[14171,7613],[9263,6652],[5089,1580],[10787,1897],[9923,-5724],[13927,-5598],[13552,-4133],[8533,-13805],[946,-695]],[[3488003,9495748],[3225,7556],[3439,-946],[8176,1673],[3904,-1625],[8908,2689],[4692,6572],[6084,-4080],[4790,92],[6249,5252],[1280,4999],[7270,-598],[4133,-2602],[10791,462],[7518,3314],[6699,5385],[2971,3912],[4733,611],[7623,-4901],[5035,64],[4460,2060],[8072,-4489],[9274,-366],[13408,2151],[5297,-4226],[8633,490],[8279,-4063],[-660,-6186],[1725,-2398],[9377,936],[7539,-6375],[12892,3372],[5072,-792],[4798,1366],[1237,2677],[7844,-437],[21600,-6180],[15785,-13690],[1952,-7266],[4807,-7422],[2141,-6879],[13401,-10513],[4388,-1717],[2094,1711],[6831,-14],[3268,-3262],[20795,-1323],[8158,2320],[4415,-338],[6361,-7604],[8883,98],[6784,1088],[789,-4703],[-4500,-5338],[2390,-3427],[-704,-5194],[2988,-12916],[-3219,-3620],[1234,-6259],[2043,-2424],[4240,1857],[3759,-7578],[7662,-5216],[2921,-3328],[7055,-3314],[6698,-1273],[4375,-9949],[695,-6004],[6688,-2209],[502,-6351],[4760,-3095],[3576,-4482],[5195,1295]],[[3893580,9352778],[-3440,-16117],[-1371,-15674]],[[3627286,9322117],[9660,-3605],[15054,-1713],[5219,2866],[9687,7908],[13238,2952],[3165,-4797],[7840,-5325],[12560,-5023],[19038,6806],[-330,11778],[-1406,8557],[1817,16259],[-5,15378],[-1965,5917],[-5435,5580],[-9639,5144],[-11197,4125],[-3459,-5758],[-5851,-5853],[-4273,-920],[-7960,2224],[-15724,9421],[-7688,2621],[2711,8371],[5425,6670],[9280,27162],[-11116,5484],[-6723,-21144],[-11850,-9184],[-7040,-7004],[-95,-12390],[5163,-15198],[23,-12049],[-4332,-30264],[-3792,-14996]],[[2791179,9423101],[4489,-2038],[4942,-5119],[8010,1303],[4180,4592],[6172,-102],[8554,5211],[916,2979],[5849,3737],[571,3763],[-3051,6082],[5863,2287],[8806,5534],[7070,3066],[49,-2776],[4693,-8054],[3004,-841],[3290,1762],[-2517,4456],[2802,3979],[3978,-658],[3775,3390],[372,2625],[8469,2240],[-610,5597],[3758,1150],[1706,3482],[-1002,4771],[4308,767],[2660,3344],[-1242,6702],[5677,5264],[2470,9046],[5152,4266],[-3323,13414],[5340,10070],[-5285,9568],[-12251,5633],[-6462,5503],[-6147,7978],[-2366,10743],[-1947,2593],[692,5582],[-1607,3119],[6943,8910],[-3398,1757],[-13502,12797],[-534,5197],[-2344,3854],[3533,4097],[2786,9129],[19,3358],[3701,10144],[1302,6070],[-482,4724],[2043,1933],[-819,8958],[6110,8483],[3200,9311],[7315,3237],[7264,-1984],[2449,386],[2845,7795],[-2139,5507],[1310,7593],[2612,2915],[5041,11627],[4954,7348],[7113,-491],[6659,6412],[14853,6961],[8693,8455],[1623,10217],[2113,2224],[196,10047],[3354,5108],[-154,6059],[1664,4593],[5218,3277],[5599,-1068],[2717,-8610],[2785,-3186],[4376,576],[5863,-6955],[3960,1754],[6069,-3520],[3808,914],[671,-4818],[2168,-4553],[18581,-943],[2101,2597],[10125,-11606],[16962,3490],[1770,-10376],[6166,-13177],[7815,-3052],[1366,1758],[5232,-3080],[3107,19],[3675,3238],[4973,433],[4428,-2203],[14813,-226],[8604,-2238],[5774,3544],[3013,-2018],[5323,87],[1885,-1854],[7336,-2103],[5110,-5147],[18390,-10941],[5812,919],[2755,-2641],[-113,-3854],[8181,1336],[3937,-9064],[4364,265],[5239,3936],[3976,-6029],[5440,-2892],[2840,-5132],[6609,-22],[2024,5445],[3916,1838],[11755,-5211],[354,-4147],[11866,2020],[6635,-5272],[7309,-3037],[3318,2386],[4176,-3689],[5729,-414],[8998,-4352],[3504,-6345],[1231,-5361],[-5199,-809],[-567,-6552],[2373,-9349],[-1430,-5740],[2671,-12524],[5063,-2732],[2644,-10636],[-1286,-6153],[2224,-2014],[-2858,-6766],[-135,-8555],[8155,-5678],[4430,-7284],[-3124,-4420],[-535,-3354],[9694,-6216],[4142,667],[399,-4653],[2799,-2720],[4466,-456],[2747,-5923],[-676,-4477],[6037,-3086],[632,-8139],[2575,-6634]],[[1894087,9329258],[9205,-702],[6515,1500],[2847,6638],[8434,4580],[6086,5533],[-813,10848],[-3906,4400],[6314,4140],[-1868,4077],[5396,5288],[7200,-1344],[3799,3468],[2868,-1448],[4389,1462],[3257,-3221],[4810,-108],[10141,4710],[3101,-1105],[4019,-4525],[5684,-2107],[7737,943],[2988,-2377],[3455,5412],[-691,10834],[5236,-858],[515,-4039],[3214,-3665],[1624,-4443],[5031,3398],[3846,-245],[12256,6049],[2897,4220],[-3921,5383],[-248,6930],[5094,2012],[4187,-4091],[7212,-5179],[6929,7731],[2602,4640],[3631,-1],[5445,3126],[3484,-540],[7033,2939],[5496,4179],[-497,8881],[-2501,-270],[-5671,3651],[917,5613],[-2605,2867],[1833,3347],[42,5361],[5131,2921],[4734,1320],[14381,777],[8931,2859],[4489,4538]],[[2106273,9455271],[67,-41]],[[3893580,9352778],[3537,-590],[5107,2818],[3591,-2064],[11936,1536],[5293,-1319],[7055,1582],[10880,-2965],[10410,4339],[14929,-3635],[6129,-4403],[2324,-397],[1801,-3837],[6245,-5378],[5957,-2614],[11155,741],[9630,-1307],[7570,-2379],[4751,629],[15120,-3997],[4126,-121],[3435,-2231],[7335,-1205],[3958,1528],[7475,5308],[4877,6790],[8958,-6701],[4645,-1764],[6342,-92],[9002,-2853],[13078,1703],[12240,5175],[6365,3588],[27320,11906],[7650,6268],[13457,-5308],[2094,339],[13592,8428],[8929,545],[4055,-1579],[12348,298],[5422,2495]],[[3190735,2230194],[3594,10710],[3697,4123],[3283,-383],[-2411,-4591],[-2571,-7263],[-2114,113],[-3478,-2709]],[[3224071,2364244],[3226,-6519],[3370,-3356],[3528,715],[4065,-6360],[1174,-5553],[2398,-3257],[591,-3003],[-826,-6877],[-1985,-516],[-2204,-5814],[2144,-11774],[-2514,-9181],[2053,-2272],[4704,-10033],[8248,-5304]],[[3252043,2285140],[2087,-1163],[1430,-5444],[-319,-7449],[1475,-2472],[-1236,-5011],[1933,-12880],[-2210,-1309],[-6257,-24075],[-12664,389],[1024,-25543],[-2099,-5173],[686,-2220],[-2177,-2793],[-1690,-5439]],[[3232026,2184558],[-5526,4883],[-4982,1653],[-2164,2437],[-2899,1014],[-5780,4219],[-1965,2752],[-2169,7423],[-4216,8492],[-3617,648],[-6784,4150],[-202,4960],[3158,4873],[2848,-833],[2035,9060],[2098,3494],[-716,2294],[-2032,-283],[-689,2768],[330,6991],[-892,4386],[-4011,8309],[-961,16869],[-969,4095],[-2768,5305],[-2051,1722],[-402,4222],[-4534,3511],[-2333,2940],[-3169,8245],[-3721,7279],[-3666,14713],[-2090,4857],[-9277,10797],[-4679,8750],[-2874,3526],[-4839,3574],[1190,6847],[894,581]],[[3147602,2376081],[5242,587],[4329,2396],[1404,-1262],[-493,-4383],[2760,-871],[-811,-4703],[2217,-3723],[826,4421],[2676,813],[5354,-7101],[731,-2953],[3790,764],[6261,-2261],[3338,-2693],[2231,1028],[933,-7410],[8222,3237],[154,4492],[-1463,9728],[3577,2885],[1933,-1992],[405,-3018],[4674,-2703],[2248,-5715],[1464,-444],[4295,-5551],[1485,760],[4531,6781],[-48,6680],[4204,374]],[[3224386,2266920],[1931,-1985],[1514,-6016],[-1371,-3962],[2087,-2749],[4129,1850],[3456,212],[176,8120],[-1559,4458],[1459,3562],[594,5566],[-2595,5500],[-1624,-2869],[-1572,2109],[-3803,1239],[-3685,-5847],[-379,-6909],[1242,-2279]],[[3229436,2227422],[1969,2984],[636,4491],[2428,-3],[-3427,7182],[-2552,-852],[-559,-4063],[744,-3256],[-1241,-3626],[2002,-2857]],[[3461900,2140763],[2500,79],[1883,-1830],[-841,-3484],[-2881,2024],[-661,3211]],[[3307360,2109163],[3575,1410],[1058,2546],[-611,4044],[-4601,2555],[-1165,3713],[2321,2747],[-238,5709],[2294,10456],[-247,4348],[2260,2816],[272,2834],[5099,2966]],[[3317377,2155307],[423,6715],[2068,3022],[-957,5415],[1112,1569],[-699,5972],[1187,4790],[1742,1945],[-1282,4254],[1428,7883],[5317,23115]],[[3327716,2219987],[9820,-5014],[4612,-9691],[10535,-19866],[1337,-1845],[17201,-10898],[13230,8267],[6244,2096],[5991,-5115],[2996,-770],[2441,-4105],[13227,-10446],[2764,4145],[-2149,6959],[-2408,946],[1579,4395],[-336,3193],[2001,2729],[-945,2352],[190,4909],[1693,2010]],[[3417739,2194238],[2593,403],[5647,-5044],[3675,-1460],[5278,-6944],[2422,-10168],[-1958,-3034],[2092,-8496],[1335,-1163],[1664,-5178],[3913,-7078],[2645,-1893],[2015,-3599],[-678,-3036],[2280,-6023],[-1847,-2239],[730,-6264],[5122,-10733],[2818,-9865],[2870,-6094],[4155,-11310],[-1460,-7983],[1973,-7182],[2067,-1424],[3873,-8733],[1360,-7498],[1904,-4074],[-408,-2762],[3187,-6940],[-298,-2744],[1590,-3051],[-920,-2400],[255,-5415],[2838,-6989],[-1211,-2949],[2129,-7331],[-1463,-2063],[-278,-10092],[-3043,767],[-1782,-3156],[-7776,-1062],[-1526,2433],[-3546,1144],[1631,3323],[-729,4125],[-4098,5143],[1775,2532],[-2211,5222],[-1482,-749],[-1055,6301],[395,2658],[-2512,6197],[-3170,4525],[-1289,-1146],[1197,-5075],[3231,-5275],[-813,-5102],[970,-2037],[-291,-8593],[-3369,-3003],[-8095,1620],[-1590,4442],[-6535,3598],[-3104,-4953],[-3371,301],[-1205,3051],[-6929,-11129],[-1730,-6051],[-2632,-3438],[-5186,2104],[-617,-3712],[-2150,-2359],[-1730,-7219],[-3941,7027],[-1964,1631],[-2491,10453],[-1124,7793],[-4016,14317],[-1887,2881],[-7306,6263],[-3775,1658],[-5706,4474],[-10037,10998],[-6106,4470],[-6101,2309],[-4656,5620],[-723,4095],[-4262,5113],[-6583,3584],[-5140,119],[-1930,-1657],[-2049,2616],[-3373,9459],[-5539,9455],[-3371,4739],[764,3762],[-6605,7167]],[[3467118,2216973],[1897,3462],[-1291,4598],[296,4280],[2285,-203],[2593,-12626],[-157,-4062],[1769,-2119],[-961,-6550],[-4818,-511],[-3810,4666],[-329,5179],[2526,3886]],[[3307360,2109163],[-8420,4602],[-2166,-388],[-4656,4347],[-5622,3195],[-6830,5501],[-4259,-128],[-2283,6320],[-5223,6144],[-1808,6835],[-3612,3579],[-4337,1022],[-473,2151]],[[3257671,2152343],[3644,2726],[1430,2583],[2030,-964],[2189,5869],[1891,-1575],[3139,2230],[1911,-745],[3564,6290],[5423,-4996],[4287,-1109],[3622,3163],[4925,1606],[6561,-3429],[-124,-1584],[7229,-2926],[7985,-4175]],[[3252043,2285140],[1484,1851],[4301,354],[559,-4871],[2890,-2158],[3213,59],[1749,-9160],[3447,3911],[4478,766],[1363,-2659],[9132,-4804],[13105,-4699],[5435,-10847],[3707,-5946],[17549,-18336],[2763,-2325],[498,-6289]],[[3257671,2152343],[-817,3223],[-3130,3063],[-3531,-1406],[-3659,1087],[-962,8692],[-2088,5373],[-2649,3060],[-76,5496],[-3820,5058],[-4913,-1431]],[[4578111,2416768],[-3139,5216],[-1099,4539],[1116,1833],[31,8609],[1475,2376],[1358,5306],[-1142,6034],[-6958,4573],[498,9609],[-3075,9162],[1976,4530],[-1544,4639],[558,2841],[-2431,4063],[1371,6244],[4053,6717],[3032,12947],[2150,3588],[-329,10036],[-1072,1241],[-286,5166],[-1579,4835],[-87,6364],[-2662,3786],[-4153,-1843],[-3273,-2841],[-4675,707],[-1919,2342]],[[4556306,2549387],[1241,4460],[4966,3490],[3553,7076],[515,9709],[1559,3082],[-404,3023],[2333,1333],[-1368,3958],[-1802,-2616],[-4503,1913],[-6362,5088],[-4323,6673],[-4223,3768],[1406,7735],[-500,3829],[1886,3667],[3843,2046],[7613,13123],[3975,4539],[3005,7237],[1706,6689],[1833,-977],[-1475,-8823],[5377,-3797],[9478,-1816],[4317,1105],[5005,3649],[2430,3421],[1219,5824],[761,7435],[317,10572],[1333,2623],[6366,4245],[2576,3296],[641,3082],[2079,743],[1365,6690],[-1316,3894],[972,2334],[416,6406],[3053,5701],[2853,1123],[233,7823],[1807,4125],[-2234,913],[-1919,3982],[5579,3816],[257,4064],[1891,3007],[2913,8515],[4429,2252],[1544,-2901],[2104,-679],[-460,6368],[-1968,-1722],[-1334,3970],[2615,670],[1717,2755],[3295,-1137],[2402,13285],[10791,11452],[2631,3329],[2011,9527],[3483,6799],[460,3412],[2850,5923],[3799,2917],[2505,6003],[305,3007],[-1543,8170],[2086,5342],[-669,7615],[3976,4330],[2027,5952],[-41,4370],[1663,699],[680,5395],[3442,3683],[3414,-7291],[2654,-1494],[2491,-11723],[-3540,-481],[3134,-9718],[647,-7063],[-4018,-6770],[-2646,-9843],[-3137,-5501],[-402,-6775],[2530,-3648],[4618,196],[2865,1903],[436,5686],[1625,645],[1923,4541],[3190,2146],[1644,3198],[3473,2807],[-768,5589],[1804,5738],[1997,1630],[1056,5467],[2508,2999],[521,5238],[-2273,2627],[312,8697],[3629,-2469],[-1307,6090],[4144,3475],[4746,1547],[2083,-2551],[1493,-4671],[4955,-2740],[1393,-7478],[-407,-4095],[-2410,-3575],[-920,-3392],[1566,-2876],[961,-6519],[3857,-6260],[-1927,-3327],[160,-3068],[2609,-10163],[3937,-1150],[2241,2045],[3817,-3385],[-114,-3778],[1603,-1534],[5020,-439],[5019,10699],[767,-4946],[3978,-10286],[3612,-3328],[2567,511],[5633,-6157],[3207,-5735],[1722,-1215],[-1687,-4981],[-683,-7354],[1649,-6324],[-1277,-8647],[-1285,-2469],[-3703,2330],[-2007,-422],[-1446,-3583],[-2487,-2169],[-2504,-4419],[2660,-1841],[2018,-9370],[1272,-221],[1448,-7026],[-3215,-3456],[244,-2169],[5331,-3225],[281,-4688],[-7578,-9148],[2882,-1730],[3901,1838],[6127,-1760],[3435,1072],[-245,5532],[6284,-718],[4316,1298],[2016,5005],[3506,5852],[1279,607],[3260,6885],[2233,-1200],[276,-3639],[2061,-372],[-8,-4293],[3608,-6589],[-1482,-5104],[3608,-3921],[407,-3114],[2521,-2219],[730,-3311],[-3253,-1632],[-1230,-2940],[-2462,-380],[-2085,-2556],[-1647,1853],[-4137,-59],[-2087,-1547],[-2488,1027],[-2418,-891],[-318,-3707],[1102,-5221],[2699,-4399],[-344,-4833],[5255,297],[6635,6131],[2034,-3563],[3177,1362],[629,-5005],[2913,1937],[158,2424],[-2209,4152],[3572,3395],[-1303,7832],[3092,872],[3873,2480],[1312,2731],[4260,-3029],[4528,-1050],[2156,1806],[4063,-5086],[6989,-5688],[8364,-9554],[-2035,-4668],[-321,-8569],[3135,-4474],[-1409,-6204],[931,-3177],[3166,8550],[1004,8195],[2562,2530],[2912,-2751],[4566,-8780],[4666,-4927],[2299,-996],[2747,-4403],[-673,-4822],[1923,-3856],[-6,9417],[3157,-4199],[4947,-3984],[3226,-5453],[-3536,-5888],[3136,-639],[2532,2109],[-1206,6536],[6866,-3822],[3508,-812],[4698,1651],[1115,3682],[4245,2107],[3769,-2573],[4605,-7069],[1178,-4395],[822,-7299],[-1665,-6959],[2133,-4682],[-530,-4393],[-3566,-7686],[-6128,-7738],[-6480,-3900],[-7704,-2945],[-1524,128],[-9158,-4478],[-3772,-5233],[-5623,-1798],[-5477,-5368],[-6008,-124],[-2162,-2264],[-7599,3350],[-4016,384],[-2688,-4534],[-4492,-249],[-1989,3927],[-1071,7307],[-5944,4090],[-4819,640],[-1927,-6264],[-3105,-4371],[-1738,1502],[-5154,-2176],[-2369,-6839],[-5344,-6328],[750,-5015],[3183,-741],[2442,-4338],[214,-6524],[3167,-8888],[1732,-1091],[1925,-5492],[3853,-1423],[231,-3440],[6163,-614],[-47,-2193],[3454,-4853],[2894,2840],[2768,-4570],[2264,-1129],[-1542,-7815],[1808,-4798],[3862,6337],[3981,-338],[2196,-4209],[2730,-3028],[1931,-4898],[-3204,-5688],[-1385,-334],[-4196,-7684],[-4587,1375],[-7314,-2557],[-1269,-2561],[-4835,3204],[-2897,-3137],[-7870,-1507],[-5056,-3797],[-2606,746],[-4298,-1513],[-5108,-5326],[-6949,-4517],[-2483,248],[-1371,2301],[-3853,1921],[-4093,-895],[-2653,7031],[-2088,2689],[-1928,142],[-2168,2798],[-2785,729],[-945,2654],[-3217,1091],[-2896,3524],[-3396,7431],[-2159,369],[-3498,-3328],[-2941,-283],[3378,-7239],[2920,-2166],[-682,-8181],[1936,105],[1003,-5850],[-3944,-5679],[-650,-4257],[-1621,-2381]],[[4770244,2426315],[-3878,6638],[5146,6770],[6998,-1045],[2416,-2441],[512,-3394],[4203,-3887],[5426,-1418],[1520,-2826],[-20607,0],[-1736,1603]],[[4864377,2462997],[1014,5557],[-2669,4908],[5234,1081],[639,-2420],[5310,-2155],[-2287,-3771],[-2977,1147],[-4264,-4347]],[[4833504,2499579],[2846,1942],[4831,-1233],[2846,708],[-712,2992],[2978,2703],[3599,-6276],[2556,-1755],[3110,-131],[993,-4153],[-2691,-60],[-2243,-3332],[-3135,3076],[-3165,873],[-7354,3857],[-4459,789]],[[4820077,2677746],[-2501,3395],[2942,2156],[3491,-1538],[-1251,-3426],[-2681,-587]],[[4744787,2809276],[2924,3247],[-3898,3115],[-234,4121],[2283,1777],[2778,-1022],[2863,724],[562,-3575],[2244,-4739],[486,-4077],[-2360,-4193],[-2895,-676],[-2140,-2408],[-3002,-680],[-1678,2066],[-3524,705],[-1430,5361],[4460,1163],[2561,-909]],[[4691986,2891028],[956,5589],[2095,6808],[2223,2075],[1578,-1544],[5823,4918],[2257,4766],[1110,-5128],[-618,-7067],[-4513,2831],[760,-3895],[-1124,-3068],[-3214,-2300],[-1950,2253],[-4035,-3168],[-1348,-3070]],[[4711577,2879029],[808,3163],[-1276,6467],[560,6946],[950,3728],[-807,4675],[3021,2688],[2811,640],[2914,5260],[4719,236],[2971,1530],[3976,-1854],[1041,-2680],[-2066,-8046],[-84,-4805],[1184,-3511],[-1523,-2305],[-2359,-90],[-2040,-2627],[-2476,9],[-9630,-8473],[-2694,-951]],[[4512213,2531424],[2714,1769],[706,-5637],[-376,-4122],[3048,-3739]],[[4527874,2534805],[364,4158],[3739,3031],[472,5321],[3388,-2321],[881,-5144],[3898,-746],[2761,-2813],[5087,792],[2339,3039],[2831,8813],[2672,452]],[[3996920,2103695],[1057,-7248],[-985,-11631],[481,-6017],[3376,-5492],[-401,-2301],[3253,-3388],[5363,-2862],[4438,-3789],[3523,-1473],[-72,-2486],[2856,-2871],[-1086,-2881],[3857,-2940],[1282,-4474],[2333,2812],[2851,-2492],[3072,1840],[11100,36],[6966,1280],[1738,-737],[4930,1500],[3099,-3462],[1983,2935],[-601,4524],[1541,7873],[2400,-4458],[385,-7207],[1590,-3070],[3202,-267],[1455,-1887],[3525,8230],[3296,-428],[516,-2616],[-1710,-9143],[3066,-3724],[1291,-5581],[1555,-1158],[2349,1843],[5361,-342],[4549,-4844],[5041,-1776],[1710,-3010],[407,-5254],[2135,2052],[99,7186],[2002,2974],[2151,-421],[7064,-6265],[5629,-1889],[5076,-5349],[2663,-6739],[3623,-5686],[6629,-2153],[4173,-4086],[603,2616],[-5178,6839],[-4578,2301],[-1897,2985],[-1998,7685],[-3411,2744],[-547,6787],[2151,11844],[2763,4528],[2561,-712],[5007,4154],[-2222,7670],[114,9838],[1356,5606],[5212,16422],[188,4625],[3854,15984],[4220,6578],[5620,-4857],[2492,643],[-5464,6012],[-7068,891],[-3207,-1922],[-1567,3165],[1197,4012],[1786,1000],[3159,7934],[-3489,538],[876,19080],[1066,5083],[3170,4094],[1822,-2709],[6552,-3999],[198,-3446],[2829,-4973],[1622,658],[1274,3683],[2630,-710],[2217,2578],[1923,-2340],[1526,2209],[-4139,3899],[-2040,4099],[-166,5940],[745,3399],[5476,-1678],[-3132,5113],[-3130,2301],[-934,5681],[2257,11133],[704,9122],[3640,2735],[2709,5104],[4772,2909],[4666,3814],[4391,7507],[3104,-2037],[1687,2367],[13651,4474],[5102,441],[8612,1818],[19680,7124],[10342,5299],[8965,2510],[12220,4083],[5266,957],[2693,-448],[2987,3352],[8010,4049],[7531,3122],[5966,1352],[7946,3541],[7185,6304],[2808,3562],[4826,10956],[-1274,4837],[6142,6243],[2809,4377],[1390,6388],[1753,3391],[7710,9699],[3146,6151],[-796,3022],[1240,3232],[4947,7149],[3306,8116],[3229,9990],[694,5183],[3360,4074],[5826,5564],[9676,12110],[5294,7276],[2810,5393],[5261,8356],[5533,14566],[4959,8825],[4749,9980],[2018,5199],[2372,9356],[-851,2051],[2684,8692],[890,6958],[-720,7969],[-2235,8721],[510,3242],[9803,-797],[98,-552],[8217,-1545],[2968,-4823]],[[4160953,2149133],[-256,5086],[-3997,4877],[-21,4765],[921,6116],[-841,6996],[-1124,18923],[160,11377],[2049,5173],[3051,-252],[2774,-6138],[1042,-18819],[-641,-7064],[225,-13624],[1638,-4104],[1634,-12768],[-3456,4],[-1609,-3323],[-1549,2775]],[[3267708,2735091],[166,2526],[59,1770],[101,333],[-63,790],[993,1378],[117,383],[262,83],[167,391],[2928,-4035],[3939,-2173],[2406,512],[2166,-1530],[3778,2200],[8931,-6307],[2665,-6289],[7297,-26018],[3136,-8806],[4812,-7443]],[[3311568,2682856],[-4597,-8845],[-5432,-7009],[-4427,-10759],[146,-6395],[1362,-3056],[-551,-4520],[924,-5086],[-2302,-4135],[1054,-3648],[-324,-3570],[1232,-5138],[-1557,-4650],[2173,-2081],[1994,-4008],[-1410,-11486],[146,-10253],[648,-3264],[-1038,-3546],[4443,-2056],[6599,-8893],[-2529,-5064],[1832,-7763],[-1962,-5090],[1151,-3368],[227,-7661],[6405,-4474],[3372,-4629],[3243,-1542],[-421,-3857],[2189,-6378],[-1054,-3086]],[[3323104,2517546],[-4540,3138],[-1411,-6635],[1119,-5890],[-3243,-1466],[-1816,3112],[-1605,-3575],[-3438,-2958],[-5075,6842],[-6534,206],[-794,-4476],[-2595,-4886],[-2642,-2521],[-4427,3884],[-4021,-2289],[-535,-3061],[-2546,1775],[-2156,5504],[-4735,7098],[-924,6301],[-6242,-4038],[-3843,412],[-957,2237],[-4864,669],[243,-6815],[-1313,-8153],[-1168,-309],[-1475,-7331],[-1816,1029],[-454,8720],[-3891,1980],[-600,5453],[-2071,466],[-681,5501],[-3063,-103],[-665,-2673],[-32,-10798],[-875,-7482],[-8850,-4371],[-2042,-5579],[-6350,57],[-1255,2775],[-2162,254],[-1829,4256],[-2857,614],[-1895,-1376],[-1255,-4045],[-2056,614],[-2002,4405],[-5073,1144]],[[3199793,2495162],[-2269,8851],[-1482,1842],[855,3862],[4417,1527],[-1359,6259],[2190,2066],[1793,5599],[-1453,3383],[981,3323],[2304,569],[1982,4820],[-912,10425],[-1902,2027],[3424,9111],[449,6466],[1825,2042],[-644,3326],[351,6542],[1259,5135],[1951,4144],[-588,2785],[7981,14813],[2752,3216],[2771,-1005],[2293,-2737],[6161,3881],[1434,3247],[-1353,3087],[212,8801],[761,3324],[-703,5395],[-1883,510],[-2439,-1917],[-3971,3432],[1532,3106],[1512,6755],[-2869,3662],[664,3508],[-342,5208],[3396,5192],[-393,7628]],[[3230481,2668372],[2228,1279],[1227,3366],[2548,1793],[2174,-1932],[1655,-5186],[2511,459],[1643,5473],[3594,2147],[608,4366],[3573,1725],[2596,4515],[-1296,5639],[121,5054],[1042,5969],[2887,3923],[-162,1747],[3137,4933],[4681,4338],[3936,10411],[-1476,6700]],[[3311568,2682856],[6010,-5677],[3392,-4715],[2895,-6473],[6397,-10251],[6044,-6177],[4599,-7178],[7433,-7179],[5501,-1982],[12732,-19245],[2874,-7384],[1217,-1071],[3674,-11542],[-132,-2077],[3813,-9915],[1161,-4326],[7235,-22464],[5081,-14616],[6126,-16706],[968,-3745],[-995,-5666],[2118,-8352],[-714,-9384],[2811,-11667],[574,-4696],[-2534,-4058],[-387,-5138],[1042,-5309],[-17,-5996],[3516,-10175],[-1654,-9908],[-2204,-2229],[-1053,-7339]],[[3399091,2430216],[-8245,-1430],[-1369,1902],[-2225,-1720],[342,-5253],[-1654,-6158],[57,-4257],[1540,-5796],[-114,-4348],[1369,-8877],[-913,-4257],[-2111,-1178],[-2110,1631],[-1198,4529],[285,3623],[-1883,2174],[-1027,3985],[-2738,-90],[-742,2989],[-3765,-1812],[-3195,4348],[-1712,4347],[-3993,1811],[-1426,2446],[-7075,2173],[-5305,-3622],[-1997,1177],[-1141,4800],[1883,2173],[570,3351],[-1369,5886],[1997,4437],[57,5705],[1654,543],[913,4708],[1769,2354],[2966,-905],[-399,5432],[1940,6700],[-1484,4345],[-3023,5341],[-5477,-1992],[-3937,1177],[-2225,3078],[-2111,8056],[4051,4797],[-1426,3440],[1426,2172],[-2510,8054],[-2453,2534],[-3024,-1267],[-6618,2172],[-2681,4254],[-2225,543],[-1906,7105]],[[3355870,2673295],[684,4662],[3148,-4201],[168,-3540],[-3220,-969],[-780,4048]],[[3224071,2364244],[-1447,3178],[-1948,271],[752,12319],[-2460,3256],[-240,15628],[-1127,6022],[1367,6836],[-3930,6619],[-1641,-1302],[-2084,6673],[1093,7160],[-4067,977],[137,5207],[-1059,3254],[-342,6997],[-2324,4176],[1777,4936],[-683,2115],[-4716,3308],[-1880,-2169],[-3144,5856],[2290,5206],[34,2657],[2563,2766],[-2666,4934],[-649,5693],[1948,4554],[168,3791]],[[3399091,2430216],[-1922,-3267],[-1147,-6724],[-2267,-4103],[1157,-10165],[3256,-10426],[-3165,-799],[-2768,-6583],[-288,-7851],[951,-6759],[-357,-3433],[-2676,342],[-1571,-5565],[-299,-6007],[1915,-8293],[2244,-5876],[7510,-15027],[-565,-5127],[3298,802],[-3039,-9823],[-1345,-6003],[-581,-9125],[741,-10245],[1504,-12906],[-320,-5698],[463,-7589],[-1359,-9340],[-302,-19294],[1411,-7682],[2106,-5965],[-90,-4382],[2539,-191],[3448,-7241],[8770,-12833],[1396,-2800]],[[3045264,2739563],[2651,7346],[3164,217],[-1209,-4745],[1270,-5573],[-2703,-1788],[-3173,4543]],[[3033732,2773095],[1667,-1809],[3667,1665],[2301,-1506],[5862,-1144],[2414,5209],[3214,-615],[625,-1957],[3633,-3264],[737,-7572],[1353,-4663],[-3349,-2861],[-3401,1526],[-3710,-1206],[-3138,-6008],[-2319,-1573],[-1555,1194],[-884,4077],[-402,7802],[-6234,1161],[-1035,4492],[554,7052]],[[3163699,2672131],[-3763,-1008],[-768,-1578],[2947,-5455],[-975,-11472],[-4379,-6476],[1930,-3254],[-768,-9567],[-2760,-4702],[-1640,1019],[-2034,-5984],[-518,-8730],[-2319,-8833],[-3307,-4635],[-1506,764],[-4625,-934],[-1091,-2303],[-318,-5254],[-3666,-3470],[-521,-3435],[-2529,-6294],[-3046,-2941],[-1016,-4607],[-2378,-1366],[-1233,-4080],[-2883,-3208],[-3719,2913],[-274,4662],[-1596,1032]],[[3114944,2572935],[2092,1755],[3506,-301],[-529,10850],[-698,5620],[-1355,17496],[454,27201],[-431,2660],[-3603,1582],[-1335,-1027],[-6070,673],[-1512,1968],[-5097,-347]],[[3100366,2641065],[316,5812],[-548,7358],[3345,1211],[-2084,4538],[1694,11824],[0,7674],[-1042,8177],[-800,14581],[-1668,8235],[-1617,5051],[-2671,4317],[-2469,12983],[-2140,5962],[-3972,6204]],[[3086710,2744992],[1061,6534],[8373,14725],[2715,5563],[3909,3417],[1152,10019],[-887,3385]],[[3103033,2788635],[3105,-578],[2157,-2730],[1539,1461],[5463,-886],[494,-3239],[2331,-1970],[3692,1192],[5207,-5409],[4291,-1351],[4532,3044],[2890,3251],[1329,-5256],[2227,693],[3500,-3089],[890,-4213],[-3,-8568],[2653,-7700],[-735,-1046]],[[3148595,2752241],[-630,-814],[1786,-9916],[1664,4923],[3184,-4633],[1333,2196],[2322,-838],[495,3275],[3576,2279],[2955,-4915],[7662,2092],[3120,-10400],[-4939,-3352],[-1608,-4463],[2958,-1106],[2856,-3066],[-786,-7407],[-1010,-2537],[756,-3522],[-126,-5577],[1625,-2152],[-2152,-3817],[-1417,-6220],[-4793,1096],[-2638,-6724],[216,-5527],[-2620,-4356],[1315,-4629]],[[3086710,2744992],[-2851,5578],[-4359,20545]],[[3079500,2771115],[3304,8554],[-510,11769],[2857,2424],[-1257,5269],[-101,6200],[1095,972],[-389,6223],[886,3364],[1852,1427]],[[3087237,2817317],[2285,-5013],[5886,2521],[1547,-6348],[1930,-478],[-881,-9459],[3349,-4714],[1680,-5191]],[[3147602,2376081],[-615,2037],[-5220,-1666],[-4019,2817],[-2559,9595],[350,8872],[2376,2182],[2067,-1998],[4314,1226],[1888,2101],[321,5382],[-3777,-5634],[-1728,2489],[806,4738],[-401,4853],[-1405,3132],[-2370,1858],[-1970,5045],[-2974,2433],[-5982,188],[-316,6907],[-1204,1781],[-1210,10610],[-2580,3204],[2219,7059],[277,8865],[2585,1176],[617,12168],[2352,4168],[1121,5424],[-3459,-1789],[-2728,6131],[1125,5523],[5343,5435],[-1050,2145],[-4964,-2519],[-1465,6870],[-286,5223],[3070,2345],[2040,5087],[-6262,0],[-1503,5641],[413,5540],[-680,2752],[-3092,1462],[-359,3651],[-3293,2169],[-1850,-2169],[-3480,6673],[224,5787],[-2607,2748],[-1970,7410],[2141,8747]],[[3105873,2571955],[790,-702],[8281,1682]],[[3163699,2672131],[1861,-1886],[1596,-4497],[2499,972],[723,-2465],[4964,-8890],[1606,-8813],[7630,7463],[336,3992],[2348,669],[1649,3015],[-991,7842],[2548,7499],[6460,-342],[2772,3311],[2407,6366],[2140,599],[3510,-1372],[3104,939],[1401,2489]],[[3212262,2689022],[3682,4493],[3936,2355],[3944,-5958],[166,-2822],[3701,-1290],[-437,-7952],[3227,-9476]],[[3105873,2571955],[2715,7747],[42,7095],[-886,6008],[364,3392],[-1442,9459],[-3815,8241],[1686,10354],[-805,10874],[-1122,3959],[-2244,1981]],[[3084699,2625617],[2606,-2419],[3104,729],[1736,2680],[5244,-3018],[-2,-3733],[3309,-2656],[-2183,-3687],[-1265,-9797],[-3393,-9249],[-4749,1723],[-3427,-603],[988,5079],[-522,10167],[444,7099],[-1649,1726],[-241,5959]],[[4531607,2603330],[4383,8654],[2351,-16107],[-6304,-64],[-2296,1595],[1866,5922]],[[487037,2840812],[450,506],[353,1271],[93,-1651],[-537,-458],[-359,332]],[[480877,2818847],[854,2902],[437,-145],[-1291,-2757]],[[475283,2752045],[105,592],[164,79],[-166,-503],[-103,-168]],[[525428,2620033],[402,-2808],[-244,-5],[-78,1279],[-484,1410],[404,124]],[[463343,2684336],[-564,1018],[318,643],[246,-1661]],[[464882,2533984],[751,105],[-686,-2687],[-65,2582]],[[460918,2465763],[-253,611],[427,262],[-174,-873]],[[467716,2205543],[-282,192],[568,767],[241,-124],[-527,-835]],[[455633,2255840],[-522,-55],[-321,1022],[683,-68],[160,-899]],[[500283,2150776],[-235,0],[-3,3064],[485,-132],[-241,-1278],[-6,-1654]],[[473849,1696724],[-756,-1959],[1629,-3542],[-510,-1462],[-1635,5120],[1272,1843]],[[515949,2429955],[2,18],[0,-15],[-2,-3]],[[537071,2315030],[-238,-124],[0,1023],[238,-899]],[[9596009,3123232],[-1272,-555],[1146,2075],[126,-1520]],[[9385285,3566686],[43,713],[-218,811],[-433,671],[142,228],[522,-831],[270,-1233],[-326,-359]],[[9719377,3324527],[-604,-720],[-281,831],[360,191],[525,-302]],[[9645707,2974988],[-498,-35],[313,260],[185,-225]],[[9714304,2949758],[-937,900],[1148,-252],[-211,-648]],[[9811459,3381837],[-598,959],[519,839],[441,-967],[-362,-831]],[[9970105,2858465],[178,13],[647,365],[440,45],[232,220],[647,58],[125,-150],[-946,-105],[-871,-512],[-452,66]],[[9926111,3060613],[255,-17],[112,-595],[-367,612]],[[9693566,2490722],[-1247,-1906],[-1091,-1008],[-1756,-759],[-1337,566],[-509,788],[173,690],[611,-1169],[649,-507],[1041,-4],[1201,672],[1087,935],[174,595],[1004,1107]],[[8943149,3284203],[174,95],[637,-259],[565,4],[485,-128],[159,-204],[-1710,343],[-310,149]],[[9716082,2972848],[-562,384],[81,1274],[481,-128],[0,-1530]],[[9455058,3154231],[-924,68],[399,1539],[525,-1607]],[[9934638,2868376],[597,501],[872,105],[-1189,-543],[-280,-63]],[[9898200,3360794],[-203,275],[0,1146],[330,-938],[-127,-483]],[[9631540,2643256],[-590,356],[404,585],[186,-941]],[[9405321,3154823],[-478,487],[456,144],[22,-631]],[[9798962,3507239],[769,895],[316,-767],[-1085,-128]],[[9429439,3344695],[-1051,1040],[644,353],[407,-1393]],[[9776353,2673790],[-77,-388],[-562,128],[-476,643],[1115,-383]],[[9981321,2717760],[-1106,371],[991,1997],[1033,-2241],[-918,-127]],[[9895935,3150551],[-1149,-1301],[567,1942],[582,-641]],[[9836307,3237502],[995,-19],[286,-944],[-362,-2072],[-467,-150],[35,2629],[-487,556]],[[6748173,3250363],[-190,-2124],[-3349,-3115],[-1093,3518],[-4660,-8203],[-918,2894],[957,4606],[2860,6451],[6393,-4027]],[[8044122,2909677],[-2569,-1463],[399,5154],[1904,2277],[266,-5968]],[[8069439,2927614],[-5903,-1503],[710,4490],[5193,-2987]],[[8041525,2913193],[-2026,-4298],[-1743,2782],[3769,1516]],[[8688478,2838497],[-2769,-8818],[-2897,-540],[-1967,-2337],[-3772,2543],[-2877,-478],[-2319,4966],[-183,9204],[-3325,2842],[21,3116],[2838,3391],[3263,-2124],[174,6713],[4455,-1990],[2177,-2313],[1945,776],[1219,-5426],[3976,-575],[640,-6140],[-599,-2810]],[[9142785,2600821],[-977,-4754],[-1911,-2879],[-9042,2105],[-405,4186],[3412,2599],[2499,5760],[4882,1257],[-318,-7037],[1860,-1237]],[[6391293,2933244],[1641,-17]],[[6392934,2933227],[1556,-2554]],[[6394490,2930673],[1682,-2392],[249,-5425]],[[6396421,2922856],[-1558,-3204],[-2045,1246]],[[6392818,2920898],[424,1551],[-4005,4909],[2056,5886]],[[6393904,2932269],[330,-781]],[[6394234,2931488],[-330,781]],[[6396421,2922856],[1311,1314]],[[6397732,2924170],[3577,-1788]],[[6401309,2922382],[-1360,-6801],[-3900,-3399],[-2591,2352],[-640,6364]],[[6358899,2846129],[-1819,-3918],[-692,5010],[2511,-1092]],[[6067244,2245887],[-397,0],[-79,1146],[797,-123],[-321,-1023]],[[6386203,2904560],[854,-4089],[-2343,121],[-655,-3074],[-2380,-3229],[2011,6543],[2568,1911],[-55,1817]],[[6401735,2941324],[2038,35]],[[6403773,2941359],[2066,-5468],[-1292,-2298]],[[6404547,2933593],[-2797,121],[-1467,2958]],[[6400283,2936672],[1452,4652]],[[6405204,2964257],[599,360]],[[6405803,2964617],[850,-8661],[-899,-8869]],[[6405754,2947087],[-3449,852]],[[6402305,2947939],[-51,5295]],[[6402254,2953234],[3100,4604],[-150,6419]],[[6405204,2964257],[-2216,4835],[2096,1578],[1423,-3855],[-704,-2198]],[[6402305,2947939],[-384,-2925]],[[6401921,2945014],[-5672,945]],[[6396249,2945959],[1297,4772],[2883,3717],[1825,-1214]],[[6400283,2936672],[-1857,-5874]],[[6398426,2930798],[-2678,5710]],[[6395748,2936508],[-2918,470],[-240,4754],[3659,4227]],[[6401921,2945014],[-186,-3690]],[[6391293,2933244],[1641,-17]],[[6394490,2930673],[1258,5835]],[[6398426,2930798],[-694,-6628]],[[6393904,2932269],[330,-781]],[[6404547,2933593],[-3198,-7814],[-40,-3397]],[[6405754,2947087],[43,-3168],[-2024,-2560]],[[6368290,2864114],[1612,-3715],[-3954,-3825],[-172,4063],[2514,3477]],[[6173464,2601317],[-785,1908],[807,99],[-22,-2007]],[[6413409,3023580],[90,1531],[-399,1531],[567,420],[180,-2310],[-438,-1172]],[[8350038,943209],[2597,-1200],[969,-3204],[4454,-2101],[4339,-767],[4979,511],[2928,-2880],[2131,2748],[1681,-3430],[2358,-8261],[-225,-1919],[2735,-5117],[2688,-8624],[2607,-2283],[896,-3126],[-693,-6496],[1442,-4210],[765,-5808],[3134,249],[7554,-9969],[1238,-4793],[3779,767],[2529,-5812],[2049,-1409],[276,-8179],[4824,-15216],[2929,-3647],[5598,-1583],[829,-4681],[3374,-1777],[3256,1590],[3567,-1590],[1849,-5760],[2090,-380],[4776,-10162],[1727,-2246],[4662,-2169],[598,-4414],[3742,-8642],[516,-4000],[4134,-4295],[1998,-3514],[-428,-13032],[1203,-5497],[2971,-7542],[-1571,-10555],[-4203,-5474],[-354,2651],[1777,3977],[-1128,2660],[-2630,-5879],[-2984,3178],[-3792,-1986],[-7526,-10798],[-2967,-6557],[-3931,4049],[-2989,-1754],[-3807,923],[-7041,3088],[-5900,5395],[-5303,6371],[-6375,5434],[-4506,9246],[-3820,4437],[-1793,4269],[-6326,11210],[2599,463],[1806,4542],[1849,10350],[-1635,10212],[985,3360],[-1885,6532],[-3388,4346],[-2627,1376],[-3555,-55],[-5724,3234],[-2274,3900],[-4490,3371],[-1239,2041],[94,8354],[-902,4061],[-2851,4181],[-5644,4084],[-869,2372],[-4140,2603],[-1685,5536],[-3367,3273],[-2761,6849],[10,5249],[1519,2317],[-448,4523],[-1964,6374],[-2569,5044],[-228,3101],[2325,6125],[-488,8309],[1689,3588],[1032,6608],[1782,1181],[-289,7714],[-1099,4381],[-1746,158],[-2293,5489],[-3216,2888],[3062,4101],[3851,-2553],[2688,-6327],[3829,-3270]],[[8336955,1004433],[-541,-3313],[398,-6701],[3513,-3290],[34,-8094],[-1762,-10248],[-586,-6135],[516,-4978],[-934,-1906],[-392,-6308],[-2183,-2840],[-4798,2550],[-270,5818],[-2235,5049],[-265,4452],[-1999,8623],[-489,7407],[1890,1204],[-1124,11889],[1287,1537],[-1248,4897],[-3088,-1066],[2936,6204],[4732,7797],[1931,763],[2263,-1931],[586,-5164],[1828,-6216]],[[7563462,594360],[9558,-9885],[-1686,-7749],[-253,-4681],[2187,-7095],[3604,3838],[1898,-7801],[2600,-2158],[3350,1296],[2709,5009],[3042,-2739],[1450,1968],[5488,-5752]],[[7597409,558611],[36544,-56841],[8031,4431],[18868,-30681],[-21465,-29397],[3767,-1180],[-1859,-7233],[4369,-5724],[1213,-7042],[1765,-3713],[2992,-2370],[-979,-5732],[1485,-2272],[2832,568],[4112,-1418],[207,-2590],[5514,-8565],[1377,-7863],[2224,-2651],[588,-8901],[2918,-754],[2336,2476],[3366,-874],[1842,-5260],[170,-5632],[952,-3369],[4406,-6812],[1006,2022],[4866,-736],[1900,-3149],[-265,-6202],[1916,-3994],[2683,-149],[2409,-6095],[481,-6849],[-1072,-2874],[-3298,-4581],[1587,-2517],[1231,-6063],[1515,620],[2238,-4577],[5980,-4857],[1262,1028],[3638,-5566],[2567,-2446],[-197,-4299],[3951,-7992],[4230,1758],[2263,-2703],[3819,792],[1941,3737],[2219,-3017],[4474,-2610],[2639,-3697],[178,-5419],[3909,-828],[407,-4044],[2706,-911],[2469,-4603],[3925,886],[3556,-4339],[1907,76],[2210,-4422],[4361,-1222],[2249,2620],[2111,-6421],[2906,375],[3010,6545],[2793,700],[4804,-619],[1128,2608],[3196,516],[-53,6290],[-2394,2179],[-892,3071],[-86,8763],[2050,4133]],[[7787417,290130],[2680,-5719],[5587,-2271],[1418,4366],[1686,52],[2866,3359],[5981,-6772],[3468,-136],[3632,-7005],[2942,1112],[1119,-2853],[4513,-10],[-1501,-3202],[-2328,-10281],[9772,0],[97,-4771],[4755,2377],[579,-6297],[3858,-147],[540,-3074],[3280,-2615],[12051,38],[5,-47562]],[[7854417,198719],[-6551,-1059],[-10100,723],[-1178,2297],[-2349,-669],[-4058,1937],[-955,4200],[-2797,127],[-1104,2431],[-3314,-4870],[-5175,1451],[-2911,2960],[-6267,2958],[-979,1990],[-8166,2472],[-4978,-1062],[-3132,-2211],[-3552,-5084],[-3006,5176],[-2237,1970],[-3565,998],[-6196,-664],[-6152,1110],[-647,2833],[6,7219],[-893,2339],[-3187,414],[-3137,-3487],[-694,-2430],[-5121,1024],[-2024,-1223],[-2470,2795],[-1659,-2613],[-3134,-1971],[-3636,-570],[-2963,950],[-4029,-1187],[-1080,2889],[-4561,1737],[-493,5931],[-3247,1450],[-2736,-1722],[-5321,6929],[-3391,-1485],[-723,1685],[1665,4856],[2204,820],[1610,5707],[-2405,-695],[-3507,-9814],[-3568,-5328],[-2745,-2320],[-4866,-589],[-2547,1343],[-2079,-4287],[-3244,-102],[-407,2693],[-3782,7511],[-3655,-653],[838,4920],[-2897,3736],[-2551,-4900],[-1615,2313],[-3833,648],[-3549,-1953],[-1680,-3909],[-1825,2256],[381,3802],[-1356,6205],[-4149,2635],[-2213,19],[-5006,7122],[-548,3101],[-3470,4544],[-3385,6401],[718,7124],[-1629,3324],[-1982,7804],[-3760,3928],[-2384,4181],[-1174,5407],[-4936,7976],[-6365,12892],[531,1622]],[[7625390,327747],[346,5743],[-1377,6411],[438,3406],[-3271,2737],[-2831,572],[-2352,4391],[-3406,-542],[-3534,-4303],[-2757,-1364],[0,-4133],[-2061,-3090],[3785,-5569]],[[7608370,332006],[-3618,1068],[-4663,11908],[-1449,230],[-1276,13104],[-1069,2578],[-3665,2787],[-3600,311],[437,2559],[-1477,5679],[682,9364],[1448,6978],[-3759,-1201],[-5519,3522],[-3482,5175],[-4153,410],[-7078,3282],[-3539,458],[-4371,5014],[-2478,8613],[770,2411],[-2559,6050],[1421,5070],[2098,-971],[1839,4308],[-358,2309],[-2700,2068],[-811,4043],[-2599,2779],[-1514,7448],[-5069,8209],[-3738,7129],[-4411,3348]],[[7538110,468046],[0,59147],[-1,44244],[4739,0],[1671,1492],[2813,-1112],[3533,4127],[455,5728],[5835,7106],[3252,301],[3055,5281]],[[7407351,898974],[5640,-792],[5016,-6708],[2760,-6053]],[[7420767,885421],[-4739,-20409],[1473,-12399],[4819,-7670],[6425,0],[1632,-24860],[-2267,-5573],[-3132,-1173],[-1713,-3434],[-109,-6073],[-1245,-2592],[-6661,163],[-4314,3223],[-1826,-1469],[-2613,1036],[-1800,-2395],[-1653,-18208],[11245,-5113],[9637,-17897],[11245,0],[3213,-7669],[-4960,-21663]],[[7433424,731246],[-10588,11102],[-1871,-6938],[-3893,3496],[-2246,-944],[-2206,3681],[-8581,1615],[-6804,8816],[-205,3014],[-3205,-80],[-1822,-5423],[-3102,2314],[-3267,25],[-4148,4929],[-4587,-1183]],[[7376899,755670],[-7514,5396],[-4198,1216],[-3766,3795],[1510,3992],[-3115,6484],[-2824,1181],[-6634,602],[-1315,2988],[1090,2282],[-442,7520],[1853,4487],[3597,2343],[6981,1836],[-321,8445]],[[7361801,808237],[4508,-4881],[795,4865],[1794,2630],[1905,7345],[3394,1152],[1150,6515],[2615,2],[-321,9751],[2433,1690],[-1570,11175],[2227,2254],[-2217,4680],[-2862,107],[-941,3049],[1522,3319],[2826,695],[1816,5947],[2766,138],[2885,4397],[219,7901],[-2571,8963],[2445,3915],[790,5508],[5281,-5727],[2794,2053],[1273,-1534],[8401,5766],[2193,-938]],[[7961484,853827],[-17122,24336],[0,26373],[2700,2825],[12344,-1204],[2036,-3806],[4064,1686],[5377,3834],[2072,-1161],[3097,1907],[2548,3213],[-482,5854],[-1408,4880],[3500,5387],[5234,-5521],[1617,5256],[2483,334],[4827,5067],[1399,6127],[5948,1953],[750,3619],[2661,4869],[-1154,2019],[-3714,1489],[-2356,-535],[-2111,2214],[10137,33289],[9047,22582],[8968,10608],[26421,2],[-5145,7792]],[[8045222,1029115],[3737,9661],[-441,8241],[-2361,7132],[-55,8479],[615,1459],[-120,10483],[-920,4407],[-3330,6604],[836,7528],[-716,6321],[-4524,9202],[-3837,3952],[143,7151],[-2467,4954],[75,5100],[-1929,9334],[2850,2237],[3834,1224],[4754,-1607],[2055,1086],[6131,-767],[4031,-1730],[3210,644],[6345,-1918],[1725,-3851],[-1119,-4517],[4736,-7060],[5824,-3363],[3371,3200],[4378,8492],[-617,3888],[-2216,1358],[-1874,4321],[1855,2006],[2646,-260],[2733,-2305],[7191,320],[1847,8696],[1845,2046],[2998,-4641],[776,-5206],[1359,-1332],[709,-6106],[-2624,648],[-2368,6122],[-1909,-274],[-681,-6133],[1641,-4756],[-346,-3952],[1452,-1402],[3491,1721],[5097,-6459],[5711,12],[6666,2801],[-1505,-10839],[-2622,-3365],[532,-3261],[-2821,-9510],[350,-4148],[3258,-7375],[642,-5387],[-122,-5989],[810,-3966],[-1111,-2881],[158,-5062],[-736,-6530],[-1658,-1861],[-1887,-6461],[-556,-4443],[-3206,-3633],[-1705,-6446],[-2653,-2417],[-687,-3639],[-1797,-1993],[-3462,27],[-2683,-2349],[-6454,1207],[-2607,2017],[-2997,104],[-5753,-1419],[-1849,-4153],[26,-3794],[1541,-2720],[-2320,-7998],[618,-7434],[3929,-5639],[330,-2670],[2774,-187],[3331,-4155],[2688,-7099],[3960,-6408],[821,-7430],[-1089,-4279],[-4445,-9057],[-1896,944],[-6964,-6361],[-2570,-4772],[-4155,-1251],[-2960,-3715],[-1635,1858],[-1743,-3723],[-3542,-3849],[-2195,520],[-2799,3253],[-2782,6868],[-6625,1079],[-1543,-1390],[-2326,-7133],[-2900,4834],[-6476,999],[-1165,1363],[-4101,-409],[-1356,-2253],[-1154,-5387],[1244,-9016],[5410,-1515],[-236,-5140],[-2020,-2872],[-3651,1083],[-4466,-5075],[-991,-8193],[-2071,-5791],[-7003,-5485],[-1333,-3178],[-1870,-637],[-4784,-6715],[-802,-3387],[-3454,-4012],[-1444,1760],[-4102,-2522],[-4137,-848],[-1798,-2496],[-1240,-4298],[-1940,-710],[-4200,1568],[-9814,-812],[-5375,-4056],[-828,2699],[-3299,-285],[-873,-1957],[970,-5422]],[[7363554,1172080],[80,-90537],[-29978,-35758],[-21209,-25297],[-6929,-3017]],[[7305518,1017471],[-29864,-10240],[-34153,-11710],[-8572,6500],[-5569,-4483],[-4769,5406],[-5684,-324],[-2488,-4243],[-4365,1987],[-8671,10235],[-3742,2624],[-7042,1695],[-2803,-2183]],[[7187796,1012735],[-2450,197],[-898,4267],[-5066,3972],[-3616,-1854],[-3203,1857],[-2763,-1948],[-5549,3849],[-3999,1116],[-1681,1745],[-1841,-5743],[-1857,-2058],[-2390,1135],[-2276,4614],[-3275,1590]],[[7146932,1025474],[-58,52709],[-33952,40],[-60859,9],[-2,54315],[36426,40430],[2869,1428],[-1127,-6820],[4341,249],[2411,-6561],[42565,19],[27367,13],[0,23007],[9638,0],[0,17340],[-1023,8178],[-1486,5178],[880,3861],[-2155,2602],[2298,6276],[-596,14338],[3047,2914],[-965,3477],[0,9373],[3034,-2169],[3892,704],[1009,3706],[4155,2963],[2682,-977],[3820,-8449],[2551,-1495],[2715,461],[8575,-4331],[4934,-6498],[1559,-971],[2117,3955],[2328,-1684],[-1,26783]],[[7219921,1269847],[2063,1005],[5302,-388],[5862,-3072],[1044,-2036],[5622,-895],[6268,-2433],[4899,0],[3371,-1534],[2411,-2808],[3056,507],[2249,-1411],[1197,-3191],[2294,-1598],[966,-4725],[4373,-7611],[3773,-2944],[2975,-379],[4420,-4981],[4978,-1534],[4089,-4084],[970,-4992],[6182,-2685],[2693,-3008],[1769,-6264],[3087,-4921],[2748,-765],[7461,513],[6774,1141],[-256,-2214],[-2735,-1758],[2065,-3161],[3882,-476],[1530,2344],[1348,-4920],[2328,-2081],[1678,5847],[4421,3316],[3479,-3998],[3036,1005],[-1049,3034],[-2896,-1854],[-4811,4690],[9960,362],[8553,-2869],[3929,-647],[3151,-2547],[-1143,-4358],[1683,-1018],[404,-5373],[-1043,-5876],[565,-5241],[2658,-4881]],[[7420767,885421],[5669,3160],[3987,-282],[1909,-7353],[8781,7456],[1526,-7434],[4980,-10759],[2056,1341],[1291,-2662],[5086,0],[3614,10567],[8433,-1918],[804,-8649],[15663,0],[1685,-3479]],[[7486251,865409],[3674,-4309],[-100,-3069],[4163,-4967],[2658,-578],[1572,-3795],[16170,-14615],[-10521,-76055],[-1334,-3247],[-3313,-2130],[1785,-5960],[341,-7117],[1623,-3000],[-976,-9434],[-4376,-8129],[-3196,-3947],[-1362,-4202],[702,-3446],[-912,-4844],[-285,-7278],[-4160,2889],[-1236,-3050],[-4560,4678],[-2182,-2100],[-1424,-4950],[-1567,-2128],[-4319,-926]],[[7473116,689700],[-39692,41546]],[[7305518,1017471],[2684,-5496],[3516,-3772],[6238,-1348],[1836,-3221],[-353,-4177],[4112,-9176],[2923,-3057],[3783,472],[1519,-1742]],[[7331776,985954],[-1007,-4081],[1608,-6699],[-897,-8843],[-1175,-2389],[-3788,-21],[-4585,1455],[-2185,-6233],[-7154,-3433],[-569,-7517],[-4083,-2800],[-718,-4845],[810,-2794],[-1188,-5479],[4405,-6968],[-1364,-3654],[2982,-17616],[-3574,-1670],[-4023,-3285],[-1204,-3688],[-2551,2671],[-2756,1052],[-2927,-7344],[-6786,1526],[-1524,-4354],[3882,-14686]],[[7291405,874259],[-11245,5923],[-18151,-11589],[-12522,11919]],[[7249487,880512],[-4264,4059],[-8433,18449],[-21845,11551],[-27149,14355],[0,36397],[0,47412]],[[7538110,468046],[-3348,6232],[-4380,10622],[-2408,9195],[-914,1341],[244,6888],[-801,5050],[-1485,2233],[271,4149],[-2875,5384],[-9304,8782],[-3012,6096],[780,3661],[-2782,4025],[-196,2608],[-4474,4188],[-3171,1446],[-13975,2571],[-2056,1270],[-3634,5494],[-1488,3724],[376,4867],[-3515,-470],[-2207,-2645],[-5951,-189],[-1427,2405],[-4203,1148],[-5224,-1149],[-7560,-774],[-5704,784],[-2196,7282],[-4104,4758],[-2228,1169],[-8870,-79],[-1101,4742],[-1932,3987],[-1442,-862],[-680,-4392],[-4030,1023],[-3776,2751],[-3349,-2285],[-2399,2311],[-4442,-571],[-1617,4246],[-4075,3659],[76,4622],[-501,1481],[305,2248],[246,580],[-627,597],[-2439,-801],[-2357,-3646],[-590,6213],[-1647,5973],[-84,10889],[-3161,5156],[-137,2851],[1838,5113],[-1867,-1087],[-979,1322],[-1760,-464],[-3128,-6531],[-3038,561],[3457,4345],[-1671,9767],[-2732,202],[-2093,-4132],[-3061,6353],[-1243,4266],[-2830,-1478],[-2711,2938],[-447,-2339],[-5015,1181],[1332,-5436],[-3252,195],[-568,5142],[-1690,2193],[-1220,6581],[-1068,1890],[-4020,-2835],[-2850,858],[-1122,-221],[-384,-742],[-2008,-1166],[-3446,2655],[-4932,-2964],[-917,963],[-1163,-3877],[-190,-5703],[1250,-4955],[-2502,-14528],[532,-7829],[-2088,-2185],[-388,-4186],[-1486,-1857],[-2534,5933],[-1819,-2943],[-3556,7018],[629,-4263],[-225,-7953],[2861,-7687],[2749,-4129],[-882,-6002],[-1772,-2704],[-2970,771],[-3387,4141],[-996,-1764],[-3536,2053],[-5673,5639],[-6971,1410],[-7832,9270],[-5815,19585],[-3246,2361],[-3311,-960],[-2300,4293],[-2492,-85],[5257,-7359],[2895,-375],[1153,-7809],[4586,-12456],[2952,-6600],[1858,-8522],[-427,-5758],[2525,-8909],[2530,-5776],[3738,-13091]],[[7301059,560223],[-89166,148886],[0,30594]],[[7211893,739703],[61904,85],[29843,42],[52848,11531],[20411,4309]],[[7473116,689700],[13618,-14254],[21123,-22370],[1607,-22242],[3212,-3834],[27709,-8310],[23077,-24330]],[[7391130,599695],[1251,-3836],[-1092,-3307],[-3004,5318],[2845,1825]],[[7397226,603396],[-462,-2465],[466,-1716],[-496,-3358],[-4077,158],[-102,3491],[2098,3533],[1930,860],[643,-503]],[[7352294,602442],[926,-5348],[5269,-8540],[-1852,-1655],[-3031,3375],[-3970,9587],[-1869,2032],[1604,4625],[2923,-4076]],[[7325706,614907],[1374,-5640],[2930,-3137],[2400,131],[197,-3630],[-2536,-4073],[-3625,602],[-1312,4089],[-3531,5365],[-383,5524],[1479,1311],[1688,3010],[1319,-3552]],[[7348977,607607],[-1538,-1059],[735,-2229],[-658,-1250],[227,-1761],[1798,-2679],[-3501,-2403],[-3056,6905],[2007,6263],[-1888,6885],[3403,2601],[2755,-5060],[-284,-6213]],[[7351025,606269],[-1215,1396],[-404,10034],[2887,-7508],[-1268,-3922]],[[7332421,620764],[1217,-2],[1831,-7030],[-3558,-1676],[510,8708]],[[7329989,609066],[-1024,8620],[2159,31],[418,-5802],[-1553,-2849]],[[7337027,623145],[4187,-2221],[46,-7503],[2763,-2510],[-1544,-3771],[-3494,5593],[-1958,10412]],[[7347974,626072],[1226,-6283],[-2765,744],[-279,5160],[1818,379]],[[7362574,627698],[1369,-100],[1908,-4594],[-2389,-6853],[-1354,2901],[-765,6199],[1231,2447]],[[7370821,629571],[1362,-13503],[-3569,-4521],[-2453,166],[-1974,2795],[557,4922],[1392,3621],[-80,3051],[1276,1739],[3489,1730]],[[7351888,629374],[2662,-1936],[1135,-2803],[-1250,-2737],[1961,-5993],[4294,-6191],[-2372,-3207],[-1549,5263],[-2898,6440],[-2577,3891],[-600,5829],[1194,1444]],[[7385492,635450],[1062,-1294],[-471,-2465],[251,-5102],[2764,-5842],[-1347,-12265],[-3531,-1874],[-3525,3489],[1884,9140],[-294,6932],[-1494,2551],[3112,6772],[1589,-42]],[[7357480,634439],[148,-6402],[944,-4834],[-1009,-4079],[-2610,1684],[1285,3410],[-288,3316],[-4502,2605],[-403,4690],[1697,1290],[1532,-1968],[794,-273],[2412,561]],[[7337903,631109],[-223,-6777],[-5925,6140],[25,4158],[1948,1467],[4175,-4988]],[[7345740,640909],[298,-3648],[2597,-8040],[-3278,-717],[-511,5858],[-2140,6155],[3034,392]],[[7372395,631256],[-4942,-1543],[-847,5158],[2253,6043],[3536,-9658]],[[7354554,640334],[-524,-4723],[-1321,908],[-958,-69],[414,3435],[2389,449]],[[7349373,639819],[2234,-3640],[-3039,-3779],[-1517,5962],[2322,1457]],[[7339069,640681],[4487,-7166],[738,-7136],[1637,-2684],[337,-3959],[-3291,-2748],[-1539,5042],[-3174,2839],[-14,14353],[819,1459]],[[7338185,632353],[-4595,5097],[-221,4281],[4571,-3066],[245,-6312]],[[7378164,641919],[1145,-3485],[-2025,-5874],[-1880,7088],[2760,2271]],[[7363996,642129],[594,-6851],[-2597,-5478],[-1901,2220],[3904,10109]],[[7372449,643501],[1477,-4860],[-2412,-2001],[-2084,4383],[3019,2478]],[[7366200,634028],[-2589,10277],[3565,-613],[213,-5027],[-1189,-4637]],[[7345334,646885],[-1562,-4868],[-1769,-855],[-1210,4819],[4541,904]],[[7349853,647499],[1248,-5175],[-1620,-674],[-1814,3127],[2186,2722]],[[7370771,648261],[-1754,-6217],[-3051,3242],[-128,4553],[2886,-1652],[2047,74]],[[7335378,652779],[-3,-2830],[1435,-2281],[2095,-328],[1935,-3428],[-5461,-1964],[-1589,2553],[-1275,6823],[2863,1455]],[[7340069,657817],[1920,-933],[2326,980],[899,1317],[1906,-614],[-192,-3271],[1415,-1027],[-1014,-3320],[-2033,-3005],[-5084,-1796],[-1246,1765],[-1878,-45],[-1347,2554],[32,3877],[-1781,-1056],[-1568,1896],[6745,4539],[900,-1861]],[[7353408,659724],[825,-4197],[-1940,-2134],[1555,-2759],[2473,691],[6,-5587],[2031,-754],[2977,-6565],[-6819,-2435],[580,4952],[-3600,1810],[1266,4719],[-2527,328],[-2591,2539],[364,2627],[687,1289],[-1544,1017],[1486,2850],[4771,1609]],[[7249487,880512],[327,-25306],[3787,-5675],[-4814,1229],[-66,-12298],[-3217,2801],[-17628,-334],[30,-21398],[-10216,-59],[3278,-5549],[-53,-5725],[-18215,18621],[-26442,12591]],[[7176258,839410],[0,39835],[-2682,1593],[-7011,6039],[-213,2423],[-33815,42984],[-10733,13643],[376,5452],[2367,6402],[2746,3208]],[[7127293,960989],[4419,4955],[793,2629],[5951,803],[2496,-1860],[2948,50],[1321,2006],[-162,9938],[1375,10620],[-3317,9519],[201,4902],[2778,853],[836,20070]],[[7361801,808237],[-18106,19334]],[[7343695,827571],[11198,12210],[-44,27274],[-1773,-2384],[-6118,625],[-957,-4749],[-3391,-401],[-3594,1798],[-3278,10295],[-879,5281],[690,6560],[3149,5233],[6349,5019],[-1124,8314],[2559,1770],[5726,-1142],[2348,-1909],[2179,979],[1426,11932],[-5170,1643],[-146,23095],[-15440,141],[-137,7955],[4380,16283],[3031,4991],[-1338,3647],[-2170,888],[-5819,10036]],[[7335352,982955],[4242,38],[17589,-9586],[1723,-2760],[2130,-373],[2115,-8792],[5864,-2520],[13278,-17934],[-4,-5085],[4418,-1354],[2803,-6130],[6183,-5515],[-418,-3048],[2919,-2204],[1209,1108],[4706,-1529],[-409,-8589],[1360,-5446],[2291,-4262]],[[7335352,982955],[-3576,2999]],[[7363554,1172080],[2760,-2215],[4944,737],[1493,-2031],[10635,-7763],[7523,-6853],[-1541,-4791],[709,-5577],[2038,-2345],[3576,1167],[2559,-6049],[3802,-4004],[-469,-6056],[1898,-725],[1717,-4256],[3335,-3588],[1171,217],[4380,-4668],[1824,1117],[4563,-1457],[1600,-3207],[3924,2239],[5172,1545],[3989,-538],[2280,-2625],[1825,-7128],[1411,366],[3998,-3347],[717,-3321],[2316,-323],[2540,-5532],[2536,-2828],[1340,-4501],[2816,-1224],[2264,-7696],[3052,-7154],[4058,-6200],[3055,-6008],[3150,-2565],[1506,-2804],[5010,-3500],[170,-2065],[2972,-3067],[67,-2952],[-2076,-4970],[-527,-4720],[450,-6277],[2487,-12016],[-1171,-5976],[719,-11055],[-914,-4824],[1725,-2365],[-3334,-7103],[-2487,-9583],[561,-6775],[-1848,-3072],[-801,-5616],[2490,-8821],[2685,-2880],[6511,3328],[1607,-3072],[4174,-635],[1813,3480],[2365,-672],[2608,1218],[1326,-3898],[3465,109],[1113,-2031],[2653,515],[4216,-4538],[2972,-1286],[1968,967],[1925,-3707],[7609,-1794],[1868,-3584],[5384,3456],[2773,-3328],[761,-3059],[2086,-283],[5865,1680],[1405,-5296],[4857,-2748],[4181,-5629],[1280,-4091],[6554,-6035],[5177,-2142],[2327,-4090],[2210,-433],[1763,-4830]],[[7575014,890024],[-25796,-24632],[-42608,12],[-20359,5]],[[7607338,986558],[3055,-5497],[3685,-2159],[936,-7752],[2284,-5684],[-597,-5050],[1609,-3839],[-6359,-2811],[-1565,-2930],[-2807,1464],[-4024,6475],[-5195,3604],[-1487,2354],[944,4729],[-1525,6418],[786,3844],[3764,1193],[4770,5042],[1726,599]],[[7525693,1048083],[-2567,-3355],[-2943,2723],[173,4896],[3868,2467],[1340,-2177],[129,-4554]],[[7506827,1082491],[560,-10395],[-2386,-10783],[-7542,-4884],[-3433,-432],[-3845,5561],[-740,5064],[31,6261],[2330,8272],[5824,9450],[2626,1281],[4807,-4918],[1768,-4477]],[[7408179,1167058],[2074,-848],[2147,-4789],[-948,-6006],[-4282,-2593],[-2853,2116],[-855,6803],[559,2942],[4158,2375]],[[7676141,1441977],[1922,-4622],[3731,-3523],[-1747,-5030],[-4117,-3363],[-3440,876],[-816,2284],[1765,5105],[-185,3533],[2887,4740]],[[7639360,1474694],[-1662,-2856],[428,-4847],[-8736,355],[1977,5597],[2725,-2045],[5268,3796]],[[7593190,1483681],[5881,-1018],[2373,643],[1881,-1922],[1965,1534],[3577,-3319],[3216,1666],[11395,-5642],[6320,-5848],[-3657,-5],[-557,-3113],[-3192,-3246],[1634,-2100],[-2000,-5570],[-5857,-8066],[-4366,1601],[-3293,3152],[-2448,-1203],[-2590,-3726],[-5551,1286],[-3651,-2648],[-3220,1633],[-2174,-334],[-5686,3216],[-1475,-1001],[-3152,2449],[-8900,5193],[-2651,734],[-202,-2911],[3223,-2605],[-297,-2714],[-3115,-554],[-3255,-2085],[-1056,2948],[-3603,662],[-1500,-2016],[-1175,-5254],[-1759,-3493],[-4571,7338],[849,2783],[-672,4758],[2407,5641],[6066,-1767],[1404,2114],[-765,4514],[-3574,6418],[65,7716],[3752,-4655],[1612,6633],[1686,1803],[5616,-4597],[4100,1658],[998,-959],[3252,3136],[5857,3337],[3464,-1939],[4097,-754],[3274,498]],[[7787417,290130],[359,5411],[4688,4167],[2679,-4424],[37402,17895]],[[7832545,313179],[1570,-2524],[1786,2217],[8286,-478],[4930,-3176],[2855,2861],[4928,-1519],[6649,2535],[5029,-4047],[3151,766],[2265,-3313],[8470,227],[2556,1941],[2394,-635],[7,-3225],[4394,-5016],[-853,-5090],[-4433,-2059],[-2117,-2045],[-4099,-1790],[-1224,-1996],[-2907,1666],[-1642,-2395],[-5917,-514],[-5278,-1459],[-4234,-2957],[-257,-6428],[1553,-775],[2822,-7333],[4513,-1413],[2110,-7732],[3299,-4719],[-204,-4284],[2894,379],[3854,-6779],[7233,-3963],[4337,1283],[881,-1666],[3293,260],[3051,-5118],[4296,4726],[2009,-1718],[1729,-4925],[3612,-128],[4816,-8177],[3052,-128],[3456,-2305],[6105,-1530],[3491,1462],[5421,-4274],[1369,3319],[4338,-635],[-1087,-5432],[2521,-68],[1254,-4499],[4539,-743],[3938,3328],[3551,768],[3758,-1918],[1681,2676],[2852,-603],[-5960,-5986],[-10216,-5581],[-1531,-2094],[-4415,-1233],[-1797,1753],[-11040,5393],[-6290,-1067],[-3182,-2324],[-1431,-5575],[-75,-4602],[2129,-1214],[5858,-252],[12052,-7546],[6424,-3192],[3564,-388],[3901,-12920],[-3262,-3392],[-4065,1246],[-2476,-4268],[-3515,-3792],[-1461,1447],[-4147,585],[-2796,-1129],[-796,-4651],[-2265,-1080],[-4160,-4146],[-3335,638],[-37,2919],[-3354,2254],[-1582,-4657],[-5331,-1740],[-7522,2285],[1733,4312],[-5320,-477],[-1699,-3284],[-2563,5382],[-5723,4125],[414,2568],[-2230,2751],[-2590,-1141],[-5412,3776],[-2330,2731],[-2260,-3550],[-944,3745],[3933,2689],[4557,1407],[1228,-1919],[4177,1539],[3715,6522],[2552,-1158],[3144,1054],[-334,4532],[-4540,-3101],[-3527,157],[-6952,5049],[-2491,-7559],[-1508,-3],[-3982,10464],[-7765,7507],[-3753,2372],[-3512,761],[-4679,-285]],[[8203453,42139],[5817,-6191],[4697,-1858],[1293,-1785],[5203,-2485],[978,-1482],[15339,-7035],[1045,515],[4608,-2858],[1575,-4812],[6222,-8785],[-2830,-1924],[-5108,-1166],[-2580,-2273],[-2850,3488],[-3173,-1239],[-7511,1751],[-2028,4319],[-2735,-1232],[-526,3190],[-5358,4502],[-856,-2714],[-4959,1028],[-644,5047],[-1344,3335],[-3324,4214],[-3170,1489],[-955,4120],[-1795,1658],[-1570,-2044],[-4372,9817],[-95,4105],[1649,2870],[2290,-192],[4090,-5369],[2977,-4]],[[8291693,53138],[6172,-6840],[1361,-8622],[-2976,-3672],[-5298,3817],[-2292,-1859],[-1801,967],[-2211,-1973],[-1832,899],[-2447,-2812],[-5965,1398],[-4386,7830],[4266,1027],[1694,-1534],[7230,2420],[-2095,6912],[2653,-388],[6751,1150],[1176,1280]],[[8187058,70178],[3309,-2802],[2224,-3297],[2489,-1176],[3866,-4658],[-1889,-2131],[-3689,734],[-2335,2977],[-5333,4338],[-1617,6267],[2975,-252]],[[8155764,157495],[8015,-7529],[116,-1617],[-5057,-3586],[-1881,823],[-3750,-989],[-351,-2969],[-2756,-20],[-5161,2988],[-3359,3679],[-2356,-1350],[-1252,2238],[-5724,2239],[-2769,3752],[1943,2560],[7208,-3975],[1095,256],[4690,-3447],[11349,6947]],[[7985423,161765],[893,-2035],[2690,401],[-1842,-6731],[2092,-2519],[-3615,-2451],[-2991,4721],[-5618,557],[-3565,-2293],[-109,4265],[1674,3049],[4021,2169],[3729,-955],[2641,1822]],[[7972922,167037],[-1359,-5114],[-95,-10353],[-1956,5554],[-1826,1175],[-4794,8135],[574,2905],[3873,-2861],[4081,2222],[1502,-1663]],[[7959906,295431],[3643,-2101],[2898,-3208],[510,-6188],[3332,-3511],[2729,-524],[4085,-6016],[1663,-5288],[3135,-4347],[4557,-2365],[-759,-6905],[1625,-4243],[7545,-5976],[1971,1470],[183,6813],[3028,5582],[4295,3004],[1687,2556],[2919,-165],[1750,-3731],[325,-6169],[-2251,-7502],[-333,-5931],[-2819,-6006],[-1532,-6344],[-1693,-2453],[-6259,4921],[-2400,-825],[-2028,3028],[-2800,1250],[-5310,-281],[-4309,1101],[-850,10129],[2899,6169],[-3001,2488],[-1132,-3152],[-3520,50],[-2686,7136],[-283,10456],[-3430,8610],[-1902,821],[-2617,4882],[-3018,677],[-1113,9298],[1266,2790]],[[7935130,353794],[3866,-4499],[5399,-2144],[2676,-3046],[711,-3751],[4038,-2411],[1767,1410],[3803,119],[3394,3837],[2408,-2028],[3465,-6624],[2029,-5795],[3176,-1781],[607,-2399],[-1296,-11031],[2039,4],[776,-5876],[2813,-3632],[-2611,-5776],[-1672,2524],[-1648,-2957],[-2784,-1732],[636,6524],[-4768,664],[-1283,-3440],[-3586,3369],[-5868,-1538],[-6078,2177],[-1769,2814],[-4946,2167],[-6360,-496],[-3606,-2130],[-2328,3784],[932,3624],[7667,6461],[99,3626],[-1296,3703],[-1732,781],[-5864,10519],[-553,9082],[5220,6519],[2527,-622]],[[7910299,372778],[2973,-1554],[1686,-3625],[1696,-350],[2213,-4037],[2558,-12064],[73,-3554],[2078,-2122],[-3669,-6719],[-1378,-5344],[3044,-1231],[-2432,-7048],[-3208,-67],[-817,2735],[-3996,2669],[-1478,5051],[-4476,37],[-3467,3823],[-4932,9298],[-1153,8720],[2273,7907],[3497,5880],[4412,3191],[4503,-1596]],[[8144028,404802],[4811,-2050],[1685,-2045],[4386,3368],[4429,-4122],[377,-6472],[3956,-64],[983,-2033],[3136,2552],[2984,-2960],[-455,-5165],[5301,-3292],[-1995,-8207],[-2676,2163],[-2597,-1457],[1016,-4517],[-3663,-3566],[-4761,-668],[-1514,-1462],[-2364,1225],[-614,3083],[-4252,1618],[-1319,5369],[-2472,-6048],[-4112,2098],[-921,2612],[4210,2995],[-529,3690],[-3572,3255],[-5497,6498],[-1481,3262],[-2333,-580],[-2839,4071],[-5596,2055],[2291,5182],[10363,2041],[5634,-2429]],[[7979772,475177],[-155,-2542],[-4416,-3078],[1318,5300],[-1206,3762],[1075,4405],[1715,1874],[2093,-2229],[-424,-7492]],[[7994765,496196],[621,-3170],[-492,-10143],[-1350,-3875],[3490,-4691],[-194,-8352],[-2477,-5023],[-13,-8703],[-1773,-9918],[-3885,993],[-1764,3794],[4927,7995],[1711,6593],[2227,4392],[-5222,8748],[-2888,-1138],[-4561,1185],[-944,2204],[2693,11172],[1673,3467],[4244,4293],[3977,177]],[[7575014,890024],[2768,-3430],[3388,3179],[3262,46],[3518,-2905],[2772,-7227],[1600,-255],[4738,-5109],[2438,473],[1586,3745],[3012,-3004],[597,-4027],[6825,380],[5545,-895],[3908,3452],[1233,2969],[5540,-2965],[2975,2292],[2529,-4534],[7028,-2233],[4793,-5207],[305,-2782],[6944,-5565],[5427,-8880],[723,-4857],[3730,-5606],[-85,-4797],[1414,-1234],[880,-4986],[3338,-4538],[4093,-1278],[3749,-6111],[-558,-3375],[2473,-3873],[2054,-8131],[-1330,-7463],[-726,-8821],[2201,-8364],[355,-8098],[-1749,-1571],[-3002,-5334],[-4248,-758],[-1542,-1744],[-5361,368],[-2645,1373],[-1239,-2087],[-2420,937],[-4633,-678],[-1664,-5749],[-3832,125],[-7952,2010],[-4925,1962],[-4532,-4287],[-3866,1272],[-2774,-476],[-1396,1568],[-5799,-910],[-4635,5272],[-6719,-304],[-3866,-4321],[-7013,-1954],[-1478,-6341],[-644,-5884],[481,-10064],[-559,-3354],[78,-8446],[2679,-1958],[1020,-5579],[5138,-4602],[803,-3699],[2166,-3341],[336,-2945],[-1699,-5478],[3742,-3365],[2601,-4816],[1833,-6724],[-1510,-8109],[1839,-811],[-1115,-4686],[1269,-2925],[-19,-4421],[1362,-1278],[2006,-5752],[1947,-2205],[-1703,-3803],[6566,-2402],[4794,-4825],[4717,661],[223,-4432],[2330,1922],[1288,-7930],[1446,1461],[2794,-674],[1221,-7174],[2471,1406],[3836,-6082],[-1734,-4277],[1606,-4086],[6465,-1087],[-313,-7542],[801,-2940],[2736,-815],[-113,-4754],[2832,610],[2337,3182],[2524,-5779],[333,-11808],[1072,-4161],[6067,-3771],[2411,3584],[4495,-3456],[2891,2301],[6022,-7282],[2360,-1379]],[[7689295,558609],[-36971,0],[-29616,1],[-6023,-6391],[-2410,6391],[-16866,1]],[[7676813,947442],[1805,-602],[6070,-9761],[5947,-507],[3993,-3317],[3915,-5188],[3376,-7406],[-1608,-10482],[-884,-8697],[-5925,-10502],[-1299,4111],[-4466,5063],[-3106,-43],[-1430,2977],[-3456,2993],[359,5339],[-6462,7447],[-3128,7055],[-147,6567],[-826,5739],[382,4571],[1804,4873],[5086,-230]],[[7702153,949864],[-3538,3519],[-156,3355],[1866,4895],[3627,-2520],[579,-6383],[-2378,-2866]],[[7654588,974994],[1871,-341],[1395,-4068],[-2927,-5120],[-4129,2733],[252,4765],[3538,2031]],[[7625390,327747],[-3356,3043],[-1401,-709],[1424,-6457],[-4284,2225],[-1327,2880],[-4594,3024],[601,2240],[-2517,6008],[-1747,-3015],[181,-4980]],[[8239276,1157055],[-3551,-5849],[-2134,1307],[-3195,4872],[2289,6857],[3933,4985],[2472,-8540],[186,-3632]],[[8197482,1257082],[1567,-7930],[-3974,774],[-1689,2959],[1826,5376],[2270,-1179]],[[8204094,1269685],[3535,-988],[-726,-5849],[-2363,3559],[-4038,-1161],[983,3587],[2609,852]],[[8140477,1318995],[311,-6592],[-432,-5311],[2385,-321],[-14,-4919],[-1444,-4930],[206,-3284],[-2389,-3013],[-3784,7432],[-1861,594],[-401,5019],[-2973,4288],[-644,3352],[3091,6068],[2252,1675],[5697,-58]],[[7971964,1339723],[4995,-3298],[1311,-6009],[-7578,-1057],[-3119,2140],[-2812,-648],[-1122,-2495],[-2268,497],[-260,3584],[3078,660],[2667,2140],[2877,4000],[2231,486]],[[8076202,1350784],[3761,-9578],[4842,-2244],[1505,-2927],[211,-3828],[-2162,-5985],[-2979,371],[-2052,4027],[-800,8313],[-4373,2867],[188,6633],[1859,2351]],[[8074724,1369631],[3377,-3162],[1523,-3874],[-66,-8985],[-1153,-2540],[-2517,1492],[-2042,-4020],[-3161,3933],[526,8362],[1611,2113],[-2483,6622],[1880,1371],[2505,-1312]],[[8078254,1387501],[2628,-2369],[733,-3467],[-964,-3949],[-1561,-841],[-5367,890],[461,5254],[1969,4291],[2101,191]],[[7976022,1378442],[1978,-4946],[7991,-1850],[2296,-7231],[2473,500],[615,-3112],[3250,-2880],[2950,642],[1233,-3331],[1961,-1073],[-479,-6400],[4218,-5050],[2730,-251],[4097,2041],[3134,-1530],[1363,-4478],[6749,767],[4022,-4528],[-23,-2030],[3307,-4559],[2292,-196],[2605,-3379],[2254,371],[1906,-3627],[1673,-4],[3150,-3426],[3942,-780],[2346,-5108],[1140,-5437],[4166,-3955],[4594,-7993],[5387,1129],[2393,-2455],[5419,-57],[1309,-5401],[3616,1134],[3609,-3004],[2040,-4786],[2699,-4030],[2131,-1385],[2295,-4112],[4334,-11241],[3175,-5441],[4297,-3251],[4090,-4611],[3295,-1538],[3531,-5317],[-875,-4280],[4157,-3931],[2546,-9153],[3492,311],[2327,3336],[1369,-652],[2193,-9753],[2069,-3832],[843,-4089],[-1407,-3955],[2805,-4576],[3046,-2177],[2415,1031],[2856,-3099],[9429,-7767],[2177,520],[1601,4078],[3477,-551],[581,-11335],[3731,-7548],[3774,-1658],[2013,3200],[1809,-3575],[-70,-5420],[5998,-9413],[2463,-12146],[2725,-5371],[3419,-1849],[2026,-6936],[-342,-7714],[-990,-2520],[1616,-4591],[-456,-2409],[-4232,-4179],[-1709,-2745],[-2473,-7161],[53,-4052],[1965,-3908],[1307,-5834],[-123,-5459],[-2081,-1802],[-2072,-4015],[-440,-4046],[-2130,-3542],[-2330,-9365],[-4198,-4788],[-2765,-1384],[-1594,-4186],[-2526,7218],[-1840,63],[-5733,13374],[-3740,1169],[-1176,2440],[-881,11784],[-3293,4242],[-729,5023],[648,3258],[-2492,6295],[2329,4447],[1124,11633],[-640,1750],[402,16790],[-1024,2076],[1179,4827],[-4122,8701],[-977,4537],[-1888,2055],[-2,7452],[-1116,1320],[-3650,12036],[-3044,3967],[-178,2803],[-3055,8600],[-5029,4465],[-1966,5769],[-2103,3265],[-5936,11826],[274,6027],[-4754,4955],[-2893,7369],[-3259,1643],[-2012,3970],[-6529,7421],[-2453,-1124],[-7631,2825],[-3767,4289],[-2472,-1329],[-6402,3431],[-6344,8803],[-4026,4598],[-7469,5461],[-3016,7107],[-7265,12658],[-2239,2320],[-3247,900],[-1597,2115],[-7423,4008],[-1910,3104],[-1481,5792],[-3679,2650],[-4765,5623],[-3001,827],[-7468,6560],[-6200,8382],[-2501,-579],[-3347,6154],[-404,2793],[-7627,3301],[-2442,4535],[-8425,4045],[-5292,-933],[-296,-1504],[-4166,-677],[-4543,2319],[-3939,3121],[-1893,2885],[2671,3938],[5662,-4543],[126,3274],[3181,3764],[2756,-1605],[3200,4461],[-3027,619],[1565,4124],[-4773,-773],[-3218,5247],[875,9076],[1768,-1150],[3133,-7159],[2085,-132],[2971,-5105],[2838,-1577]],[[7905562,1423111],[2567,-3852],[2946,-831],[1870,-3639],[3479,-643],[5558,-5817],[2204,-62],[4629,-3089],[-81,-5271],[2202,-3983],[-816,-2305],[-400,-6839],[-890,-3282],[649,-4751],[-4938,-948],[-4270,-2041],[-1835,2313],[-1594,-2401],[-6863,1827],[-1774,-2382],[-2114,1950],[-3046,-2677],[-1480,3156],[-2965,1947],[-2811,4508],[-1839,8475],[-1816,4798],[-2638,3010],[-5138,510],[-368,4346],[7397,9327],[2725,2237],[8156,1794],[-284,2229],[3578,2386]],[[7849393,1578310],[1795,-420],[4380,-5149],[1507,-4353],[1344,-8024],[3387,-6786],[-2550,-3314],[-2781,-915],[-3547,3616],[-2216,-775],[-4846,5208],[-2688,5106],[-3179,1550],[-1227,3935],[1844,3580],[441,3869],[1811,1751],[-472,6019],[3613,-203],[3384,-4695]],[[7689295,558609],[1296,-7130],[1728,-4027],[2566,2050],[3859,-763],[6402,723],[2234,-11396],[-243,-2690],[2489,-4608],[-318,-4340],[796,-4350],[1970,-4913],[1486,-6715],[-158,-13171],[2958,-9043],[-1274,-2206],[-638,-8812],[638,-4346],[2449,-5433],[3617,-3584],[5733,-593],[4020,-4189],[970,-2568],[3911,-2822],[182,-2163],[3426,-7115],[-50,-12823],[1804,-8101],[-210,-1869],[3063,-3886],[-892,-4337],[1372,-2136],[-160,-6515],[1379,-3159],[7205,-10863],[2564,1038],[6814,-3506],[5050,-1095],[6375,4032],[2913,-74],[3025,1640],[828,4685],[3600,-1727],[1973,1547],[6376,-892],[3644,711],[5127,7699],[2964,-3564],[10344,3390],[3704,-2205],[2118,-3533],[1034,-4461],[-529,-13255],[-2551,-2573],[-3231,-358],[-2252,-7208],[74,-7093],[-2100,-7804],[-2869,-2036],[-835,-4465],[547,-6617],[3093,-11053],[3036,-4561],[5411,-347],[3303,-2730],[1913,1015],[2396,-4758],[2965,-714],[2540,-3952],[276,-2713]],[[7211893,739703],[-35634,0],[-15,67912],[14,31795]],[[7291405,874259],[5782,-3068],[0,-12611],[11084,6816],[35424,-37825]],[[7961484,853827],[-3643,-6601],[-2063,121],[-3364,-2799],[-5335,-2571],[-471,3473],[-3302,-3501],[-2647,103],[-2788,-4262],[-673,-2745],[-2597,-1548],[-3039,-4010],[-631,-2449],[-3934,-911],[-1676,-2236],[-4221,-1],[-847,1474],[-5203,-916],[-739,-1467],[-4632,-1242],[-2010,751],[271,3922],[-3223,452],[-2369,1819],[-2733,-3550],[-4912,-3968],[-1875,5797],[-2086,1093],[-3295,-6846],[-2178,7],[-2308,4408],[-2647,-2384],[-2020,-36],[-1151,-2796],[-2885,3650],[-2449,-2996],[-8979,2640],[-4990,-522],[-2574,-1527],[-6459,-1170],[-5323,7104],[-532,4351],[-1803,576],[-527,4031],[-1590,1441],[-1871,5785],[-1985,2111],[23,4950],[-8285,2593],[-3878,3240],[-5745,345],[-2374,-1847],[-2886,-4190],[-7551,148],[-4674,-9474],[-3997,2699],[-1291,4439],[393,2480],[-4469,5002],[2757,2328],[-103,3130],[-3765,-1339],[-7985,3530],[-4296,4654],[203,3004],[-5424,6963],[-4134,68],[-1027,5091],[-4076,721],[-1844,3319],[-3614,-251],[-2225,1380],[-836,3337],[-2243,2569],[-2891,-1662],[-502,-3358],[-4743,3066],[-2632,4191],[-3940,294],[-5177,2964],[-2958,3041],[-4350,8796],[-1130,8358],[1699,5557],[23,8223],[2801,11517],[5534,4360],[5177,-3950],[2327,-388],[2505,-3839],[24,-4151],[2933,-1985],[3814,1602],[5628,7041],[3735,-1225],[3531,1278],[2339,-1467],[1596,-3262],[2888,-2949],[5602,2069],[1796,4464],[5775,2032],[3274,2541],[4245,-1390],[4299,-4647],[1488,1435],[1796,-3172],[2939,298],[1156,-2092],[6427,-3579],[1447,-6140],[3368,392],[5063,2804],[2811,-635],[2734,1297],[1922,-1804],[2987,4721],[1513,-2552],[6626,64],[1538,3344],[6938,5928],[3856,-1027],[1163,1793],[3883,192],[40,-7047],[5630,-2037],[-272,2302],[4693,2300],[500,4492],[5029,-899],[2620,-3913],[1529,516],[6979,9168],[2016,8766],[-3872,2708],[-1802,3979],[-425,3757],[1421,4417],[1439,335],[2841,5915],[3347,810],[155,3842],[2400,4559],[-163,2556],[-2301,4948],[2863,10008],[-961,6908],[1698,5340],[8027,1074],[6509,-7201],[-1106,-5969],[-5051,-3791],[-4343,-2073],[-1885,-3782],[-363,-3578],[2154,-6662],[-1054,-3591],[822,-2587],[-5135,-2826],[-710,-1467],[3790,-6722],[-467,-5640],[2787,-4810],[106,-3217],[1982,-9619],[-962,-4910],[5920,-5932],[6780,1665],[1370,-1470],[4696,-1324],[3141,6450],[3616,4951],[3796,3089],[1591,4330],[5677,1568],[2309,-1978],[2225,562],[2432,-4220],[3459,-2756],[971,-7343],[3598,-2929],[2532,1624],[2122,-1093],[4625,4322],[3470,10296],[5657,-241],[1871,-5299],[3666,-853],[2609,1181],[1818,3537],[2483,1460],[3119,5573],[2964,6985],[-687,3090],[722,7380],[2646,5944],[-231,3533],[2106,7142],[2806,7255],[7551,8684],[9319,16107],[8550,6199],[-458,3894],[5320,-114],[1605,-2173],[5381,-2689],[2010,767],[2169,3456],[3891,-2858],[2692,-3789],[3619,2301],[2482,3313]],[[7805789,1039066],[1052,-4435],[-3323,-4157],[-1926,2129],[-718,4045],[3223,2787],[1692,-369]],[[7842428,1063110],[-3556,1237],[618,4109],[-3191,2473],[-1140,-3779],[-2862,-2638],[863,6027],[4131,2943],[4456,-2492],[921,-2497],[-240,-5383]],[[7127293,960989],[-27888,14903],[-47145,25192],[-33082,17678]],[[7019178,1018762],[0,55893],[-44,72116],[44,36987],[155,64303],[100,41401],[-176,32413],[109,52900],[-155,11176],[5440,-179],[4013,-3575],[2572,247],[2487,-2045],[4903,1146],[3132,-4078],[3271,-854],[340,-2989],[2172,-763],[4253,-3967],[7952,-2817],[3537,-3063],[4897,-2297],[5704,-4602],[4495,-4606],[3782,-2249],[10897,-8902],[4395,-1633],[4433,-6273],[1876,-3697],[4418,1287],[6264,631],[7852,-7418],[-23,-7360],[1482,-1346],[4971,1304],[4029,-4619],[5865,-1053],[5944,-3813],[4065,-77],[1403,-3877],[10269,-6903],[6997,-6520],[7862,-1661],[1682,-1662],[9322,-5118],[6577,-2032],[6187,-3971],[4418,-499],[4104,-2437],[3453,524],[2890,-2054],[4015,-1023],[2113,789]],[[7015626,815561],[157,-69]],[[7018879,815733],[299,-276],[-10,68739],[-4,36052],[14,50916],[0,47598]],[[7301059,560223],[-1015,-3031],[-2553,1422],[-3246,6472],[-858,-690],[2850,-8946],[-1814,-4669],[-12374,939],[-2783,3111],[-6999,4707],[-3955,493],[-4624,-2886],[-4880,1290],[-2256,2735],[-728,6628],[-3287,5145],[-3176,-1165],[-4210,2269],[889,-5090],[2419,-193],[635,-8271],[2853,-5750],[2497,-531],[1558,-7207],[1166,-1854],[4174,-1525],[2728,-2297],[3295,-5373],[2731,-2940],[1289,-5371],[-684,-4766],[-2870,-1150],[-5005,847],[-4606,-856],[-3124,470],[-10371,-1314],[-5392,-3662],[-5687,-527],[-6824,-1948],[-8896,-3518],[-7349,-4378],[-2936,339],[-5143,4546],[-867,-2458],[-3209,-702],[-4152,4400],[-5202,3209],[-9373,1589],[-4323,-2891],[-3630,-1000],[-6636,-6166],[-6642,2169],[-2694,3884],[-1205,14328],[-1165,3013],[-5167,4542],[-4559,-2250],[-3669,1404],[-4832,-4030],[-2378,-4189],[-3504,-2151],[-2728,2415],[-3330,759],[1093,-4030],[2170,-1414],[6254,440],[1678,3903],[3385,2423],[3778,379],[5661,1762],[2471,-113],[2875,-10267],[622,-7288],[1619,-6314],[4020,-5007],[6505,-252],[3937,4338],[4253,2944],[4179,1790],[3772,128],[3143,-1512],[3841,498],[3784,-5118],[7549,-5624],[5218,-5757],[6747,-2305],[9639,-1909],[5457,-7418],[6352,-7031],[3407,-4926],[8755,-19038],[5119,-8537],[744,-22402],[984,-9182],[-3946,-5886],[-4362,-3335],[-2769,1182],[-3698,-257],[-3898,-2498],[-5231,-1225],[-3501,-4359],[-11726,-4555],[-4934,-5870],[-2757,-4595],[-4779,-3487],[-2029,-2877],[-11826,-9615],[-3350,-4774],[-2851,-1171],[-3726,-3153],[-7044,1616],[-5121,7136],[-5472,6058],[-4256,2578],[-8773,3324],[-2621,229],[-1634,2528],[-5921,4829],[736,4448],[-5137,-6048],[-4347,-276],[-4333,-2901],[-2499,1669],[-6464,-1739],[-2676,1053],[-2762,-3513],[-4638,-1028],[-9476,3236],[-15128,-4884],[-2597,2134],[-6354,4],[-1794,954],[-2339,4356],[-2729,2490],[-4167,1627],[-9051,-354],[-3060,-5669],[-4352,-4820],[-6270,-4232],[-5385,264],[-10213,16436],[-7,224992],[78,52441],[108,65058],[-621,240],[-1309,141]],[[7004447,754360],[-93,56]],[[7004354,754416],[118,1094]],[[7004184,760491],[99,183]],[[7004283,760674],[30,25]],[[7008149,778098],[40,241]],[[7008189,778339],[70,223]],[[7009879,779545],[226,65]],[[7010105,779610],[502,144]],[[7238332,388368],[-1437,-4806],[-2125,-889],[-3685,3587],[4473,4097],[2774,-1989]],[[7231853,389001],[-2042,950],[1169,4369],[3630,-2186],[-2757,-3133]],[[7274071,455560],[-1774,-6643],[-3244,6756],[-3928,3840],[-4316,1914],[-3281,3798],[-5612,2992],[-2047,2177],[-4012,7877],[-8313,5412],[-3879,4164],[-4232,5941],[1790,2413],[2652,-1283],[2569,-5752],[2169,-2037],[9799,-2569],[9557,-7150],[7105,-10674],[2607,-1986],[2656,-3958],[3009,-1862],[725,-3370]],[[7265719,503223],[959,-5628],[-2200,-6091],[-2176,-559],[-4546,3744],[-4136,-1922],[-5592,2129],[-6002,6747],[1811,3246],[4331,-3200],[4098,1282],[8993,-255],[4460,507]],[[7281044,529146],[-62,-3725],[-1907,-2068],[-3437,-1195],[-4357,342],[595,7813],[3363,-876],[3850,2045],[1955,-2336]],[[7266515,542544],[-9232,4387],[-2255,8406],[-2554,143],[-2781,5061],[-777,7890],[4515,-458],[744,-7009],[2108,-4555],[2007,-1926],[4421,-1654],[2125,-7614],[1679,-2671]],[[5090073,5611215],[5082,1000],[1634,-1523],[350,-4457],[5227,-3751],[4079,-316],[-353,-5655],[6694,-6783],[1866,946],[1832,-3635],[3954,-2838],[-268,-4644],[1902,-5398],[3459,-5092],[489,-7396],[1345,-3517],[2920,-317]],[[5130285,5557839],[872,-2871],[-1651,-2577],[264,-4816],[-3903,-5910],[-1393,-636],[-2417,-6233]],[[5122057,5534796],[-4603,-2166],[-1057,1637]],[[5116397,5534267],[357,2619],[-5051,8684],[-3932,-1407],[-4452,1178],[-2414,-2112],[-2538,292],[-452,3753],[1260,2859],[-1708,2209],[1984,5241],[-843,3508],[-6381,4864],[-3051,4720],[-263,5598],[-3698,106]],[[5085215,5576379],[1779,4734],[3780,5702],[3778,-2910],[-1355,7001],[-1722,2271],[-4372,1907],[-1180,1915]],[[5085923,5596999],[243,3516],[2728,8840],[1179,1860]],[[5116397,5534267],[-2610,-8313],[-4012,-342],[-2144,-3206],[-2615,-173],[-1811,-3565],[-3417,-2878],[-1272,724],[-3675,-3853],[-2946,5335],[-6695,1672],[-1758,-1095],[529,-4875],[-1927,-1804],[-6645,-264],[-2516,3786],[-4283,1664],[-3337,4119],[-3500,2333],[-6359,10903]],[[5055404,5534435],[2389,3665],[3384,8859],[2427,9944],[1447,3423],[2890,939],[501,3814],[2095,3545],[4620,980],[4667,10144]],[[5079824,5579748],[2543,944],[2848,-4313]],[[4992275,5806470],[2791,3901],[-319,-3017],[-2472,-884]],[[4824254,5533600],[2232,2899],[1538,-2380],[-1998,-3504],[-1772,2985]],[[4831282,5532208],[849,2490],[-1843,5222],[2268,2229],[3556,-3868],[2541,-544],[3395,9836],[3489,-2674],[1421,-7877],[-745,-5798],[-5120,2609],[-5243,-2457],[-1971,-4828],[-4542,3592],[1945,2068]],[[5009744,5393173],[6814,-2137],[13190,14018],[4121,4793],[3704,-154],[6040,1433],[3195,-6218],[4280,-1938],[6198,1759],[2330,-2322],[4687,-1438],[1492,2385],[-290,4012]],[[5065505,5407366],[2296,570],[6823,-4307],[-1629,-7699],[2964,-9977],[7530,690],[3865,-950]],[[5087354,5385693],[-4596,-1797],[-2250,-3528],[-3568,-2245],[-2345,-7450],[-1975,-674],[-2027,-3791],[-2455,279],[-969,-3406],[-3423,-2062],[-1829,-3706],[-4846,1708],[-473,-4103],[1447,-6799]],[[5058045,5348119],[-9468,-1096],[-3491,3362],[336,11114],[1682,2478],[-3500,3585],[79,2725],[-3000,4460],[-3071,2307],[-8865,-1815],[-3708,-2406],[-2459,-2922],[-2808,-5447],[-1786,-641],[-2826,-5466],[-3963,2520],[-3936,4029]],[[5007261,5364906],[374,4011],[2372,438],[650,4840],[-1136,1370],[-521,8615],[948,5285],[-3378,328],[618,3686],[2556,-306]],[[5032571,5389619],[972,-3689],[2894,-1535],[986,-3288],[2810,3377],[2558,-1338],[1354,3355],[-3327,4916],[-2583,1733],[-5664,-3531]],[[5130285,5557839],[2393,2229],[3067,10280],[1944,80]],[[5137689,5570428],[5439,2224],[671,2668],[3113,808],[1803,2804],[-76,8904],[3105,1217],[454,2123],[5516,2357],[4104,4725],[2967,232],[2154,2677],[832,3945],[3804,761],[2140,3118],[-1389,3260],[3122,2192],[8504,4252],[580,-793]],[[5184532,5617902],[-3799,-2110],[-3685,-5107],[-327,-2756],[-4741,-7440],[-889,-4444],[-856,-10026],[1550,-9009],[373,-6288],[3293,-14973],[38,-7165],[-2796,-1558],[609,-6314],[-2697,-2654],[-2107,-4751],[-1188,-8866],[-2582,-9191]],[[5164728,5515250],[-4517,1965],[-6723,4096],[-2471,-1333],[-1663,-3223],[-3919,-184],[-1152,2109],[-4819,431],[-4560,4024]],[[5134904,5523135],[-1359,2764],[-6184,-2267],[-837,3189],[-3578,1402],[-889,6573]],[[5065505,5407366],[-1608,1670],[-4345,-1888],[-3253,1616],[-605,2348],[1706,5732],[-722,5888],[1605,6587],[-1503,4935]],[[5056780,5434254],[2532,1154],[-4605,7380],[118,3674],[1655,9039],[-798,3876],[2034,5383],[-1156,3449],[3907,1016]],[[5060467,5469225],[6267,-1819],[2594,1060],[4234,9331],[2926,8377],[7231,-2620],[2914,3132],[2540,-1678],[2225,1663],[1537,4335],[3581,-189],[5292,6610],[2633,-250],[3163,4470],[1393,-2031],[3502,2528],[1875,-1370],[1650,3608],[2422,-2063],[4265,497],[1764,-1436]],[[5124475,5501380],[641,-3499],[-2335,-754],[-3615,-3485],[-602,-5770],[3348,-2939],[675,-4832],[-3859,-4743],[229,-2266],[-2438,-7171],[1305,-2674],[126,-10330],[-645,-3721],[-2794,-6616],[-1059,-8457],[-2288,-1971],[2389,-3097],[1136,-6661],[-1697,-13144],[-966,-3440],[-5790,-2116],[-262,-8915],[-7901,-2119],[-2862,-6243],[1193,-3594],[-3504,-2389]],[[5092900,5380434],[-1545,4142],[-4001,1117]],[[5056780,5434254],[-8565,2311],[-3909,-161],[-5649,2619],[-1837,1988],[-7184,-1082]],[[5029636,5439929],[-8108,2625],[-1188,2755],[2442,2542],[3040,9357],[-1417,747],[2502,7457],[1353,160],[2613,7604],[3373,2394],[2379,6249],[-4144,1508],[4963,8128],[1868,17],[3306,5487]],[[5042618,5496959],[752,-409]],[[5043370,5496550],[974,-1835]],[[5044344,5494715],[1187,-6237],[2115,-3559],[6450,-2120],[1247,-5183],[292,-6015],[2624,178],[2208,-2554]],[[5078397,5289607],[376,-4015],[3343,-2593],[-820,-9569],[-1054,-3120],[-3394,-50],[-992,-2756],[-3907,-1523],[-3526,-9147],[-2088,-11961],[2344,-9254],[-1187,-5005],[2409,-1390],[1256,-4882],[-3279,-2217],[-1162,-5496],[4011,-3350],[1088,-4409],[-1757,-1258],[1915,-4925],[6578,-7155],[2820,2518]],[[5081371,5198050],[-548,-7980],[269,-21997],[694,-2507],[-2457,-5395],[-2817,-1747],[-816,-10939],[-1397,2830],[-3786,1447],[-1614,2262],[-2061,-2697],[-520,-3307],[-2707,2201],[448,5869],[-2901,8358],[2033,5174],[-558,3488],[1444,3322],[-1281,3900],[-1591,11299],[-1408,4603],[-2145,3141],[-662,7381],[-3475,5751],[-1327,3690],[-4532,5122],[-8872,7523],[-2414,4633],[-286,2704]],[[5036084,5236179],[-270,3663],[1919,6699],[313,5506],[-1095,2329],[146,7509],[1851,8252],[-121,8431],[1414,9110],[8141,-327],[5025,6842],[3815,1866],[3059,-4290],[2802,3680],[4755,-2539],[2285,-4516],[4385,4772],[3889,-3559]],[[5078397,5289607],[-477,5410],[-1826,522],[-1826,8198],[-84,3932],[5649,11330],[-1003,3834],[1951,7726],[-564,6667],[2201,6659],[908,6299],[2140,1104],[3176,5528],[5530,2441]],[[5094172,5359257],[2650,-988],[1348,-6318],[1322,-2541],[4407,-1476],[1016,-3341],[4780,342],[2185,-8995],[3572,-2089],[1461,-4223],[4988,1020],[825,5937],[3754,16604],[1382,1843],[-138,4019],[4455,9858],[-2185,3880],[1885,5221],[2534,3634],[4806,-1288]],[[5139219,5380356],[-1776,-5991],[-1500,-12517],[-1377,-584],[-1962,-4789],[-1413,-9530],[-1637,-2994],[1114,-4794],[-513,-5666],[-1485,-3953],[-2207,-1354],[-1460,-4063],[-1173,-7357],[-3539,-9268],[-1727,-2190],[-2940,-9072],[-4875,-4211],[-1402,-3833],[1367,-5896],[-1789,-1547],[-798,-4362],[-4838,-6170],[-3948,-2676],[-5334,-6365],[-1764,-10489],[-2572,-3832],[-2201,-9093],[-1236,-7291],[-3579,-15038],[-1559,-4875],[275,-12506]],[[5140129,5173415],[2333,-933],[3586,780],[34,-6728],[3240,-3242],[-2900,-2515],[-3166,3256],[-2838,4798],[-289,4584]],[[5136241,5264173],[4404,-1310],[-1108,-3508],[-2496,151],[-800,4667]],[[5164728,5515250],[-1642,-8222],[-3604,-5284],[-3124,-2832],[-1355,-3550],[469,-5301],[-1152,-4605],[-2287,-2461],[-1171,-6704],[2944,-7871],[-3759,-7122],[-306,-9707],[-729,-6202],[-2453,-8726],[90,-6361],[-2265,-6470],[356,-2988],[-2246,-11222],[-361,-7309],[-2273,-8911],[994,-5642],[-1635,-7404]],[[5094172,5359257],[1972,4320],[-3692,3141],[-2178,3774],[3735,5467],[-1109,4475]],[[5124475,5501380],[3588,8673],[4119,4438],[1157,5996],[1565,2648]],[[4950937,5397287],[2793,-2996],[2772,866],[-1211,6246],[1787,2309],[7312,-410],[113,-2821],[-3542,-819],[-3323,-3735],[-1217,-3711],[-2560,1553],[-2924,3518]],[[5009744,5393173],[-1240,4796],[433,15303],[1867,5253],[993,8133],[-1016,3399],[1812,6135],[3910,5286],[6851,-2415],[3636,-532],[2646,1398]],[[5079824,5579748],[2327,2164],[1122,7164],[-786,3730],[2034,4937],[1402,-744]],[[5168888,5641276],[-1288,-3531],[-3190,-358],[639,-8104],[-3327,-576],[-4083,2942],[-3477,3971],[-691,4307],[-1621,2012],[4926,2468],[2523,3125]],[[5159299,5647532],[324,-1800],[9553,-2517],[-288,-1939]],[[5044344,5494715],[335,1656],[-4476,3342],[2537,8750],[2144,1163],[1027,5551],[1980,-1167],[1043,5316],[3886,10815],[2584,4294]],[[5042618,5496959],[752,-409]],[[5090073,5611215],[2719,5039],[2345,8372],[6171,5898],[6460,2965],[4200,3658],[4584,2040],[2236,-759]],[[5118788,5638428],[3971,-3762],[2235,-3493],[3694,-1007],[1246,-2368],[-1361,-9512],[-5598,-1260],[-558,-11917],[2234,-2122],[1263,-7136],[3471,692],[2109,-1343],[3274,-7537],[-2535,-3608],[2582,-8704],[2874,-4923]],[[5118788,5638428],[4381,1077],[8817,6090],[-484,4808],[2470,4005],[1034,4321],[3010,3241],[5462,3712],[3690,518],[3650,-3012],[1896,-6344],[2180,-4070],[4405,-5242]],[[5168888,5641276],[6251,-2023],[5232,159],[-874,-5886],[1719,-3317],[-305,-3234],[1786,-3489],[2421,874],[3275,-2258],[-3861,-4200]],[[5135488,5637216],[2870,-1651],[1948,-4072],[-203,-3400],[-2080,-2195],[4637,-4009],[-30,-2477],[2826,-4307],[3947,-618],[-565,7130],[3561,2791],[-1559,3857],[1152,5764],[-3159,3923],[887,2588],[-2058,7112],[42,2664],[-3057,418],[-4761,-3733],[-3727,-6493],[-671,-3292]],[[5058045,5348119],[-1679,-7600],[-1858,-1815],[-2731,-6096],[-1317,-4905],[-6848,-9636],[-4046,-3781],[-1623,-3751],[-2739,-9692],[-3753,285],[-2559,-4476],[-6408,2407],[-2702,-1645],[-6207,4174],[-1575,-1414]],[[5012000,5300174],[-3,2937],[-2596,8677],[-3815,4894],[-5547,5314],[-1558,7280],[4707,3408],[-1492,8675],[1687,6813],[2110,4163],[-1085,5741],[2853,6830]],[[5036084,5236179],[-2544,-2159],[-5977,6783],[-1507,4930],[-4367,9498],[-1015,-195],[-1445,6927],[2315,3232],[-1298,2822],[-4737,16145],[-3509,16012]],[[3405875,4270320],[2512,3542],[2357,-2813],[3346,-383],[3025,1363],[2866,-1576],[1311,2855],[5099,214],[1085,4814],[1939,3094],[-385,5087],[-2517,3835],[-427,3878],[-1823,4218],[10601,12314],[5409,1108],[5140,-3920],[5570,-1193],[1766,1491],[4250,-863],[463,-7776],[2944,2802],[6265,3494],[2971,2428],[1606,-1875],[5265,-152]],[[3476513,4306306],[3759,2198],[1257,3792],[2196,-2642],[642,-4431],[-427,-4772],[641,-10014],[2714,-937]],[[3487295,4289500],[-544,-5199],[-2570,-5240],[-2973,-256],[-2008,-2600],[-3775,-10652],[-5195,-3793],[-2942,-4644],[-2786,-1150],[-2168,-4559],[2140,-5753],[-1016,-8522],[-7918,-142],[640,-7840],[-1726,-6760],[2056,-2817],[-2502,-6094],[-892,-5003],[3370,237],[5875,4300],[4000,-5884],[-1075,-2838],[33,-7230],[4554,-8321],[273,-4425],[2711,-5639],[-6240,-3328],[-1162,-2250]],[[3465455,4173098],[-2613,-3801],[-2194,-767],[-2865,-7670],[-2597,-2983],[-2865,-5454],[-985,-4044]],[[3451336,4148379],[-889,2937],[-3615,-341],[-133,3153],[-3293,-298],[-1151,4431],[-2464,-1747],[-8459,-3281],[-13039,2131],[-3106,2513],[-4150,-852],[-2462,-3238],[-8539,1108],[-4410,-1370]],[[3395626,4153525],[1437,1498],[2008,8266],[-1499,4900],[-4311,-1150],[-5861,6562],[-2036,4261],[2517,9331],[2891,6988],[3025,1492],[2730,-895],[2463,1747],[1608,11931],[321,6988],[3559,14487],[-1338,6179],[294,9459],[-1418,4048],[-241,8436],[3321,8437],[779,3830]],[[3114020,4784085],[-1062,-2447],[1182,-6626],[3257,-401],[5199,-2765],[-2062,-6093],[-3103,-3707],[-377,-5242],[2035,-4090],[6506,-1576],[562,-2557],[-1312,-10184],[1445,-5326],[-25,-5113],[909,-5582],[1367,-2642],[-2411,-3494],[-3559,-1534],[-2010,-4687],[2035,-4559],[-1981,-980],[-4148,3536],[-2599,128],[-1418,-2045],[-1741,-5923],[4524,-1491],[-1652,-6291],[-1941,-1169],[-5166,444],[-1369,-2869],[-226,-4787],[-2379,-4985],[-6,-2216],[-2604,-4114],[369,-2273]],[[3100259,4670425],[-3758,1859],[-7608,353],[-5387,-737],[-984,2815],[-4205,-4024]],[[3078317,4670691],[-2390,2955],[-1699,-1675],[-8,8434],[-2919,4091],[-4511,1575],[-4096,4878],[-2100,4464],[-5100,4464],[-4395,1564],[463,2761],[-1874,2987],[-3126,1654],[-1381,3029],[-1079,7225],[-4101,13409],[-859,4450],[-398,11299],[698,3778],[-2116,13987]],[[3037326,4766020],[1769,31],[2141,3153],[5783,1705],[6237,894],[3910,2471],[2168,-639],[669,-3281],[-1178,-5965],[1553,-5241],[2571,171],[4899,6519],[4122,1448],[2867,-1832],[721,3409],[2328,3068],[2330,171],[670,4858],[1659,2982],[1152,5199],[-403,2599],[1826,6316],[3315,3527],[4524,-171],[5064,2184],[2392,6039],[-391,3172],[4437,-8],[2197,4116]],[[2979671,4222641],[3865,4116],[7301,4376],[2032,-984],[5282,-5804],[4983,1965],[2306,2358],[1700,-1743],[6984,-1956],[2651,-30],[371,2749],[2361,1214],[4582,-1528],[6171,-5709],[1444,-4048],[670,-5241],[1955,-4773],[7175,5668],[1766,7158],[1367,2855],[-27,4900],[1525,2557],[1928,6945],[2838,5668],[6533,8905],[375,7414],[4550,14998],[-616,5284],[1072,5369],[4122,6392]],[[3066937,4291716],[1876,-1918],[1952,-10311],[-695,-6222],[2167,-7115],[3481,-3068],[268,-4432],[2999,-7201],[775,-6562],[3883,-11803],[5115,-4985],[2220,1108],[1606,-3068],[3026,171],[1124,4772],[6559,-725],[4123,-2258],[4953,1406],[3883,-1150],[2088,1747],[7200,2513],[2598,-1022],[4391,256],[4470,-2600],[3240,0]],[[3140239,4229249],[670,-6050],[2408,-1151],[1178,-4474],[-964,-7542],[2840,-15041],[1204,-4176],[-1339,-2897],[1499,-5540],[-3159,-5624],[-375,-5156],[-2088,-3877],[-2302,-1279],[-1071,-3622]],[[3138740,4162820],[1179,-5880],[-805,-3749],[-11672,-17130],[-3400,-6136],[-2304,-1917],[-2810,-6349],[-375,-4985],[-3961,-5071],[160,-3877],[-1231,-5242],[-2893,-4005],[-482,-2727]],[[3110146,4095752],[-7522,5284],[-1473,4687],[-26,4559],[-3856,1917]],[[3097269,4112199],[-1632,8565],[-2281,4804],[93,6536],[-1680,517],[-3441,7616],[-3750,2727],[-5433,7840],[-6087,73]],[[3073058,4150877],[-1196,4827],[-4228,3835],[-831,2514],[-3534,3409],[-3908,-426],[-4098,7329],[-1225,11472],[-3913,-1757],[-4793,2600],[-1900,4644],[-2303,1491],[-3026,-170],[-3186,-2045],[-3694,-4943],[-3694,-2003],[-2786,-5582],[-3338,-3086],[-4154,284],[-4871,6888],[-4248,1570],[-1364,6502],[-3630,4374],[-3386,183],[-1977,3744],[-2845,782],[-2907,6751],[-3187,2451],[-4922,64]],[[2983914,4206579],[28,3197],[-3451,4507],[9,6472],[-829,1886]],[[3268023,4491983],[5513,-391],[3252,5280],[2066,-2437],[9104,-696],[-1071,2379],[4820,1624],[1645,-19846],[2334,-4413],[2716,-10685],[76,-2730],[4744,-14759],[-191,-9126],[5049,698],[4285,-3605],[5279,291],[-1836,-4594],[-1875,756],[-3634,-3256],[-727,-4712],[1263,-6515],[-1645,-1164],[1186,-5411],[5241,-9604],[4323,-2795],[1224,-2561],[5415,-2409]],[[3326579,4391302],[-516,-4566],[-4952,-17427],[-1875,-11335],[-5568,-1107],[-3159,4261],[-4872,1278],[-3990,-1577],[-4841,3619],[-3972,1979],[-2508,6492],[-3322,4111],[-2704,-345],[-3404,-4394],[-4115,276],[-1488,2500],[-8236,615]],[[3267057,4375682],[-3639,9733],[1177,2130],[3669,2045],[2489,3793],[4204,2642],[-4097,6051],[-26,2770],[-2063,4601],[-5621,2684],[-5088,3623],[-1979,3238],[-1153,5922],[3507,5923],[294,5583],[4017,7158],[-723,6945],[-2811,4773],[-81,7244],[8701,84],[5114,5369],[1259,4432],[-856,5539],[-3080,8991],[-2248,5028]],[[3149298,3853213],[1808,384],[1129,10189],[2373,926],[1862,6052],[3472,5946],[-352,4610],[-9157,5315]],[[3150433,3886635],[-540,363],[5278,13982],[2750,3663],[-3492,5280],[1149,14935]],[[3155578,3924858],[6,2307]],[[3155584,3927165],[12510,2359],[9272,-1259]],[[3177366,3928265],[1747,-6106],[-1679,-8333],[2321,-3513],[1444,1960],[3990,2088],[2142,-2344],[4979,1278],[4016,-2087],[2089,553],[3722,-2130],[3826,-4005],[1956,-128],[8433,-6817],[1472,-4006],[3321,5412],[3479,-3153],[4658,-1833],[1820,1321],[0,3920],[4954,2685],[3561,-4346],[2677,-8438],[4952,725],[2036,-2983],[-81,-5539],[3562,-5880],[-589,-7031],[3266,-596],[3613,852]],[[3259053,3869791],[1071,-8181],[-53,-5199],[-5088,-2770],[161,-6221],[3106,-5709],[1525,-10426]],[[3259775,3831285],[-4523,-6917],[-3587,-1960],[-1472,-7073],[-1661,-2301],[-1874,3366],[-2890,-1662],[-1204,-3238],[-4875,-4090],[-3588,383],[-1097,-1762]],[[3233004,3806031],[-213,3296],[-2411,4687],[-724,3750],[-3773,6093],[-7872,6818],[-2704,8991],[-4282,4047],[-2570,-1534],[-2117,853],[-2997,6604],[-4204,-85],[-2194,4304],[-3027,3110],[-1418,5412],[-3720,2769],[-5410,1705],[-4363,3153],[-2195,-256],[-1340,-3537],[-3024,-2173],[-3187,-127],[-254,-6120],[-3412,-5343],[-4029,-1617]],[[3161564,3850831],[-5707,275],[-6559,2107]],[[3380001,3984878],[-98,11252],[1232,1662],[241,4985],[-2840,12868],[857,810],[-641,7499],[2034,3920],[3668,17215],[-456,5284],[1766,2897],[629,4313],[3166,2616],[3590,7374],[2141,2455],[2589,7615],[-1092,2540],[1338,2774],[-1541,4232],[796,4150],[2436,2175],[-2341,2658],[807,4089],[-949,9221],[-301,8132],[1084,2242],[1311,7054],[2493,3774],[2970,1030],[274,2561],[-2787,1151],[-2998,3879],[-754,-3061],[-3178,-2351],[-4104,5639],[-3098,-1284],[-3354,-5676],[-1727,2925],[-2062,-925],[-3149,1540],[-2481,3249],[-1224,3601],[-2110,-2366],[-632,4839],[-1534,4280],[-2034,-1555],[-1622,4318],[1028,7860]],[[3367344,4160338],[13548,-5224],[1208,-3171],[7561,-2760],[5965,4342]],[[3451336,4148379],[3609,891],[4148,-3494],[1500,-5369],[-3720,-3366],[-2410,-6306],[-3803,-4900],[1259,-5625],[-1873,-8096],[2487,-3962],[-267,-4347],[912,-5539],[1525,-2557],[242,-4729],[-2035,-3281],[-2651,-8267],[-1820,-2812],[-3507,-11803],[1203,-4005],[3028,-2472],[3077,-894],[1741,-5028],[-348,-7542],[4979,-9971],[938,-5241],[-1100,-8394],[-1230,-4517],[-214,-4644],[1444,-4731],[590,-7115],[-1660,-9673],[54,-5058]],[[3203346,4086506],[-1505,7116],[-1795,2855],[-3747,724],[-2409,2642],[-3562,724],[-25,5070],[909,3964],[-509,14401],[2223,5710],[-140,3115]],[[3192786,4132827],[4318,-2391],[3024,-3877],[1419,-5369],[3533,-1662],[13279,5838],[3321,3281],[2649,4304],[9719,5965],[8164,6903],[3081,256],[1686,-1620],[2196,1066],[1419,7030],[6345,7798],[-1473,8181],[1312,5028],[3857,3878],[2926,8919],[4543,-4744],[3078,2046],[4818,14061],[2838,2599],[6104,2131],[803,3664],[6749,3959]],[[3292494,4210071],[3505,-6941],[-55,-4347],[1902,-682],[3400,-5326],[3401,2429],[5274,1449],[4067,-2387],[3348,86],[2062,2556],[4685,-1832],[2811,1875],[3668,-8777],[2624,340],[3095,-3930]],[[3336281,4184584],[-606,-2802],[1285,-5710],[349,-6178],[3213,-5539],[3212,-256],[2730,1321],[4630,-1534],[2117,-5114],[3561,-127],[1660,-3878],[-6292,-6647],[-171,-3270],[3811,-2227],[-1793,-7286],[670,-5241],[-723,-3111],[830,-11845],[-3748,-1833],[-2302,1151],[-5677,-3750],[-2890,-4048],[-5008,-9118],[884,-3452],[-1981,-4005],[-1391,-6264],[-4258,-4602],[-3373,-1704],[-4580,-426],[-9529,4730],[-455,-1577],[3774,-3366],[-1179,-5113],[189,-3537],[2758,-8948],[-4259,-2514],[-2969,255],[-1955,3921],[-4606,2471],[777,-6434],[3669,-8266],[562,-9289],[2142,-5795],[-430,-5071],[-2008,-7670],[1340,-10951],[5888,-7073],[2196,-7712],[-802,-4517],[2088,-5113],[-349,-6008],[2463,-2514],[-27,-2685],[-3291,-9928],[1069,-8479]],[[3317496,3955906],[-1711,-2301],[-3615,-1960],[-28,-4986],[-2864,-170],[-1554,8693],[-4203,-384],[-2089,2429],[-2033,-1705],[-4070,1833],[-4256,-1577],[-1661,-3068],[-2864,2088],[-4685,128],[-160,3323],[-2625,3707],[-2355,-2556],[-509,-5241],[-4443,1023]],[[3271771,3955182],[-3909,2513],[-4231,6221],[-3588,3537],[-3639,4943],[-1152,5539],[3667,9246],[-2597,4389],[-3400,-3238],[-2622,5113],[-2624,-4304],[-4739,-1448],[-1152,1065],[-4335,-2173],[-1206,-5411],[-3587,6348],[-4633,5497],[-3239,5539],[-3026,1790],[-5729,-1917],[-2648,1534],[-2973,3962],[-2303,-596],[-2195,-5369],[-2616,315]],[[3203295,3998277],[-8386,7866],[-859,2131],[-3453,2471],[-3343,-4044]],[[3187254,4006701],[-5572,9796],[2933,7258],[-1370,14909],[-1410,3608],[1231,6774],[3248,-2509],[3989,-1661],[6104,7158],[1284,5071],[2543,1576],[6425,6221],[1072,2685],[-187,5071],[-1366,6178],[-2832,7670]],[[3001552,4434542],[2258,-297],[2728,-5538],[777,-3579],[1768,-853],[4764,4006],[1393,5284],[-53,5965],[1900,2898],[-509,6945],[-3426,3281],[509,5582],[-3106,6860],[697,5454],[2167,4219],[-2007,5113],[454,5113],[3187,937],[-375,6179],[2490,4687],[-456,8308]],[[3016712,4505106],[2786,6350],[4631,5710],[4819,1491],[5997,-3068],[4524,-7116],[1597,-4555],[1669,592],[4016,9417],[2168,1620],[8569,1030]],[[3057488,4516577],[3051,-4780],[-295,-4134],[4284,-6221],[990,-6178],[-669,-6818],[-4337,-7499],[3668,-8138],[3104,-3068],[2277,-4176],[1526,-5369],[-3507,-3665],[1579,-13975],[-1391,-4900],[-3321,-6265],[1633,-5071],[-268,-7627]],[[3065812,4418693],[-6076,-127],[-777,-1108],[1659,-5880],[2465,-2557],[776,-2982],[4390,-6051],[6105,-5411],[5434,-5966],[-725,-4517],[1153,-5965],[-858,-1576],[-4790,1022],[-3962,-980],[-1072,-5582],[-2142,1278],[-4846,-85],[-2034,-12570],[-3802,-4005],[456,-3409],[3800,-1236],[589,-3409],[-3292,-2130]],[[3058263,4345447],[-4766,7499],[-16224,-511],[-12664,12442],[-936,6136],[-2462,3963],[-2437,1235],[-11539,-3621],[-2810,3494]],[[3004425,4376084],[-3643,5028],[-2889,1277],[-1071,6562],[1766,7159],[-695,6435],[1900,4814],[2250,2983],[-778,4517],[287,19683]],[[2990773,3811018],[3156,-1947],[1930,-2727],[803,-4261],[2381,86],[2945,2983],[108,5198],[2463,4601],[6799,-5752],[4044,-2088],[1926,1875],[1553,-1875],[2946,3154],[4658,-1236],[6211,1321],[2756,3494],[28,7712],[3401,6008],[5514,3238],[9451,-724]],[[3053846,3830078],[616,-4005],[-938,-5071],[3561,-4985],[990,5880],[2089,-383],[2520,2572]],[[3062684,3824086],[-549,-3613],[4608,-6062],[2332,-6383],[4854,-4394],[-395,-4273],[483,-7764],[2756,-4807],[-5316,-12120],[-1289,-5686],[-1241,-10666],[-1148,-2565],[-3225,-14155],[-1343,-18014]],[[3063211,3723584],[-3583,-1395],[-7121,-383],[-2389,1058],[-5562,-7364],[-4873,596],[-3160,-937],[-7896,-5539],[-1338,3536],[-5891,3025],[-4123,256],[-4959,-1545]],[[3012316,3714892],[-1060,5286],[-1886,49],[-4719,4208],[-1419,3975],[-3693,2146],[-540,5063],[-2367,1953],[-1749,-898],[-1379,3154],[141,6431],[-1133,5615],[-3576,6708],[-249,7505],[-957,4896],[2188,2209],[-2650,9103],[-4659,4220],[-1924,4356],[3163,7000],[199,6866],[-1715,1792],[2166,4743],[2416,330],[2001,-2283],[1858,1699]],[[3192786,4132827],[3566,5578],[1099,5411],[2248,5028],[215,14274],[-1017,9460],[1552,13124],[1500,5625],[-749,4814],[-2651,469],[-2436,3281],[-1472,5369],[802,5198],[-240,5838],[1391,3494],[3159,4261],[-160,4261],[1500,4900],[-4205,3409],[-1766,8394],[81,8352],[2222,14487],[-643,2556],[2596,5923],[-2193,3069],[1684,4176],[1071,9714],[3486,6278],[-992,1741],[7154,11807],[-551,6516],[3996,3613],[-1474,4985],[108,5199],[2116,2343],[-1099,6733],[1472,2088],[3427,-1705],[4337,5071],[2973,-3324],[2543,938],[3131,-767],[3534,-4559],[2075,2123]],[[3236176,4342372],[2566,-3095],[8209,1056],[4633,-3110],[4096,0],[1820,-2769],[1719,-7608],[3323,-1643],[737,-5395],[4160,-4315],[4620,230],[5832,1830],[3021,-794],[2844,-4845],[4674,-3516],[5209,758],[5063,-721],[5998,-7686],[-1070,-7031],[-3054,-9459],[-776,-5923],[-3374,-8309],[-2569,-4559],[-2034,-6093],[-6184,-9417],[3213,-4176],[4444,-2557],[4578,-4303],[-2894,-14700],[-2809,-6776],[323,-7375]],[[3140239,4229249],[1740,7329],[-3159,5028],[-4525,3707],[-6212,1918],[912,9246],[-509,4730],[1285,5156],[3882,7499],[1204,5071],[-2996,14208]],[[3131861,4293141],[2889,5520],[403,4772],[3025,852],[3801,4687],[2115,384],[26,4432],[3830,6775],[964,4942],[-777,5753],[1687,7329],[1819,2897],[3509,469],[1632,4005],[-1286,3025],[-560,5923],[-1607,3196],[242,3111],[4175,980],[963,3536],[3187,4943],[2302,1364],[2490,6007],[3613,-111]],[[3170303,4377932],[2838,-272],[2357,4346],[1044,10482],[-590,5583],[4284,2130],[2436,6945],[-269,2898],[3750,383],[3936,-4644],[3346,-298],[830,-2174],[2844,3057],[5644,875],[3586,-2768],[2051,3389],[2193,-3769],[4535,-2364],[966,-8432],[2008,-1194],[3828,1833],[2035,5368],[2437,1108],[454,-4048],[2838,-9545],[2116,-3196],[1392,-5411],[-456,-11206],[-2695,-4549],[3668,-6753],[6078,1410]],[[3239787,4357116],[825,-4717],[-1989,-3155],[-392,-4039],[-2055,-2833]],[[3192786,4132827],[-4303,5237],[-535,8053],[-992,1364],[-4604,1193],[-3696,-2003],[-2998,554],[-3077,4517],[-3750,-128],[-2970,4772],[-4552,4219],[-4446,-597],[-4578,-2131],[-4255,1961],[-7309,1406],[-1981,1576]],[[3066778,3288954],[5788,-1584],[1942,-3779],[673,-9933],[-1096,-3384],[-6779,4241],[-3331,9728],[2803,4711]],[[2923946,3213120],[1046,3373],[2891,3920],[4150,1406],[1552,-3111],[5167,768],[1339,4857],[-2089,682],[-239,6008],[2435,-639],[2303,7670],[4499,8948],[2247,1321],[-507,5411],[-1768,4602]],[[2946972,3258336],[2303,4644],[401,7585],[2596,170],[2544,2429],[3105,1151],[1392,2854],[3186,938],[2329,-1406],[9184,1406],[1980,4602],[6185,3238],[2429,2156]],[[2984606,3288103],[903,-9889],[2303,-12243],[3516,-7523],[-123,-4131],[3390,-14407],[2168,-5519],[3304,-5282],[-1871,-2570],[-1809,-5060],[-4160,-3399],[-382,-5341],[824,-7209],[3240,-5591],[1449,-903],[2808,2305],[7469,-6643],[3934,2812],[4741,-1154],[2852,4414],[1525,5884],[2873,3126],[5842,-2938],[3855,5497],[2811,379],[1414,3712],[3485,-2558],[1812,2106],[2534,-1078]],[[3045313,3214900],[-1854,-4799],[455,-10439],[-1420,-3366],[-1152,-6435],[2143,-4857],[1988,-1887],[-1,-4244],[1466,-3499],[-990,-1917],[-3079,468],[-55,-4602],[-2113,-8223],[-2706,-256],[-26,-5497],[-7148,-3707],[-3185,1492],[-2544,-5710],[-483,-4432],[-2703,-468],[-642,-18919],[-2731,-4006],[53,-3792],[-2489,-4431],[-1526,-171],[28,-6093],[-3481,-5071],[-8728,-7627],[-4256,3409],[695,-10653],[-3025,-5795],[-1607,-6817],[244,-2860],[2274,-4597]],[[2996715,3065099],[-3909,-2386],[-4124,-682],[-4096,1790],[-1901,2641],[-5165,725],[-2919,-4517],[-4043,-1619],[-1660,1577],[-3776,-171],[-2328,-2173],[-1472,6051],[-642,12186],[1606,5199],[-2409,8011],[1391,3280],[3025,3750],[-3238,7286],[-2599,1534],[-1632,3665],[-5006,256],[-1714,3536],[-3104,384],[-1528,-6008],[-2008,-810]],[[2943464,3108604],[-5756,2344],[-3748,-3111],[-2971,852],[-3534,4133],[1928,2472],[3533,7073],[482,10482],[-562,2045],[-2918,128],[-2838,7414],[-2249,1364],[-2061,3707],[-3909,852],[589,5966],[-695,4857],[5756,4772],[-2305,5497],[-1123,6434],[1338,1364],[-454,10525],[1713,1491],[-562,5198],[1018,4645],[1954,3408],[-214,9077],[-1930,1527]],[[3038627,3244847],[-1927,-946],[-1556,3180],[2584,3513],[1584,-629],[-685,-5118]],[[3059730,3252989],[6201,2900],[4673,-4187],[5557,1732],[-2661,-6190],[-625,-3716],[1664,-4964],[-2064,-382],[-2168,-2893],[-1233,-4039],[-2855,-367],[-2053,-2041],[-2636,2283],[-441,19239],[-1359,2625]],[[3465455,4173098],[1938,-6017],[-53,-3366],[5382,-8650],[4122,-11675],[5890,-5113],[4257,-128],[6296,-7971]],[[3493287,4130178],[4198,-3448],[8701,-1790],[3106,-1491],[1632,2258],[5971,-42],[3266,-3878],[-456,-3153],[4365,-6307],[-937,-3749],[-3838,-1006],[-45,-5769],[1045,-6690],[-884,-4346],[829,-10823],[3482,-5199],[3106,-426],[4578,-4389],[1875,-6689],[-1796,-4901],[4980,-15254],[2866,-2642],[2087,-7840],[-3802,1875],[-2703,-4304],[-1821,-12357],[2864,-4644],[1259,-6264],[-2115,-4687],[990,-1790],[3160,213],[2062,-4516],[-871,-1743]],[[3385354,4593331],[-285,-4545],[-3523,-1874],[13591,-42348]],[[3395137,4544564],[-2438,-2515],[2223,-3408],[-884,-3451],[1929,-4858],[-853,-4112]],[[3395114,4526220],[-5305,-2109],[-2786,-3494],[-1900,1364],[-3077,6519],[-4473,-2898],[-2463,-3281],[-1928,-6348],[-2543,3877],[-2315,1265],[-2156,4104],[-4712,1705],[-1954,-342],[-3990,-7456],[-3318,7968],[-1687,2343],[-4819,85],[-26,-3877],[-3668,-8564],[1659,-5156],[-215,-7202],[-2435,-6178],[-2437,-1150],[-2810,-3410],[-456,-5283],[-4150,-3451],[-2596,1619],[-4738,-2471],[-911,2727],[-2838,1363],[-1471,7712],[479,2940],[-3746,4219],[-3829,6051],[-6398,-86],[-2653,5838],[670,2557],[-3453,4601],[-1632,7798],[-5194,5625],[-1071,3238],[-8274,7926],[-5649,2045],[-2862,-3494],[-4072,10823],[-2141,-597],[-2915,4539]],[[3265856,4560224],[1471,9309],[3346,4730],[-299,5218]],[[3150433,3886635],[-7015,3021],[-7523,38],[236,-2408],[-1362,-6966],[-4127,2521],[-523,-3057],[-3481,254],[-3316,2341],[964,2578],[-2949,3125],[-653,-3937],[-3326,-2171],[331,-9434],[-2408,-2603],[-3078,2687],[-1580,-2530],[-275,-5596],[820,-7454]],[[3111168,3857044],[-4274,-1642]],[[3106894,3855402],[-252,6433],[-2167,6349],[-963,6742],[-2458,3070],[-1433,6237],[-53,6093]],[[3099568,3890326],[-493,12746]],[[3099075,3903072],[12623,-909],[3943,317],[753,3423],[3482,4158],[2303,15586]],[[3122179,3925647],[617,501],[6519,-3578],[4639,-41],[-284,-2263],[6346,339],[3846,2014],[11716,2239]],[[3326579,4391302],[393,7876],[1823,4943],[2008,-4644],[2517,-1279],[6906,-7840],[-829,-2983],[857,-4687],[214,-8479],[4363,937],[3266,-2216],[3347,-4090],[4123,1151],[6800,6348],[5134,3558]],[[3367501,4379897],[2042,-4367],[-1393,-4346],[721,-4687],[2303,1874],[509,3835],[1928,171],[1766,-5028],[-1203,-8821],[-1714,-2300],[375,-5710],[-830,-2855],[964,-4133],[-694,-4929]],[[3372275,4338601],[-164,-5340],[-2621,-2941],[-780,-5411],[-2862,-5497],[-2893,-3281],[-1981,-85],[-3238,-4900],[-6105,-2429],[777,-7883],[-3455,-6008],[-2061,-6775],[-3641,-4346],[-1257,-3792],[668,-10355],[1017,-3494],[509,-8820],[-1312,-5070],[1152,-5966],[1954,-596],[2383,-7159],[-884,-9502],[3400,-10823],[-456,-5880],[1019,-4687]],[[3351444,4207561],[-4365,-2684],[-908,-2898],[-216,-12655],[-2115,-5326],[-4390,-2302],[-3169,2888]],[[3239787,4357116],[7995,4864],[8918,8339],[2972,-1555],[1481,4587],[2939,-1773],[2965,4104]],[[3265856,4560224],[-432,-6968],[-1444,-4260],[160,-3666],[-1794,-1406],[1472,-14189],[1580,-4559],[-214,-5240],[-2756,-13082],[1043,-9289],[4552,-5582]],[[3170303,4377932],[-240,4311],[-3610,1508],[2353,2804],[-1900,8425],[2565,2842],[-708,7366],[1419,4999],[-146,6547],[2999,10311],[-2302,6904],[-3588,1576],[-1044,3196],[-2114,724],[-1607,4303],[-7819,43],[-240,4304],[831,5156],[-697,7115],[-2008,4559],[2169,3793],[80,4432],[2356,2684],[-236,4886],[3910,247]],[[3187254,4006701],[-1689,-7716],[-2008,-4986],[401,-3366],[-2357,-3324],[-2249,-980],[-3748,5540],[-3347,-213],[-4577,-4134],[160,-4516],[-2729,-3579],[-3132,-2046],[-3107,1534],[325,-4101]],[[3159197,3974814],[-5790,-4333],[-5,4974],[-6596,-4677]],[[3146806,3970778],[-221,10651],[-3588,852],[776,9801],[-2891,3963],[-268,5198],[830,5880],[-1660,3580],[1794,3067],[134,5540],[-1740,1619],[-6133,-980],[-3773,-2642],[-4926,724],[-2597,7627],[2168,8054]],[[3124711,4033712],[1794,6562],[2517,937],[2195,3622],[4124,2514],[3586,5816],[2426,2102],[6239,665],[6248,-4322],[2569,-4474],[3027,895],[3022,5198],[-212,4219],[4578,4814],[5943,1492],[30579,22754]],[[3073058,4150877],[-2962,-4419],[3105,-4559],[1242,-7030],[-2526,-5668],[-4443,2344],[-6427,85],[-4389,-1534],[-2437,2684],[-9879,2514],[-3641,-4090],[-590,-2685],[1393,-8011],[2249,-8990],[5273,-13380],[-1472,-4303],[-3640,-4219],[-1769,-639],[-1578,-3877],[481,-4560]],[[3041048,4080540],[-7468,5071],[-2084,-1472],[493,-7154],[-5022,1766],[-6693,5283],[-7149,725],[-1713,1747],[-857,4815],[-6158,3281],[-2231,2332],[-2108,-4899],[1257,-2009],[-2611,-4689]],[[2998704,4085337],[-2790,-1295],[-2187,3449],[-3993,2286],[-2333,-1612],[-2138,1532],[-1506,3878],[-5353,-1676],[-5459,3068],[-1949,6587],[49,9573],[-1367,3120]],[[2969678,4114247],[2114,3764],[-77,4528],[1010,4719],[2103,3266],[-857,2993],[1472,6305],[6,3889],[2322,4378],[-839,6921],[1671,6628],[-2357,5241],[-435,4565],[4091,4256],[368,3574],[2014,3571],[170,8148],[1876,7118],[-850,5372],[434,3096]],[[2946972,3258336],[-1928,4090],[-4631,3878],[-1847,341],[-1749,6305],[-1496,9329],[459,4656],[1328,850],[3384,6540],[3807,5203],[-135,3614],[5866,8753],[3067,-2147],[2835,8466],[2598,301],[3560,5923],[-413,3187],[-3245,1634],[-2203,2643],[1957,3882],[-600,3243],[2559,6867],[-1286,2072],[1280,4342],[1317,11763],[4550,5946],[671,3153],[-1581,6392],[-2141,894],[-1231,4091],[-28,5795],[937,3494],[3266,3792],[2250,4261],[-1366,2855],[2222,7073],[-1633,1364],[187,3579],[-2009,5071],[-3747,4303],[2115,8267],[-3937,5445]],[[2959981,3439846],[2838,3598],[4706,1394],[4665,6159],[-1313,8299],[2516,9135],[5113,-2588],[1626,2901],[968,6187],[3817,2590]],[[2984917,3477521],[580,-3493],[7550,-5198],[722,-1619],[3801,-938],[4283,1580],[1528,-1750],[3559,1278],[3107,-1577],[7201,6818],[1952,-1331]],[[3019200,3471291],[-838,-3457],[548,-6279],[1491,-3520],[-1154,-4434],[-5637,-401],[-2665,-16293],[-1878,-3159],[-1367,-5749],[-5837,-5820],[-3634,-10275],[-1040,-9362],[-3232,-1665],[603,-5697],[-1528,-2283],[1478,-4857],[3914,-5506],[233,-6583],[-4370,-3258],[-2629,3890],[-4581,-762],[-1866,-3754],[1242,-8181],[3677,-3916],[2477,-7132],[-3183,-1186],[-1880,-8789],[-1465,-1350],[-758,-4192],[437,-6669],[2885,-4833],[-2997,-7362],[953,-7409],[-248,-9040],[731,-4066],[-2617,-5279],[141,-4560]],[[3405875,4270320],[-1851,1454],[-3159,-2855],[-3085,6472],[-717,7675],[-2891,1193],[-2008,3239],[-1071,5794],[-1740,2429],[-2786,511],[-1525,5284],[-1792,-3665],[-5623,-2301],[-3267,597],[-644,4943],[1822,4303],[-2034,10397],[1954,8437],[-1445,7968],[1901,5497],[-3639,909]],[[3367501,4379897],[1209,4666],[1742,2343],[3105,-1107],[4150,170],[1204,1619],[4820,-2045],[1820,-2855],[4230,-596],[5222,-3409],[2596,-4474],[2490,-1662],[3025,5880],[186,8607],[2411,5582],[-375,6988],[2570,5412],[4284,3792],[3158,-1193],[3911,-7635]],[[3419259,4399980],[1042,-4210],[3212,1278],[5731,-7542],[2810,-2088],[-294,-5284],[1419,-5497],[3347,-2769],[1150,-3793],[3695,-4260],[2623,-1619],[3508,-5242],[1419,6008],[4338,3452],[1793,2897],[4961,-3721]],[[3460013,4367590],[4167,-9232],[1662,-2429],[2301,-8266],[2838,-5795],[-857,-2344],[455,-5283],[2169,-4347],[3427,-10013],[-295,-7415],[633,-6160]],[[3131861,4293141],[-8354,12380],[-509,6775],[-1178,2344],[-456,5497],[-3988,2429],[-5837,-1620],[-3186,1534],[-7790,-2641],[-2704,2940],[-2571,-2174],[-3801,1066],[-670,1875],[-81,7712],[-2533,278],[-6246,-7096],[-3400,-5837],[-8001,-2614]],[[3070556,4315989],[-834,5511],[-1686,3665],[-6668,4176],[-1793,42],[-2676,8479],[1364,7585]],[[3065812,4418693],[3052,2344],[7203,-256],[2703,2131],[4820,1662],[2327,-2429],[5786,6604],[936,2855],[-1366,8224],[590,6307],[3693,3494],[5221,2471],[3158,384],[6753,5961],[5837,-2132],[3768,-548],[3053,1619],[3212,7754],[3072,935],[1340,4075],[3074,3539],[4327,2489],[2990,4983],[746,4028],[2202,4325],[3187,1960],[3558,9630],[3054,-1918],[3104,43],[2224,2215],[3131,6619]],[[2923946,3213120],[-2113,262],[-2677,5241],[-3401,2386],[-2930,-1706]],[[2912825,3219303],[397,8056],[2008,1265],[1212,5510],[637,9463],[2654,7150],[1844,-5369],[1518,4849],[3092,2774],[-2484,4091],[-2816,-141],[-1237,4403],[3180,-696],[1599,8292],[2770,3533],[1529,5369],[-4268,3830],[-559,4095],[2781,1462],[-1001,10364],[1013,4290],[3392,2744],[-493,3000],[2632,1410],[-921,3260],[878,4086],[3539,9089],[1907,7789],[1698,2327],[4518,18641],[1973,11377],[1601,3703],[-632,5646],[735,4843]],[[2947521,3379808],[2557,7530],[2536,3965],[999,6270],[-858,11281],[-3653,5772],[1918,9771],[6741,14568],[2220,881]],[[3395114,4526220],[-618,-5471],[-1447,383],[-55,-12356],[2652,-3623],[-990,-6988],[376,-12570],[-6801,-5241],[-2224,-8308],[-1338,-1662],[-2007,-9887],[2141,-8265],[-1606,-2514],[-1204,-5455],[-1634,-2556],[2651,-8096],[6077,-1789],[2543,-2983],[3748,-2301],[3640,-299],[1843,1514],[6672,-5392],[2704,-4388],[2704,767],[2008,-2684],[2087,-5753],[3000,-1661],[-777,-8662]],[[3395137,4544564],[2435,-1193],[4953,5071],[-106,4687],[3345,3494],[2757,-299],[3910,-3707],[3801,-6178],[186,-4176],[5141,-4858],[1179,1279],[4791,-5668],[1286,4091],[2249,-4985],[-1205,-5071],[3426,-1321],[4365,597],[5193,-3409],[2598,639],[-188,-5667],[2946,-5710],[4202,981],[1583,3010]],[[3453984,4516171],[158,-4800],[3478,-2983],[1635,-3324],[375,-7116],[-696,-5624],[-3025,-1577],[1846,-8607],[-1632,-3920],[214,-4985],[-2515,-7543],[3211,-8990],[536,-3281],[4390,-2258],[1339,2940],[2650,-2301],[1312,3792],[1739,767],[5276,-895],[4336,767],[4256,1832],[4659,-554],[5515,341],[-428,-8266],[1658,-4559],[296,-9204],[1151,-6222],[-2490,-3962],[-1552,-5582],[-134,-8010],[-3798,-4715],[22,-5384],[3347,-2794],[-775,-4407],[-2438,-1108],[-3853,-3878],[-1127,-5497],[-2756,-2045],[-3428,-4431]],[[3476736,4377788],[-5113,-2514],[-3212,1705],[-3240,-1151],[-81,-3196],[-1847,-4389],[-3230,-653]],[[3037326,4766020],[-134,3184],[-3050,2003],[-910,6136],[-3214,-469],[-2435,-5539],[-1500,-10653],[1366,-6306],[-322,-9459],[-4442,-19775],[2343,-4594],[-2204,-4062],[-164,-3621],[-5009,-2188],[-1615,-4720],[-4495,-5536],[-1771,-336]],[[3009770,4700085],[-1939,7691],[-3429,5421],[-2129,5312],[-634,7590],[-1330,3713],[635,4740],[3293,6061],[-2581,13424],[1644,2257],[-2250,10992],[706,2281],[-2365,6327],[2662,6276],[-5275,11688],[-37,6793],[3988,4431],[777,2344],[4604,4004],[562,7458],[2277,5113],[1981,384],[54,4601],[-2303,2898],[-535,5028],[3400,4090],[-55,6051],[3268,2769],[4443,-383],[2597,-1832],[724,-4219],[1819,-2982],[3454,7797],[322,6520],[-3535,2258],[-5005,5753],[321,3494],[5515,4260],[160,2174],[-5011,3457]],[[3020563,4876119],[2315,-61],[2260,8674],[-3561,4446],[-1729,11412],[-1317,5504],[-3512,3092],[188,4338],[3642,-955],[1862,-3117],[4163,-1117],[5271,-3956],[3319,1515],[3369,-3775],[2774,1221],[1973,3986],[2583,-1820],[4871,-441],[2729,5628],[2405,10790],[5745,714],[3594,2783],[3109,-6622],[4343,-3667],[1992,109],[2822,-8363]],[[2969678,4114247],[-1915,3502],[-414,3856],[-2708,4315],[-3720,1960],[-2733,8437],[-3131,5667],[-3026,8053],[-2756,3367],[-616,4644],[-4150,3494],[1017,2770],[-6853,17470],[-1832,2516],[-5016,1353],[-853,2559],[-2465,-1224]],[[2928507,4186986],[-948,4633],[1826,12844],[2376,10019],[746,5899],[-1504,7038],[946,6252],[1297,1514],[-991,5426],[-3509,4543],[623,3483],[3100,2522],[573,-3040],[5438,3283],[1193,3275],[-867,4724],[4579,1006],[985,-1608],[4426,-418],[3215,-2259],[4740,4753],[988,5103],[-887,6775],[1860,3727],[2730,1917],[1528,8372],[-1440,1252],[1727,8015],[-1163,4648],[-2334,4026],[-4967,-98],[-1322,-5203],[-3432,-3466],[-1664,-3399],[-3497,-2077],[-705,-4957],[-2034,-4388],[-2280,1813],[-1239,12446],[-2514,9781],[1958,4705],[-4190,7834],[-2837,11085],[-1005,6342],[-4623,3126],[-1029,7268],[-4948,6737],[2091,8847],[3409,2726],[1772,2992],[-4556,2239],[2522,5711],[-290,3185],[-2961,6455],[-603,5225],[-3933,9312],[-4627,3612],[-4124,-1918],[-3836,6400],[997,2587],[-3606,1415],[-762,5438],[-2437,8703],[-3102,3172],[-924,3100],[-3620,2109],[-4033,8853],[-1975,2585],[501,7387],[-2286,1513],[-3841,5158],[-1249,4234],[-4318,8463],[-6330,4319],[-1112,4160]],[[2866199,4480241],[5731,323],[1926,3366],[5677,3238],[6344,5071],[8327,213],[3427,5453],[6237,2131]],[[2903868,4500036],[-775,-3153],[-2837,-1960],[-750,-4559],[53,-7201],[4684,-2642],[1714,-6519],[-107,-5753],[-1072,-5454],[2090,-2983],[-215,-3025],[-1982,-2471],[1741,-2898],[1312,-7073],[-536,-4900],[6720,-7371],[2169,-512],[4337,3281],[2544,-85],[6022,2685],[1019,4090],[-267,5156],[-1930,1278],[1555,7627],[-136,3153],[-3212,7031],[295,6477],[1498,5496],[2919,2514],[2490,341],[1953,5582],[-1284,3622],[-267,5624],[3534,4517],[695,5539],[4766,3154]],[[2942608,4508644],[3895,-7567],[226,-2249],[-4513,-3261],[-1461,-3039],[672,-2672],[-800,-5447],[991,-1139],[1071,-6871],[-808,-4041],[727,-4790],[-2211,-4700],[1760,-2226],[2059,3067],[3200,1372],[2494,3582],[4670,3145],[2699,-175],[1369,-2954],[2609,5372],[1358,889]],[[2962615,4474940],[1239,-1568],[1218,-8116],[8190,138],[-1632,-7542],[3024,-5198],[6559,-4772],[2436,85],[4085,-3165],[2742,4145],[2196,5624],[3106,384],[1579,-2557],[-188,-6263],[2409,-7500],[1974,-4093]],[[3004425,4376084],[-1634,-5156],[135,-4986],[-3079,-5240],[53,-9758],[-4283,-9502],[-1072,-5369],[1206,-9161],[-2919,-5369],[-4766,-980],[-909,-2940],[-5061,-4816],[-3158,-767],[-2731,1492],[-3380,-543],[-1643,3500],[-1533,-4046],[3387,-6268],[-358,-7213],[2430,-1545],[930,-6244],[-657,-5416],[433,-6363],[3036,-6000],[-871,-6724],[-1982,-2014],[1723,-4441],[3903,-5003],[840,-4298],[-2342,-3854],[-1081,-5880],[563,-5035],[-1172,-2251],[2078,-4182],[-840,-7071]],[[3099568,3890326],[-4239,-1253],[-1784,-4549],[-2641,-1379],[-2570,1924],[-3319,293],[-6597,-1498],[850,-3881],[-5004,-303]],[[3074264,3879680],[-1222,5509],[-3173,3000],[-515,6099],[-4077,-5536],[-2865,5284],[778,4389],[-535,3409],[1097,5496],[-1071,7201],[268,3196],[-2090,5070],[-4954,1785]],[[3055905,3924582],[-2033,2605],[-294,4175],[-2677,1151],[-2035,5965],[428,4092]],[[3049294,3942570],[5916,-1],[5971,8522],[4391,4261],[4684,-980],[2196,767],[10521,-554],[1126,2514],[4679,3207]],[[3088778,3960306],[6270,-2440],[-624,-5358]],[[3094424,3952508],[-272,-6334],[-1224,-3840],[524,-5684],[-685,-3830],[3453,-5323],[-3156,-6559],[1024,-1185],[4987,-16681]],[[2942608,4508644],[5195,852],[1551,-2515],[3078,-979],[3161,-3068],[4229,2088],[1419,5284],[1312,8734],[-2356,8139],[-3426,14999],[-3722,0],[-1339,7755],[2196,9417],[-563,10140],[-1981,3963],[241,4687],[-1097,6775],[-6800,6094],[-4644,2634],[438,3164],[3032,1628],[-2091,4507],[1140,8050],[1660,3422],[3228,-1535],[5116,3248],[1725,3048],[9429,9610],[906,129],[3320,8644],[2790,3688],[1847,7201],[2356,767],[2060,-2258],[2090,3451],[3659,554],[1775,2940],[4578,1279],[643,-3324],[3828,-5539],[643,-4560],[-990,-4303],[9181,-9502]],[[3001425,4627952],[-294,-4389],[-2168,-1705],[-2784,725],[-1982,-1918],[-1124,-5369],[-3240,-4942],[-1125,-4644],[-1926,-2770],[-1847,-8138],[-2196,-938],[-2196,-5966],[-6157,-852],[-1927,-2002],[1124,-7244],[1365,-2898],[1713,-7414],[563,-12655],[2999,-9417],[-322,-5880],[1660,-1833],[80,-3494],[2222,-1533],[4740,-8309],[-2249,-1960],[669,-4730],[-3134,937],[-2488,-2769],[1659,-3792],[-2222,-4986],[-2087,-2514],[81,-4602],[-1528,-1108],[-428,-7797],[-964,-3494],[-3679,-597],[-2640,3962],[-7652,1093],[-2459,-4923],[2763,-5694],[370,-6453]],[[3348306,3573662],[-810,4459],[482,3835],[-1446,6391],[-2329,5757],[-8995,18147],[801,7291],[-1527,3571],[-240,6647],[-1215,2853],[-8917,12308],[-2195,9199],[-4673,4454],[-2994,-4134],[-84,-13267],[2883,-5387],[-479,-2725],[-3206,1956],[241,3316],[-1368,4090],[-5391,4871],[-2256,4121],[-5943,731],[-2938,3842],[-2273,913],[-2265,-2300],[-2404,319],[-1506,2715],[961,4977],[-2246,4702],[999,2265],[4184,1794],[4538,7866],[-1948,3385]],[[3293747,3682624],[2338,3084],[-4484,6199],[677,4461],[1526,1832],[-240,4644],[-1955,3963],[186,4560],[2329,4772],[3766,2200],[197,10838],[4979,9162],[2650,426],[3319,2793]],[[3296433,3626108],[-812,-5615],[-3339,2019],[-2100,-890],[-1881,6357],[559,4857],[-1785,4003],[21,3152],[-1867,5370],[1224,2679],[5148,-1129],[2676,-3404],[2786,-8689],[2396,-3948],[2134,-6041],[-255,-4692],[-3759,5733],[-1146,238]],[[3313785,3589432],[4378,-12683],[744,-4874],[-1331,-6469],[-1965,-2365],[-2669,1324],[176,3781],[-1724,5565],[35,5688],[2356,10033]],[[2990773,3811018],[373,2894],[-1947,10566],[245,4113],[1558,3350],[-691,4685],[930,5992],[-1135,6008],[901,2650],[-2071,6364],[732,5072],[-1946,3365],[581,3290],[-1149,4206],[541,2713],[-633,7988],[125,6827]],[[2987187,3891101],[3289,250],[5489,6307],[1311,-1534],[2784,1534],[2812,-2770],[2007,-127],[3052,2300],[5890,1918],[2678,3536],[4150,-6093],[3613,-554],[3909,5923],[3131,384],[2384,2726],[3828,981],[7123,-1449],[4122,341],[1901,7669],[1981,1875],[2087,9460],[1177,804]],[[3074264,3879680],[196,-4393],[-1955,-2599],[-830,-3749],[268,-5710],[-828,-6136]],[[3071115,3857093],[-2651,511],[-3080,-2557],[-4310,2344],[-2034,0],[-2196,-8948],[402,-4091],[-2036,-5965],[-1364,-8309]],[[3487295,4289500],[3792,3281],[10924,-1108],[1204,-3664],[3319,-384],[3695,-10312],[4471,-5155],[1846,511],[858,3664],[4203,-4091],[8647,-1746],[1079,-1378]],[[3531333,4269118],[-704,-5270],[-4041,-1448],[-7471,-1363],[-6774,-2600],[-5060,-6349],[-3246,-11548],[-1706,-2300],[-856,-4900],[-3748,-7158],[-858,-5923],[456,-4006],[-2035,-4261],[-268,-8181],[-1098,-6093],[1633,-5880],[53,-8053],[1849,-214],[160,-4900],[4605,-2258],[884,-4176]],[[3503108,4172237],[-2492,-4005],[-8003,-469],[-1178,-1065],[53,-6477],[-1495,-6125],[24,-6530],[2943,-4133],[2167,639],[-105,-7201],[-1735,-6693]],[[3100259,4670425],[1905,-3573],[238,-5284],[2794,-920],[-2468,-5418],[-1008,-4655],[5028,-7241],[-1499,-1917],[-643,-7627],[1874,-5539],[803,-6691],[2623,1065],[5006,-511],[1582,-2557],[2167,128],[1044,-3238],[27,-5837],[-1981,-7713],[-2115,-3068],[-724,-5539],[1366,-4261],[-2489,-6051],[-964,-7670],[-1820,-6391],[-5171,-2528],[-233,-7338],[2052,-8682],[-420,-1695]],[[3107233,4549674],[-4529,-5963],[428,-8095],[-2542,-5284],[-4820,9502],[-1605,895],[-3535,-1534],[-4391,-7499],[-6425,-7031],[-5702,-3153],[-1981,1022],[-4283,-1363],[-1553,-4432],[-3614,-3536],[-3507,3792],[-1686,-418]],[[3016712,4505106],[-2356,-4217],[-2409,383],[-4123,-4176],[-2784,682],[-3587,7797],[375,6392],[4578,-85],[2169,3025],[3131,7968],[5864,9375],[2678,5113],[5085,5582],[2838,4815],[1553,4687],[4096,-1960],[1205,2429],[5622,3963],[1553,5411],[2276,2216],[349,5496],[4710,10567],[2597,2983],[2517,5327],[4578,2769],[5247,14062],[3481,3110],[1339,5880],[3237,7116],[911,9673],[5489,2854],[153,4565],[-1997,4418],[1216,6118],[-1404,9448],[397,3374],[2278,5020],[-1257,3405]],[[3148595,2752241],[1146,-1689],[3428,468],[3453,4006],[-134,13294],[1418,5241],[4712,5241],[4152,298],[1417,3580],[1339,6945],[2063,383],[2782,7457],[-777,6307]],[[3173594,2803772],[4232,-5156],[5514,-1662],[3079,1363],[3749,5838],[1579,5838],[1766,-8608],[-241,-4516],[2412,-6605],[10332,3963],[2143,-1193],[4018,4133],[1606,128],[3640,-8054],[4414,1891]],[[3221837,2791132],[1476,-2572],[-6507,-11207],[-588,-3238],[-3856,-724],[-6132,-2770],[-2489,-16149],[-965,-14403],[-2381,-3067],[2035,-7159],[3211,-3366],[1634,-7627],[2730,-2642],[1151,-6392],[-776,-6477],[1767,-5581],[-641,-5156],[756,-3580]],[[3107233,4549674],[6251,1059],[6435,-1658],[567,2733],[5787,2496],[7969,-3898],[3266,1193],[3902,-1005],[3541,4922],[1456,3991],[2637,-314],[2933,5989],[-212,3026],[3830,2950],[-544,5274],[1402,1723],[-392,5671],[16056,21202]],[[3350370,3958953],[-4280,-746],[-1259,-1705],[-5140,2301],[-3374,-1704],[-2007,-2429],[-4444,-1364],[-3615,1492],[-2837,-1108],[-2250,2940],[-1981,-2982],[-1687,2258]],[[3351444,4207561],[5922,-13467],[-274,-2548],[-2938,-3678],[3682,-4922],[1277,-4346],[2475,-1232],[-152,-4416],[3559,-3797],[-1428,-5579],[3777,-3238]],[[3070556,4315989],[-2307,-8465],[-507,-4261],[-2411,-6179],[1606,-5368]],[[3001425,4627952],[1046,5113],[2088,2514],[481,5582],[-2864,1279],[1848,5624],[-1098,3920],[2006,8181],[1286,2301],[107,4176],[-1518,8353],[3513,5123],[-820,7547],[801,2832],[-1173,7335],[2642,2253]],[[3094424,3952508],[1110,2112],[3803,-1053],[1353,-2570]],[[3100690,3950997],[-1189,-7631],[421,-4466],[1720,-5372],[10380,-4760],[2435,-4070],[7722,949]],[[3471101,4550505],[-1887,-4109],[-4712,-384],[53,-4431],[1287,-2258],[-28,-7670],[-2918,-6306],[-3212,2940],[-295,2641],[-3319,5753],[-3295,-3366],[-1098,-7372],[2866,-7499],[-559,-2273]],[[3221837,2791132],[684,4310],[-2796,1937],[1302,4478],[3981,1679],[2938,-3540],[1448,-6020],[4355,179]],[[3233749,2794155],[3119,-7294],[5522,-11387],[5705,-4379],[6504,-11877],[12056,-14623],[2174,-1472],[132,-1200],[-883,-1165],[-112,-210],[-1,-157],[-257,-5300]],[[3503108,4172237],[2613,-1340],[3702,2639],[-294,5673],[4363,7901],[-2228,2498],[2988,2366],[10066,-4817],[11472,-12468],[1641,-2904],[1448,3416],[3515,4474],[208,5135],[-3594,1865],[976,16061],[5316,5117],[689,10249],[5602,18275],[-1768,6569],[5332,11969]],[[3063211,3723584],[28,-7180],[1680,-9216],[635,-14980],[1409,-3747],[382,-9853],[-2361,-10134],[239,-2792],[3746,-8411],[-1043,-5028],[-2861,-3510],[-1320,-5430],[281,-3124],[-2406,-1912],[-6852,-12107],[-2481,-5803],[-2289,-8033],[-648,-4384],[1465,-4798],[-2305,-3578],[-411,-7266],[1060,-5422],[-2010,194],[-3708,-5173],[-2398,-4603],[-950,-3800],[-3863,-10012],[-3675,-11492],[-1065,-7203],[-4429,-16973],[-2541,-6284],[-224,-8982],[2377,-9310],[-3410,1489],[-4271,-5610],[-1124,-4082],[281,-9012],[1328,-6076],[-277,-8656]],[[2984917,3477521],[1441,590],[3061,7718],[3728,4551],[-414,3308],[2918,5322],[852,6862],[1881,4477],[1898,1637],[2083,4539],[-1170,4923],[2246,2679],[3049,5896],[3282,2438],[140,5467],[-870,5742],[5117,4895],[2625,7012],[-1517,6507],[898,5139],[4686,3395],[1445,-2454],[2935,708],[2391,5464],[-306,2824],[1704,4060],[3573,3950],[-116,3727],[1363,8529],[-2256,1338],[-610,5195],[-3160,4986],[-866,8786],[1146,1098],[58,6035],[-1340,2154],[-3864,1484],[-388,7866],[2142,4461],[831,7157],[-4577,990],[-2100,-2677],[-2000,3767],[1970,5378],[-752,4320],[-1543,2507],[1058,6622],[-1991,1328],[-2690,8680],[1124,9692],[-4290,8273],[1870,6664],[704,11362]],[[3087237,2817317],[635,3712],[-1849,5454],[912,6562],[1714,5624],[-777,3494],[-2062,2983],[-6587,3366],[-3933,6946],[-990,3238],[-296,6690],[-2062,3664]],[[3071942,2869050],[-1524,4343]],[[3070418,2873393],[3961,6906],[2329,1151],[5622,5582],[2945,-469],[4659,3664],[5032,980],[1044,3921],[3589,1278],[1579,5795],[2599,4444],[727,-4710],[1990,-1996]],[[3106494,2899939],[33,-4449],[-1460,-4822],[2040,-667],[860,-5718],[4371,-1017],[2841,-3290],[5705,894],[4214,5050],[2398,1389],[4005,-10442],[6629,-14294],[3092,-5483],[4293,-4784],[3844,1126],[8184,-11109],[6310,-5311],[3061,-1402],[2842,508]],[[3169756,2836118],[-1944,-7164],[-481,-8352],[1578,-5709],[1178,-9076],[3507,-2045]],[[3106517,2917691],[-3,90]],[[3106514,2917781],[515,3582],[-918,11699],[623,2542],[-1202,9722],[-3670,2717],[-3441,-174],[-2991,-9248],[-2213,2164],[-88,4334],[2246,5464],[2699,1603],[441,8164],[-1666,14910],[-2555,7175],[-2594,-3049],[-3709,437],[-993,-2151]],[[3086998,2977672],[-3223,3613],[-3839,1003]],[[3079936,2982288],[1644,10374],[5033,3835],[4256,1406],[4525,4091],[4471,189]],[[3099865,3002183],[2898,-21686],[5002,-32488],[2514,-15022],[2184,-10441],[3948,-14413],[2713,-7288],[4208,-7639],[283,-4662],[-2892,640],[-1606,3447],[-3375,3963],[-3112,2090],[-1945,-842],[-1510,4383],[-763,6131],[111,5886],[-2006,3449]],[[2916872,3027038],[-62,-4064],[-2594,-7425],[-184,-4216],[-1434,-1873],[596,-5503],[2239,-6128],[-2806,-8010],[-4493,-3881],[-1307,-5954],[-1326,-2455],[-2776,849],[1022,4177],[-640,7683],[-1848,2292],[1648,2621],[519,3775],[-3161,2136],[17,3285],[2019,838],[-702,4482],[1591,2165],[-164,4730],[-1746,1847],[-23,5572],[2492,2301],[158,8309],[-1365,7414],[4879,-3450],[554,-6166],[1035,-2852],[3925,-4616],[3937,2117]],[[3089801,4054207],[4069,1406],[2249,-2215],[3052,2301],[2704,-4986],[3319,-3068],[1661,853],[1846,-3580],[4739,-630]],[[3113440,4044288],[3722,-5974]],[[3117162,4038314],[214,-3793],[-1445,-11803],[-1286,-2897],[1179,-3835],[670,-6477],[-349,-5752],[-3241,-3452],[-4604,2515],[80,6433],[-964,2088],[-4150,-2301],[-3747,-639],[-3481,1151],[-4095,-1833]],[[3091943,4007719],[-3535,3665],[-1982,7372],[2143,5326],[-1312,3579],[1980,4602],[-1015,4559],[347,6562],[-616,7287],[1848,3536]],[[3071942,2869050],[-4578,-554],[-3587,5326],[-2463,5753],[-1714,1065],[-2195,-9161],[-1742,-2088],[-2007,1065],[-2782,5284],[-189,4943],[-1392,1022],[-3426,-2855],[-3381,221]],[[3042486,2879071],[-2764,1352],[-3692,-2041],[-1124,7798],[-5221,2552],[-852,-5644],[-1148,-893],[-1938,7432],[-3938,7542],[1727,8756],[-2889,4],[-683,6196],[402,5373],[-2330,-1027],[646,-7542],[-2187,-5807],[-4758,2803],[-2190,321],[-1994,5052],[-3652,5944],[924,3379],[-43,6328],[-2447,9148],[-1438,1893],[835,3924],[-1927,3068],[-1607,6902],[3,3963],[-2447,188],[541,4575]],[[2996295,2960610],[3952,3802],[1531,5326],[1950,1747],[134,3068],[-2464,6434],[-508,4559],[-1686,3665],[4339,7030],[911,2855],[-779,4900]],[[3003675,3003996],[2944,-724],[1474,-5028],[2222,-2812],[6210,383],[3802,-2940],[2838,1108],[856,4815],[2009,4474],[2383,2471],[1070,3878],[11673,2088],[2033,-2386],[-695,-9076],[-1097,-2472],[1425,-7938]],[[3042822,2989837],[1387,-6975],[2810,-7372],[803,-8863],[2062,-3025],[214,-4091],[-2008,-1661],[-295,-7201],[3214,-7415],[-296,-4090],[2943,-5753],[2759,-10439],[320,-5838],[1553,-1789],[455,-4602],[3346,-5966],[591,-3749],[-1153,-3153],[2732,-12485],[6159,-11977]],[[3014456,2898537],[-3975,-2173],[-2407,-5530],[-1362,2376],[81,6643],[5446,234],[2217,-1550]],[[3041048,4080540],[4793,-383],[9958,-6008],[2384,426],[7175,-2301],[4418,767],[2060,2514],[-535,4005],[1258,1577],[6158,-2812],[2865,-4006],[6256,5279]],[[3087838,4079598],[-1866,-4810],[1285,-2855],[2219,567],[163,-7001],[-1926,-6264],[2088,-5028]],[[3091943,4007719],[563,-7030],[2354,-6903],[-856,-4431],[108,-5710],[-2196,-7968],[159,-7755],[-562,-2770],[-2735,-4846]],[[3049294,3942570],[-401,3322],[-3159,1875],[-1124,10695],[5462,8394],[481,13721],[-857,3622],[670,3195],[294,9886],[-884,5582],[937,10226],[5811,4347],[186,2727],[-4283,6050],[2435,2514],[-2381,5284],[-5569,2727],[-1900,4133],[-3001,3665],[-5756,10737],[-4604,938],[-3186,-2770],[-4578,1918],[-1257,-8693],[-3428,-6690],[-3934,-980],[-2410,4730],[1579,3707],[-2972,4602],[-4659,-1448],[-4094,9757],[-3280,843],[-2064,5793],[4013,1779],[497,5644],[-662,7095],[-2512,3840]],[[3110146,4095752],[1796,-13337],[-2732,-7116],[1499,-9417],[2784,-4815],[697,-10780],[749,-2770],[-1499,-3229]],[[3087838,4079598],[4828,-720],[2328,2728],[1847,4303],[-375,2472],[-3558,2855],[774,3153],[2597,937],[-1981,7456],[1446,3026],[-26,5412],[1551,979]],[[3071115,3857093],[4015,-7840],[839,-3856]],[[3075969,3845397],[-2261,-1233],[-2408,-3763],[-458,-3614],[-2766,-2614],[-321,-2186],[-4990,-4849],[-81,-3052]],[[3230593,3800251],[-721,-2770],[2622,-12484],[2892,-1279],[1020,-3195],[-1502,-3409],[1206,-5412],[2571,980],[1658,-2301],[911,-6093],[2276,-809],[375,-8650],[-1151,-9034],[-1581,-4857],[-935,-6637]],[[3240234,3734301],[34,-252]],[[3240268,3734049],[-604,-1150]],[[3239664,3732899],[-3722,1963],[-5732,-2114],[-3662,-6541],[-1519,-1204],[-3686,1542],[-2875,-826],[-1966,-2881],[-9322,262],[-3734,-5197],[-8189,6524],[-4179,2401],[-5282,1705],[-11695,1938],[-3982,-689],[-7099,-2862]],[[3163020,3726920],[-662,5534],[556,6992],[858,2259],[242,6434],[3747,3920],[1312,2812],[535,5241],[3024,3707],[564,3494],[-642,8863],[-2275,4091],[3559,4304],[5060,-2174],[2301,1833],[-1766,2982],[990,3665],[2007,937],[8033,-5113],[3025,3792],[1499,213],[3641,-3536],[2785,-4773],[1178,-127],[3347,3920],[2490,-1918],[3239,5454],[5622,640],[2117,3792],[587,5369],[1553,-171],[3775,3835],[5272,-2940]],[[3177366,3928265],[-725,4155],[4825,2309],[3804,6774],[4471,853],[4309,-1066],[1312,2259],[-1231,7243],[-1658,4986],[908,2045],[7445,8224],[1015,3409],[-106,4474],[5246,-1577],[5464,1705],[1097,6690],[-3373,8649],[-4740,3367],[-2134,5513]],[[3271771,3955182],[-12718,-85391]],[[3146806,3970778],[-12589,-9851],[-8348,-7055],[-5175,-2614],[-2628,1042],[-3421,-2402],[-10146,426],[-3809,673]],[[3117162,4038314],[3399,-3239],[4150,-1363]],[[3042822,2989837],[4518,1675],[2033,3835],[9370,553],[4097,2344],[5489,-4091],[695,-4261],[3346,-5241],[6291,-1321],[1275,-1042]],[[3086998,2977672],[-5461,-6728],[509,-13891],[3207,-18691],[3769,-5077],[591,-4133],[2505,-6691],[198,-3546],[1802,-799],[3616,-6947],[2096,14502],[13,7750],[1531,-1438],[1666,-5432],[-461,-4181],[2194,-836],[928,-4432],[-208,-6191],[3058,-4162],[-247,-3288],[-1810,-3522]],[[3106517,2917691],[-3,90]],[[2943464,3108604],[-107,-5625],[-1446,-3238],[-3694,-2599],[1220,-4384],[-1246,-1880],[1214,-7766],[-1815,-8723]],[[2937590,3074389],[444,-1401]],[[2938034,3072988],[-1002,-2155]],[[2937032,3070833],[-3166,2234],[-5274,-6572],[-4024,-3800],[-3387,3845],[-1331,-4786],[-984,-7024],[979,-8273],[-2166,-3881],[-867,-4191],[-2407,-547],[-2262,-5437],[-1088,1546],[-883,6260],[-3456,899],[-4415,3384],[-80,5952],[-2729,19050],[-4580,27348],[2854,-703],[-1248,4665],[1767,2173],[-886,5369],[1368,4227],[-1004,12451],[1810,2246],[717,5113],[-795,4346],[1200,1530],[-158,5884],[1440,1151],[2048,5300],[605,5817],[1449,4733],[1596,903],[2415,-4496],[2572,-369],[-1543,12764],[-3515,-3114],[-1844,4918],[875,2557],[3625,5232],[-1298,998],[-474,6046],[-2728,7030],[-332,2821],[4902,1815],[129,2719],[-2285,1383],[2239,4544],[2412,12410]],[[2930537,3024426],[2990,-5045],[-802,-1448],[203,-6576],[971,-4195],[-1292,-7759],[-1900,-144],[-1259,7456],[2251,4994],[-80,3064],[-3249,3124],[-2052,6339],[239,4469],[3980,-4279]],[[2935914,3036946],[-1164,-8514],[-3726,-447],[1958,8135],[2932,826]],[[2906742,3179075],[-364,-2574],[-2697,-4785],[-4908,-817],[316,14527],[1107,5855],[2531,217],[3154,-7405],[861,-5018]],[[3169756,2836118],[6549,1154],[3376,-132],[7306,1913],[2536,3264],[3731,-2749],[1470,888],[3791,-1855],[-244,5250],[2212,-1479],[7946,-2045],[4821,-2936],[2086,115],[2712,-2926],[6537,-17942],[993,-935],[8171,-21548]],[[3159197,3974814],[-478,-5328],[-3152,-2397],[17,-39924]],[[3045313,3214900],[3525,-3073],[2966,784],[719,-6107],[3267,-6817],[-296,-11980],[3234,-6342],[735,-15466],[-401,-7207],[384,-8822],[1623,-14906],[1974,-26107],[2907,-8886],[3806,-2883],[3109,-8834],[2983,-11875],[3513,-2357],[2570,-3703],[2808,763],[-1242,3775],[-163,4853],[2667,6516],[2222,-5807],[3943,-17584],[3586,-22276],[4113,-38376]],[[3003675,3003996],[-375,3494],[1287,4219],[-1527,5795],[-3079,4218],[-1500,6519],[1687,3792],[-937,4731],[2681,8760],[163,7681],[-516,4522],[-3425,4134],[-1419,3238]],[[3547219,4282740],[-1838,-2614],[-5649,-4560],[-1097,-3281],[-4847,-2982],[-2455,-185]],[[3476736,4377788],[47287,-14343]],[[2996295,2960610],[-1670,3227],[-1610,-1484],[-3174,3218],[-2323,5370],[-4950,6310],[-1760,-2463],[675,-7015],[-2562,-2461],[-3665,1569],[-2036,8648],[645,6519],[-883,2755],[2327,2490],[3692,8305],[728,5245],[-5916,-4981],[-593,4082],[-2060,3727],[-2803,-643],[-2526,8297],[1609,1530],[-1740,8696],[-2340,-1035],[-3332,-4395],[-2380,954],[-1908,-2492],[-3442,5111],[-3654,-954],[-2169,5620],[1526,8820],[-1684,3452],[1119,3702],[-1357,7295],[-1931,2808],[-559,9720],[-1200,421],[-4059,-3873],[-3022,-74],[1291,10301],[2731,4857],[-1740,2600]],[[2938034,3072988],[-1002,-2155]],[[2978916,2943455],[2782,-7699],[-715,-4354],[-3204,4302],[-3431,11953],[-46,10551],[1377,-66],[1172,-4771],[1981,-2330],[84,-7586]],[[2979743,2963668],[2518,-86],[1364,-5849],[-1219,-6567],[-2922,1256],[633,3013],[-3363,1175],[-1686,2814],[71,4587],[4604,-343]],[[3233004,3806031],[-2411,-5780]],[[3163020,3726920],[-2608,-3482],[-288,-5753],[-3299,2440],[405,5256],[-2858,2535],[-3570,665],[-2734,6639],[566,6140],[2854,2753],[2647,-128],[1566,5807],[-562,4227],[-2407,7027],[-2573,4530],[2732,4929],[-161,4355],[2128,315],[2528,5940],[-403,3324],[-4655,9080],[318,2812],[4498,9455],[967,7798],[-1529,8309],[-2111,4054],[1670,1762],[845,4031],[3976,955],[1968,5045],[-1690,8692],[324,4399]],[[2903868,4500036],[-5996,3366],[-777,4304],[-2061,3835],[1660,2259],[-483,3025],[2196,2982],[-1794,4901],[-2812,2087],[-748,3026],[-3267,6263],[-4872,4645],[-1900,5454],[-322,4347],[1071,5454],[3453,6050],[-2490,7499],[509,9246],[-1714,4219],[2865,11335],[-1847,2130],[482,5454],[4284,5497],[1525,6178],[4017,1236],[160,1960],[-4846,3963],[-4363,8139],[294,10822],[-1821,5497],[1312,3750],[-589,4005],[267,6306],[1259,4560],[-2141,1577],[-1874,7626],[3024,10312],[1178,6008],[-1472,10866],[2357,6434],[-1715,5837],[3134,4346],[696,5923],[2916,2557],[2143,0],[3801,-3451],[2303,-5582],[2223,-2941],[3266,-6945],[1766,-1661],[6693,-384],[4632,-3622],[1499,4900],[5141,-1619],[8004,2599],[3160,3708],[615,5326],[-534,4005],[-2412,6136],[-3666,5794],[2060,4559],[402,6520],[-562,11505],[-1150,2471],[375,10994],[1069,5368],[-3265,6392],[-26,3878],[-1421,2045],[-963,8181],[-5783,6733],[-2295,6115]],[[2919698,4806340],[5056,3412],[3524,-5098],[3297,5243],[1800,-1021],[6141,6552],[3780,2599],[2677,-2224],[3912,-142],[1564,3112],[5200,5112],[5908,-6950],[3825,1094],[6193,4044],[1796,9256],[-1016,9778],[2003,4484],[-1176,3805],[1794,3855],[-664,5788],[3199,9962],[3164,-331],[4763,5192],[5104,-278],[3467,-2849],[2896,638],[6399,-1758],[3189,-2344],[5020,32],[5081,2972],[2969,5844]],[[3106894,3855402],[-7563,-1035],[-5315,4090],[-261,-2624],[-2520,-3378],[-10096,-4245],[-5170,-2813]],[[3149298,3853213],[-3224,1401],[-12478,2934],[-3958,1608],[-4259,4861],[-1935,-5001],[-12276,-1972]],[[3293747,3682624],[-823,-5375],[-2776,-2868],[-1890,60],[-1966,7350],[2656,2561],[-3617,5880],[-806,-2177],[806,-8045],[1567,-6715],[-1767,-384],[-3210,3613],[-5885,10587],[-3418,2263],[-4030,8843],[-4219,1511],[238,3031],[-4374,5817],[-4217,1210],[-1106,-1771],[-4080,5414],[689,4159],[-2789,1205],[-1310,5949],[-3336,4414],[-3611,2804],[122,1602],[-361,739]],[[3259775,3831285],[1447,-7471],[2356,-3280],[-509,-9034],[455,-6136],[1660,-1278],[3962,3664],[3372,981],[3482,7286],[2864,1320],[2009,-6093],[1365,-1320],[3588,170],[1419,4900],[6991,10325]],[[3240268,3734049],[-604,-1150]],[[2987187,3891101],[-4396,7232],[-626,8680],[-1483,1307],[1075,4179],[-251,4119],[-3009,359],[-3114,7061],[-2285,730],[-2147,11338],[-2555,2074],[-423,7654],[-4593,4175],[-1896,-514],[-2926,5689],[-3386,4314],[-5595,4578],[-4298,5979],[-2589,1870],[-726,3322],[-1954,535],[-4487,5763],[-3255,1824],[-428,6586],[-1547,-284],[-1908,5110],[-751,4716],[-2396,3451],[-2478,8175],[-427,4074],[-3204,-455],[-223,6598],[-2183,5856],[-5344,6066],[-2001,5789],[-3111,2443],[-2903,6600],[-656,3686],[-4305,8834],[1120,4863],[-2663,4204],[2044,3937],[-2190,4955],[483,2804],[-2417,2359]],[[2894780,4083736],[443,5894],[2101,3512],[-2432,5107],[-1571,44],[-1094,4835],[666,5308],[2285,5342],[-1164,4967],[228,4026]],[[2894242,4122771],[5850,328],[4112,11497],[5251,-3634],[3991,-5458],[1415,1839],[-501,5434],[-1112,2382],[1664,7392],[4801,1202],[2203,3119],[4598,-3456],[2206,-5141],[1945,6489],[467,14025],[-3129,20022],[973,5830],[-469,2345]],[[2866199,4480241],[-491,2580],[-5279,6195],[-5591,8523],[-2987,8546],[1000,2194],[-3965,7365],[-2716,2816],[-3086,10247],[1410,6317],[1991,3414],[2386,1206],[463,4236],[-2998,11834],[-2289,819],[839,3878],[-1179,3636],[-223,6981],[-2373,2974],[-3594,7120],[-225,4002],[2653,4681],[-1846,5548],[-2668,2231],[-4009,338],[-1383,-7140],[-3338,-3063],[-3825,6296],[-1737,4888],[707,5916],[-2487,4373],[-2141,6253],[-1408,7632],[-4106,7388],[-232,4608],[1882,1822]],[[2813354,4636895],[60,-4352],[3204,733],[2983,-3325],[1525,-7323],[4483,2313],[694,-1965],[3769,-707],[1380,5656],[5177,1147],[4399,6110],[5540,-748],[2242,2230],[3216,-1334],[731,18051],[-1985,6377],[1106,3074],[-2325,10940],[961,2506],[-743,5680],[-4264,3506],[-757,3207],[-2271,1897],[3965,4580],[2895,1501],[-88,9684],[2890,334],[388,4728],[2144,-19],[1814,2641],[2369,347],[840,8379],[-40,10915],[-3114,4699],[-2677,2210],[1733,3879],[2811,1810],[-2867,7668],[322,5262],[2205,8322],[4433,8648],[-1733,5423],[703,6925]],[[2861472,4788504],[2799,-92],[4895,3249],[2976,626],[938,6033],[4132,-458],[1824,2641],[-1523,5186],[-76,5312],[870,6704],[-329,5751],[4804,904],[1710,-5801],[3276,2437],[3091,-2653],[2454,-5068],[4343,-4607],[1012,-4823],[7596,3388],[4460,-671],[1642,1506],[7332,-1728]],[[3079500,2771115],[-2187,11084],[-234,4921],[-1784,4219],[-1707,-6222],[-4182,4748],[-2906,7222],[-3969,-595],[110,4035],[1465,3129],[-1176,5698],[-3049,511],[-318,6775],[-3898,443],[-927,3895],[-2165,3971],[-3250,-447],[-1168,6327],[-1807,3767],[-1560,-452],[-5017,3855],[-1182,-876],[-1410,6049],[-448,7126],[2030,3408],[-2421,2418],[691,4553],[-1081,4543],[4016,9451],[2520,4400]],[[2989209,2791867],[486,2587],[4184,67],[1976,-2836],[-3316,-2465],[-3330,2647]],[[3037997,2787552],[-1640,1140],[-1582,-5186],[-1556,2071],[-401,3712],[-2331,3444],[-1771,4596],[1614,2940],[558,4355],[2251,5369],[-81,8564],[3991,-7481],[-411,-10305],[1369,-2557],[-10,-10662]],[[5385375,351686],[2312,3448],[2245,209],[3705,3856],[1942,403],[3086,7149],[10852,5649],[1000,2086],[5497,21],[4335,3949],[3572,874],[2704,-1255]],[[5526819,463655],[1094,287]],[[5527913,463942],[7621,2946],[3175,539],[3330,2498],[3890,-784]],[[5545929,469141],[112,-4129],[2244,-969],[1497,-5749],[2113,-4710],[-88,-3947],[-1541,-7824],[-3333,-6473]],[[5546933,435340],[-3518,-434]],[[5543415,434906],[1058,5386],[-5167,-833],[-3953,-2497],[-1151,-4258],[-5509,-4602],[-4426,1475]],[[5524267,429577],[-1152,5286],[-1587,1812],[2614,8029],[-965,3525],[3984,1812],[747,4848],[-1089,8766]],[[5543415,434906],[-343,-4063],[-2147,-11648],[-3050,-2790],[-2428,196],[-6287,-8221],[2147,-4991],[218,-5088],[7408,-9294],[1805,-3815],[1152,-7141],[2279,-3070]],[[5544169,374981],[-3945,-670],[-2757,1884],[-3532,-88],[-4389,-4652],[-4168,-1145],[-6100,-4945],[-2614,260],[-5078,-4054]],[[5511586,361571],[-2238,5424],[-887,7945]],[[5508461,374940],[2267,4780],[-2335,2054],[-31,2739],[3580,3326],[560,2788],[-2584,1663],[-715,4354],[4731,2984],[3330,3425],[1847,3462]],[[5519111,406515],[1701,3192],[3455,11304],[0,8566]],[[5642283,495199],[610,-4790],[1681,-2352],[1930,-6712],[0,-5095],[1712,-4605],[1680,-1616],[561,-7004],[-5385,-9061],[-1806,-1432]],[[5643266,452532],[-10862,1677],[-7158,3428],[-6785,294],[-3673,-5387],[-4544,2057],[-4731,-1665],[-3268,343],[-4887,2938],[-2776,-1786]],[[5594582,454431],[-2241,9354],[747,4408],[-653,6319],[-1513,6724]],[[5590922,481236],[2263,1136],[3073,-1065],[3968,3302],[3496,4265],[2251,362],[2126,3735],[5389,1760],[5416,-4472],[3198,-1155],[4660,-4642],[4275,1706],[1205,1750],[9228,6048],[813,1233]],[[5472325,410038],[3442,6551],[1840,9461],[3286,5108],[2736,596],[2729,5723],[-604,7128]],[[5485754,444605],[8706,-1429]],[[5494460,443176],[2268,-2836],[3081,-293],[3673,-7441],[2117,-10769],[4326,-3670],[902,-8613],[2179,-2446],[6105,-593]],[[5508461,374940],[-3284,1907],[-3330,-3765],[-2988,2983],[-4862,2765]],[[5511586,361571],[-4778,-4919],[-2738,-5311],[-1912,-618],[-5070,-8749],[-1584,286],[-5443,-1910],[-4642,-6087]],[[5527913,463942],[705,11871]],[[5528618,475813],[3153,-1539],[3848,390],[1750,2910],[4280,-198],[1764,-1306],[5236,1628],[1646,1822],[4610,1503],[1764,2078]],[[5556669,483101],[1897,-3918],[-7439,-8866],[-5198,-1176]],[[5494460,443176],[3556,2602],[2773,-104],[3455,1697],[6955,8518],[2465,-104],[3763,3012],[4119,4799],[5273,59]],[[5642283,495199],[1538,1400],[3354,-3021],[7473,4611],[5912,4848],[5446,5279],[3899,602],[4472,-3440],[1473,-2867],[5944,-592],[2327,1147],[2983,3967],[1599,-352],[3464,-6479],[6281,-2449],[258,-5513],[-2006,-1205],[-2127,-4175],[-2773,-2232],[-2193,-4590],[-9321,-10159],[-9495,-16799],[-5247,526],[-3955,-4327],[-2919,-1947],[-3339,-4557],[-2946,-1144],[-5676,2000],[-1998,-1483]],[[5644711,442248],[-1445,10284]],[[5485754,444605],[647,7960],[2403,7501],[8510,5352],[8241,563],[1355,2041],[10314,4161],[2753,-1485],[3592,2376],[2114,-198],[2935,2937]],[[5556669,483101],[2419,2440],[13050,-2046],[3059,-3565],[7163,-1304],[2675,2425],[4021,1193],[1866,-1008]],[[5594582,454431],[-4818,-1936],[-5229,539],[-4762,-9744],[-1556,-2056],[-31,-4260],[3873,-9007],[560,-11257],[3798,-4697],[1073,-5944]],[[5587490,406069],[-2489,-2098],[-4631,-6410]],[[5580370,397561],[-2165,5471],[-2458,2838],[-3362,636],[-1494,5578],[-3486,2496],[-3859,636],[-1899,2594],[-1681,6558],[-4046,8321],[-3517,2301],[-5470,350]],[[5580370,397561],[-5222,-4990],[-3023,-4294],[-5046,-3922],[-7914,1634],[-3540,-4148],[-2254,659],[-4109,-3115],[-2352,-132],[-2741,-4272]],[[5644711,442248],[-1958,116],[-5475,-2013],[-4488,-5091],[-2443,459],[-4699,-7755],[-2925,-7001],[-1596,-5514],[-1658,-2333],[-6415,51],[-5533,-2412],[-4901,-3059],[-7359,1114],[-4195,-424],[-3576,-2317]],[[3566735,3459470],[527,-111],[2587,-11659],[11869,-12226],[239,-14030],[3296,-10311],[13704,-4343],[5342,-16232],[-7531,-18444]],[[3596768,3372114],[-4707,-7229],[-6437,-2785],[-6522,2918],[-9000,-14344],[7560,-9138],[24599,-35755],[-19771,-33164],[5623,-9348]],[[3588113,3263269],[-7994,-7531],[-5167,-24331],[-5898,4734],[-14853,17869],[-5638,3147],[-14255,-3172]],[[3534308,3253985],[643,7835],[2011,16922],[2329,11633],[964,2309],[4856,2864],[7789,13043],[2575,2552],[4615,324],[-3603,16000],[-7453,8362],[-11943,1725],[-5759,14464],[-4574,3582],[-6268,-3582],[-4489,-7961],[-4700,1229],[-1810,12839],[-2045,7821],[-6437,10610],[1936,424],[1328,4286],[-724,1844],[2449,6224]],[[3459252,3375495],[763,-18038],[-3687,-17735],[-485,-4479],[1049,-4742],[-376,-5993],[-3894,3294],[-2067,21997],[-2873,10019],[-8185,9338],[-1968,8052],[8876,-2269],[1277,1516],[3922,11764],[7648,-12724]],[[3789577,3429915],[5168,-26950]],[[3794745,3402965],[-10737,-11792],[-4935,128],[-4484,-2017],[-8131,-11933],[-3042,3724],[-3737,1593],[-5984,-7474],[-3584,-5534],[-1048,7851],[2378,1131],[1607,3195],[364,4155],[-3414,-951],[-2691,2998],[-3132,6649],[-158,3575],[-3622,-1666],[-136,-2278],[-4300,-1233],[-1244,-14890],[-3517,-1992],[-522,5305],[-2248,516],[-1325,-2753],[-5826,8497],[-3976,10787]],[[3717301,3398556],[-4543,12936],[-15395,2290],[-6450,12718],[5149,12800],[-650,16185],[-9264,6497],[-981,9089],[5708,21367],[-3902,3720],[-6245,19607],[753,10240],[7294,19422]],[[3688775,3545427],[11516,-6905],[596,-13871],[7697,-2622],[8999,13872],[3632,-10658],[16045,-5473],[-4767,-17277],[4744,-13094],[-3812,-13495],[-9486,0],[-4235,-5690],[4238,-11135],[5672,-13619],[-2203,-10329],[-11434,-9934],[2372,-7154],[12196,-5300],[8724,-9674],[6268,17359],[8131,1457],[1101,7683],[5506,4106],[8724,-5828],[4743,-7551],[7454,15365],[8381,-5745]],[[3721987,3381315],[-1777,3069]],[[3720210,3384384],[1777,-3069]],[[3704676,5047049],[-9560,1651],[-7827,-7116],[-4294,-9274],[339,-8832],[-3919,-12601],[-12928,-3901],[-1560,-3525]],[[3664927,5003451],[-3935,5986],[-12320,227]],[[3648672,5009664],[-164,11715],[-5898,2519],[208,21305],[3995,3411],[-4058,11894]],[[3642755,5060508],[5288,12674],[5824,-3104],[2698,9889],[-71,18505],[11718,1629]],[[3668212,5100101],[924,-15664],[8309,-2313],[12854,-10889],[7315,8627],[8628,21500],[10902,315],[16405,-7409],[5610,-15773],[7564,-631],[5219,-13838]],[[3751942,5064026],[-5339,-5782],[1373,-9285],[-4121,-7432],[-10342,840],[-2061,-5336],[-22988,6115],[-3788,3903]],[[3600552,5257328],[13361,12891],[7696,2170],[2377,-5982],[-3100,-12732],[5511,-12399],[11313,-8246],[13995,12188],[5023,-7957],[975,-16857],[6593,-1161]],[[3664296,5219243],[4200,-8763],[2415,-14904],[-1740,-14863],[-4829,-8954],[-6782,-2409],[180,-20119],[2447,-9128],[-497,-14638],[12890,-8976],[-4368,-16388]],[[3642755,5060508],[-11152,7571]],[[3631603,5068079],[-13920,13571],[-4713,9180],[-7502,5803]],[[3605468,5096633],[-6498,12766],[2319,14309],[-1568,8430],[4894,22676],[-9586,19983],[2343,7068],[-5539,15856],[6959,17203],[391,6271],[7244,15095],[-5875,21038]],[[3630100,3206361],[-33943,-23011],[-4257,-8208],[-9511,-28605],[-4229,-8951],[-7652,-8236],[-2306,3921],[-3095,-1086],[-1686,-3192],[-2003,260],[-4663,3835],[-4819,-3588],[-1125,0],[-3973,-3259],[-161,-3575],[-3809,-3392],[-6672,-384],[-2289,3903],[1002,2617],[3539,-887],[3090,2872],[-881,8565],[-2048,-1862],[-6850,-3504],[-2267,5143],[1604,11988],[-163,20832],[846,2872],[-680,21288],[1199,9331],[726,15596],[2,8939],[1282,27402]],[[3588113,3263269],[14224,-2794],[0,-23313],[14528,-9958],[7264,3916],[4662,-11917],[1309,-12842]],[[3570222,3129042],[-10438,-15419],[-17347,-11772],[-9703,-341],[-10352,4969],[1426,2008],[2753,-3023],[2006,3588],[4500,4981],[-1810,3647],[1328,3004],[2487,-2684],[6182,128],[1445,511],[4102,3451],[278,3639],[3333,3136],[1207,124],[3371,1790],[1847,1921],[5382,-4346],[1609,252],[2811,3962],[3583,-3526]],[[3709680,3358525],[-2119,460]],[[3707561,3358985],[2119,-460]],[[3689051,3364948],[6243,-4846],[15421,-6779],[8359,-7670],[2226,-879],[-129,-11627],[-1460,-401],[-3775,-6263],[-2932,-708],[-4165,-7785],[40,-3255],[-4578,1398],[-7555,7154],[-4263,1781],[-2928,6847],[-1807,1977],[-5502,12332],[-1445,-1266],[2406,-6528],[5301,-10094],[4219,-6843],[6832,-3571],[3534,-3698],[2728,-4223],[4260,-1027],[1661,-5671],[-1235,-4661],[-3368,-5213],[-5599,1041],[-4390,6323],[-2492,4862],[-2889,3323],[-5140,3963],[-6753,7917],[-6626,9140],[-4899,10993],[-4213,5821],[-1813,-3388],[2335,-5633],[3892,-6455],[4300,-4534],[5665,-8364],[7386,-12021],[6789,-10286],[3374,-7546],[-3,-4218],[3376,-3908],[2246,-8394],[-958,-9046],[-3216,-8565],[-4856,-4282],[-8525,249],[-12451,13558],[-15620,20140]],[[3656059,3284119],[-5987,8386]],[[3650072,3292505],[-3639,7333],[-1365,4598],[-7751,11053],[-5794,3196]],[[3631523,3318685],[-5334,8947],[-10799,13261]],[[3615390,3340893],[3272,12130],[9315,-6535],[9216,5689],[-1587,9943],[8209,7148],[5120,-4152],[4039,-2259],[12569,4347],[17997,424],[5511,-2680]],[[3689178,3309234],[4199,-3967],[3208,-6004],[2292,-2757],[-1727,-3127],[-5060,8437],[-4094,4474],[1182,2944]],[[3701571,3360284],[2486,-539]],[[3704057,3359745],[-2486,539]],[[3704401,3359670],[380,-82]],[[3704781,3359588],[-380,82]],[[3704962,3359548],[383,-83]],[[3705345,3359465],[-383,83]],[[3705616,3359406],[349,-75]],[[3705965,3359331],[-349,75]],[[3705978,3359328],[1163,-252]],[[3707141,3359076],[-1163,252]],[[3707663,3120617],[-3726,-4722],[1368,-4231],[-3296,647],[-1842,3959],[1652,3457],[5844,890]],[[3942233,4035109],[-319,-3949],[741,-9779],[-180,-4802],[1931,-8045],[3050,-7619],[-801,-3251],[562,-6779],[4412,-11884],[1767,-3068],[832,-8024],[-1068,-3485],[1755,-5850],[-3803,553],[597,-6076],[3459,-2944],[1441,-6004],[2646,-6767],[-310,-10996],[480,-4739],[1847,-4091],[2696,-8996],[-932,-4937],[273,-6421],[-3628,-1023],[1107,6549],[-1607,12016],[-1603,1150],[-1205,-8437],[2607,-9135],[-2902,-3159],[1201,-11400]],[[3957279,3883717],[-6090,144],[-7030,-12922],[-8612,-8826],[-14758,4783],[-5631,2733],[-5410,-4612],[-368,-10251],[5594,-1254],[1399,-16579],[6771,-16969],[-3507,-14523],[-7534,-4902],[-460,-12391],[-8223,-9007],[-13686,6510],[-6153,19013],[-14648,30958],[-20642,10320],[-8479,-6573],[-18090,3408],[-12029,-4832],[-8888,-11125],[1669,8462]],[[3786037,3925320],[13586,14355],[7188,9943],[3565,18547],[13629,2218],[6174,8966],[10452,-4825],[8722,7947],[4617,9774],[16653,7080],[10786,18089],[17925,10020],[5409,-7674],[6210,7174],[6671,2037],[1840,9386],[11214,4604],[11555,-7852]],[[3942394,4035000],[36,-25]],[[3942430,4034975],[-36,25]],[[3942667,4034814],[29,-19]],[[3942696,4034795],[-29,19]],[[3762519,3669988],[2867,-9504],[1017,-27898],[9673,-8931],[7621,-19693],[-3182,-13308],[-11025,-6474],[-2195,-12785],[5061,-14655],[11740,-6154],[5275,-16472],[4275,-6413],[-338,-12647],[-8724,-18909],[847,-5688],[-4913,-10451],[12028,-7278],[2825,-26394],[-5794,-16419]],[[3688775,3545427],[3957,16558],[-3900,13791]],[[3796072,3748466],[6565,1091],[24798,-7109],[15768,-23163],[-9749,-4980],[5015,-15745],[-3560,-10153],[14489,-11978],[1968,-8465],[-3894,-6318],[2813,-7896],[11466,-1354],[9380,7947],[5768,766],[7611,7670],[13052,-1501],[6756,8299]],[[3904318,3675577],[4447,-24599],[-3433,-7348],[1768,-8542],[-3171,-9541],[-2592,-24692],[3568,-27748],[-11282,-6465],[444,-8992],[6719,-2341],[3860,-12558],[5383,-1115],[3621,-13603],[5797,-5813]],[[3919447,3522220],[-5002,-2134],[-2366,-3767],[-1328,-7662],[-2858,-8735],[-5214,2459],[-4659,-1781],[-2090,375],[-2565,-3323],[-3379,-900],[-2045,-2999],[-2728,-9838],[-1158,-2343],[-7479,-4113],[-1362,639],[-2452,-4027],[-641,-4315],[-6468,-6103],[-3373,1790],[-2409,-133],[-5138,-3447],[-2573,631],[-3614,-1909],[-2452,-3255],[-3930,-12915],[-1690,-12400],[-2710,-5097],[-5758,2344],[-3783,380],[-4329,-2549],[-1454,252],[-3362,-5104],[-4287,-5122],[-5761,-1786],[-3293,-3200],[-6586,-4342],[-4406,-4826]],[[3596768,3372114],[10031,-8423],[8591,-22798]],[[3631523,3318685],[-1801,-1082],[11089,-15464],[6099,-9975],[5386,-10605],[4974,-14701],[6509,-13682],[2492,-9464],[-723,-7026],[-3657,-7350],[2851,-1470],[-125,-4737],[-3207,-3508],[-3452,-635],[-11577,-6222],[-16281,-6403]],[[3656059,3284119],[-2521,1722],[-3466,6664]],[[3670367,3258221],[3648,-5797],[-1843,-4809],[-4412,-1913],[-2539,7730],[-4498,8692],[-2968,9847],[-3371,7798],[1165,1726],[2929,-5565],[3373,-8561],[4816,-7806],[3700,-1342]],[[3704178,5251920],[-648,-7036],[-1638,-4726],[-28,-5829],[-2425,-3711],[464,-5601],[1834,-4109],[-9753,-9404],[-11264,2010],[-10631,12845],[-5793,-7116]],[[3600552,5257328],[-2844,550],[-5007,20143],[-13167,12091],[-780,10440],[7169,11435],[11069,6072],[2341,11853],[4463,1982],[-741,9177],[-5668,3736],[-663,3390],[-3837,8004]],[[3857319,4271949],[-3512,-3541],[-2694,-6971],[3,-2803],[3938,-6268],[4262,-372],[3350,-3050],[1421,-5850],[3780,-10606],[3328,-5181],[5755,-6157],[2320,-11292],[2968,-8820],[4257,-10994],[7389,-16618],[5544,-10473],[-484,-7295],[4056,-2748],[3015,835],[4166,-6195]],[[3910181,4147550],[-16436,-10440],[-18600,-4034],[-2325,-4346],[1416,-13582],[-5313,-22130],[-6868,5357],[-1820,-14373],[-7075,-78],[-13394,11033],[3863,16042],[-7344,6671],[-17374,4003],[-3317,10307],[-14003,16360]],[[3787455,4243680],[8390,-2629],[5812,7809],[11018,-9510],[8428,9468],[4056,6457],[2477,14140],[21502,-1264],[8181,3798]],[[3957279,3883717],[-25,-5958],[3267,-7880],[-1139,-9948],[1839,-773],[-1499,-5522],[-1826,-932],[-1365,-4474],[542,-5049],[5454,-15600],[-2580,-3698],[4969,-3138],[-124,-6343],[-1113,-1581],[1001,-4145],[-1081,-6333],[876,-4182],[7482,-18448],[1600,-2732],[5486,-12946],[-6364,-7872]],[[3972679,3756163],[-18721,-3007],[-8197,-11662],[-9307,-5641],[-9924,-5224],[-3402,-32603],[-10478,4831],[-5494,-6163],[-2975,-10122],[137,-10995]],[[3291246,5244186],[6708,-14032],[180,-7757],[6152,-8496],[6192,-15030],[4574,-29],[16378,-17514],[3252,-8753],[6960,-4051],[8239,2348],[2961,-6011],[15234,6794],[6585,-184],[6273,-5571],[6991,15189],[6866,-184],[1498,-8145],[8762,-18068]],[[3405051,5154692],[-1555,-10201],[10551,-30128],[-6492,-25998],[-6710,-6147],[-2559,-10679],[-9144,-786],[4406,-13281],[5316,-6724],[-49,-15337],[-5267,-19620],[-8582,6011],[292,-17457],[-3364,-12975],[-4339,-438]],[[3598735,3465182],[7126,-9185],[2428,-8785],[14972,-24357],[7373,-5766],[8108,-14951],[16827,-2435],[-217,7634],[17076,-1866],[6180,-10094],[704,-7297],[8186,-2885],[-1193,-7467],[11709,255],[8727,7891],[5827,-190],[2449,5748]],[[3715017,3391432],[1845,1335],[3348,-8383]],[[3721987,3381315],[16,-9243],[-2434,-11477],[-2024,146],[-5702,3835],[-1529,-771],[-961,-1790],[-3130,1410],[-6428,640],[-2168,1653],[-9920,1730],[1344,-2500]],[[3707561,3358985],[-420,91]],[[3705978,3359328],[-13,3]],[[3705616,3359406],[-271,59]],[[3704962,3359548],[-181,40]],[[3704401,3359670],[-344,75]],[[3701571,3360284],[-5548,2242],[0,3072],[4254,-2560],[5464,-375],[3130,-1419],[2249,2697],[1849,-1798],[4338,-2429],[1252,-3886],[-8879,2697]],[[3605468,5096633],[-5610,-7201],[-15182,-2565],[-6621,8242],[-2627,11927],[-5398,6722],[-7458,1734]],[[3562572,5115492],[-2654,3717],[2122,13561],[-11703,20511],[-4214,11929],[-7459,6583],[-3859,16944],[-7961,-2795],[-4445,13371],[-9267,2442],[-3617,-3051],[-932,14810],[-10046,11554],[-1219,12121],[-3560,4087],[4243,12327],[-10445,12829]],[[3627855,4937258],[5523,13016],[19450,10173]],[[3652828,4960447],[4326,-13581],[4720,1442],[5502,-11796],[728,-9686],[3282,-8843],[5630,-1854],[13469,-14386],[9899,2171],[1141,-1480]],[[3701525,4902434],[-319,-4210],[-7070,-9843],[-761,-2233],[-3117,-1133],[-6398,-81],[-3493,-5049],[-1002,-3264],[-15948,-26137],[-8690,-1725],[-5499,4550]],[[3649228,4853309],[3684,10292],[-10100,-1933],[-21211,15036],[-19679,23483],[-488,4022]],[[3601434,4904209],[5573,993],[8091,-7486],[5626,4792],[2805,15501],[11077,-3456],[-1173,10766],[-5578,11939]],[[3648672,5009664],[-6890,-14582],[3441,-6024],[-1526,-11153],[9131,-17458]],[[3627855,4937258],[-2901,7442],[-6787,4092],[283,15763],[-2523,13542],[-5300,3500],[-4939,20684],[-6826,8222],[-10976,-3111],[-3617,27881],[4687,5585],[2167,11376],[6427,-2369],[2556,-14592],[5540,-4375],[8060,4691],[16157,-7221],[2308,10909],[-6427,12010],[5859,16792]],[[3567624,4638944],[6728,5221],[12098,-7465],[5757,4635],[8411,-8051],[14006,2879],[5031,13783]],[[3619655,4649946],[4433,676],[10267,-26369],[4523,-8027],[731,1225],[8574,-17649],[9213,-12900],[4051,630],[8619,-8428],[8046,-12148],[5,-3839],[6854,-1406],[2980,-12214],[6894,-8837]],[[3694845,4540660],[-5465,-565],[-10807,4999],[-10124,-9452],[-8249,-1469],[-10124,6122],[1876,5779],[-7925,10133],[-6934,4219],[-4953,-9943],[-11170,0],[-3437,-7421],[-5981,1281]],[[3704676,5047049],[-795,-13428],[-3376,-6077],[15855,-8492],[-1959,-9048]],[[3714401,5010004],[-234,-1081]],[[3714167,5008923],[-174,-805]],[[3713993,5008118],[-1508,-412],[-4742,2945],[-2168,-899],[1815,-7095],[2500,-1723]],[[3709890,5000934],[-4093,-6093]],[[3705797,4994841],[-180,-267]],[[3705617,4994574],[-1989,-2961],[-1379,-16478],[-4367,-6567],[-5654,1094],[-5735,-5360]],[[3686493,4964302],[-11967,-4613],[-9534,18935],[-65,24827]],[[3751942,5064026],[9268,4737],[13671,2683],[-5894,21035],[19484,14713]],[[3788801,5106258],[1296,-5049],[-461,-2797],[4863,-1117],[1333,3169],[9146,-451],[4700,451],[7326,5739],[9481,-2976],[2010,-4879],[1907,-1568],[3752,-7544],[7055,810],[302,-6996],[-7007,-3495],[-2345,7620],[-3159,114],[-6747,-2680],[-1263,-3164],[-2190,4954],[-1248,-2114],[522,-4154],[-3148,-10119],[-5566,-3874],[-2731,-3068],[-3175,-1734],[200,-2617],[-2208,-3021],[-14536,-1300],[-2810,-11726],[-4018,-9706],[-84,-5880],[-3450,-9081],[1842,-7546],[-2565,-3575],[-10326,-575],[-3411,-5437],[-1006,-3260],[-2929,-1849],[-2392,1593],[-7291,8821],[-1406,2884],[-2528,-3903],[-459,-3798],[-3104,-1466],[-7234,4959],[-3036,-9225],[1199,-2764],[-3225,-1200],[-3571,3775],[-4220,3008],[4779,4918],[-4187,3958],[-7077,2681]],[[3714167,5008923],[-174,-805]],[[3709890,5000934],[3281,-1596],[5022,-571],[1726,-1982],[-800,-4985],[-6307,-3136],[-723,-1913],[-2728,2045],[-3057,251],[-507,5794]],[[3705617,4994574],[167,-4947],[525,-835],[3132,-507],[2048,-2110],[2046,1466],[4294,-3255],[1446,-6392],[-1283,-6016],[1328,-4790],[2085,767],[998,-3147],[-6617,-6052],[-3137,-6013],[-2618,-1970],[-3285,-330]],[[3706746,4950443],[-2572,2061]],[[3704174,4952504],[-318,254]],[[3703856,4952758],[-837,671],[-8414,-3111],[-8112,13984]],[[3723734,4996334],[4059,-4794],[-166,-3068],[1652,-3387],[-2008,-6392],[-1810,7223],[-2650,2684],[-1604,7291],[2527,443]],[[3800938,5021001],[636,-2130],[-1253,-6627],[-1604,1279],[638,5121],[1583,2357]],[[3791170,5025893],[-2553,193],[2724,17460],[3639,-6434],[3618,1154],[-729,-4602],[-3210,-4985],[-3489,-2786]],[[3788079,5048358],[1057,-5465],[-593,-6800],[-1955,2616],[-646,3580],[605,6719],[1532,-650]],[[3788429,5034790],[-1326,-15203],[-1199,395],[-3202,-4259],[-3476,-2627],[411,7142],[2849,6843],[5,8053],[3175,2110],[2763,-2454]],[[3795741,5010331],[0,-4597],[-3575,-11313],[-4981,-2301],[-2408,2684],[4857,5561],[163,5492],[3614,5369],[2330,-895]],[[3601434,4904209],[-4046,5738],[-14325,3742],[-11222,9758],[-4447,8481],[-10524,7862],[-11532,847],[-1895,7077],[-8000,6324]],[[3535443,4954038],[3227,15860],[13215,-3339],[4292,9724],[-2244,14724],[-4340,4060],[-8875,16740],[2776,9061],[-3458,7450],[97,14184],[-3033,12888]],[[3537100,5055390],[8493,17537],[-3277,7720],[2684,24438],[17572,10407]],[[3703856,4952758],[2809,-3497],[-1971,-5595],[-3169,-5678],[-560,-6656],[1127,-639],[841,-6963],[920,-1721],[-1199,-6907],[-1129,-12668]],[[3706746,4950443],[-2572,2061]],[[3972679,3756163],[-2738,-3294],[163,-4483],[1524,-7282],[2492,-6907],[2776,-5680],[1082,-13486],[-2573,-264],[-803,13810],[-2929,324],[-1084,-2749],[-2094,2169],[3379,6268],[-2249,8309],[-366,5808],[-2204,-1078],[-565,-4091],[-2731,-1789],[-3371,-6903],[-4216,-4534],[-487,-4866],[-1566,-1214],[487,-5365],[-726,-4474],[3425,-356],[993,-9236],[4832,-8636],[506,-5110],[3521,-2523],[-4609,-9001],[-3849,8657],[-6467,8245],[-1840,-5241],[959,-3196],[3172,-959],[244,-9208],[3252,-4414],[-2934,-3383],[-642,-7542],[1388,-5892],[-1024,-5545],[1764,-1150],[-2948,-11607],[7633,-20847],[-5491,-3441],[201,7580],[-6297,-10674],[-1893,1211],[-2088,-8305],[1810,-5177],[4944,-1017],[5244,-12400],[-3201,-3564],[-5876,-19707],[-996,-1725],[-3172,2237],[-2964,-895],[-1411,1721],[-2166,-4456],[-2858,-18018],[802,-13696],[-4406,-5949],[-4016,-1147],[-3496,5429],[-4479,-3235]],[[3910181,4147550],[1496,-1548],[4337,772],[1904,2427],[1022,-5555],[4892,-8581],[-1031,-3051],[1590,-3559],[1020,-12055],[43,-10724],[474,-6770],[2104,-13481],[3363,-12601],[6175,-19051],[4383,-14544],[280,-4120]],[[3942394,4035000],[302,-205]],[[3942667,4034814],[-237,161]],[[3408398,5250682],[5413,-9616],[-3764,-8444],[5792,-10490],[11705,500],[4035,-3674],[2473,-14278],[14465,-28299],[2962,-20867],[-8484,-17289],[7705,-16430],[-5043,-7376]],[[3445657,5114419],[-4564,-2213],[-7022,7210],[-8485,18953],[-6193,19728],[-12025,4027],[-2317,-7432]],[[3537100,5055390],[-7988,2082],[-19700,13082],[-6925,-9901],[-7948,1156],[-9997,8600],[-2682,9030],[5608,23317],[-10045,5771],[-4145,-4400],[-24090,5205],[-3531,5087]],[[3717301,3398556],[-2284,-7124]],[[3543061,4858974],[7676,-9994],[14868,-3264],[2626,-7375],[-6666,-8406],[566,-11857],[3878,-8715],[9212,-7144],[-18,-16745],[2886,-7549],[23756,-13095],[9413,-8552],[3233,-6795],[12802,-4765]],[[3627293,4744718],[-7334,-13411],[-100,-15556],[-8694,-782],[-3658,-19389],[4529,-12613],[4367,-3166],[7414,-29196],[-4162,-659]],[[3694845,4540660],[-6065,-17809],[1019,-8633],[2492,-9336],[3204,-9332],[3303,-6715],[4250,-11952],[3611,-7670],[1850,-5241],[5582,-10039],[5539,-8561],[10123,-12663],[13744,-16469],[9474,-9626],[-388,-9499],[2261,-6390],[3453,-7163],[2977,-4654],[-4379,-5248],[3092,-571],[-402,3323],[2064,1981],[3114,-5368],[6751,-9076],[8106,-10222]],[[3779620,4353727],[-10951,-26200],[-6045,2021],[-12661,-6170],[7763,-21377],[-4496,-4643],[-2054,-10375]],[[3535443,4954038],[-7745,-12970],[-3901,-872],[-9606,7193]],[[3649228,4853309],[-7373,-12477],[-38,-4541],[-2053,-10291],[-726,-7926],[-3272,-7269],[-2430,-141],[-2735,-7719],[-6697,-40177],[3389,-18050]],[[3779620,4353727],[11652,-13938],[5459,-8305],[-8671,7286],[-1406,-1469],[3893,-5689],[2332,511],[4733,-4853],[4342,-1794],[3060,-2601],[-1898,-3475],[2533,-4274],[2516,4007],[14313,-22223],[-2856,703],[-600,-8884],[3014,-4538],[6985,-1657],[1810,1977],[961,5624],[-392,3931],[5405,-5667],[5447,-1369],[1793,-7053],[-1162,-4794],[1810,-1985],[3452,1538],[3201,-1790],[5973,-997]],[[2245102,5252503],[9244,-30339],[-991,-1015],[-8935,5450],[-1376,2979],[-2538,10037],[4596,12888]],[[2228530,5467608],[-5756,-8371],[-528,-25924],[-1916,-4707],[-4318,-61],[-1523,-5574],[359,-3640],[2838,158],[-2118,-5287],[-273,-5058],[4751,-12518],[6821,-22152],[1735,-8522],[-603,-3399],[3253,-12427],[105,-10593],[2142,-10143],[2197,-4892],[2556,-2197],[1916,3830],[-3025,11514],[162,10955],[652,2920],[3440,2193],[3819,-4680],[3339,-5872],[-1176,-5280],[1633,-2743],[323,-5454],[2313,-6273],[698,-9784],[1425,-3237],[6141,-5969],[1912,5446],[7755,2068],[3895,6403],[2122,1077],[-995,4553],[3030,-559],[1184,5808],[-358,4592],[1017,2314],[-4438,19449],[10852,24646],[5082,255],[330,5020],[2472,3818],[-1580,5225],[1118,2539],[-3177,21856],[1709,2858],[3573,-645],[1060,-4283],[3869,-3652],[3298,-201],[834,4975],[2378,2129],[959,5707],[4665,1422],[1120,-5006],[2545,-231],[2048,-7843],[1069,8987],[2757,1758]],[[2322017,5424906],[2354,-3886],[178,-2744],[-1767,-5879],[1999,-2901],[1705,-9850],[1117,-13203],[920,-6028],[1348,-701],[913,-8872],[2353,-3168],[-1211,-4015],[1540,-2748],[-5,-3656],[-2951,-9134],[13,-5869],[993,-4287],[-517,-7784],[1841,-3099],[692,-15493],[-1141,-7221],[4059,-3835],[4473,-11231],[-289,-3930],[1308,-3020],[991,-7468],[2409,-1452],[1801,-9953],[-124,-4888],[1311,-10018],[-1377,-2220],[1523,-3081],[392,-7806],[1787,-18081],[843,-1922],[1166,-9208],[450,-11534],[1867,-8047],[75,-6768],[-2809,2318],[-414,-4129],[2676,-8310],[-958,-3692],[1347,-9732]],[[2354898,5156361],[2320,-13305],[119,-3699],[-1728,-2084],[-270,-12124],[-870,-10729],[1917,-29304]],[[2356386,5085116],[-5332,-22660],[-1071,3391],[-4532,-1267],[-174,-2910],[-2896,-506],[-2581,2002],[-1966,5074],[-496,5066],[-4219,7152],[-3582,-2118],[-1384,-7031],[-5770,1193],[-8,-4132],[-1362,-1984],[-346,-4771],[-5040,-4638],[20,-2906],[1767,-4787],[272,-6539],[-4598,-9794],[2579,-1332],[-147,-3606],[2585,-2979],[997,-3543],[2883,-4964]],[[2321985,5016527],[-5948,-13836],[-2378,8531],[-7907,14382],[-2653,5910],[-2042,10651],[-88,10849],[-2567,9076],[-6582,13325],[2252,2283],[2969,8807],[-2,4338],[-1125,4755],[2571,4453],[-3053,1295],[-719,-10610],[-962,-4734],[-1893,-2104],[-4246,2694],[-811,21148],[1400,2431],[169,8432],[2404,2182],[488,3575],[-3661,60],[2614,22940],[-1999,20649],[-13997,36542],[-1117,13999],[-1047,5249],[-5197,14834],[-1755,2472],[-18716,37393],[-15133,1257],[-14562,9007],[-10136,-6283],[-4439,-37075],[-5209,7070],[-5046,4738],[-9147,18772],[-3284,17594],[-14220,21688],[173,12966],[1172,3517],[-1779,5329],[401,6231]],[[2165178,5343309],[1422,6389]],[[2166600,5349698],[1212,6854],[-2614,8871],[-1891,3168]],[[2163307,5368591],[-2081,8149]],[[2161226,5376740],[-36,1092]],[[2161190,5377832],[8676,13077],[-999,25613],[9137,27658],[14133,3533],[13848,31557],[-2141,16174],[16923,9000]],[[2220767,5504444],[9202,-1954],[-1439,-34882]],[[2213290,5218329],[1252,-31085],[-12492,-8550],[3229,10848],[1344,7742],[-182,13515],[548,6022],[-293,8918],[5828,-3678],[766,-3732]],[[2160524,5322413],[2409,10817]],[[2162933,5333230],[748,-6446],[-1072,-7550],[-2085,3179]],[[2165178,5343309],[183,5789],[1239,600]],[[2163307,5368591],[-1628,3514],[-453,4635]],[[2161190,5377832],[-169,16714],[-1009,5232],[561,4180],[-1262,2904],[-2440,-1749],[2321,-5599],[-488,-7702],[385,-10168],[-1215,-2981],[-5645,473],[-3669,-2016],[-5927,4576]],[[2142633,5381696],[-3818,2717],[-5675,69],[-3991,1178],[-3436,2545],[-5914,7446],[-3201,6809],[-2045,2032],[-1846,-1673],[-2477,867],[-3473,4923],[-1581,7861],[1106,5617],[-883,2659],[-3058,1788],[-7810,288],[-6279,3155],[-1929,-1228],[3058,-13048],[3444,-6688],[5681,-4088],[6421,-3228],[7295,-6083],[-1394,-5811],[1042,-5591],[2391,-3128],[3380,-2780],[5678,-1371],[4233,2394],[2866,-114],[12013,-10147],[783,-4566],[2547,-2600],[3300,233],[7378,-4265],[4918,-5018],[1441,-5937],[-3878,-10099],[-3746,-6415],[-3440,-10393],[-8094,-2217]],[[2143640,5317789],[-7171,-7613],[-21192,7189],[-16840,-29097]],[[2098437,5288268],[-25749,42056],[-9266,38653],[448,16820],[-15679,31527],[-11442,7658],[-4846,28644]],[[2031903,5453626],[17559,-8155],[6526,-10612],[27799,-3827],[-7289,32072],[7882,8626],[-201,38348],[-5827,23809],[6003,22026]],[[2084355,5555913],[8035,22441],[24234,1531],[927,-21644],[10064,-14379],[6357,-33208],[16023,9412],[17746,-5378],[529,20350],[22116,22628],[28362,7576]],[[2218748,5565242],[4082,-16394],[-2063,-44404]],[[2160524,5322413],[-3450,1224],[1693,4394],[4166,5199]],[[2099651,5417775],[-109,5142],[4054,1308],[1826,-1662],[-1680,-9975],[1109,-7623],[-7089,3985],[-2069,-745],[-4114,10299],[-1308,6495],[1544,182],[6306,-2726],[1530,-4680]],[[2115944,5395873],[2839,-1308],[2278,-4606],[6143,-7681],[-5482,-1141],[-3610,4069],[-3396,1868],[-90,8775],[1318,24]],[[2142633,5381696],[-3997,-4162],[-6651,5562],[3935,1309],[6713,-2709]],[[2164884,5353695],[-6823,5977],[258,3057],[2234,1294],[4331,-10328]],[[2120622,5380301],[-5285,340],[-1526,1989],[1420,2971],[4581,-3209],[810,-2091]],[[2150031,5374148],[6737,1131],[2524,-981],[1072,-2573],[129,-7296],[-5448,1039],[-6063,-1958],[-1783,3083],[-1544,9262],[4376,-1707]],[[2084355,5555913],[1805,17685],[-15133,44249],[1114,12336]],[[2072141,5630183],[14498,43741]],[[2086639,5673924],[1666,-4507],[-538,-3536],[3323,-1363],[3786,3225],[5319,-947],[1649,-2558],[7315,-3965],[5310,-5171],[5792,-498],[4156,-2615],[6619,-1569],[6155,-2682],[2859,-2451],[6128,-2630],[6634,4376],[11296,18],[3555,1028],[3010,-3094],[1450,1391],[2880,-1565],[2804,3660],[2027,-26],[2831,-2889],[8579,-227],[6624,1451]],[[2197868,5646780],[2450,-39922],[12977,-6309],[5453,-35307]],[[2031903,5453626],[-15834,7876],[-11272,25499],[-16103,370],[-7282,6790]],[[1981412,5494161],[861,12068],[-474,3653],[-2413,4756],[-4982,759],[-6836,-67],[-2658,-987],[-6260,3291],[-1347,3487],[-3892,2979],[-2840,842],[-26937,22125],[-4110,7027],[-3705,9270],[-2808,8502],[3897,5793],[705,4044],[14977,30593],[2584,-2039],[1515,-7063],[2292,442],[3795,-2762],[1476,3370],[-2082,3376],[3447,5087],[1972,-1488],[1424,4521],[4764,8694],[-875,4608],[1059,3979],[-439,5097],[1754,3853],[-1645,5070],[439,3025],[8128,847],[4478,-3275],[3266,4082],[5986,-596],[3902,1022],[1927,-3331],[2328,166],[3850,-2267],[2691,3654],[4382,-765],[356,-1665],[7022,213],[273,7829],[929,3697],[1893,1659]],[[2005481,5661336],[19375,-7521],[6238,-16878],[29345,-12043],[11702,5289]],[[2005481,5661336],[2302,267],[365,4000],[-3185,1657],[-3019,-735],[-2777,1660],[-7439,10762],[-48,11079],[-799,5582],[-3109,5636],[-12276,-7657],[-4586,3123],[-6683,2971],[-1948,3884],[-2085,589],[-6062,11803],[562,6273],[-4855,1235],[-4549,7583],[-3875,4887],[-4814,4581],[282,3924],[-1926,616],[-9875,-5332],[-2107,3012],[-3790,18368],[2326,2571],[1826,9631],[4018,5625],[1417,4775],[-1405,2272],[4702,13402],[1485,2090],[10664,4893],[4489,15738],[1879,3566],[2078,-377],[2872,3485],[5628,257],[-2745,9452],[266,2433],[-3122,4429],[-4622,504],[-1408,2009],[-6623,1568],[1816,2810],[2313,10734],[31386,-37741],[-3279,-6972],[2827,-1409],[8707,3799],[3099,-1720],[-496,-5847],[2504,-3620],[2158,3067],[531,3792],[14487,-8042],[4404,5442],[-1773,3015],[-3850,3312],[-2440,6987],[-2741,14051],[6976,-4105],[1396,-1779],[4375,-1616],[4773,-33905],[13630,-18963],[5207,-1794],[2033,-3408],[3977,1337],[12384,-4268],[3724,-4022],[2774,2524],[-742,6822],[5000,5603],[340,2656],[9766,11954],[1908,-6917]],[[2080084,5791204],[7401,-26250],[-1177,-30870],[4576,-12044],[-2669,-32336],[-1357,-5752],[147,-1140]],[[2087005,5682812],[-366,-8888]],[[2197868,5646780],[16602,3951],[4075,626],[5781,-589],[2170,1090],[1656,-2715],[7982,-2794],[3815,577],[5497,-5573],[3703,1756],[8702,382],[4086,-3948],[5018,2464],[868,2900],[3939,-1638],[434,2006],[9161,2194],[9981,1118],[3476,-1799],[2669,2695],[6141,-451],[5599,-4002],[275,-2579],[4043,-3118],[1191,501],[3809,-4461],[7625,-3881],[2404,1633],[2852,-4977],[6051,-3138]],[[2337473,5625010],[-343,-9873],[1841,311],[1466,-12782],[-11314,-824],[-3821,5684],[-2529,-1601],[-2538,514],[-421,-10413],[2938,-2009],[927,-5781],[-8410,-29478],[-1462,-11438],[-2004,331]],[[2311803,5547651],[-776,-4497],[1240,-7761],[-434,-3527],[-12167,-6647],[-3305,2045],[-1467,-4619],[-5850,-3155],[265,-18637],[-11416,-331],[-4848,3059],[-769,-3222],[-9516,-828],[-1958,-17060],[-3322,-910],[-16507,5833],[-1894,-3012],[-2938,-1071],[217,-3255],[-7828,-12448]],[[2098437,5288268],[1226,-24558],[-5749,-72572]],[[2093914,5191138],[-2088,3665],[-562,6136],[880,6647],[2174,4219],[-884,3834],[-2974,-6907],[-2165,-8053],[-242,-4857],[3291,-5753],[937,-7872],[-1484,-8122],[-3263,-5417],[1802,-1858],[1840,-14331],[210,-8634],[-2851,-5558],[-4859,-3009],[-1488,1850],[-3009,-2740],[-3534,-260],[-4142,2744],[163,3200],[-3895,11820],[-5459,-260],[-2292,4798],[3052,13703],[-2814,-2940],[-556,-5369],[-1405,-3285],[-2975,5778],[-1968,-456],[2894,-9983],[-240,-7930],[-2534,703],[-1884,-4150],[-763,-6076],[2234,-7519],[-11387,3387],[2929,10715],[-2250,1154],[-2853,-2241],[-1965,-3511],[-2252,-11373],[-395,-4923],[-930,888],[-1285,379],[-4613,-1078],[-2174,4091],[-241,4474],[-4164,-2490],[-5391,23434],[160,9109],[-2248,7031],[-2555,4041]],[[2011447,5171983],[-346,3233],[5324,7890],[-99,1650],[-8293,20617],[-132,26701],[-6020,29761],[1620,3875],[-432,2537],[-2722,2204],[-913,3481],[2121,7781],[1721,769],[1003,7241],[-1825,5035],[-3724,418],[-1975,7399],[-2000,3625],[432,14377],[-147,8765],[4250,4153],[1065,5255],[3306,4568],[2310,1440],[-945,3207],[-2284,-1939],[-6990,2930],[-14601,5272],[4399,27605],[2370,5727],[-2528,2492],[-1115,-2917],[-18111,35268],[8811,25667],[7869,7514],[-756,9003],[1993,3451],[-2413,1558],[782,6184],[-1418,1391],[-796,9491],[2586,2975],[-1412,4524]],[[2072467,5123123],[-6223,1851],[29,5867],[-4533,5244],[-1476,6125],[2319,7467],[4467,1826],[2526,-5314],[-2169,-6328],[4533,-8348],[2425,-2392],[185,-3607],[-2083,-2391]],[[2064978,5125351],[-5597,1665],[-929,6464],[889,3706],[5830,-6932],[-193,-4903]],[[2039601,5130683],[-2374,5339],[506,2704],[4029,4074],[-844,-8090],[-1317,-4027]],[[2034728,5121814],[-4336,-7892],[-1885,6312],[992,2050],[1604,507],[2660,136],[965,-1113]],[[2143640,5317789],[-499,-3841],[4363,-2796],[5705,-5797],[1524,-7288],[-2992,-3469],[-3858,3038],[-1956,-1450],[1265,-4024],[-604,-8284],[823,-7840],[3892,-4605],[1062,-2622],[-166,-7528],[724,-7063],[-671,-3992],[5831,-5710],[3669,-11734],[-1222,-3726],[100,-3935],[3782,-6714],[-2233,-13313],[-1543,-4583],[-5385,-7774],[-1272,-4852],[-2797,-1150],[244,-3196],[-5258,-11181],[-4859,2365],[-5061,-6136],[-2572,-9595],[-962,-6767],[-4189,-15997],[-2736,-4423],[-3941,-2270],[-2991,124],[-4578,2433],[-1807,2488],[-1244,4926],[-1767,-1670],[-3248,2756],[238,12396],[4578,4218],[-160,4730],[3247,8117],[-2206,-315],[-1764,-4606],[-884,-5621],[-3493,-839],[-3342,5705],[-1346,-1543],[-7167,28302]],[[2165066,5159746],[-2013,14688],[1081,13471],[4004,7130],[1533,16100],[-953,6167],[-3,14958],[-913,12139],[-4597,2161],[-4205,18793],[9111,9675],[2991,-11221],[541,-3871],[2325,-4315],[2809,-3004],[527,-6184],[2036,-5657],[5731,-9050],[2198,-4484],[-565,-5564],[-1617,-3660],[-508,-4252],[532,-8830],[-1355,-11204],[-782,-10415],[-17908,-23571]],[[2165617,5235781],[-1990,8894],[2660,282],[-670,-9176]],[[2146706,5315112],[14098,-12307],[-2814,-4194],[-2384,14],[-950,4397],[-2434,4848],[-4416,3961],[-1100,3281]],[[2168677,5287889],[-2689,-3867],[-5043,662],[-5093,-2806],[-3068,3453],[-1923,4841],[4190,6519],[10310,-3055],[3316,-5747]],[[2164872,5282418],[-8839,-12709],[127,4622],[-1125,3694],[3340,4508],[3745,748],[2752,-863]],[[2162212,5231312],[3234,-10343],[-4361,4500],[1127,5843]],[[2155556,5180685],[-2356,-8685],[-2023,1976],[4379,6709]],[[2138511,5165780],[161,3405],[2654,4138],[3215,-1485],[-3204,-4293],[-2826,-1765]],[[2147894,5284433],[-610,9344],[1803,-1522],[-222,-6355],[-971,-1467]],[[2151386,5278485],[-1626,-2985],[-2186,4285],[1203,2719],[2609,-4019]],[[2154612,5269439],[-1277,-403],[-1897,5796],[708,6258],[2415,-221],[-809,-6782],[860,-4648]],[[2568136,4215412],[-989,-7902],[-6541,1729],[-1002,3975],[4017,5980],[174,3081],[2485,7176],[1330,1288],[1370,-7263],[1393,-3156],[-2237,-4908]],[[2585760,4216020],[549,-46],[1589,781],[1732,-2552],[-749,-4071],[-3691,-4667],[-1072,767],[-61,10720],[1703,-932]],[[2608648,4218580],[-726,1828],[4031,12836],[-142,11466],[4927,8505],[2056,-6879],[-243,-8529],[-2763,-6242],[-3661,-10458],[-2328,-3764],[-1151,1237]],[[2567824,4237707],[-688,2585],[2584,7721],[1996,-840],[-637,-5617],[-3255,-3849]],[[2597560,4262157],[-1200,-4719],[-3759,-4971],[-1888,-5243],[-153,-3745],[1617,-7153],[-135,-4635],[-1474,-14429],[-587,-1726],[-2102,1488],[-1672,-912],[-2061,1236],[-649,-1769],[355,-5984],[-287,-2752],[720,-2438],[-3569,-3960],[-9278,3477],[-1773,3811],[1170,3117],[-960,5602],[1319,3617],[-238,3420],[-2728,7381],[1634,4421],[3329,5005],[2050,-105],[2287,3621],[-62,3340],[-1710,4401],[3243,1820],[2074,7921],[5705,-480],[293,4658],[3083,3314],[694,4816],[812,858],[653,2799],[929,1039],[371,1546],[1111,664],[1212,4138],[3318,890],[-982,-5768],[1482,-3155],[-2988,-4269],[1753,-6592],[-959,-3595]],[[2551135,4256607],[-1364,-4145],[-2546,-3953],[-2524,-8355],[-6042,-2067],[-2949,-2978],[-1035,-5383],[-2714,-2351],[-2083,-7286],[-2731,4465],[-1602,12387],[756,3403],[5704,2498],[1635,2019],[3896,8921],[1191,4039],[2555,3945],[3985,9067],[3018,4268],[3632,118],[1617,-4175],[-2399,-14437]],[[2603190,4257131],[-571,-4195],[439,-7866],[-612,-675],[-4091,2085],[-1235,-660],[-864,-2423],[-1966,1136],[2227,8338],[5482,5132],[1191,-872]],[[2543105,4466242],[2152,-4774],[2779,-2425],[1060,-3513],[2495,656],[2394,-5853],[2360,-312],[1026,-4766],[2084,166],[1295,6208],[1343,-72],[692,5862],[2559,4269],[1575,5119],[-186,5390],[-1441,5869],[-479,7864],[953,4198],[-657,3593],[1386,3552],[2964,773],[1059,4024],[2661,1737],[722,7360],[-799,6767],[1601,5638],[-1408,3063],[865,4482],[-3329,3830],[-2868,10882],[2169,5392],[2982,3645],[1015,4160],[-2809,9474],[3964,4771],[833,3559],[-2991,4828],[1425,4333],[-1185,2066],[1058,3839],[-3062,2964],[-2808,6983]],[[2568554,4601843],[4048,7569],[5887,2664],[1261,4042],[2843,-5704],[2009,-390],[1643,-4691],[3089,-1970],[3731,1430],[3324,9522],[-1182,6724],[1633,3960],[7177,-5718],[226,-8719],[6608,-6561],[-395,-4989],[7384,-8432],[1204,-4700],[7055,-6418],[-2315,-7865],[3385,-13151],[2909,-8590],[226,-13903],[-640,-2816],[2296,-3130],[557,-3044],[-1196,-6290],[1543,-4974],[-452,-2577],[-5233,-6352],[38,-2936],[6890,-10966],[4343,-1254],[3244,-4702],[3330,2495],[1797,-2815],[2321,-251],[1780,-3037],[-75,-5545],[5679,-11138]],[[2656526,4466621],[-4460,-5512],[37,-5154],[-1505,-2097],[-4669,-1139],[-790,-5992],[6339,59],[2367,-7669],[-276,-6285],[-1463,-4000],[2071,-4351],[3424,-395],[3529,-4628],[4,-3023],[3703,-8728],[1297,-4805],[-1436,-3413],[4335,-5773],[138,-3472],[-2745,-7982],[946,-5919],[-1101,-2971],[2756,-7068],[967,-10459],[-308,-4740],[-2891,-1772],[-1686,-6000],[1076,-4692],[-1185,-4417],[1557,-6894],[3418,-270],[651,-4142],[-5108,-6965]],[[2665518,4315953],[-1037,-5724],[4205,-189],[-1,-4152],[1680,-2428],[3890,-2349],[886,-2386],[-2375,-6991],[-104,-5370],[-1741,-9327],[-1663,-1785],[-2888,-6396],[-6098,-8326],[-3818,-1453],[-650,-4327],[-3045,-6543],[-720,-8541],[-2927,-6499],[-1358,-4681],[-13133,-20262],[-4788,-8441],[-5693,-3641],[-7644,-916],[-4059,2910],[1010,4116],[-1489,5352],[389,8880],[2583,1172],[-566,2803],[1290,4950],[3453,5702],[1271,8838],[-441,9475],[-2600,6910],[1873,3376],[1886,6136],[539,7545],[-4828,-3285],[-2270,-7612],[2159,-8220],[-1909,-1203],[-3554,-7951],[-8,-6678],[-2933,-7708],[-2142,-12275],[1124,-9000],[-2661,-3599],[-2312,-889],[-4571,3005],[-1159,1873],[-347,14212],[1681,13153],[-1175,6421],[699,1643],[4984,-1705],[1082,1011],[247,2453],[-517,6226],[2970,4176],[-4829,1543],[-3208,-322],[1074,7408],[-1652,7127],[2485,3036],[-1329,5014],[896,4002],[-2978,4498],[-908,-4955],[-1577,-4189],[-917,-513],[-101,-1112],[-1178,-1871],[-445,-2030],[-1046,-915],[-707,-4936],[-3440,-3675],[330,-3916],[-5873,570],[-2413,-8236],[-2271,-570],[-794,-2580],[1886,-5801],[-3369,-3140],[-326,7079],[-1873,8483],[2551,11001],[-1206,540],[-3167,-12081],[905,-3901],[-4696,-14578],[802,-2277],[-4392,-7935],[-3894,-10623],[-3786,-1794],[-3468,3174],[-3699,7773],[1271,3358],[4111,2777],[6534,11761],[326,5719],[-810,1694],[-3854,-10489],[281,-2066],[-4328,-4631],[-6237,-5032],[-2412,1957],[-112,2687],[3065,3118],[6613,14193],[2177,7773],[740,9686],[-2171,11004],[2280,6196],[572,6743],[1872,4073],[-112,9446],[-1541,7949],[3100,2238],[1753,7827],[23,3436],[3871,983],[-1210,914],[253,3121],[-1408,1437],[-98,1454],[-1581,117],[-793,2594],[-1560,2150],[-444,-1516],[1457,-923],[292,-1785],[-2837,-945],[-1103,-4591],[179,-5640],[-2554,-4216],[1536,-14297],[-290,-8104],[-2314,1785],[-852,90],[-838,-1152],[-3492,-11072],[511,-4971],[-3918,-3773],[-3095,4428],[-2314,972],[979,-7660],[-1113,-2371],[321,-7162],[-5616,-10606],[-1687,-5371],[-1971,-2621],[-4741,-636],[-2206,-5306],[-4391,-3021],[-4868,-7655],[-4176,12044],[69,17466],[1946,4328],[-1031,4322],[1209,1785],[161,5497],[1287,3388],[-1176,6229],[1487,7133],[851,8519],[1223,5042],[-307,3952],[969,3707],[-1523,5891],[2825,1070],[2032,-3326],[2284,3140],[1689,5616],[-1963,3903],[2241,3456],[1253,8117],[-1001,1843],[402,5683],[3332,6673],[1000,3773],[-1406,9381],[-1224,4683],[4150,2154],[1767,3643],[-25,4113],[1514,2411],[1109,6287],[-1295,6931],[3866,9593],[-704,2759],[-3329,3521],[-488,3883],[3330,-893],[3055,-2424],[2327,4084],[-1404,3389],[-2202,1218],[877,4863],[-1179,2120],[1508,5758],[2237,1984],[3418,-219],[198,12860],[-1131,2848],[225,9239]],[[2616885,4258290],[-1966,5059],[1223,4098],[4585,4730],[-191,-6825],[-3651,-7062]],[[2540141,4271029],[-1282,10208],[2513,701],[1520,-4074],[-889,-4858],[-1862,-1977]],[[2553439,4291834],[-2499,-8066],[-3094,-6553],[-3010,-2214],[-584,3075],[2799,3319],[1334,4565],[-185,4406],[5239,1468]],[[2671269,4274841],[1713,11748],[-84,4665],[2235,6333],[2053,-5283],[-652,-12203],[-4286,-7854],[-979,2594]],[[2675324,4272701],[2012,5934],[1528,8387],[-286,6573],[2605,5803],[7473,-6685],[620,-4619],[-5629,-10118],[-1941,-2262],[-6382,-3013]],[[2560277,4336239],[745,-351],[976,-12],[108,-1591],[1257,-1361],[-452,-3302],[-1776,-442],[-875,-1237],[-1332,-9697],[-3456,-2894],[-1360,5235],[2137,3822],[348,9882],[3680,1948]],[[2551764,4292151],[-3052,113],[2697,8247],[2442,-1921],[-994,-1423],[-1093,-5016]],[[2678283,4293457],[-1504,3978],[-28,4815],[2057,228],[2312,-2456],[-2837,-6565]],[[2354898,5156361],[2334,1356],[2198,4873],[2512,-542],[600,4644],[-259,9391],[1298,5258],[2961,1772],[717,-2203],[12392,-12089],[105,-4833],[2464,-1832],[842,-5712],[1612,740],[3708,7698],[2313,-4871],[2614,-1701],[-893,9321],[2365,8029],[3602,-379],[-101,3718],[-1850,3937],[1036,8335],[5901,-160],[1755,-4236],[2172,442],[1060,3108],[-1806,7647],[3411,-4],[2287,2989],[-1401,12732],[-177,12097],[-2125,3604],[-2429,802],[-303,5568],[-2384,5038],[330,5330],[2326,3461],[-377,4842],[-2580,3747],[-1397,10299],[1324,5734],[-985,9069],[2090,6138],[98,3273],[2896,9398],[-1296,6956],[411,3423],[-1734,1616],[475,6244],[4057,402],[1374,1978],[2491,-1867],[599,-2814],[2547,-3419],[5169,153],[4336,9183],[1604,6707],[2297,3319],[-1098,1885],[1075,6453],[108,6915],[-1403,6155],[189,7874],[-1122,4338],[2574,1509],[1507,4553],[-970,4308],[581,12548],[2220,5618],[-483,2470],[1427,6244],[-1091,7108],[1825,5545],[-2598,5047],[194,2911],[-1782,4057],[933,8658],[-970,777],[-624,9678],[727,6239],[-2644,1917],[-3149,8206],[-655,9434]],[[2424255,5474517],[218,4897],[1491,3007],[6091,-3333],[1392,-2422],[1638,-7109],[1497,-860],[1664,-7027],[4188,-3377],[3879,5183],[2913,-2514],[2111,1748],[1264,5828],[7587,-678],[2173,-1105],[3631,821],[3886,-10824],[1937,-1397],[4028,1373],[3838,2711],[3304,-288],[2556,-3102],[5134,-285],[2159,-2066],[1098,-3926],[4681,-219],[1921,-6812],[2365,-1012]],[[2502899,5441729],[-821,-2534],[349,-6752],[1519,-5392],[-1519,-2821],[1203,-4535],[-2089,-3981],[-848,-8015],[-110,-8586],[-684,-2093],[-3106,-573],[-3740,5186],[-2302,-4910],[1068,-2534],[906,-14236],[-680,-7254],[-2519,-2072],[57,-9101],[622,-3289],[-1056,-5506],[-4326,-5263],[829,-5250],[-1641,-949],[2971,-8389],[-4,-5381],[1624,-633],[1033,-4381],[-376,-11489],[1907,-2513],[-92,-2986],[-2881,0],[2095,-6381],[572,-8030],[-2882,-3423],[2000,-9037],[-21,-5272]],[[2489957,5273354],[3957,-20162],[-3118,-1575],[29,-4279],[2982,-17834],[968,-2225],[-3807,-10783],[1893,-17203],[-194,-7854],[560,-7291],[-3405,-11452],[1063,-13063],[-3501,-10954],[2407,-31284],[3471,-7500],[5710,-5237],[218,-5161],[1354,-4696],[-2140,-2467],[-387,-7740],[-1404,-3890],[1162,-2503],[-4162,-17792],[932,-1964],[-4767,-5610],[1319,-2496],[7114,-712],[665,-2176],[-581,-7895],[2468,-6912],[-883,-9108],[-2467,-5468],[-3109,-867],[1391,-3966],[-6152,-12469],[2676,-11181],[2572,-4447],[-1810,-4701],[1175,-5357],[2826,-4295],[280,-2308],[-3543,-9251],[-5511,-1084],[-977,-2082],[-9012,-4120],[-2185,1262]],[[2476034,4953202],[262,2036],[-2450,3708],[942,3382],[-2943,10293],[-5195,-1922],[-1919,11072],[-2296,6408],[-2536,4172],[-17,2291],[-5051,577],[-1166,-951],[-114,-7720],[-3015,-3145],[967,-2490],[-540,-7424],[2531,-4527],[123,-4667],[-4829,528],[-2765,-2220],[-3138,-341],[-1666,3878],[-2032,1464],[-7300,-1866],[-1465,6048],[-6621,-1517],[-1001,4547],[-3145,45],[-3363,2849],[375,3183],[-3751,3156],[-3179,-2729],[-1500,1563],[-1449,10372],[-1063,2778],[731,6218],[-1851,13198],[821,4712],[-3185,-793],[-4900,-3047],[-1850,2473],[-2056,-1055],[-2161,4040],[-3322,2505],[-2284,36],[-5848,-6290],[-2525,3367],[-2600,236],[-2688,9595],[-39,4766],[-2793,2651],[-1592,-1322],[-2632,8383],[-1559,522],[-2886,9353],[-1516,9004],[-893,8716],[-823,2248],[-888,9567]],[[2502899,5441729],[1391,2014],[1262,10311],[1951,2814],[1129,7382],[3512,8172],[1639,7065],[-267,6740],[806,6011],[1614,1170],[1361,9070],[1442,1613],[1482,5510],[-16,7924],[2747,916],[4523,11325],[1227,4382],[-1123,6914],[2664,-101],[2918,13627],[5239,3493],[2995,7568],[742,6097],[-518,3468],[5890,1671],[2360,6729],[-820,3404],[1274,8296],[1809,4443],[3324,4174],[1634,5695],[-685,4988],[615,3189],[2203,2922],[1563,4910],[235,7274],[-994,8150],[-12271,7287],[-2880,4903],[815,7918],[2108,7821],[2571,6419],[314,5884],[2120,1372],[1493,6161]],[[2554297,5688824],[847,3009],[5811,2595],[3814,-199],[2063,1677],[2019,4851],[-17,2769],[2009,3144],[3689,249],[-320,3743],[3157,2988],[2087,9287],[5062,6015],[1084,2899],[3912,2489],[570,9087],[-1333,1960],[-2026,12734],[3784,6013],[3670,2147],[6732,11745],[2562,7084],[-2022,2951],[-4378,1203],[656,4265],[-761,4974],[411,3959],[1938,3910],[-2686,3369],[1031,1982],[-238,9111],[602,12077],[-3132,2462],[706,3004],[-2992,7975],[3966,7028],[-589,3657],[2577,2193],[1727,4339],[-503,3980],[3280,4938],[2966,1282],[2090,4783]],[[2608122,5878552],[2258,-970],[90,-3178],[4402,-674],[3347,3560],[9066,4152],[347,2647],[3617,3352],[3348,10588],[3256,3754],[2441,-2707],[3888,-327],[1806,4506],[471,4498],[3532,4563],[4580,-3620],[2799,2917],[2061,11459],[1437,768],[1921,5469],[2988,-839],[4094,749],[6884,5825],[834,3798],[5883,11881],[1065,4491],[5991,5817],[6283,4115],[3006,338],[4142,4324],[4285,-686],[3414,3074],[4113,81],[3292,-1500],[3716,2784],[8095,-622],[993,-1800],[6811,7625],[1540,4288],[8890,-929],[623,2177],[4637,-2944],[4602,-1421],[3721,-6791],[1976,-5685],[2852,-2207],[-658,-3516],[-2449,-2378],[348,-2923],[3520,-3054],[5684,-1194],[5218,-3603],[5549,-7179]],[[2784731,5941405],[-1557,-5553],[-2373,-2825],[-3823,-2128],[-4204,3237],[-3255,-1450],[-1504,1701],[-6252,-261],[-3846,-2121],[-4545,1277],[-2085,-5787],[-2193,-1319],[-4806,2298],[-5860,-1489],[-1578,-2426],[-4224,2128],[-4437,-1489],[-5308,-378],[-1849,3462],[-2419,-141],[-4822,2090],[-2560,-4734],[-5083,-900],[-866,-4314],[6242,146],[737,-3864],[-3515,-3173],[452,-5094],[-3614,1918],[-1318,-2937],[1807,-6411],[-188,-4075],[-3727,-1618],[-1220,-5198],[-3561,-1154],[-5459,-3656],[-1999,-11287],[4607,-2515],[670,-6285],[1673,-1918],[602,-5220],[2142,-3622],[-1707,-4212],[-5218,73],[-2354,-1022],[-4268,475],[-3354,-1323],[774,-5658],[-1319,-3604],[-114,-5065],[2809,-1323],[2134,-4518],[3313,-957],[1290,-6068],[-1921,-9216],[3727,-3285],[1548,-2920],[-1376,-5795],[3425,-2266],[-559,-4349],[1061,-6707],[2064,-5065],[-2265,-6727],[-3411,-1166],[-1118,-12182],[-2609,-3285],[2322,-2418],[1720,-9034],[-860,-4973],[4988,-5885],[3039,-502],[1376,-3605],[-660,-8454],[-2610,-4671],[-1626,-174],[-4662,-3661],[-1616,1663],[-2939,-7177],[-9510,7877],[-1231,-2831],[659,-16973],[-411,-25429],[1356,-6871],[1870,-2602],[111,-8844],[2392,-5974],[2171,-2577],[1637,-7338],[1601,-3790],[313,-5638],[-846,-8082],[-3777,-7461],[-2258,667],[478,7848],[2392,1698],[924,7021],[-2759,3295],[-1546,-1713],[359,-7907],[-4333,-3778],[-4832,-23],[-3394,-4818],[-4074,-320],[-1465,-3033],[5951,-9192],[-1054,-8695],[2209,-8643],[1757,-3196],[-853,-3276],[1004,-3355],[3321,542],[2050,-4617],[5116,-1909],[1583,2906],[3836,-1011],[2936,-8091],[-1252,-4846],[1992,-3804],[6032,-6250],[1828,133],[-1145,-7696],[1451,0],[2962,4018],[4222,2461],[2447,-2355],[3500,2174],[3663,-861],[5941,4099],[1235,-3334],[2812,-767],[2005,-4543],[2581,1904],[4862,-4538],[1591,2133],[3626,-3780],[1253,-5890],[-5401,-3372],[959,-4393],[-3331,-3337],[828,-4135],[3125,-300],[-699,-7238],[-2539,-3308],[636,-3726],[7933,-8417],[425,-1897]],[[2745862,5491266],[-3436,-1835],[-5160,1999],[-1508,-597],[-3763,-8240],[-1650,1494],[-4369,-1545],[-6424,-11186],[3822,-4853],[3754,3148],[3490,-1474],[1203,-5757],[-812,-2882],[1842,-6412],[-108,-4121],[2918,-4045],[313,-4712],[-2143,-1161],[-2262,-9983],[-2543,-4091],[-1624,27],[-3264,-4739],[-32,-9292],[-1868,-1564],[-2447,-8395]],[[2719791,5401050],[-2069,2669],[-676,4496],[-4683,3953],[-3347,-1749],[-2913,-8422],[-3502,2069],[-7421,194],[486,4392],[-2015,2849],[1457,6501],[-2646,298],[-2864,-4288],[438,-4598],[-3108,-811],[-1626,-2511],[-2162,-8855],[-226,-5052],[-3839,3244],[-600,-4757],[286,-6344],[-4208,-3773],[-1840,-10077],[4432,-9047],[-1955,-4705],[2782,-5100],[-654,-3992],[704,-8484],[2028,-1036],[1277,-8529],[-1821,-3055],[893,-2865],[-1036,-8036],[583,-7417],[-1209,-5641],[-160,-7924],[340,-19016],[-1453,-2366],[-4729,-2151],[33,-7578],[3141,-5327],[703,-5306],[2779,-5493],[2149,-6185],[-1828,-2824],[-1535,-5240],[745,-5814],[-1030,-3325],[604,-5603],[4439,-9319],[-2348,-3085],[277,-19147],[866,-1857],[-338,-7731],[2146,-5992],[590,-3952],[-854,-6535],[1054,-4015],[-2374,-14653],[-817,-1857],[-5152,-2683],[-2461,1146],[-1548,3765],[-2326,2455],[-4310,852],[-3158,2216],[-5204,-327],[-2478,1753],[-3089,-1333],[-9185,137],[-6173,-2274],[-2801,-3073],[-1720,-4416],[-4852,-8779],[-2258,-1558],[1781,-4296],[-1049,-3738],[-3897,-5103],[-474,-9190],[-1880,-5683],[-362,-4913]],[[2618541,5095234],[-1151,1551],[-1011,6668],[-2068,3686],[-5316,3218],[63,6098],[-3592,3871],[-520,4052],[-3746,6613],[148,3903],[-4171,3270],[-3723,-539],[-1988,-2586],[-6795,-1621],[-1919,1288],[-4334,-12],[-6559,4762],[-6694,-2532],[-3694,-2978],[-8595,6784],[-6994,-5320],[-4590,-27],[317,-7047],[-4591,-809],[-3533,4955],[-4903,3055],[1564,19512],[-1468,3363],[910,5903],[1574,1278],[-1308,6641],[303,4638],[-799,4367],[-3398,-2978],[-2022,-34],[-1836,2827],[-4336,2479],[-2474,5956],[-2473,16876],[2172,2225],[-645,5922],[946,1985],[-946,4690],[1935,6640],[-495,7463],[-1656,4724],[-1355,7017],[-2947,6379],[-1892,8374],[-2086,4177],[-5420,1471],[301,5580],[-1161,4279],[-4839,-4895],[-4774,958]],[[2894411,5483145],[-8068,-1540],[-7673,-3201],[-4373,-3736],[-961,-2199],[-4643,-2384],[-3848,-603],[-1347,-3036],[-4182,-4975],[-6695,-4149],[-397,-3251],[-3565,-2468],[-2220,-5198],[-6587,-319],[-3089,-5990],[-3309,-1327],[-2442,1115],[-6848,-630],[-2153,-3079],[1307,-2715],[-5603,-6429],[-3463,989],[-6578,-6277],[-3447,1227],[-8582,-6338],[-2649,744],[-3039,-1697],[-3085,-4733],[-7123,1523],[-1014,7973],[-2843,3096],[-1506,-638],[-6408,1174],[-3493,1930],[-6937,1643],[-820,3446],[1992,3009],[2677,-1187],[2924,1483],[2465,5498],[574,3736],[-1674,5752],[-2510,712],[-221,7172],[-807,3086],[2627,7047],[-1607,3631],[-5197,-1715],[-2929,-2941],[-2743,-518],[-4911,1203],[2331,4496],[-1569,14942],[-2288,4767]],[[2784731,5941405],[5024,1754],[1902,-1863],[2253,4870],[190,2906],[-3680,4935],[-338,2458],[-2679,3368],[-367,3422],[-3480,4882],[-2366,5806],[-2943,2164],[-757,3977],[-2604,4828],[-178,3938],[-5687,8393],[686,4674],[1661,3906],[-1542,4582],[-242,5269],[-1869,4518],[2468,2369],[1828,5848],[4689,1091],[3452,10711],[4113,1887],[2603,-2073],[974,7648],[5579,4464],[7540,10326],[1166,2753],[4912,2448],[2052,-4098],[4026,-1900],[1760,2435],[-1401,10390],[2698,7591],[-3673,8829],[-2276,3239],[-910,8010],[3333,6172],[-1015,5377]],[[2813354,4636895],[-2508,8434],[-2750,6216],[-4200,481],[-3157,-1416],[-5283,301],[-5186,3024],[-2149,-1884],[-1797,7589],[-3747,10257],[-1770,9031],[-2949,2912],[1423,3182],[-782,2692],[-3555,4049],[168,2138],[-2303,5844],[1016,3343],[-2202,5016],[1931,2858],[-2643,3451],[746,1996],[-3965,6746],[-3879,3790],[-763,6633],[-2084,5581],[229,10678],[1158,1288]],[[2762353,4751125],[1776,-3212],[3205,3975],[-1037,2794],[1310,2868],[6845,6480],[594,1577],[-2917,5208],[-5975,7089],[2265,3825],[155,3817],[4588,4784],[739,3894],[3034,4162],[2994,2055],[-118,5605],[3317,233],[4266,3414],[3282,83],[-1151,5472],[3499,4405],[-1767,3021],[1233,5185],[-573,10767],[1556,8080],[-1225,4774],[2368,1500],[3888,-1125],[1045,-5127],[168,-7418],[4261,-2565],[4695,1619],[3499,6949],[3282,1487],[1348,-5762],[2567,-1715],[1990,-4062],[4294,1151],[1029,2094],[3117,-3214],[-590,-2453],[1833,-4865],[4397,-413],[-2929,-10340],[-31,-4806],[4171,-4901],[2046,-3850],[3304,-232],[4385,-2285],[6691,636],[2011,-2435],[3075,1392],[2331,-1739],[-272,-5807],[1251,-4690]],[[2894242,4122771],[229,3835],[-2001,7237],[-2635,3360],[-1684,-57],[-2303,8228],[-2414,5707],[-2232,2728],[3,2736],[-2819,8722],[-2868,3906],[-609,3302],[-2330,4686],[-2857,2744],[113,4846],[-2610,-513],[-2046,5711],[-3289,571],[500,7588],[1170,1881],[-1506,3632],[-811,9483],[-2554,6180],[-170,6392],[1753,3522],[-1493,6117],[928,6385],[2178,1715],[-1669,4631],[113,2746],[-2601,4681],[-922,3910],[5559,2706],[3520,-1894],[3770,2695],[2754,514],[5228,-883],[3176,-3880],[1320,2188],[4640,3231],[297,6108],[-1374,1114],[-3418,6437],[282,3344],[-3606,7086],[-4739,3062],[-274,7199],[-1126,8228],[-1820,-2161],[-4382,955],[-937,3911],[-4632,3973],[-744,2330],[-390,7859]],[[2859910,4323505],[-4545,-4191],[-3355,3118],[-1590,3645],[-4612,1749]],[[2845808,4327826],[-477,4545],[-3906,-1474]],[[2841425,4330897],[-1382,7458],[-2700,1774]],[[2837343,4340129],[-3881,10002],[-1173,229],[86,9779],[-4637,2672],[484,5251],[-2561,1223],[-1616,6505],[380,7249],[-960,3722],[-2329,2870],[3666,11922],[-575,3974],[1367,5425],[2458,2334],[-1467,2933],[-1090,5930],[1019,5516],[-1875,8438],[1911,1217],[-505,5809],[-1960,5506],[-2843,4414],[-756,3842],[404,5060],[-1594,4260],[1383,8750],[-4078,4138],[-1772,4515],[243,2892],[-1285,5149],[864,5608],[2106,776],[799,3442],[-3702,1319],[-377,-5890],[-2121,-3523],[-2252,-6919],[-142,-2940],[-3969,2882],[-2434,-4500],[-1214,-5194],[-1913,-88]],[[2799432,4476628],[-2087,2173],[751,10572],[-3282,6009],[721,1963],[-2182,7156],[1006,4891],[2561,4590],[-776,7037],[-1946,2127],[-162,4209],[-4498,11227],[132,6537],[2185,3185],[132,2599],[3001,7124],[2001,12530],[-3133,3185],[-3518,5168],[1497,6179],[-2139,9019],[-1604,3476],[-1586,-1664],[-765,-4542],[-2759,2311],[-155,5980],[-1309,4439],[-4174,331],[-759,4560],[-2068,3760],[1461,6506],[714,12112],[-619,4979],[-3467,7141],[-341,2890],[-5013,-2357],[-2226,199],[-1680,-3223],[-2809,-2427],[-3348,388],[-3245,4011],[-2222,281],[-2821,-4745],[-4338,7413],[-2197,7304],[-2266,2290],[-1815,4071],[-1091,7496],[6024,1079],[-641,5992],[-1769,1498],[-1506,4435],[1660,6475],[3625,-926],[1816,4179],[-3167,2565],[-4980,-1924],[-1324,12324],[173,3116],[-2888,3094],[-3077,4922],[275,6571],[2961,7441],[-4558,3894],[-3253,17360],[-172,5074],[-3231,4070],[-1702,4055],[2391,4834],[-4152,5564]],[[2719699,4772780],[5195,1223],[2403,-821],[2887,2057],[2360,-2890],[3658,310],[2647,-2681],[2108,-4315],[1932,3348]],[[2742889,4769011],[365,4245],[3081,4923]],[[2746335,4778179],[2916,-8847],[2846,-445],[3699,-2702],[1607,-3667],[1847,-602],[2784,-7589],[319,-3202]],[[2618541,5095234],[-213,-3601],[-1920,-7415],[1044,-4270],[-1129,-3371],[-4405,-270],[170,-4719],[-3615,-3955],[-5110,-7820],[-1356,-4180],[-3162,1438],[-11408,-7865],[-2544,-6158],[-13162,-5341],[-1710,-7419],[97,-4673],[-951,-7522],[806,-7985],[-693,-4454],[254,-7124],[1209,-5046],[2782,-1169],[558,-4684],[2286,270],[3630,-2734],[3230,1425],[4509,-468],[1905,-4864],[-539,-8240],[395,-4407],[-2588,-1087],[-468,-7324],[863,-3262],[-2516,-4160],[842,-4425],[3004,-1824],[-173,-5163],[800,-4016],[4123,7575],[-138,2392],[4345,995],[4941,4245],[3368,-1698],[6261,7775],[2946,4437],[3456,-4169],[3733,3025],[1548,-1332],[3016,3217],[1500,3796],[2195,1935],[5410,-197],[4614,-1364],[2682,-7350],[-1338,-8875],[-1394,-2355],[556,-5939],[3567,-3883],[2108,1128],[2759,-1766],[4689,-6652],[-23,-2856],[1764,-4347],[-910,-2672],[3081,-9125],[205,-4081],[-2605,-2808],[1477,-7248],[-146,-3264]],[[2657053,4895891],[1482,-290]],[[2658535,4895601],[488,-1671]],[[2659023,4893930],[2832,-9695]],[[2661855,4884235],[591,-5525],[3528,-3144]],[[2665974,4875566],[-136,-2339]],[[2665838,4873227],[-3198,-6360]],[[2662640,4866867],[381,-3870]],[[2663021,4862997],[-9,-3]],[[2663012,4862994],[-2275,-962],[1354,-4911],[-2256,-7556],[1719,-1429]],[[2661554,4848136],[1057,-9838]],[[2662611,4838298],[1133,-4096]],[[2663744,4834202],[1049,-5547]],[[2664793,4828655],[-426,-3300]],[[2664367,4825355],[0,-6]],[[2664367,4825349],[-2618,-860]],[[2661749,4824489],[-313,-5071]],[[2661436,4819418],[-1352,-1783]],[[2660084,4817635],[-916,-1207]],[[2659168,4816428],[1614,-6066]],[[2660782,4810362],[-325,-1119]],[[2660457,4809243],[-1438,-4954]],[[2659019,4804289],[-1277,-2574]],[[2657742,4801715],[-367,-553]],[[2657375,4801162],[-3110,-4692],[1538,-1956]],[[2655803,4794514],[-540,-8287],[860,-1736]],[[2656123,4784491],[1046,-2112]],[[2657169,4782379],[-1224,-2219],[1544,-4781],[4698,-4783]],[[2662187,4770596],[1847,-4051],[65,-6838],[1274,-4535],[2634,-5395],[237,-9930],[-3324,-9415],[371,-5866],[-1757,-589],[-2487,3066],[-1566,-947],[-3659,3098],[-3755,-857],[-1968,-2917],[-1684,838],[-3756,-2341],[-3702,2941],[-6440,1688],[-3288,-2869],[-1888,2546],[-3092,-1032],[-4554,-11500],[-1748,-1931],[-3880,1534],[-4206,-4735],[1123,-10232],[-2753,-491],[-3198,-2369],[-850,-2872],[-3547,-250],[-3061,-4951],[859,-6988],[-1627,-2859],[-5362,-305],[-2135,-4854],[-3295,5267],[-618,4462],[-2866,4260],[-2984,2399],[-5033,-289],[-6982,6676],[-2016,-1537],[-4116,-199],[-2524,1209],[-1081,-2649],[-3402,-63]],[[2556393,4693924],[-2802,8393],[1870,3379],[-3163,7362],[-5254,6655],[-717,3129],[-5451,-345],[-1366,5033],[-3202,7461],[-952,5828],[782,2305],[4382,1703],[-510,7507],[-1292,1355],[-1402,6544],[-5063,6766],[-1488,6434],[-2801,2267],[-2784,4391],[-2831,6392],[623,8444],[-1225,1706],[153,6011],[-1914,6296],[-3727,18482],[3114,3940],[-1537,10456],[-2699,1121],[-3063,9139],[-995,5565],[-2119,5362],[709,6693],[-3917,3109],[-1121,8855],[-2263,2644],[-171,6565],[-1034,6344],[-1867,1307],[-2276,6519],[-201,5730],[-2236,-960],[-1618,5018],[-1779,1331],[-1942,6145],[-1185,7575],[-1798,4112],[-2686,837],[-1257,5371],[-3582,-2024],[-4253,639],[1320,5989],[-1495,3137],[1726,5261]],[[2719791,5401050],[-3374,-3176],[-1799,-5482],[-2787,-2297],[-1154,-7963],[-1958,-3998],[-2722,-3057],[-2103,-4929],[585,-4369],[-1549,-1213],[-2630,3410],[-2400,-3818],[3180,-4404],[-1505,-4211],[532,-6707],[-1673,-8205],[-1820,-2434],[109,-5910],[4107,-5243],[790,-3610],[-997,-2612],[4171,-5056],[5098,-1553],[2399,1291],[1984,-1176],[9432,2752],[7902,4760],[2567,-4103],[4457,-4547],[4321,-3088],[4529,1344],[3236,-3845],[-932,-4278],[-3033,-6204],[-698,-6511],[-5578,-5159],[-6195,2280],[-2781,-3811],[-6177,-3120],[-3126,2320],[-3375,135],[-2699,-3631],[-7874,2332],[-4717,-5232],[-1901,-3311],[2910,-6793],[535,-8272],[3798,-8265],[1768,-1887],[-776,-6793],[4033,-3815],[213,-5634],[-1306,-2081],[421,-12016],[1265,-1342],[4867,732],[2045,-1124],[1216,-4880],[3047,-5077],[2684,-10739],[276,-11723],[6142,-2013],[1581,-3979],[7146,-357],[1662,-3348],[5814,99],[2135,-1295],[1178,-3196],[813,-9599],[1173,-691],[4413,-9758],[1212,-5187],[2871,-5614],[-1458,-2254],[2952,-3203],[2048,-12473],[-4345,-294],[-2918,3876],[-5229,-7727],[-2746,-1723],[-1766,3192],[-3517,-2140],[-4691,-10219],[-3946,-4388],[-1212,-3215],[-4935,-1500],[-11469,-5307],[-7500,-647],[-703,-2840],[1533,-6036],[-5242,-3918],[869,-4087],[19,-8432],[2656,-11149],[-310,-2837],[1516,-7639],[2801,-3871],[1158,-6091],[-1960,-2334],[-2492,1143],[-6277,-8],[-3250,-2589],[-1340,-2586],[1128,-7004],[-1805,-3672],[524,-8591],[2078,-720],[3222,-5616],[2504,52],[4337,-3731],[2848,300],[1607,-2421],[3722,2075],[590,-3824],[3374,-2360],[3723,2868],[1491,-5304],[2582,964],[2295,-3328],[4,-5289],[-1369,-1722],[437,-6616],[-3811,-1132],[-1217,1415],[-3193,-2317],[-1441,-3918],[-1074,-13798],[3008,-6864],[5487,-1806],[551,-11524],[-1265,-2392],[-2271,888],[-2032,-1905],[-2325,-7580],[973,-12406],[1827,-2353],[281,-5963],[1837,-3448],[3014,-10906],[-5593,-6432]],[[2729063,4881088],[1511,2069],[-9343,12960],[-10659,8145],[-8819,-4986],[-2641,-7378],[-4433,4694],[-5147,-1166],[-7556,4311],[-4347,-4464],[-1060,-9127],[-7807,3436],[-4231,11167],[-2631,-2454],[-4636,2515],[996,-5155]],[[2658260,4895655],[-1207,236]],[[2719699,4772780],[-5266,570]],[[2714433,4773350],[15752,1890]],[[2730185,4775240],[6968,-2117],[3653,-5737],[2083,1625]],[[2661855,4884235],[671,-4639],[3448,-4030]],[[2665838,4873227],[-2818,-10219]],[[2663020,4863008],[-380,3859]],[[2663012,4862994],[-2007,-1934],[1082,-3922],[6,-15],[-3,-6],[-2152,-7207],[1616,-1774]],[[2661554,4848136],[1907,-12912]],[[2663461,4835224],[-850,3074]],[[2663744,4834202],[1049,-5547]],[[2664367,4825349],[-2672,-1738]],[[2661695,4823611],[54,878]],[[2660084,4817635],[-690,-1929],[1332,-5132]],[[2660726,4810574],[-1558,5854]],[[2660457,4809243],[-995,-4934],[-1720,-2594]],[[2659019,4804289],[1438,4954]],[[2657375,4801162],[-1572,-6648]],[[2655803,4794514],[594,-2630],[-274,-7393]],[[2657169,4782379],[172,-4638],[3090,-5358],[5102,-2021],[2969,-2101],[3219,935],[1438,3670]],[[2673159,4772866],[-1338,-5646],[-2248,-146],[-3946,3014],[-3440,508]],[[2729042,4880896],[-2638,-3725]],[[2726404,4877171],[2638,3725]],[[2724486,4858310],[232,340]],[[2724718,4858650],[3,-143]],[[2724721,4858507],[-235,-197]],[[2717120,4855794],[599,1426]],[[2717719,4857220],[-599,-1426]],[[2717719,4857220],[5286,-157]],[[2723005,4857063],[-5286,157]],[[2735261,4825926],[-2610,5051]],[[2732651,4830977],[2610,-5051]],[[2732627,4831007],[-6870,-522]],[[2725757,4830485],[6092,1514],[778,-992]],[[2745026,4806515],[-1318,-3146],[-3000,-1744]],[[2740708,4801625],[4318,4890]],[[2744060,4808891],[-1291,2500]],[[2742769,4811391],[1291,-2500]],[[2734708,4793872],[2410,3689]],[[2737118,4797561],[-2410,-3689]],[[2744613,4787804],[-4932,613]],[[2739681,4788417],[4932,-613]],[[2698243,4774731],[1023,1031]],[[2699266,4775762],[5127,-1625]],[[2704393,4774137],[-6150,594]],[[2697448,4769536],[-1234,-837]],[[2696214,4768699],[1712,3963]],[[2697926,4772662],[-478,-3126]],[[2660213,4889856],[-1190,4074]],[[2659023,4893930],[1190,-4074]],[[2726331,4877131],[-1866,-2733],[1443,-5920],[1910,-4253],[-779,-2152]],[[2727039,4862073],[-2589,12338],[1881,2720]],[[2722250,4844174],[3433,-7261]],[[2725683,4836913],[-3433,7261]],[[2739206,4788676],[-3476,1577]],[[2735730,4790253],[2339,-395]],[[2738069,4789858],[1137,-1182]],[[2747012,4779817],[-677,-1638]],[[2746335,4778179],[677,1638]],[[2673159,4772866],[3526,1086],[10437,-2884],[6766,-6688],[724,726]],[[2694612,4765106],[-203,-989]],[[2694409,4764117],[-2316,-10],[-4970,6953],[-1780,-1338],[-5983,3419],[-6201,-275]],[[2894780,4083736],[-2558,-1484],[-1216,1924],[-4632,1605],[-2064,-573],[-4880,7503],[-904,6457],[-2106,3422],[-8522,-5514],[-4401,2007],[-1934,-14230],[388,-8053],[-3134,-1315],[-785,-3569],[1149,-2989],[-4390,-735]],[[2854791,4068192],[-342,4699],[2048,8260],[-2944,7927],[1649,2824],[-765,4380],[1539,6553],[-274,7563],[-1196,3096],[3179,4782],[-1523,4082],[-1486,-2233],[-322,-3890],[-2249,822],[-3474,10623],[908,3055],[-1211,7921],[1928,2685],[-401,3711],[4053,3383],[-1202,5881],[-3253,7606],[2450,5812],[-3405,11923],[233,5913],[-3105,17157],[1902,2785],[-161,9847],[-2853,9140],[-7716,8172],[-4200,16551],[70,3269],[2050,1153],[2284,4789],[2778,14642],[517,9523],[-591,5465],[-2137,5689],[1522,6484],[-1605,5576],[1283,4005],[-563,6396],[2613,328],[1810,7195],[2849,1996],[3715,-13],[2667,-5253],[3668,-2322],[1816,814],[2566,4547]],[[2845808,4327826],[-3322,-1752],[-1061,4823]],[[2837343,4340129],[-717,-13775],[1431,-6256],[-8865,3445],[-2934,-1397],[-5317,780],[-7275,-5554],[-1434,1682],[281,5728],[-1050,3068],[-2088,15850],[-1724,-2369],[-1890,3388],[-2329,11253],[0,2808],[-3370,13043],[-2734,6387],[83,4730],[-2964,1525],[852,12013],[-331,6140],[-1258,1795],[-401,6019],[-2095,1790],[-1246,-6709],[-3766,7663],[-2136,2148],[-2160,5480],[-3692,2565],[2887,4444],[242,4597],[-3813,7730],[-7988,8637],[-1905,7324]],[[2767637,4456101],[-425,1459]],[[2767212,4457560],[-850,13858]],[[2766362,4471418],[-721,5480],[887,3053],[-225,5235],[7058,3876],[2065,-2679],[2145,739],[2615,-6419],[2992,-776],[3944,-6853],[796,-5773],[2794,881],[1352,3492],[2880,70],[4488,4884]],[[2828020,4316742],[6778,-2379],[2236,-3660],[-3077,-10003],[1138,-4404],[-2029,-5570],[-1127,-6198],[927,-8773],[-801,-1151],[-4011,1785],[-2530,4675],[-725,4218],[-2291,2506],[1887,4388],[-3130,20969],[4455,3264],[2300,333]],[[2766806,4445442],[389,777]],[[2767195,4446219],[-389,-777]],[[2766311,4462427],[31,570]],[[2766342,4462997],[-31,-570]],[[2556393,4693924],[423,-5870],[4092,-3263],[1664,-5766],[-966,-5125],[-2660,-707],[-3675,-3364],[1722,-7076],[2793,-5692],[1365,-9603],[-4017,-199],[-1431,-4525],[3610,-7565],[3663,-1886],[-3047,-14809],[2285,-1689],[3913,-13175],[2427,-1767]],[[2543105,4466242],[-617,8249],[-1561,3884],[2150,6037],[2463,4376],[-2785,3686],[-503,3982],[-2041,4877],[1307,4456],[-2367,4283],[-3413,3762],[699,5800],[-776,11593],[-4101,11620],[3857,6405],[83,9076],[-3055,8820],[563,2552],[-3494,7989],[843,3137],[-2048,4282],[-2526,-831],[-5385,777],[-380,7577],[2112,-1008],[4134,1342],[803,4470],[-523,5437],[-4095,580],[-2372,10477],[-2248,2642],[-4419,9762],[1007,3000],[-2164,15409],[-1610,4153],[-5057,6018],[-408,2163],[4578,1530],[-4739,11254],[-1932,1697],[566,5127],[-1012,3027],[-3642,837],[-1174,-3027],[-2636,-636],[-3058,1599],[1165,4793],[-1006,1471],[886,4985],[37,8245],[-603,1977],[2654,5629],[-41,4666],[-3344,1945],[670,6513],[67,9136],[1647,8483],[-1166,4221],[-163,7096],[1283,3324],[-1681,1865],[-793,-10539],[-3785,-3981],[479,-8437],[1523,-5457],[-2988,-2929],[-2139,-5302],[-171,-8303],[664,-4923],[2596,-7935],[-2691,-10515],[-1974,-2245],[-1069,-4545],[-2932,5745],[-2717,788],[-2924,4523],[-7198,7169],[-2166,-388],[-2042,4980],[-3693,128],[-1724,3379],[-3,6267],[-2570,11633],[-3413,1598],[-3090,10929],[-7225,15084],[-2177,5629],[402,6008],[3652,5154],[3070,672],[3441,-4867],[1810,1301],[1100,-4495],[2330,-3527],[-193,-4879],[4652,-4123],[3418,-901],[864,-3978],[3377,-4634],[5304,-2338],[3280,3538],[4741,2940],[4214,6971],[685,4406],[1887,1338],[761,5696],[1847,5],[-1967,5103],[1405,6009],[-3428,-2173],[-3721,1538],[701,3393],[-3993,3250],[-1791,2796],[-7564,8266],[-1207,2808],[-5158,4544],[504,2428],[4614,4473],[-4427,1390],[-1540,2594],[90,7416],[1630,1705],[5130,1208],[222,6828],[1311,4049],[-1324,6135],[-4113,2337],[-3443,4620],[-2406,1150],[-8556,-1339],[-2896,-3971],[-1816,915],[-626,5294],[-1736,-577],[-1439,8179],[-2741,3801],[-2983,-245],[567,-7697],[-2996,3314],[-1772,8560],[-1798,4302],[-53,4470],[2607,29],[1122,4972],[-860,8865],[-4973,16468],[-1795,-342],[-815,2419],[816,1441],[-1330,995],[-96,3110],[-3268,230],[-4982,-2652],[-1361,-5865],[2226,-3722],[-3572,-1173],[-911,-3728],[-5058,-4551],[-4291,216],[1291,3977],[-5639,-8037],[-4349,-4437],[-2263,735],[324,9766],[1769,9100],[1765,3547],[640,6911],[4257,4470],[708,3337],[-851,3480],[2514,1304],[762,1825],[-1797,12779],[-2407,2688],[-1986,-7930],[-2115,-4819],[-1137,-4844],[289,-7038],[-792,-9568],[-3516,-8101],[-5291,-8455],[-2585,-11921],[-4088,1547],[-4491,6127],[-4338,4532],[2737,9119],[5617,3730],[2465,4237],[-772,6159],[-2890,6565],[1963,3259],[-1000,0],[-630,934],[380,2734],[-522,1159],[-880,381],[-2392,5311],[489,1073],[-239,1765],[-1274,1164],[-3836,-4646],[-1626,5669],[872,5515],[-3614,9391],[-1825,1539],[-1576,5378],[-3052,5880],[158,4602],[-2691,-1082],[-2168,1023],[-479,4602],[-3896,-1479],[2846,-3639],[2656,-6268],[2969,2054],[1649,-5309],[3328,-7482],[777,-3895],[3701,-4681],[-1057,-8796],[2477,-12612],[-1518,-5229],[-48,-11593],[-3020,588],[-2712,9598],[-3617,10614],[-6265,11264],[-3413,4515],[-1724,9268],[-7590,10299],[-5365,4667],[1110,1203],[-2776,9957],[-1372,7269],[-3289,11733],[2852,3388],[1571,4410],[-1210,5624],[-2447,708],[-4377,-2756],[-1237,13613]],[[2483011,4751862],[-1484,-3859],[-3063,-3143],[-848,2305],[-3879,-1692],[-4237,2098],[-2532,-1252],[-2363,3403],[-1845,8820],[-1770,3200],[-5428,6501],[-1573,5772],[882,4855],[2418,6595],[6874,-1156],[643,-3333],[6709,-7474],[3719,1071],[5715,-5741],[2958,-452],[3751,-6131],[-1365,-2297],[0,-4734],[-3282,-3356]],[[2453106,4684790],[2397,-3366],[4784,-1722],[4136,1973],[236,-8556],[-641,-7542],[1203,-3579],[-84,-4351],[-2320,-6770],[-3064,-1825],[-2947,398],[-5916,8649],[-5483,6137],[-1992,3894],[-4256,12146],[6103,573],[6107,4602],[1737,-661]],[[2500009,4677500],[2315,-2851],[-2487,-3316],[-3732,2996],[1205,2557],[2699,614]],[[2470627,4741092],[-3391,4417],[2476,1304],[3582,-3336],[-2667,-2385]],[[2377333,4921272],[-250,-2094],[141,-1592],[196,-501],[-907,-5053],[3291,-7885],[-533,-3392],[-2786,-2978],[-3649,-1399],[-1707,1073],[-965,6690],[342,9332],[-939,8155],[4004,5301],[2392,-4810],[1370,-847]],[[2418463,4898719],[449,-3799],[-4021,1096],[1378,5788],[2194,-3085]],[[2403492,4918307],[-3375,-1462],[577,-5745],[-3981,-2689],[-561,9499],[1442,4857],[4396,8732],[413,-6766],[1089,-6426]],[[2372925,4926336],[-3283,-4234],[-567,4010],[3980,5253],[986,-1545],[29,-1407],[-1145,-2077]],[[2389063,4863359],[2089,-11694],[3111,-8034],[1793,-9579],[-2397,1787],[324,2697],[-2174,3830],[-7225,20573],[561,2816],[3918,-2396]],[[2394682,4873304],[4445,-897],[3369,-9025],[2120,-3707],[966,-7072],[-2580,-2502],[-641,-5105],[1441,-6524],[-456,-5171],[-4641,12138],[-1164,1464],[-620,8082],[-1344,2993],[-4428,5983],[1127,8327],[2406,1016]],[[2403719,4863497],[-1649,2517],[-2343,7474],[2190,3289],[3047,-10972],[-1245,-2308]],[[2410054,4882565],[1650,-3544],[2036,206],[513,-5408],[1025,-2681],[-3653,-3327],[-1314,-5316],[-5072,3893],[-1873,8863],[-2238,4778],[641,2152],[8285,384]],[[2420624,4885053],[1433,-302],[-368,-7491],[1106,-6162],[1943,-4026],[-3571,-6370],[-2090,-1658],[-5534,1666],[-1613,3542],[180,3301],[3677,3699],[-1543,4170],[-276,4092],[-2504,476],[-1570,3493],[2787,3697],[528,3252],[3380,1199],[1575,1640],[2010,-2023],[450,-6195]],[[2424038,4903946],[102,-2905],[1244,-4642],[897,-408],[1121,102],[4247,-14598],[1052,-8901],[-3939,-7098],[866,-7412],[-1671,-1385],[-933,7174],[-4340,11456],[-75,6932],[-880,4570],[-1760,5743],[-1506,8414],[2515,3213],[3060,-255]],[[2457896,4809450],[-3544,253],[-486,3234],[2698,554],[3162,7844],[1312,-5447],[-1035,-6127],[-2107,-311]],[[2461109,4833979],[-1348,-5138],[-2225,-1912],[1042,-3823],[-3975,-4105],[-1555,-3642],[-1157,-6361],[-2008,3707],[683,4662],[-929,2241],[4259,7031],[775,5773],[2491,-1222],[1568,948],[360,2096],[2019,-255]],[[2463282,4827840],[153,-1276],[-3038,-2165],[-1978,-2868],[-1784,-7703],[-2594,1110],[1823,4224],[3367,4225],[-1413,2783],[2773,2418],[2691,-748]],[[2464970,4826571],[-345,-5061],[-2874,-1813],[-1510,1344],[50,2964],[4679,2566]],[[2467159,4831825],[1904,-2577],[-1324,-11486],[-5862,-1541],[-314,3061],[3188,2065],[497,6004],[-1060,2930],[2971,1544]],[[2435951,4842677],[2768,-3890],[2193,2],[1532,-6077],[-1449,-9766],[2047,-7350],[-1806,-169],[-5650,5286],[-1046,5163],[-565,9332],[-3207,11564],[3529,206],[1654,-4301]],[[2461434,4835818],[-2262,-1138],[-1338,-2859],[-2198,2315],[2262,3090],[3536,-1408]],[[2947521,3379808],[-3983,-19191],[-2346,-9197],[-3903,-4381],[-1001,-6402],[-1828,-2660],[-1109,-6793],[-4015,-11631],[-1929,-3636],[-1645,10642],[388,3699],[-1325,7925],[457,4866],[-3587,7040],[3445,7397],[-419,8079],[2534,9450],[-3675,8049],[-996,5241],[-276,7542],[463,6008],[-2131,7031],[704,5113],[-2356,1015],[62,5377],[1352,11765],[4304,-1091],[1931,3406],[2660,-3161],[843,5475],[2476,6347],[3475,6267],[-815,3322],[-4125,1852],[4230,3647],[125,2348],[3749,-562],[3108,1853],[1729,9332],[-2754,3894],[1758,7851],[-797,4302],[-2249,857],[-1917,4161],[4052,2025],[3888,7534],[16,5104],[1631,8373],[-2931,6456],[-560,8436],[-2332,4540],[2576,8506],[4415,-1319],[-1272,5117],[-174,6834],[-3487,1525],[1759,5800],[-529,4342],[971,5050],[98,5913],[9298,1268],[925,6948],[-5407,404],[-660,3495],[2571,4470],[1284,5496],[-4695,-4548],[-7100,-9906],[230,2954],[-3494,4794],[-1769,507],[-3580,4516],[3381,6290],[-3567,4072],[-5828,-730],[-887,1817],[1690,3763],[3191,-595],[5208,1958],[2280,1471],[2010,2680],[2452,4921],[-2692,7654],[-4936,6886],[-1846,5211],[60,4690],[4929,3959],[497,3252],[2895,3418],[-1533,5794],[-3483,229],[-2410,-2230],[-2828,-5335],[-5610,3502],[-1397,6875],[4092,5907],[2852,-209],[1448,3835],[-5369,874],[-1738,4240],[1881,9064],[5269,-4081],[2213,-583],[5409,-5982],[1339,1811],[-7874,5067],[-2904,5842],[694,7978],[4082,3126],[3102,898],[4902,-3711],[961,4223],[-3209,-516],[-2416,3192],[-4615,1151],[-1122,3054],[2164,5327],[1488,6839],[1016,8285],[2038,4493],[-3975,1583],[2688,2896],[2722,6004],[-4047,-1143],[-2085,6224],[-242,5724],[-1319,6500],[-3087,4512],[631,3301],[41,8888],[-1331,2745],[567,4218],[-246,6272],[-1681,4940],[1322,4447],[-1723,7227],[-2239,-152],[-1218,4882],[-3441,1837],[-250,4043],[1244,3775],[-3120,263],[-928,8403],[-2661,11842],[-1603,2169],[880,4611],[-5381,12271],[723,4214],[-3172,6839],[-5701,6456],[161,4793],[-4347,1004],[-1080,2387],[1288,12013],[-481,11385],[403,5233],[-1525,5705],[161,2732],[-2628,5823],[-184,-7992],[-2013,-2680],[166,-2949],[2006,-3064],[129,-3810],[-3147,-10909],[-263,-5169],[1655,-12182],[-166,-4577],[-2543,-5413],[-436,-5749],[-2866,1256],[2737,8967],[-841,6460],[-4377,1981],[-929,4917],[-1679,3196],[78,5373],[1805,2740],[-156,3839],[1045,8313],[-2385,4010],[210,3788],[-1206,5611],[207,3326],[-1252,3919],[2008,3762],[238,3954],[2255,5880],[-2134,9136],[-2336,6538],[-5648,12469],[-136,3138],[-2517,7205],[-13,8735],[-1167,4099],[-283,7585],[-4594,11722],[-526,7094],[-2412,7093],[2116,7784],[-2874,-1007],[-3052,1670],[-4185,24701]],[[2879853,3293705],[955,-4299],[-3039,-2792],[-2131,1860],[-326,4082],[1215,2870],[3326,-1721]],[[2899939,3512508],[633,-6799],[-2241,-388],[-289,4415],[1897,2772]],[[2899302,3623938],[1049,-1514],[-419,-7232],[-2608,3431],[1978,5315]],[[2844031,3606026],[-2912,-3147],[-1063,3620],[3247,4223],[728,-4696]],[[2903156,3595973],[-33,-4410],[2368,-7691],[-2357,-3439],[-1925,-16132],[-485,-17695],[-1663,-917],[-2666,2451],[-1041,-4470],[-2199,3499],[1063,4423],[-1053,3971],[2235,10929],[3413,3644],[-1977,4139],[2493,8575],[242,3887],[1769,2505],[-1365,4470],[3181,2261]],[[2925966,3594717],[1477,-4821],[-103,-8418],[-1108,-10557],[1063,-3833],[-2334,-4232],[30,-7290],[-2070,607],[-415,3097],[-6150,1470],[-1847,4726],[-37,6199],[-3095,1726],[-562,4862],[1247,3894],[-1729,4155],[1807,3775],[-640,3831],[6054,-867],[1645,2005],[2541,-307],[2728,2361],[1498,-2383]],[[2918113,3640738],[1336,-3875],[2733,-4099],[1601,-7661],[4149,675],[6757,-5857],[4767,-1771],[-1359,-3922],[-3093,-80],[-2782,-1313],[-4735,521],[-3850,-5711],[-2823,-567],[-1322,2489],[-961,5369],[853,10858],[-2082,1376],[-197,7065],[-909,5605],[1917,898]],[[2876420,3596600],[3119,-4225],[307,-8081],[2135,-805],[-285,-5676],[-2047,-1866],[-3290,2760],[1812,3568],[-1890,3899],[1687,1666],[-1727,5944],[179,2816]],[[2900970,3613704],[321,-9907],[-1720,92],[-242,8107],[1641,1708]],[[2900371,3328502],[2563,-6328],[-3169,-442],[-956,-9725],[-4726,-1753],[-3210,-2720],[-355,-5497],[-2029,-5098],[-2308,1653],[1109,3931],[-1205,1959],[1112,6230],[1729,1462],[4543,11897],[3111,-324],[549,2812],[3242,1943]],[[2893025,3348538],[4140,-2860],[-348,-5689],[-4882,700],[923,2241],[167,5608]],[[2865470,3390908],[2029,752],[2029,-4999],[-3131,-5928],[-1197,4240],[270,5935]],[[2897667,3401182],[-735,-4532],[-1789,-3354],[-1002,6277],[3526,1609]],[[2922991,3454935],[1218,854],[4659,-4965],[-1099,-3878],[740,-2923],[-2136,-4394],[-2470,-1046],[-912,16352]],[[2892229,3470209],[3603,-3888],[956,-7640],[1495,-6077],[3041,-4315],[83,-6986],[757,-3718],[-213,-6598],[-943,-5196],[-2741,2334],[-644,5351],[1885,2746],[-1031,5543],[687,3489],[-5872,12007],[-1422,-905],[-2234,5128],[-5943,-7921],[-987,3329],[1921,2551],[6892,11861],[710,-1095]],[[2867749,3461625],[1787,-3148],[-1313,-5145],[-2303,-166],[-1445,3005],[1245,4158],[2029,1296]],[[2919223,3474566],[519,-3156],[-2505,-4207],[-359,5338],[2345,2025]],[[2927348,3476173],[223,-5898],[-3197,-664],[-491,-3628],[-2786,2846],[343,5276],[2348,2459],[1240,3387],[-229,4494],[1150,2036],[1399,-10308]],[[2899336,3712922],[3367,-8183],[-1235,-1916],[-4144,-1095],[-1327,3877],[747,4266],[2592,3051]],[[2860591,3717112],[2048,-2547],[-1746,-4118],[-1638,1005],[-1081,5406],[2417,254]],[[2861011,3751716],[2297,-6657],[-4134,592],[-244,2999],[2081,3066]],[[2899433,3812887],[978,-3863],[2693,-15756],[1908,694],[1839,-2383],[-2800,-3783],[-2949,-1188],[-1127,2560],[-2172,12783],[726,4602],[-959,5260],[1863,1074]],[[2866789,3911810],[876,-6507],[-2055,-865],[1179,7372]],[[2937223,3655048],[-343,5080],[2411,1880],[1576,-3543],[-3644,-3417]],[[2887625,3669362],[-1384,-10580],[1417,-5719],[-5076,-1806],[-3734,8922],[2200,10093],[2499,713],[4078,-1623]],[[2884053,3691264],[1706,-3593],[-900,-4294],[-4401,-4782],[-1166,-2613],[-5052,-4812],[-5190,9598],[1128,3707],[3272,1311],[2430,-4246],[3170,-708],[119,3132],[4884,7300]],[[2922920,3705507],[1741,-2736],[-800,-7419],[384,-4336],[-2089,-4555],[-2586,3747],[1689,12803],[1661,2496]],[[2905464,3729434],[2269,-1594],[3668,-151],[2696,-5148],[-1591,-2220],[-123,-6385],[2686,-2612],[2010,384],[81,6775],[1488,1280],[2440,-5292],[-1449,-3140],[-245,-13450],[-606,-2739],[-2327,-2013],[-611,-3585],[-2610,-6814],[-3605,-7165],[-2591,-1067],[-2735,2563],[404,7155],[1205,4354],[922,7643],[-1567,3981],[1202,5250],[-2806,10099],[0,6770],[1795,7121]],[[2694409,4764117],[798,3900]],[[2695207,4768017],[1007,682]],[[2696214,4768699],[1234,837]],[[2697926,4772662],[317,2069]],[[2704393,4774137],[3503,76],[1062,-1514],[5475,651]],[[2766362,4471418],[-1000,-4365],[980,-4056]],[[2766311,4462427],[-1227,-5277],[-3981,-2233],[1087,-2885],[2329,384],[2676,-6197]],[[2766806,4445442],[-125,-5791],[4507,-2703],[-1966,-4538],[-1247,-6364],[531,-3445],[1927,-2973],[-3947,-6392],[2250,-8948],[-798,-2425],[112,-10329],[-1586,-8319],[-2303,-5754],[-3420,813],[-1325,2242],[-2377,-1427]],[[2757039,4379089],[-2185,4989],[-3306,-158],[-430,3947],[-2579,1000],[-3075,3894],[-5985,-2420],[-3236,242],[-4468,1810],[-3802,-4526],[-6845,2368],[-2572,2911],[1808,6761],[502,4581],[-1266,6718],[-2382,5020],[-3121,2937],[-3521,6533],[1847,3602],[-1248,8811],[740,3480],[-2598,13175],[-555,7148],[-1711,3472],[-5464,2568],[95,5175],[-1543,1976],[-3825,12283],[-3926,7850],[-2624,6429],[1685,5373],[-1800,6829],[-4295,-293],[-5640,-14999],[-2793,-2974],[-685,-4350],[-3313,-899],[-1343,-9049],[-4303,-451],[-3156,-4079],[-1412,-4873],[-2121,-1633],[666,-4576],[-1980,-1000],[-2748,1930]],[[2767637,4456101],[-425,1459]],[[2757825,4373124],[-273,2070]],[[2757552,4375194],[273,-2070]],[[2757409,4376280],[-202,1531]],[[2757207,4377811],[202,-1531]],[[2757039,4379089],[168,-1278]],[[2757409,4376280],[143,-1086]],[[2757825,4373124],[630,-9610],[-6050,-12458],[-890,-5538],[-4221,-11149],[-485,-3324],[-2851,-4286],[-5301,-5497],[-8754,-5365],[-5867,-894],[-4815,511],[-3433,4962],[-6287,5600],[-2547,8079],[233,5961],[-2310,3744],[-1190,4870],[-633,8159],[5003,5411],[-2970,1025],[-4497,-6262],[-90,-4978],[1736,-8594],[2852,-3131],[391,-3412],[-1117,-4313],[2589,-12729],[2388,-5385],[3869,-3962],[0,-3855],[-3496,-7365],[-5192,-2616],[-9936,-7187],[-2862,868],[-4304,6063],[-7517,7044],[-5627,-870],[-4101,1640],[-1816,7372],[-2538,-88],[-301,4388]],[[2426903,3944853],[923,3628],[-1235,7597],[1430,1276],[1267,-5271],[-1013,-9041],[-1372,1811]],[[2747012,4779817],[-2399,7987]],[[2739681,4788417],[-223,-3]],[[2739458,4788414],[-1389,1444]],[[2735730,4790253],[-1022,3619]],[[2737118,4797561],[3590,4064]],[[2745026,4806515],[-966,2376]],[[2742769,4811391],[-6783,10041],[-725,4494]],[[2732651,4830977],[-24,30]],[[2725757,4830485],[-969,4587],[895,1841]],[[2722250,4844174],[-2418,3872],[-2712,7748]],[[2723005,4857063],[1481,1247]],[[2724721,4858507],[-66,2939]],[[2724655,4861446],[2384,627]],[[2726331,4877131],[73,40]],[[2729042,4880896],[21,192]],[[709280,3581252],[406,469]],[[709686,3581721],[-406,-469]],[[709990,3581713],[-284,-2345]],[[709706,3579368],[284,2345]],[[1120202,3593413],[-3842,-1549],[-3477,1472],[1644,8791],[5923,-2256],[835,918]],[[1121285,3600789],[-1083,-7376]],[[1121353,3601222],[-3631,5867],[-5458,-2138],[-332,4368],[2959,2497],[-4728,7038],[2791,6341],[2141,-2276],[626,-8536],[3411,5784],[2419,2356],[2970,-2982]],[[1124521,3619541],[-1691,-11826],[-1477,-6493]],[[1103112,3608716],[2186,207],[1510,-5291],[-2929,412],[-767,4672]],[[1104930,3623399],[962,-4226],[2121,-2447],[-1292,-4531],[-2951,-750],[-659,3534],[1819,8420]],[[1124590,3446537],[-1956,2703],[285,5923],[-4533,1900],[-3280,4253],[-1747,717],[-376,6157],[3699,-1298],[-1207,6432],[3089,-859],[5921,780],[1365,-2884]],[[1125850,3470361],[-222,-22367],[-1038,-1457]],[[1126111,3627361],[-1600,992],[896,5912],[2316,-1410]],[[1127723,3632855],[-1612,-5494]],[[1362818,4352112],[-3493,-4967]],[[1359325,4347145],[-3641,2638],[7134,2329]],[[1166188,4657599],[-2353,-2550],[-2893,233],[-3832,-3772],[-2203,2661],[-4201,-2721],[-2358,3814],[-3130,2429],[-3520,7143],[-4391,248],[-4993,5816],[-720,2518],[4593,6218],[-759,5535],[388,5142],[-1555,8569],[-322,7443],[-6599,248],[-1104,8226],[1522,4364],[6792,6567],[-1966,7416],[1169,7465],[2851,7195],[-661,3821],[1745,8933],[-240,2580],[-2610,5934],[-360,3226],[-3700,4495],[-4019,1713],[-3047,4274],[-1527,5366],[-3636,3933],[-4179,812],[-2008,-2777],[-7927,-1806],[-1670,-2198],[-1385,-7861],[-4787,2636],[-1047,4290],[-2055,-1772],[-2,-3517],[-1718,-1963],[-3065,335],[-3433,4247],[-2682,-263],[-3834,6257],[-4567,54],[-1109,3048],[-3266,350],[-3453,-6397],[280,-3359],[-3138,-4465],[1440,-5915],[-3150,-1294],[-2689,4399],[-5439,5302],[-5723,3980],[-4624,-1264],[-1617,3183],[-3334,128],[2443,4284],[-1567,1554],[588,5785],[-616,2837],[-5122,2163],[-1413,-2252],[-3451,497],[778,4739],[-1827,11105],[-4244,-288],[-1025,2533],[-2633,-584],[-2029,1601],[-1859,-2511],[-1897,3340],[-7078,3006],[-2115,1566],[-4907,859],[-3604,-759],[-655,-2917],[-2258,-606],[-968,2984],[-5016,325],[-3426,4138],[-649,5497],[-4220,394],[-2877,4800],[-887,-6450],[185,-4794],[3534,-472],[-230,-3578],[2257,-1405],[697,-3713],[-2076,-10428],[-3018,-3405],[-3435,209],[-1304,-4196],[2680,-2924],[1327,-5851],[-52,-5911],[-1173,-6966],[1707,-6569],[-471,-3827],[-3437,-1177],[-2330,-3016],[-2365,647],[-2652,-4039],[-1965,-7205],[401,-3803],[1685,-3138],[-1639,-5618],[-133,-6177],[-3128,-1155],[-2489,2851],[-5914,-1766],[-1902,2072],[633,3064],[-9541,11065],[-3070,-4053],[-4649,-1870],[207,-3115],[3652,-899],[-75,-3304],[-3020,-400],[-2277,-9851],[1231,-1418],[-2173,-6550],[1025,-7846],[-4213,2259],[-436,-7687],[-3425,1770],[-191,-5158],[1092,-4856],[1637,-2233],[2951,-661],[-534,-4791],[4084,282],[-1479,-6200],[3960,-602],[1821,-5851],[4401,-3580],[-1795,-3190],[-2274,645],[-6431,-3356],[-4846,-16854],[-2902,1796],[-2842,-6054],[1953,-12007],[-1141,-4928],[-3560,-248],[-3535,-2946],[-2435,2910],[-4168,-920],[392,-3321],[-2319,-6214],[692,-6389],[-2591,-3972],[-488,-4654],[-2519,-2484],[590,-5222],[2548,-1112],[1246,-3520],[-1885,-2539]],[[903895,4591473],[-2619,2438],[-3040,-6229],[-4345,428],[-1858,6500],[-1751,-1651],[-3733,3606],[2266,3483],[-4,3165],[1853,3782],[-3977,1227],[-807,5125],[-4546,1346],[-7279,-4707],[-1529,-7350],[342,-2595],[-1702,-4831],[-235,-4325],[-3329,-494],[-3322,-11813],[-4040,-2285],[1363,-5552],[-4685,-937],[-2966,4807],[-952,-3602],[-2543,968],[-608,3861],[-3728,-290],[-922,-4861],[-2107,-5864],[3255,-1172],[-912,-9442],[-2939,-2090],[-836,-3935],[1448,-10452],[-3497,-7214],[-3103,955],[-7435,-3537],[-665,3595],[-2593,-882],[-321,-5516],[2842,-1126],[1889,-2899],[-425,-4074],[-1996,-3022],[-2654,-757],[-4209,-15103],[-1919,1071],[-1732,4848],[-1882,934],[-414,4190],[-1655,2232],[-2380,-9606],[-1620,-316],[-704,9074],[-3113,-966],[-641,-6574],[-3547,-98],[-54,-8644],[-2675,-45],[-2865,-2020],[-916,-6326],[-8493,-1186],[1446,-12793],[-1531,-6502],[248,-5567],[3687,387],[-779,-9013],[4403,-963],[-2502,-8723],[-2809,-32],[-840,6156],[-2663,-3386],[-3981,338],[-419,3991],[-7307,464],[-2494,-1688],[1036,-6682],[-1541,-877],[-237,6425],[-4133,3863],[-1927,-883],[-1230,-4405],[-2373,2848],[-5028,-324],[-1015,-2064],[-7101,-2156],[-3450,5568],[374,6139],[-3530,-2129],[-767,3777],[-2702,1424],[-1660,-8188],[-2307,1195],[-1458,4644],[-3322,2215],[-1247,-1598],[-3301,1072],[-834,6142],[-4034,3107],[-1096,-2757],[-1215,-9988],[-3360,-1661],[646,-4921],[2812,-948],[-606,-6065],[2555,-4843],[2306,-18],[746,-9086],[-3227,-3976],[-16,-3983],[1665,-2939],[463,-4271],[2115,47],[426,-7759],[-1025,-13137],[-1937,-3952],[-3455,2708],[-312,5047],[-3824,687],[-375,-6355],[-3278,274],[-3878,-3832],[-563,4843],[-1704,1898],[-3631,-3355],[-3445,2086],[-4804,-3658],[-6042,48],[-22,-5082],[1018,-2976],[-2430,-6324],[-2608,788],[-966,-3798],[-4329,-4],[-592,3767],[-3864,1040],[-1831,5975],[-2060,108],[-653,5742],[-2420,-1437],[-7222,1540],[-2762,-1887],[-2178,555],[-1567,-2102],[2216,-2953],[1521,-4506],[-3279,-2637],[-2411,-230],[846,-4204],[68,-7088],[836,-2463],[-6732,-19],[-512,-1678],[-6721,-1560],[-4114,-5111],[-3958,-427],[-161,-5954],[-2331,-1696],[-764,-3460],[3032,-4064],[-5093,-5017],[-6488,-4609],[-2414,6358],[97,6159],[-5179,-876],[-2632,-3876],[-2700,-526],[-3740,-2729],[-1727,-8418],[-5893,3883],[-2570,-7486],[592,-6192],[3149,-2613],[914,-8674],[-1949,-2963],[-174,-6720],[2216,-3820],[-1864,-2830],[1284,-2405],[2793,2581],[5091,-847],[160,-3390],[8239,-5000],[375,-5234],[-1681,-2127],[-428,-5386],[590,-5829],[-932,-2365],[-5094,3546],[-6147,-8224],[1548,-3514],[3277,3103],[3460,-319],[1185,-2108],[-3372,-13434],[-3979,-7231],[1023,-8286],[-3346,3601],[-1656,-3657],[3609,-257],[-1601,-3562],[396,-4693],[-2435,-4702],[-2144,1233],[-1462,-3712],[-2136,-1056],[-1679,2016],[-2760,-1734],[-2960,5804],[-726,-3474],[-3843,-1124],[-3445,-4169],[565,-4690],[-2751,-3276],[1460,-3094]],[[573017,4186527],[-3330,-2749],[-4977,-1795],[-1116,-2493],[-2873,816],[-2830,4597],[201,7773],[-2390,7754],[-5868,1003],[173,3811],[-2229,4096],[-2603,-5690],[-408,-3393],[-3833,-2469],[-4141,1558],[-2461,-1635]],[[534332,4197711],[-2002,-329]],[[532330,4197382],[-2006,646]],[[530324,4198028],[-1646,2690],[445,3264],[-2287,7225],[-926,5558],[-1453,920],[-2327,8412],[-5360,4344],[-2265,119],[-2080,7491],[232,4016],[-2153,4847],[65,8196],[-1046,3579],[-2086,12016],[-1127,2429],[-1376,10555],[-1263,2386],[-2508,11534],[-1195,8889],[-4461,16272],[2287,2519],[-1599,5285],[2022,4681],[-1133,10048],[-2257,6406],[-157,5151],[1319,6714],[-1413,509],[-1015,4565],[609,3248],[-1940,6548],[986,4368],[419,6800],[-1539,2624],[81,6304],[1042,3068],[-400,8304],[-1287,1023],[-883,6749],[-3973,16840],[-1730,125],[-454,5239],[2337,-706],[2575,-2868],[-3570,15152],[-4020,3063],[1767,2165],[478,7806],[-1603,7670],[-3370,4633],[39,3484],[3612,1662],[-4066,4689],[-469,6624],[-1772,4287],[2013,4657],[-1217,6507],[-2957,9599],[-123,3771],[-2070,7954],[-1529,1389],[43,4838],[-2350,3008],[1081,4031],[-3646,6483],[1564,804],[-2610,10678],[-2011,5360],[1368,1926],[-367,7482],[-3893,6187],[-501,7623],[2783,-396],[779,-5903],[2428,767],[6676,-5626],[-1723,-4055],[3113,-1670],[-300,9780],[-1559,10799],[-4416,-3250],[-2979,583],[-1771,2105],[-1537,5100],[-3721,4601],[1203,3451],[-1687,2437],[-1282,9841],[1646,9389],[1162,2872],[-3892,13746],[-1879,2281],[-813,6580],[799,4497],[-67,10543],[3646,1542],[1684,-1283],[1488,3899],[3735,-4794],[1526,1662],[118,5177],[-1325,4035],[-2485,-2182],[-2693,1219],[-1606,5109],[1405,3652],[3572,-712],[-964,4478],[7796,8433],[-2051,1214],[-1569,12847],[-1161,3009],[-2849,-1730],[878,-7534],[-4372,-6715],[-4666,1402],[-1484,-5561],[-401,-6519],[-4163,5839],[870,5538],[2520,4957],[-1594,1247],[362,9770],[-2011,5373],[-2154,2613],[1434,5701],[-1996,4305],[1060,12918],[2500,-1560],[1531,1909],[5338,1598],[-4056,3260],[-2813,-2676],[-5163,7419],[665,3059],[-2120,10442],[3247,4897],[4179,-8],[479,2560],[-4618,-451],[-3485,1675],[-1898,3890],[-535,7778],[6245,1371],[-2783,3873],[-1056,3610],[-2672,-590],[-241,8821],[-2412,7162],[484,6388],[-3532,6434],[2629,2823],[-304,9913],[-1328,2497],[4242,5291],[2346,-8839],[2279,-1802],[1410,10611],[-1353,2529],[-2798,-699],[-1432,6520],[-616,7455],[1754,1637],[1120,8142]],[[439971,4874166],[3596,-441],[1307,2607],[2715,1108],[398,4843],[1729,3247],[2135,-232],[898,3177],[2787,-74],[5995,-2891]],[[461531,4885510],[1196,-7739],[-1308,-3724],[1105,-2970],[3517,-993],[3008,-6305],[1565,4894],[7336,-2644],[3748,-4554],[1777,3877],[2300,2100],[-241,4512]],[[485534,4871964],[4247,1002],[2263,3325],[299,6368],[1953,3021],[3985,-1597],[1430,2033],[2734,-2522],[2935,297],[-559,6181],[1601,6066],[-1146,6147],[-170,5215],[-1381,4961],[-1869,1455],[4162,4314],[2092,8074],[2200,3327],[723,7348],[-96,5961],[-4343,2008],[-863,4755],[-2509,2065],[5225,7903],[1772,4576],[2269,-5483],[-99,-4702],[4046,2829],[1895,-3933],[1776,466],[2911,-2250],[2151,-3401],[484,-4566],[4115,-3327],[4426,2020],[2963,-1235],[2769,4783],[2431,182],[3675,3047],[-739,8357],[-1810,2597],[4893,1719],[1136,4063],[2935,-666],[3598,2610],[-987,10208],[716,4535],[-1529,1962],[193,5695],[-789,2957],[-2812,4234],[1246,7198],[-3219,579],[-5101,5732],[-3341,6295],[-4859,2747],[-2302,3970],[-5221,-109],[-3223,1667],[-1896,5856],[3011,-487],[1285,-2131],[8329,3958],[4105,-96],[1192,2950],[3004,-1520],[982,3996],[-1373,4771],[1606,1343],[-514,3901],[2479,1446],[2963,-1362],[6083,5271],[896,14583],[5446,4233],[3467,-567],[222,4521],[8401,2642],[4675,510],[3053,1904],[4030,-754],[6251,3347],[12,4696],[-1705,3531],[-2599,1512],[-1227,-3389],[-4409,727],[-1674,-1875],[-4100,5576],[-1925,-3039],[-3788,1064],[-5316,-1571],[-3112,534],[-4192,-4058],[-3733,57],[-7265,-3941],[-1795,3516],[-2172,12628],[-2970,2452],[644,2379],[4033,1301],[865,-1422],[4428,3109],[852,2735],[-1220,6640],[-4318,4929],[-1025,9886],[-2887,2013],[2953,2805],[4323,-223],[1793,2205],[3839,1366],[9555,7184],[2302,2430],[9072,3944]],[[575752,5153043],[3367,-3613],[2273,-508],[7300,1075],[2688,6052],[4013,852],[3816,6685],[4011,1331],[1113,-2769],[-473,-4604],[4888,-4042],[1953,-5392],[425,-4705],[-350,-9320],[-949,-3438],[1331,-6276],[-106,-7270],[3357,34],[1437,-5412],[1868,-2852],[7909,-1927],[2206,-3159],[9309,-3214],[4365,-155],[3854,3326],[3180,-375],[820,-2217],[6639,-2967],[4053,-3310],[2920,-1091],[3684,-7846],[1717,-8146],[1751,-1999],[5220,-2870],[2608,-2721],[4050,-1432],[3231,672],[3224,-3071],[4812,1328],[1582,-2633],[4248,1757],[6735,-531],[4349,-2795],[2887,1939],[4327,975],[771,-1985],[4411,-88],[3195,2070],[4920,-1275],[4646,733],[2955,-1207],[3930,2434],[3525,-1544],[5051,1101],[2276,-3201],[4120,-596],[1781,-2438],[4610,3399],[2382,-7407],[779,-5559],[1384,-144],[1580,-4933],[-1912,-2491],[2499,-2467],[-6,-7946],[-4465,337],[-838,-1594],[2432,-6211],[5429,-5234],[7725,336],[672,-2861],[9782,772],[5484,3834],[2905,6664],[1226,5895],[1248,1812],[3540,-1846],[2984,2594],[6016,-2113],[1266,2489],[506,5506],[1913,549],[117,6108],[-3965,7945],[5895,7078],[5547,5045],[392,4376],[4002,3871],[940,3741],[-3094,4769],[2498,2954],[-525,5266],[1489,3210],[2694,-1030],[2657,3836],[4106,-2637],[5433,7058],[5255,5819],[5201,4145],[6481,2321],[7787,-4997],[1584,4147],[3192,-413],[3000,2880],[-1015,3974],[4192,-911],[7881,-35],[4838,1170],[4307,-2044],[3993,-6240],[1900,-6196],[1388,-13589],[3425,-5921],[-3533,-1861],[-5274,2305],[-1177,1446],[-5163,442],[-2795,-2448],[-313,-3197],[2011,-4569],[-145,-2414],[3064,-2647],[-178,-2796],[1520,-4593],[406,-4900],[2194,288],[1637,6606],[3070,-3949],[8,-3686],[4301,-608],[-446,3749],[4932,-360],[2201,-1852],[2630,238],[506,-2991],[2618,744],[927,2676],[4816,1431],[2490,2804],[3310,-2874],[4341,-1718],[3917,2953],[3708,900],[8201,5367],[10628,9469],[-197,7276],[741,1544],[3993,-625],[3952,5937],[5439,-2992],[3354,185],[2525,2873],[993,3422],[2355,-1979],[1670,-10049],[-150,-3219],[2382,-2862],[2887,1462],[1724,3243],[3463,-472],[4297,-5648],[9895,-736],[3830,-3017],[2226,4692],[2823,-2163],[2390,1787],[4956,404],[3318,-1203],[810,2343],[3608,-2261],[423,3914],[-2772,5767],[406,6453],[2724,299],[2941,3801],[2226,214],[1335,-3007],[2855,791],[5865,-487],[-242,2454],[2884,1280],[3179,5032],[5856,-1521],[691,3305],[-953,3643],[1494,2747],[3026,549],[2197,-3515],[5928,-2098],[4661,-284],[1389,2123],[4391,-533],[3417,-2045],[1105,-6136],[424,-7674],[3016,-2631],[-301,-3697],[3646,-220],[3736,2386],[3460,-128],[760,3165],[2976,836],[4043,3259],[5448,-2437],[3978,-6243],[3077,-2447],[5331,-980],[1846,4892],[3266,218],[2799,-3693],[2972,3368],[3941,170],[5438,8397],[2500,-763],[3678,4446],[2641,-2129],[3258,454],[3776,-4677],[960,-2968],[2397,-549],[268,-3568],[4406,-3771],[798,-5200],[3208,-6282],[-2138,-6661],[1638,-4405],[3205,-796],[1446,4891],[7525,-3109],[801,-1774],[7118,-7805],[3727,2123]],[[1203501,5058135],[1884,-5423],[-2742,-3248],[-830,-4269],[-2428,-3075],[-3736,-1824],[-2474,-2629],[-2241,701],[-1412,-3422],[-4889,-1227],[-1842,-8320],[438,-13838],[-2302,-3777],[1625,-1605],[259,-3816],[1768,-6355],[6822,827],[2092,-7115],[231,-11757],[-901,-2501],[1039,-10607],[2099,-4405],[-139,-3726],[-5692,-2428],[-3883,-5950],[3905,-5816],[4146,3564],[3552,784],[2063,-3058],[334,-3312],[-1299,-15985],[94,-4169],[-2149,-6589],[1857,-2740],[1504,-6532],[-1525,-2182],[-6214,-1897],[-2828,-6113],[-2755,1518],[-3555,-2759],[-5117,-2123],[2225,-7326],[-1920,-962],[-1231,-3840],[1279,-2731],[2677,-1710],[2945,2277],[4380,-997],[4505,-5115],[-802,-2394],[1219,-3939],[-1357,-9081],[605,-4134],[-2430,-7674],[-4134,90],[-2801,3516],[-3896,-2885],[-319,-3954],[4038,-2495],[1809,1729],[2421,-1142],[1167,-4544],[-1884,-1082],[-1620,-5530],[-3641,-3107],[1694,-2664],[3016,5789],[3775,651],[2580,-2152],[-388,-5278],[977,-2750],[3330,-3742],[2301,-432],[6298,-5950],[18,-7203],[-1342,-4610],[736,-2029],[4277,1134],[5309,-4600],[552,-3705],[3956,1343],[1934,-813],[1967,-6611],[3716,-514],[-118,-7994],[-1964,-3417],[-3056,281],[-2779,-2036],[-156,-4057],[1423,-3858],[2546,-2784],[-7576,-7692],[-1391,-3410],[-4861,-1506],[-1902,790],[353,4262],[-2072,2281],[-4676,-3667],[-3219,7092],[170,3704],[-1278,3822],[-3854,-3562],[-1744,-4605],[-3360,-1075],[-4601,-12718],[-4240,-1973],[-935,-4600],[500,-5119],[-3978,-3302],[-1978,-3776],[1169,-5429],[-982,-4634],[-3176,-3403],[834,-3126],[-3022,-5005],[44,-9624],[5016,-7804],[2710,-8336],[-3031,-4233],[-2510,-1098],[-2140,-4048],[-2934,-1410],[2755,-5103]],[[2554297,5688824],[-5732,2586],[-4630,5901],[-1354,259],[683,10815],[1111,9916],[1043,3030],[-1899,2755],[-5599,-9414],[-3620,-84],[-4143,-4148],[-676,-7385],[-9582,-5504],[-3179,520],[-6167,-2314],[-3434,6258],[-3477,1774],[-1194,-3815],[-4306,1738],[-4359,7099],[-2491,2200],[-1881,-790],[-4590,-5315],[-6376,2245],[-2772,-1813],[-2435,1126],[-1797,-2803],[-4683,-1254],[-878,-4436],[4119,-1368],[392,-5098],[-3807,-7308],[-2233,-1749],[-3083,-7062],[-2189,-215],[-590,-4303],[-4243,-9922],[-3087,-9935],[-5585,7513],[-4500,-618],[546,3799],[-3444,739],[299,3079],[-199,1608],[-405,1048],[-1307,2131]],[[2436564,5670310],[-232,4470],[2063,4915],[-1692,7425],[-3843,1624],[-2994,3751],[-3039,8986],[-2527,2653],[3582,2465],[5880,10572],[5442,2173],[2417,3019],[1352,4213],[6131,11151],[3247,1869],[2060,6094],[3708,1775],[2356,3643],[-1983,8017],[5170,3038],[3123,4127],[1908,-603],[845,-6626],[-1784,-8418],[1200,-5719],[2538,1746],[2776,5473],[2980,-2425],[3844,6323],[6043,5067],[-963,6216],[-1402,1842],[802,10320],[2175,4382],[1167,6412],[-788,4049],[1816,7546],[2318,2291],[1504,7907],[2617,2363],[10,2947],[4339,6935],[5001,1404],[573,6758],[-547,5189],[1284,6534],[2062,4146],[2892,3171],[1900,5382],[2403,1139],[189,-6699],[983,-5197],[7798,5569],[2813,5803],[845,5705],[-774,4509],[4395,3635],[971,3876],[3155,784],[4490,6181],[4930,-1466],[669,5833],[2628,-2951],[6670,2678],[7163,8269],[3048,1994],[1415,3032],[305,4321],[2552,3304],[2111,6056],[2374,3192],[6235,1612],[2582,-4110],[3400,1237],[1737,2267],[4389,2148],[2642,4116],[4029,3422],[4295,4905]],[[2604337,5932066],[-304,-7127],[1993,-8398],[1902,-1596],[-158,-5524],[-4697,-3440],[1522,-5934],[3254,-8825],[-1995,-5186],[2162,-3904],[106,-3580]],[[469917,3053571],[-565,-342],[-1749,489],[1802,750],[512,-897]],[[1512249,5980045],[-2578,-3347],[3347,-2301],[3163,2965],[2068,-776],[336,-4587],[-2363,-2947],[683,-4057],[4227,-1634],[3019,-5794],[-792,-5009],[-3021,-8144],[1669,-4224],[4986,3249],[1188,-2792],[-2233,-4141],[4222,-3946],[-592,-3011],[1262,-3785],[-1169,-9013],[784,-3840],[2637,-4375],[4820,2312],[1347,-1939],[-300,-4240],[4007,-2872],[766,3765],[2761,1966],[3401,-2265],[572,-7611],[-1112,-5527],[-1530,-2642],[2149,-4145],[2999,3598],[1936,-90],[1920,-5426],[414,-4635],[7737,-2114],[861,-6770],[-6431,-951],[-6566,-3112],[-8045,3869],[-3077,-326],[-965,2061],[-6846,14],[-496,-6727],[-1634,-2351],[-1770,-6251],[-3943,-1642],[-2889,924],[-456,-3194],[-3080,2228],[-2408,-3437],[-431,-8152],[3423,-1701],[7353,-1153],[4406,-6551],[5022,-480],[5315,-1850],[-265,-6089],[1285,-3046],[-1112,-3480],[226,-3985],[-5743,-3825],[-5535,-2528],[-3180,2490],[-72,-6628],[-1555,-3411],[2286,-2153],[-595,-2757],[2243,-2110],[492,-4379],[3159,36],[3130,-3644],[1585,-3752],[3361,-4215],[342,-4305],[2939,364],[10152,-8455],[4056,2303],[5582,-4301],[1512,-6061],[8030,-3045],[2228,744],[-337,-6844],[1952,1379],[2948,-2372],[4190,-5100],[-1431,-5641],[-4788,-2795],[75,-8130],[-2472,1012],[-1471,-2380],[-2583,2402],[-2195,-565],[-822,3361],[-3125,329],[-2220,-2018],[-638,4746],[-2217,1859],[-3890,402],[-781,-1909],[-441,-9322],[-2879,-1554],[-6829,344],[-1678,1122],[-666,4975],[-4287,3869],[-4759,-952],[-2897,-3973],[608,-9031],[-6160,-3324],[-5778,-6845],[-4166,-3825],[-3518,-6476],[-2018,-5281],[-4290,-3034],[1298,-2014],[-1722,-4075],[-3535,-1874],[-2788,2001],[-3908,-2112],[-4031,-4974],[-2901,-5167],[-8920,-4062],[-1986,-2803],[-3062,-1000],[-7280,-5099],[5,-2367],[-2488,-4113],[-2890,-2252],[-216,-4845],[1422,-4893],[-1518,-1775],[-867,-4910],[197,-4702],[-2231,-5160],[2923,-1301],[-668,-6526],[1742,-1928],[106,-6804],[1370,-7562],[2345,-6239],[-976,-4639],[3553,-3206],[2908,-5625],[3036,314],[-466,-4534],[3417,-4068],[-1778,-4442],[4025,-3108],[-2028,-4561],[729,-2531],[-765,-5275],[-1830,-3411]],[[1477532,5547674],[-9809,-3373],[-1503,-6967],[1830,-3378],[17,-4788],[2404,-742],[1717,-4422],[-1370,-4920],[-2140,126],[-3025,-4101],[2616,-3735],[74,-3996],[-2843,-5168],[348,-5200],[-2635,-10482],[-2395,-3855]],[[1460818,5482673],[-683,705],[-3919,-8673],[-290,-4826],[-3520,-1026],[-3341,-13835],[-5176,-2662],[-1227,-2933],[-6403,-2271],[-2005,1408],[-9635,-1300],[-8445,8272],[-3764,5742],[-1667,105]],[[1410743,5461379],[-624,6242],[-5068,1282],[-297,2497],[2510,7150],[-3882,534],[-2090,1578],[-4597,6319],[3119,1751],[3007,-859],[1564,4605],[-765,8788],[2161,2124],[-295,3863],[1640,7012],[-747,10406],[-3720,-1130],[-1259,2024],[2213,12046],[679,5962],[-2188,2317],[2650,7286],[5072,2880],[176,2785],[-2416,2002],[-362,4677],[-4352,-939],[-2932,1735],[369,3841],[-2989,3831],[-6137,-3263],[-2669,-2599],[-3910,-1687],[-1461,3815],[-6463,105],[-2809,4430],[-1974,-2954],[1031,-6356],[-1547,-7692],[-3943,1192],[-3001,2963],[-2770,-1654],[178,7354],[-2892,3008],[-3647,-662],[1531,6197],[444,5838],[-3928,760],[-2702,6103],[-1899,-1314],[-2740,2138],[-2489,-64],[-1464,2624],[-8378,4718],[-4910,-1485],[-1502,628],[-957,4376],[-2542,1764],[1131,7123],[-1007,2092],[-127,5936],[-1634,2399],[-3507,1162],[-1865,2138],[-4094,-1968],[-1244,2367],[-3275,2086],[-3611,277],[-3834,5556],[-2542,-2205],[-2944,-123],[-599,3433],[3122,3060],[-470,2833],[-2568,-73],[-345,3035],[2265,3729],[-3638,772],[-948,3844],[-5787,-734],[1729,-3912],[-895,-3444],[-2671,1624],[-1483,-5020],[2418,-1577],[-964,-4404],[-7397,3379],[2184,2622],[-7324,4198],[-1221,3058],[-6213,-231],[-2487,-3414],[-643,-9887],[331,-3574],[-3791,-8138],[-809,-10117],[-4147,3746],[-1157,-6710],[-1985,-3992],[-4141,5121],[-673,3888],[-5379,975],[-925,-3103],[-2686,-663],[-4695,1981],[-1803,3099],[-5173,-3899],[-6086,-2031],[-609,4692],[4752,7805],[-1899,3086],[1186,3243],[2921,3103],[106,5536],[-997,2296],[3423,6495],[-2126,3721],[-4070,-4132],[-1411,-5329],[-2084,2472],[-1627,-1251],[-5008,1186],[-1128,-6521],[2854,-417],[2947,-2459],[-813,-3261],[-3587,6],[-839,1921],[-4615,-2170],[-468,3912],[-5926,2181],[1706,4571],[-2958,4279],[-915,-9245],[-3865,-4198],[-4387,3249],[-340,-5938],[4168,-2020],[-1503,-4735],[-2896,493],[-2044,-4388],[-2192,789],[-55,3511],[-1919,3764],[2906,5598],[-1689,2106],[-3183,-2685],[-2174,510],[-1545,-8826],[-2858,1647],[-1612,-3908],[-3011,3587],[-1145,3457],[4093,1440],[1953,6582],[2443,3805],[-2240,2305],[7610,7267],[-2287,6144],[-5756,9323],[-3606,1221],[1089,7384],[-1017,1692],[455,6174],[-1613,3176],[-3440,2688],[-995,-3561],[-5557,165],[67,-3182],[-2659,-661],[-3650,-6540],[-4062,3309],[-1573,-2909],[-3700,814],[-1417,-2698],[243,-4129],[-2220,-1752],[414,-2939],[-4693,-350],[-1741,-2655],[-3326,-1024],[-2400,1555],[-2492,-3602],[1429,-13252],[-3889,-5210],[-7598,4947],[-6859,-2398],[-6509,675],[-3765,6705],[-1694,-1669],[-3169,-6301],[602,-3449],[-4075,-2715],[-5441,6039],[-2015,-1967],[-2041,5586],[589,4214],[4623,4091],[-147,8879],[-8716,7657],[-404,3746],[-4073,1327],[-2973,-4992],[-594,-4866],[1725,-1798],[6194,-1663],[-31,-5149],[-5639,1399],[-419,-3240],[2569,-1081],[499,-9530],[-3011,-2877],[-3454,2746],[-595,-3400],[-3522,1961],[-1689,2792],[-1979,-5613],[-2147,1167],[-2656,3811],[963,3279],[-3004,2262],[-2312,-1116],[-1896,-5250],[-1939,591],[-5,7138],[3151,5691],[-3991,2959],[-869,5021],[-1816,-136],[-1895,-5502],[2363,-887],[640,-5593],[-3429,3281],[-3467,-697],[-2401,-5241],[-2651,-3196],[-982,4774],[1819,4051],[2096,8408],[2434,-1464],[2532,6085],[-227,6764],[-4787,-1671],[-2670,1776],[-1935,-5205],[227,-4644],[-1403,-7622],[-4086,6180],[-2024,4533],[2972,1051],[2096,5834],[3778,6278],[3231,-252],[-1198,-3472],[4090,-1917],[2521,6288],[618,4578],[-1768,3118],[-2406,-1619],[-2329,1947],[2627,2949],[750,3264],[-2258,4730],[3119,3647],[-1299,3020],[-2208,-1791],[-3118,1352],[27,-5949],[-4129,-466],[2374,-7190],[-2961,-1516],[-3730,4138],[-2307,-998],[-3858,1214],[-90,-3713],[3744,-5700],[-2417,-4085],[2796,-6616],[-4616,-1477],[-1104,4337],[-5065,1612],[4699,7038],[-5137,1985],[-1290,-4050],[-3569,50],[-1977,-6490],[-219,-3960],[-1722,-960],[-2802,2905],[-487,-8982],[-5364,-1812],[-2181,1858],[-1583,-4090],[2608,-1180],[3672,3481],[872,-1982],[4656,-1851],[939,-9113],[3140,-8947],[388,-8663],[1946,-536],[2444,-5674],[-837,-10065],[-1162,-3409],[3030,-3624],[1269,-6107],[9128,-6317],[934,-5796],[-1047,-9502],[1071,-7793],[-3341,-6886],[1012,-9680],[2577,-1590],[4913,2495],[4659,5611],[3019,-8694],[1984,-3676],[1450,-9209],[-3042,-855],[-325,-5669],[3115,-3314],[3694,781],[760,-2905],[-2953,-12047],[-2097,-4437],[-3054,-2947],[692,-4149],[-3100,-2847],[331,-3596],[-3945,-2018],[-3349,-5081],[-2214,-562],[-2395,8443],[-3753,662],[-2170,-1460],[-3318,2012],[-812,4205],[-3017,5217],[-2477,2132],[-1822,4753],[-7930,6745],[-2345,-4442],[32,-3431],[-3810,-4092],[163,-2405],[-4356,-4239],[-4538,4677],[-1755,4028],[2666,6282],[-1806,5654],[-1428,628],[-5748,7369],[668,3337],[-2531,1527],[-39,3682],[-1717,3453],[3649,2804],[1234,10034],[-1303,5079],[1261,1712],[-1814,6334],[-3127,7646],[981,2872],[-4075,10856],[-1947,641],[-94,4770],[3691,2610],[1135,2945],[10757,12412],[1273,4538],[-1140,6616],[401,3009],[4486,2536],[2421,3941],[2242,-1431],[-1716,9724],[-3333,5992],[-920,5724],[-3267,4906],[-2591,1751],[2117,2961],[-556,4559],[-2598,1488],[3871,5944],[1275,7826],[1418,-2025],[5745,7557],[-1124,2087],[237,4923],[3322,2423],[3840,4481],[2963,-1791],[5999,-1537],[1076,2093],[5815,-1635],[1984,3905],[3599,2940],[2365,-1149],[6720,3447],[894,4984],[-1905,7822],[-3532,2607],[766,4564],[3569,7863],[1969,-822],[1604,3979],[1848,7683],[2634,1336],[-744,5018],[4737,5447],[1847,6051],[-441,5883],[5286,6184],[-137,3667],[-4745,5949],[1188,2933],[2880,-346],[2462,7044],[519,4386],[3866,1390],[-313,6721],[2076,963],[3074,6234],[475,4270],[-3469,1502],[1193,3512],[-526,3609],[3117,1072],[556,4423],[-2870,1873],[-2906,-1633],[-1634,1809],[1839,3855],[-362,2769],[-4729,6756],[-3015,7993],[2790,1164],[-2190,6106],[1477,4197],[-1524,1460],[-4898,-2939],[1259,5154],[-3899,2218],[-4402,-1050],[-5164,9658],[-4237,1188],[-4857,4027],[-3938,-1610],[-589,-3093],[-4295,1156],[-1632,-3265],[-3421,-529],[-5637,4970],[-5731,1138],[-3155,5714],[-3048,-1299],[-3255,7971],[-5251,-988],[-3271,-3400],[-186,-4027],[-4641,2519]],[[968616,5901281],[-1382,5866],[2316,830],[3817,6889],[-1442,2360],[-3540,1359],[-958,-1856],[-4036,2530],[-4263,224],[-1172,-7012],[-5342,487],[-664,-4301],[-2690,3156],[-3383,-1528],[-1853,2212],[-8697,-211],[-9909,4568],[-2080,-2343],[-2004,502],[-1420,-3511],[479,-3519],[-3466,142],[-1148,-2715],[-6469,-4564],[-4975,-1544],[-5331,-110],[-1275,-4427],[1475,-2891],[-1581,-3138],[-4749,5435],[-3780,7069],[2337,1527],[436,2865],[3385,2693],[2746,3672],[8958,3631],[7487,7219],[8139,2041],[1630,2521],[-2832,3462],[-2071,-4006],[-2096,4488],[-2317,-1445],[-2279,1281],[-3866,-472],[-2787,4035],[416,2991],[-4901,1520],[1079,3082],[6376,3904],[1739,7423],[3531,-316],[2191,3727],[-3477,3447],[748,2756],[-2459,3782],[-1010,4134],[556,4601],[-969,2375],[-3372,-655],[-2821,1379],[-3961,6204],[-6521,2090],[-1776,4802],[1212,5826],[-3062,2574],[-282,3591],[-5685,4054],[-527,9922],[-1683,2370],[3423,6825],[-1094,7971],[-3547,1021],[1441,3624],[-751,6213],[-2687,4156]],[[878091,6050145],[4575,4601],[1749,3784],[6160,-615],[842,5985],[2753,-3022],[2791,4116],[-406,4816],[1635,1415],[3580,-1993],[1506,4307],[-373,4364],[-2991,7875],[-955,4467],[-2500,3830],[3672,5740],[-1869,2201],[5363,5633],[-3184,2602],[313,7602],[-2519,1462],[-182,2966],[1485,5025],[-3251,5000],[3154,3983],[-2435,5503],[-222,3150],[-3969,1837],[-290,3664],[-5657,3308],[-290,3368],[-2535,2272]],[[884041,6159391],[-4660,8089],[1571,4697],[2253,802],[558,3092],[-2534,2952],[938,10530],[-2045,466],[-4395,5692],[-2277,1674],[-3484,5693],[2397,4309],[-1390,4865]],[[870973,6212252],[1758,3583],[462,5753],[-3491,2907],[547,7603],[-1379,6544],[-1910,466],[-301,6696],[-2989,2852],[1441,3327],[-1261,3854],[1092,5773],[-1420,6570],[1682,1585],[-1078,5138],[2154,10141],[-2554,1171],[-1096,4656],[1288,4053],[-341,3376],[1226,3874],[-2181,1740],[980,4179],[-3566,5655],[1155,4346],[453,9479],[-660,3483],[2440,1458],[2352,8662],[-2091,3088],[-860,7834],[5194,6622],[-150,4459],[1839,2529],[329,4796],[-1386,2767],[3105,2520],[2791,8091],[2841,3060],[1976,8696],[3603,64],[4650,5945],[2241,-489],[2308,11456],[2442,-203],[2136,3025],[6564,15089],[3995,5080],[-821,2448],[2433,6036],[-1726,1585]],[[907189,6445674],[-924,2743]],[[906265,6448417],[908,1156],[8779,-2629],[4269,-8737],[4332,-2557],[7764,-6459],[3867,-769],[4870,-2741],[987,-2296],[-2727,-3515],[-667,-4410],[-3077,-5553],[-1349,-4172],[-3666,-5096],[-2589,1467],[-3001,-8120],[1487,-2248],[-3984,-6781],[-1318,-7976],[1612,-3323],[-2877,-3463],[592,-4892],[1740,-542],[1431,-6993],[2309,-6355],[-1024,-7273],[3928,-2336],[-1101,-2482],[2987,-2745],[4718,4900],[3110,-686],[1462,2830],[2041,-4931],[2072,-2242],[1301,-4128],[-640,-3554],[-2655,-71],[-1457,-2516],[3295,-3137],[4895,2782],[3777,4984],[7042,3352],[4816,6794],[1496,-637],[761,6840],[4048,-421],[4506,3765],[4143,5759],[4011,-3421],[4834,-1495],[1707,-2175],[5938,-3212],[943,-1539],[477,-9448],[4200,-8701],[5076,-6606],[3155,-1845],[5827,-6987],[3416,-44],[5138,-5459],[12112,-4715],[-1266,-6077],[-3904,-4911],[-3033,-2490],[-1743,2019],[-2578,-5235],[-3965,979],[-1747,-5313],[2783,-2677],[2404,-4861],[2900,-2394],[1748,1393],[3386,-2682],[3409,-7105],[2502,-7309],[2103,-1492],[2494,3548],[3195,-1168],[1972,2709],[3751,-222],[4278,-3962],[3242,-1807],[-1001,-7223],[2831,-3347],[613,-4867],[2526,1156],[3903,-1665],[1521,-2880],[4807,-2689],[4401,-932],[1514,2761],[1800,-5876],[1675,696],[1890,-6019],[-199,-7098],[4977,-284],[5381,789],[2259,4533],[2678,-3080],[9,-5048],[3497,2636],[3412,968],[4879,-4411],[4087,4718],[3811,142],[1078,2268],[4457,-2197],[-2097,-10106],[1369,-1475],[2377,6194],[2403,-217],[-1350,-6195],[4869,-3253],[2872,-8002],[7299,3953],[3660,8316],[-291,5188]],[[1081602,5625391],[-2067,2032],[1498,7124],[3325,-7174],[-2756,-1982]],[[1120202,3593413],[-711,-6612],[-2643,-18191],[-358,-10170],[544,-4731],[4661,-14449],[2253,-16976],[2082,-22344],[205,-7182],[-385,-22397]],[[1124590,3446537],[880,-465],[284,-29004],[1319,-31950],[-77,-5390],[1044,-14193],[-1467,-2588],[-4878,1190],[-3336,3511],[-4581,1794],[-11081,1653],[-5779,2305],[-1853,-2940],[-2768,1479],[-1564,-2497],[-3775,-1023],[-5545,247],[-2574,-4050],[-3566,-1420],[-3417,-3729],[-2625,-4818],[1128,-2064],[-3104,-4270],[-1704,-5883],[-274,-7345],[2502,-7731],[-725,-3646],[-4428,-8271],[-4400,-6911],[-2590,-5746],[-672,-5905],[-3498,-5635],[-2644,-6792],[-1904,-1490],[-5313,-11044],[-2443,-10085],[-2338,-4301],[-771,-4580],[-795,-11196],[-1127,-4530],[2974,-7889],[7449,-12143],[4814,-5241],[4738,-1530],[3326,343],[2102,-1916],[-7264,-2805],[-2568,29],[-8057,2160],[-5281,-1128],[-2047,-2726],[-2782,1215],[-14296,-7361],[-1240,-3121],[-4789,747],[-1984,-2084],[955,-3560],[-3709,-928],[-3941,-3159],[-3744,1115],[-7765,-1934],[-3884,-1674],[-18649,-22300],[-3011,-6204],[-2009,-8053],[-637,-14009],[838,-6001],[-1486,-5428],[-2005,-3580],[-924,-7729],[1323,-7350],[-1526,-9336],[640,-5237],[-4896,-8701],[-2370,-8492],[-6122,-4776],[-4079,-5911],[-5497,-6158],[-6946,-3736],[-3175,-3643],[-809,-4350],[-5734,-4538],[-9001,-1914],[-4072,-2301],[-1909,-3008],[-753,-6390],[-2141,-10],[-8322,2745],[-8713,4281],[-3885,77],[-3700,5881],[-2824,1517],[-2601,3978],[-3721,3487],[-1332,3102],[-6916,8051]],[[860174,3057598],[2004,4261],[3845,1147],[1599,3417],[-1479,2764],[3579,7912],[1554,7787],[51,6389],[2430,-2454],[2252,1631],[1253,4894],[-790,6975],[-1490,5568],[-3591,4437],[-677,4850],[-2712,7643],[2028,4921],[2858,3356],[216,3450],[3088,5356],[-705,5549],[-3424,3961],[-1040,4285],[-3573,9138],[-2315,2780],[1710,5399],[2452,-205],[1267,6186],[2443,5044],[1541,1092],[2011,4531],[-1069,6635],[2336,3043],[-545,2812],[1204,7230],[-449,1621],[5287,11683],[-148,6698],[2841,7335],[2565,-112],[628,5635],[-3230,5969],[18,2442],[-5975,7336],[-3286,-3984],[-3411,1346],[-2958,5043],[-3452,87],[1153,6327],[2590,5856],[-159,4517],[2593,7061],[-871,2819],[2314,1548],[-1916,3607],[914,5866],[-1610,780],[-130,6076],[1909,5007],[3338,4102],[-1672,7201],[598,3425],[-5551,8426],[-277,2870],[4159,3751],[2942,-54],[-267,5316],[1550,10180],[-2268,429],[-104,4414],[-3445,7904],[717,5744],[-5711,875],[-5382,-6218],[-2715,-757],[-3472,-3953],[-420,-3615],[-6507,-6366],[-4285,2437],[-2815,-470],[-1327,4142],[-4736,3827],[-1695,2472],[589,6487],[1212,3370],[-2437,4168],[-703,4359],[1156,4103],[222,7287],[1105,5751],[-630,1514],[330,7874],[-2044,1042],[-309,4956],[5141,-353],[1398,954],[-1542,6919],[3641,12064],[-282,6927],[-2972,180],[-3789,9451],[-4919,3171],[-3911,504],[-4244,2409],[-3480,3109],[739,5766],[2155,6196],[2579,4903],[4888,-1741],[-1935,4229],[784,3427],[-1081,3606],[450,4947],[-4082,1071],[-1037,3831],[3394,4123],[515,3370],[-2748,3476],[-7526,-6759],[-2705,514],[-6459,-1829],[-3354,3947],[-4829,-898],[398,5200],[6612,4788],[1979,3994],[543,9551],[-8431,4590],[-8839,10340],[-2548,1745],[-1561,-2088],[-4009,4440],[-1903,-257],[-2314,6845],[910,1508],[-1609,4928],[4393,5059],[2253,-4538],[3228,3760],[1802,-986],[2256,1933],[975,4258],[3760,579],[1572,1561],[-1163,3494]],[[795941,3575156],[2437,-292],[5301,6216],[2618,-2376],[2970,-10957],[4242,-1596],[5571,1265],[7425,-285],[810,673],[9595,-2938],[-2107,6198],[1490,7191],[3690,7221],[796,6569],[1179,2851],[5887,-2791],[1287,3695],[2859,2097],[2488,-3186],[4242,-8296],[2815,412],[-118,4758],[7564,2922],[4758,327],[1087,2816],[4239,-616],[3979,-5793],[3283,2382],[2535,-101],[3137,-2934],[2096,4454],[1512,12129],[2419,5124],[220,5028],[4348,-1362],[2225,1462],[4172,-616],[1893,1443],[4344,270],[2632,10225],[2918,6959],[2799,2853],[1916,5938],[-1769,1840],[-2496,7614],[-7345,2968],[-4101,994],[-4748,-1429],[-1480,1193],[-2818,-1516],[-4476,2364],[-109,5157],[1589,5673],[3809,-274],[3713,4186],[1254,4555],[3312,3901],[719,3280],[645,11650],[-1903,2557],[736,4454],[-2685,1625],[-758,8948],[1126,6466],[1445,1958],[-688,6006],[5882,2559],[1807,-3597],[5957,2034],[1960,3582],[75,4634],[3152,4687],[-1488,1571],[1965,4244],[-12,8569],[3557,2882],[5236,-103],[3757,3261],[920,-2818],[-2080,-5309],[2254,-2238],[2279,1457],[2454,-1733],[2748,1458],[1199,3282],[4413,-1963],[1314,-3419],[2911,-2400],[1352,-3040],[4145,-913],[5161,-2345]],[[969384,3743007],[970,-4712],[-948,-2667],[-2292,-644],[308,-3418],[2847,2548],[3505,-175],[1925,-4679],[7994,-7061],[8900,1105],[-372,6699],[3466,924],[49,6589],[4854,-3953],[865,5899],[-597,3019],[3374,3902],[1469,6017],[-598,4434],[3082,12351],[1876,-315],[-3094,9506],[3337,3682],[67,2443],[4728,-2444],[891,8197],[3549,-2102],[3503,1411],[2445,3823],[2793,-1608],[3796,3002],[2380,-8139],[1718,5474],[3037,-763],[2608,1622],[5020,-2521],[2776,-2588],[1687,-4200],[2661,2000],[5263,-2837],[2092,1470],[79,6960],[4701,4602],[1878,6219],[2260,1602],[642,-5130],[2495,-1650],[1842,2839],[3469,43],[-858,5181],[3474,4273],[3800,-486],[2141,4245],[-62,3284],[-3340,707],[-453,8773],[-1935,-53],[447,4663],[9340,2301],[4057,-1015],[256,-10159],[3278,-2050],[1903,1097],[1201,3385],[2171,-2835],[2224,3386],[4031,-2812],[1405,-3595],[2351,-2020],[2622,-4515],[3363,5317],[-5754,5190],[3191,5826],[2274,-3128],[2470,3839],[4423,-139],[450,1932],[6108,3263],[2578,4243],[-1777,7034],[3251,712],[-89,6047],[3414,1414],[1865,5428],[120,3854],[4695,-1907],[101,-5765],[6401,1920],[1674,-2003],[6159,-491],[1577,-1937],[2510,14118]],[[1165741,3866305],[4146,-16294],[436,-4789],[2194,-9354],[699,-12483],[-2550,-15090],[-2020,-7488],[-370,-7160],[-1004,-3899],[-512,-7431],[-1090,-5841],[-1508,-15034],[-424,-12348],[735,-2654],[-5220,-23159],[-3788,-18800],[-519,-7227],[-969,-3059],[-7949,-15463],[-17261,-42522],[-1044,-3355]],[[1126111,3627361],[-1590,-7820]],[[1121353,3601222],[-68,-433]],[[1203501,5058135],[1069,638],[3480,11864],[-41,2682],[2742,4272],[-739,5411],[1270,6601],[-2286,9702],[1405,3616],[-1230,3056],[248,4760],[1318,4125],[-124,3792],[1313,4131],[2391,455],[3048,-2108],[3344,8522],[516,12328],[-1110,4271],[4188,16093],[-9,3849],[2026,3959],[1072,6938],[4015,1160],[2074,-4674],[-194,-4285],[2487,-1224],[1583,6860],[-2979,4775],[3999,940],[694,9036],[-541,5752],[2400,2255],[3962,496],[1190,4792],[1597,1867],[256,7773],[-1474,7050],[411,7428],[4469,3197],[1480,4733],[2095,572],[640,-4322],[3087,-1630],[2867,3071],[1863,4722],[2508,-3229],[1464,952],[-381,4381],[1900,566],[4223,-1617],[1384,-10697],[2558,1167],[471,4927],[3389,2034],[1890,-712],[1335,4725],[3489,2960],[1401,-1691],[1954,3523],[3615,-2433],[1836,3263],[3470,2154],[-1306,3603],[3549,8206],[2875,182],[1495,4348],[4142,-5],[-1867,7713],[4060,6102],[-1215,6823],[-1426,3592],[838,6148],[8284,2274],[5522,8787],[2639,1570],[402,4011],[-2793,8880],[776,3195],[3849,2959],[6414,20],[3011,5371],[4223,-1032],[4844,5180],[-1560,3113],[792,7377],[-755,2316],[2776,6458],[1793,1294],[568,5379],[-2962,3115],[-2090,4341],[-2603,-1047],[-1726,6757],[-4297,-3236],[-3470,1886],[1110,3347],[-4581,592],[-815,5731],[-2119,3076],[-642,4414],[-2364,4841],[-4051,-2699],[-5795,-19],[-1115,5223],[-4944,135],[-2162,2478],[-3511,-6759],[-3015,1684],[-2766,-8376],[-2643,4961],[-188,6897],[-2508,-317],[-707,4873],[3354,2509],[853,7628],[3358,1796],[153,3106],[2633,1156],[1140,4663],[-1947,5509],[-3057,2429],[719,3986],[-1641,5620],[-3011,2764],[681,7730],[4717,2063],[2733,-1698],[278,-3331],[4004,-4308],[-668,-1849],[4637,-4330],[4845,-1302],[7819,5647],[1631,4018],[3335,-2759],[5120,1202],[3419,-3039],[-447,-2295],[4013,-1481],[3843,1009],[2160,-1008],[6066,1573],[2998,-3218],[2332,2366],[3269,-2006],[3766,-793],[3735,1411],[1882,-1855],[7456,1638],[2560,-3938],[2692,-124],[2787,6459],[3524,-631],[3828,2568],[3654,5056],[-1659,2296],[998,3204],[3599,2651],[5152,-788],[5585,6604]],[[1460818,5482673],[5583,-257],[1813,-2996],[2657,577],[335,-4016],[1595,-2542],[5208,-1579],[1503,-2891],[-838,-4729],[3248,-7298],[1932,-10310],[9410,-3438],[751,-2624],[3209,-1497],[2901,-8732],[803,-6289],[-2165,-5463],[3404,-4658],[-675,-2277],[2428,-4709],[3843,-2044],[11832,-3706],[-757,7659],[1023,856],[6379,285],[2055,-4341],[-190,-8276],[-1267,-6361],[-4231,-5708],[1030,-6849],[-1865,-5664],[669,-2842],[4090,-2014],[1100,3721],[4948,-6819],[-1999,-13222],[937,-6245],[-3042,-7479],[796,-3197],[3094,-4302],[1720,532],[4179,-4498],[-710,-7628],[2011,-6579],[244,-3850],[2778,2212],[-275,4605],[996,2650],[3172,-7333],[2300,619],[3659,-2968],[4585,2750],[5046,-1507],[1515,-7088],[-2378,-9388],[-3541,-478],[-1928,-9354],[-1487,-719],[-961,-4549],[-2843,216],[-2920,-4727],[823,-6900],[-1644,-3659],[-6843,-4832],[-6365,250],[-3334,-6621],[-2408,-484],[-2081,-7040],[609,-3054]],[[1526284,5240975],[-2638,-492],[324,-3472],[3256,-1832],[2577,-3856],[123,-3934],[-1544,-1622],[-2538,-8183],[-3238,-2234],[-4582,-98],[-2500,-3139],[-3055,797],[-3463,-3008],[-435,-4785],[-4413,-2869],[-2089,-5109],[-5027,978],[-3838,-2145],[-3677,-4361],[-1919,-7756],[-4350,-7781],[2993,-4567],[-333,-2856],[-3867,-161],[-957,-5181],[1476,-1958],[-1762,-4462],[2352,-4578],[4246,-5209],[-1888,-1750],[-1138,-4241],[1597,-3654],[-1438,-3049],[-2187,1438],[-2671,-6535],[-3110,3075],[-2347,-4798],[1911,-5955],[-3397,-8207],[-2014,841],[-1399,-3095],[2702,-3290],[3914,-2318],[-1986,-5156],[-2108,2156],[-111,4868],[-4851,-4323],[-2222,-4122],[246,-5792],[-3308,-9303],[1542,-8285],[4308,-6560],[-807,-9587],[-11194,5301],[-1456,-6100],[866,-9241],[-2090,579],[-2778,-3887],[435,-3634],[-2259,-10412],[-40,-2886],[-2936,-994],[-2792,-4518],[-5866,374],[-6332,5067],[-2100,-786],[-381,4357],[-2066,3837],[-2197,-5007],[-3929,914],[-1908,-2766],[-3872,2908],[-5375,-3474],[-2876,3395],[-5655,-450],[-5840,-2466],[1289,-6370],[-3649,-5836],[1698,-4347],[-5353,-10250],[-1357,-4056],[-6945,-5838],[356,-4768],[-1016,-4299],[-2534,-3523],[-4246,2723],[-434,3774],[-4433,555],[-2010,-3942],[295,-12287],[1049,-4743],[-199,-4528],[2189,-5979],[233,-5358],[-3164,-5626],[-692,-6420],[2140,-3997],[2959,-1658],[811,-6792],[3870,-5912],[-3621,-14560],[2982,-4055],[402,-4171],[-2341,-3903],[1170,-6274],[-1081,-6067],[-2049,-2699],[739,-6126],[229,-10383],[4778,-2430],[2793,-323],[1462,-2119],[5435,-1012],[3879,-3689],[3126,-80],[1016,1790],[7299,-960],[776,-1269],[-1031,-13299],[1174,-5309],[-1510,-5433],[-4989,23],[-2410,-5894],[-4233,-2233],[-717,8316],[2698,5049],[-6638,3157],[-2921,573],[-1911,2626],[-6434,-564],[-7006,-10468],[-3975,8182],[-2768,9437],[-597,3769],[-3054,4329],[-2648,-2643],[-2100,-5],[-1606,2908],[-4150,1388],[-5592,6557],[-4716,-5099],[-372,3876],[-2152,701],[-1107,3018],[-3684,4897],[-1904,-2085],[-2801,-6440],[-3064,-3511],[-1274,-15885],[1719,-3162],[9492,-6541],[-266,-3526],[1983,-5491],[2235,514],[4923,-1241],[287,-5920],[-1297,-2407],[-497,-6375],[1391,-11098],[-1847,-4750],[918,-4449],[-148,-5100],[-1795,-4206],[6846,1388],[743,-3422],[-495,-4322],[2358,-5460],[4905,935],[1069,-3259],[-968,-5363],[-2503,-519],[83,-4174],[3076,-1902],[-902,-5818],[-1759,-5263],[316,-9652],[1128,-5974],[-563,-4127],[2982,-2284],[1981,-4005],[-1620,-4411],[2662,-6018],[1559,-16612],[-2755,472],[-4053,-3206],[-1016,-5605],[394,-4407],[-1218,-7804],[-6514,-3829],[-363,-6380],[-4314,815],[-2262,-677],[-4942,-4003],[-1592,-7622],[-5281,-156],[6638,-7348],[-1237,-3807],[-4292,-1352],[-3606,-5559],[-1062,-4753],[-8519,-11635],[-1787,-9892],[-8746,-1058],[253,-3332],[-4727,-2738],[-1213,392],[-3490,-5290],[-3191,-1518],[-75,-3838],[-2245,-8401],[1820,-3921],[-1271,-3655],[65,-5459],[-2984,-6936],[-470,-9986],[454,-2258],[-3207,-6683],[-128,-6567],[-1335,-1193],[-3200,1981],[-601,-4022],[852,-2816],[-699,-4566]],[[1274439,4519076],[-262,-3877],[-3720,2848],[-8616,-324],[-6272,5407],[-3081,1425],[-7974,-8835]],[[1244514,4515720],[-3755,-2411],[-3699,2442],[-1137,7791],[188,10386],[-956,3810],[-1804,16202],[-1573,5334],[268,7910],[2171,3161],[28,3776],[-5589,-4775],[-5240,-1129],[-784,7597],[1292,2901],[-579,3799],[-4081,912],[46,-6909],[-2406,-3507],[-6002,870],[34,6887],[5257,4420],[-4079,8700],[-1724,7232],[129,7402],[-3512,3208],[551,3120],[-4408,4684],[-4886,11272],[-6783,6484],[-1985,4416],[-2458,1747],[-3141,-145],[-6003,-3678],[-2727,501],[-2208,-1686],[-2484,6840],[-1239,6242],[-3048,6073]],[[439971,4874166],[964,10256],[-562,6903],[1258,6890],[1875,2723],[267,4109],[5597,5604]],[[449370,4910651],[5330,-15],[-1974,6320],[-1157,8035]],[[451569,4924991],[697,3155],[2398,2803],[-273,5971],[1079,4259],[-1042,11761],[-3718,13550],[-300,8564],[-1048,1713],[-4791,17227],[1548,555],[2163,4601],[-4774,-1091],[-1704,-1495],[-2960,15557],[4865,1853],[-2377,5305],[-3575,-64],[-1078,3388],[564,4350],[2849,1334],[3534,3839],[-2613,1598],[-1486,-4789],[-4741,2301],[-2121,-3512],[0,-5377],[-1734,-3387],[-1885,3008],[-180,3867],[1987,13450],[-322,3703],[-2125,5053],[926,11181],[3205,903],[-1104,3948],[2676,8511],[2090,2178],[-4430,2676],[5103,10266],[3016,3297],[1007,3379],[2809,4222],[1852,-903],[2568,2817],[1325,3519],[-723,4091],[1403,1717],[4902,-1270],[2326,2808],[-5780,1027],[-3378,-2944],[-3510,-767],[-3794,3839],[-5461,-1151],[-8437,252],[-4874,-3268],[-2392,2527],[1159,7839],[3801,1684],[1558,9801],[2232,973],[1213,15856],[1962,5114],[-3055,891],[-7948,-8693],[-2839,5628],[1424,16625],[2018,13468],[2217,8146],[2557,3851],[2438,1370],[3507,-512],[4503,-4470],[5699,-1534],[1674,3824],[2980,3822],[3394,1661],[2912,-2136],[3737,3059],[2532,10563],[-2550,-1088],[-234,-5394],[-3726,2733],[-3088,-435],[-7360,-7381],[-2544,6352],[-5299,108],[-11222,4381],[-4736,150],[-1573,-4267],[-3378,-2744],[-3666,-7722],[-1467,2448],[633,11711],[-2960,1379],[-1480,4282],[-3141,-8181],[-840,-5684],[-3612,-3712],[-80,-4985],[1400,-7285],[-2530,-9877],[-1357,-2895],[-3624,859],[967,-6273],[-239,-8346],[-2443,-1416],[-821,-7400],[1357,-7181],[2431,-5706],[-672,-2727],[-4595,3024],[-1029,-4296],[1614,-8179],[2395,-2145],[1594,-6084],[4063,-452],[2776,-9395],[-3697,-9200],[-163,-4734],[-1631,-8389],[-3269,-9123],[-3754,-5375],[-4232,-8199],[-4543,-13654],[161,-2940],[2334,-4807],[-6407,-5514],[-4288,1863],[-1108,-4991],[-1684,-2189],[-6970,-2930],[-2009,-3112],[-2572,-1273],[-1995,2611],[-1055,-4124],[-2755,-3073],[-1690,1666],[-3093,-6478],[-2953,-154],[-3942,-3115],[-1985,-335],[-2611,-4375],[-6258,-2042],[-3775,-4],[-2610,-4154],[-1379,-5056],[-3484,-3634],[-3455,-310],[-2674,-1752],[-5365,-1591],[-11534,-8950],[-4275,-1413],[-3142,-3738],[-4050,-13],[-1100,-3065],[-6167,363]],[[273191,4966600],[-2422,-1870]],[[270769,4964730],[-9,-61]],[[270760,4964669],[-333,-102]],[[270427,4964567],[-608,573]],[[269819,4965140],[-5029,2298]],[[264790,4967438],[-4649,-3126],[-305,-2876],[-4099,1234],[-2008,-817],[-5958,2059],[-3836,2855],[-5790,6244],[-1608,-1711],[-4702,3430],[793,3412],[-4334,-1489],[-9635,7798],[-4750,6246],[-2473,970],[-4342,4155],[-6172,7015],[-6803,8829],[-13424,19268],[-8475,14380],[-13930,25500],[-11226,19320],[-3000,4137],[-6259,10321],[-1760,108],[-4165,5344],[-6148,9477],[-7474,9570],[-2927,5615],[-1496,679],[-6941,8870],[-9632,15633],[-8435,14837],[-3411,4922],[-9873,17606],[244,2365],[-2203,8425],[2154,5155],[-133,3099],[2700,7421],[2611,4632],[4420,3703],[-2345,-11401],[3065,-1122],[4644,2758],[4830,-78],[685,-4662],[-2091,-20796],[-1408,-2173],[169,-4353],[4041,2674],[5696,1541],[-390,4160],[2021,2677],[2768,483],[7175,7450],[6426,-373],[1832,2123],[4450,1114],[955,4370],[4237,1634],[4436,-2344],[3298,528],[2369,-2106],[1430,6471],[3608,408],[223,8264],[2453,3775],[2090,-8051],[1160,1975],[2447,-4666],[2010,-1018],[3210,7930],[2415,-516],[3049,2940],[2490,6136],[2183,3357],[3937,2609],[3272,421],[2332,2054],[1884,-1602],[10806,320],[2251,4090],[-284,3392],[5866,8688],[-43,4023],[1365,2173],[-1124,3455],[3055,1667],[2452,4282],[477,6898],[2169,9124],[2501,6066],[3407,2902],[1913,-2764],[-1799,-6374],[1976,-4972],[3171,3471],[2100,9190],[-132,3735],[-3984,4038],[3715,1829],[3198,-2257],[2606,583],[838,5532],[2321,5696],[2073,2735],[3431,1149],[889,2868],[4873,5485],[-178,4187],[2476,1570],[505,5278],[-4931,6092],[-1926,-2318],[-1048,-4357],[-5147,-1197],[-7447,-152],[-1762,2126],[-6141,2532],[-1460,1632],[-4845,-84],[-5511,-1286],[761,-4236],[-4176,-2961],[-1913,257],[-748,-3924],[-2093,-1440],[-3188,-7777],[-7225,-15340],[-4345,-3542],[-1458,-5514],[-8549,-3156],[-1140,403],[-5264,-4411],[-3481,-538],[-5897,-3100],[-3050,-3662],[-4912,-2841],[-6270,-1524],[-1266,2389],[-3257,-987],[-3144,1298],[-3553,-1780],[-6021,-652],[-1079,2506],[-2504,-807],[-7703,1728],[-3677,2218],[-4309,-1461],[-7131,2129],[-11091,10731],[-10188,8374],[-16557,15472],[-3911,2177],[-5376,6807],[-3808,7862],[-2133,-703],[-5801,8298],[339,2180],[4460,1214],[-727,5752],[366,6460],[-1984,174],[-3598,3981],[-1002,6587],[-2291,1854],[-1403,5433],[-2934,4278],[-4417,2305],[-2166,4090],[160,6264],[1885,1470],[683,5177],[4380,10163],[4776,7861],[7879,7159],[2324,6008],[3167,3515],[3060,511],[77,3968],[-3857,-1023],[-3775,-3068],[-5900,-2242],[-4458,-9012],[-1644,-826],[-2774,2237],[-1003,-1981],[-4332,-899],[2080,4993],[-701,6592],[-2236,-1858],[1092,-4482],[-1684,-3456],[402,-5752],[-2169,-8177],[-487,-8318],[-4131,-4154],[-3762,-1149],[-2985,2663],[-8577,-6],[-1740,5075],[1727,3260],[3493,-699],[3333,1342],[3890,6332],[-358,4913],[-5063,-8053],[-3973,5053],[-1446,3835],[2049,4794],[361,4674],[-603,6831],[2169,-124],[3173,2365],[292,6913],[2018,-789],[567,4900],[3456,-1342],[4830,8849],[35992,91],[1038,25742],[544,19374],[-454,4640],[4175,2715],[2193,-295],[1208,-5152],[346,-5746],[4193,442],[1579,5588],[3723,3476],[3039,-8184],[8310,877],[3051,3004],[5193,-3164],[8028,-469],[7804,4686],[5226,-1802],[7320,1601],[5826,-1789],[8742,3689],[13226,-18613],[28287,-2],[4019,4347],[4164,14670],[5403,1299],[5017,2786],[3455,580],[7023,4067],[4028,-189],[4154,3757],[5366,1917],[10179,5219],[2827,-2101],[-2117,-6891],[-1736,-1891],[1876,-7167],[-26,-4708],[1975,-4966],[4087,-2480],[6710,-1395],[8806,786],[4452,3692],[2411,142],[1875,3372],[-2009,1976],[315,3225],[3387,2854],[3368,4347],[5271,27643],[-1520,2248],[-107,7955],[2171,6141],[6334,4086],[2116,4199]],[[281778,5572828],[1490,-2109],[16921,-9178],[2518,4930],[3288,1990],[1037,-4612],[1892,-741],[9600,8204],[6174,-532],[3495,902],[2866,-765],[4578,-5814],[5060,3465],[2758,-217],[3393,2304],[2957,-511],[16,-6277],[4783,-3338],[1271,3270],[-732,5497],[1349,2339],[3445,-645],[1735,-6369],[1738,101],[3361,3173],[546,4447],[2739,647],[4417,3368],[2541,-845],[495,-7415],[3348,-3081],[2475,777],[1405,-3434],[4998,862],[1639,2094],[8340,-3492],[-1634,-1855],[-3750,-188],[-1742,-2791],[4233,-5496],[3220,142],[2920,1884],[2470,-7804],[3223,686],[2967,-1335],[-1304,-4353],[2047,-5838],[557,-4189],[4154,345],[-691,6448],[3887,6860],[4090,-3827],[7747,-2552],[2365,448],[799,-8192],[4189,-7383],[3740,709],[3109,-751],[4442,1337],[3989,-2312],[1887,-3031],[6448,5571],[-2732,3783],[3034,5893],[-1089,2517],[3079,2458],[4051,33],[4096,4492],[1515,-4191],[-65,-6719],[-2360,-4726],[7279,-6481],[4258,3395],[2222,-1930],[-1995,-4903],[-1629,1746],[-1459,-6760],[-2996,1408],[-963,-5369],[-3018,-4068],[-2572,-8011],[5967,-11042],[2850,-3739],[5302,-3166],[-2004,-5628],[3511,-2932],[955,-2730],[4140,2334],[6380,13464],[1148,-3849],[4249,-6260],[996,-8496],[491,-9343],[-3141,-1376],[-3211,-9823],[1307,-1903],[-1122,-8352],[1490,-2229],[3783,1484],[6047,-11493],[3258,-367],[-165,-9828],[1645,-4852],[4431,7028],[4482,-115],[2557,-3785],[563,-8148],[-1390,-2963],[-3,-4052],[2245,-3256],[-2232,-5865],[1913,-4107],[3683,2427],[1253,-1047],[859,-5682],[5209,5940],[1132,-3346],[2171,884],[2769,-1662],[2693,-4602],[3030,-9183],[4798,1232],[-135,3609],[2348,1990],[2107,-4319],[-220,-2285],[4503,-947],[872,-5560],[6663,-258],[839,-2968],[2241,-1280],[189,-6601],[-1464,-2878],[214,-4317],[2665,-3031],[2891,72],[1686,5137],[6833,-4944],[1814,-6155],[-891,-3448],[3954,-5215]],[[592880,5323097],[-222,-3131],[2345,-2515],[1714,-6627],[-2384,-4384],[3724,-7037],[2464,-1268],[1411,2855],[2754,608],[1314,-2043],[1542,-8051],[-1138,-5996],[-2988,-1287],[139,-3943],[-3221,-7785],[-1691,-12897],[-2248,-2092],[-4384,20],[-3711,1832],[-4330,-5154],[-2081,-7260],[-3817,-2704],[-3495,-4232],[-2468,3071],[-3302,1776],[-3496,-2549],[-839,-4151],[5127,-168],[329,-5627],[1743,-807],[-272,-4475],[1723,-2553],[1607,4372],[2348,-2479],[4163,2292],[3888,-1878],[2543,-3190],[-4416,-8592],[-2113,-1299],[-1202,-4354],[-5987,1964],[-1506,5185],[-3920,-824],[-837,-8348],[-1030,-1949],[2132,-4405],[-216,-7146],[4259,-422],[1369,-11009],[-595,-7133],[2708,1223],[1708,-2200],[-991,-5015],[-2352,-933],[-2587,-4709],[954,-3583],[3067,-1855],[-364,-5193]],[[485534,4871964],[-2092,1096],[-320,4321],[2799,2140],[-1504,3784],[-6344,1734],[856,-4356],[-3390,-2976],[-4246,1808],[-891,5467],[633,2753],[3577,1958],[1689,3142],[4904,4056],[-1381,5253],[-4105,1006],[-326,3993],[-6474,-4984],[-241,-3829],[-4060,16],[-2975,-3257],[-2036,3269],[-2870,-3614],[1830,-4020],[2227,-899],[737,-4315]],[[884041,6159391],[-3020,-4547],[-2297,1984],[-4527,-2718],[600,-8338],[-2024,-1619],[-5216,-1416],[-819,3221],[-3572,2301],[-1526,4697],[740,3830],[-3884,3340],[-1970,-881],[-2698,2911],[-3034,119],[-4704,-4269],[-4210,1458],[-2735,-1379],[-1434,5918],[-2143,1957],[-283,4048],[2271,413],[2423,7171],[1707,-1228],[1836,3990],[2975,3269],[1147,4353],[-2235,8344],[1086,2052],[-488,7810],[3952,3078],[4644,-1002],[2089,5983],[4639,-112],[6095,-1970],[3547,93]],[[1982776,5949048],[-2797,-85],[-957,3824],[-2352,1603],[-2388,-2626],[-6589,4540],[-4606,-1161],[-1169,-5214],[-6063,-5451],[-965,-3802],[-2463,-1227],[-7135,2438],[-3858,4647],[-3650,752],[-4483,-1846],[-1603,2004],[-3265,145],[-2706,-3488],[-5538,3631],[-1731,6003],[62,4398],[-4820,2989],[-1350,-1384]],[[2311803,5547651],[6781,-3505],[20,-7698],[1588,-1502],[1290,-12873],[-3952,-11171],[-1241,-7250],[8320,1846]],[[2324609,5505498],[2808,-7255],[277,-17931],[-763,-2892],[932,-10724],[-1691,-4503],[200,-5101],[1282,-4596],[-1432,-7350],[-1875,1721],[-1975,-3261],[1283,-4496],[-2447,-741],[972,-9377],[-163,-4086]],[[2089400,5880807],[1255,-7320],[-1457,-3272],[1908,-2166],[-1155,-5832],[462,-3230],[-999,-4923],[1619,-10826],[-2026,-4602],[-1418,-5716],[-5015,-4931],[154,-3087],[-4704,-6126],[-279,-5300],[-1380,-1735],[259,-8441],[-1521,-2222],[4213,-2981],[1837,-4125],[-1069,-2768]],[[2011447,5171983],[-141,-4489],[2937,-5848],[-654,-10419],[-4902,-3118],[-649,-2743],[-7229,6116],[-1609,7343],[-1421,-9131],[-5442,-757],[-1804,2348],[-6676,3032],[781,7932],[-1375,7051],[-2147,-326],[-3409,5722],[-739,-5105],[4217,-3767],[1006,-2984],[-3496,-1874],[-2324,2310],[-1646,1082],[-62,4598],[-1850,4768],[-2370,3035],[1789,-9922],[-3604,-9278],[766,-9852],[-2535,-3990],[-3284,1966],[-518,-6249],[-1770,-1438],[-2216,3233],[12,6566],[-2795,-2697],[-1354,440],[367,3897],[-2776,-3014],[-2076,-750],[-2454,-5160],[-546,-4134],[717,-5423],[-2231,-770],[-832,9775],[-4689,-1089],[-1033,-4277],[-3243,-2333],[-549,-2502],[2454,-6697],[-741,-4458],[2741,-7601],[-1540,-10463],[1328,-5292],[-4134,-2859],[-1285,1258],[-2255,8630],[1531,3037],[-321,3831],[-2900,2443],[1698,2921],[-805,3073],[484,7678],[-2442,11683],[-2380,4344],[886,6083],[-1927,6648],[3368,5109],[1925,5616],[1282,7034],[-1524,11377],[-3095,6497],[-7065,3580],[-3225,-861],[-470,5081],[-2934,-3573],[-2805,3601],[-1434,-2612],[3001,-3851],[3685,-1509],[7077,-1052],[3225,-5957],[1920,-6170],[-1853,-4049],[-7019,-7779],[-3324,-1474],[-3887,-9352],[-732,-4555],[-3026,-9614],[-3302,-6409],[-6222,-5792],[-3448,-7167],[-3837,-4517],[-13386,-9223],[-10199,-2554],[-7289,-3326]],[[1861388,5100516],[-1710,8243],[224,6294],[-2531,9673],[-6779,586],[-2578,3073],[-3533,90],[-3287,1920],[-1085,5180],[-1798,3436],[-741,5911],[1561,4117],[-1857,4655],[-6981,1846],[-18,-4520],[-2500,-2458],[-3909,-1399],[179,-7466],[-5674,250],[-3641,6993],[715,5299],[2002,5552],[-191,8304],[-3432,2625],[-3128,5051],[-5121,586],[-5306,1705],[-4149,2498],[-442,4711],[-7949,-480],[-380,5351],[877,5394]],[[1788226,5193536],[2883,-844],[2006,3907],[2366,-2889],[2008,7386],[6175,-1298],[92,6062],[-5295,4194],[1037,11819],[-2983,2701],[-4646,1152],[-1329,4561],[21,4038],[4102,-769],[793,3693],[-3485,11342],[-5366,1129],[-4973,-1129],[-2448,5421],[783,7308],[-2119,3044],[-3371,2021],[-4002,4680],[-3844,-772],[-3215,5666],[-4834,5657],[1584,5886],[-280,3668],[1738,1395],[1323,4987],[-2743,4302],[4046,3554],[4556,185],[-470,3565],[-2209,3422],[-3148,-621],[-3801,1228],[-3048,-2419],[-2888,3042],[-2509,-1578],[-4310,3575],[-2723,-2098],[-3910,-863],[-3744,1636],[-2849,4242],[-2790,8273],[-2792,-216],[-4713,3166],[541,2737],[-1668,3562],[-13725,1214],[-1255,2034],[128,4245],[-1836,3985],[-2695,-51],[157,3896],[-1676,3592],[1813,5654],[2745,3398],[787,4367],[-563,4849],[1975,1175],[-2612,5285],[1202,7538],[3179,534],[3972,-2049],[7263,2359],[1359,4393],[-2213,5003],[2432,5929],[5079,-3541],[1454,745],[4706,-1298],[-975,-5358],[1152,-2489],[-93,-6117],[6683,-3852],[3039,-3813],[2717,1688],[2080,-2709],[905,4847],[2986,-268],[1700,6392],[-77,8655],[7841,9446],[-222,2483],[4257,3089],[3517,-1236],[4568,2761],[2379,2775],[6001,3290],[5471,1833],[2615,-2937],[5130,1291],[1268,8703],[1349,4975],[-2093,3813],[4754,3582],[3017,6146],[2994,2668],[1931,-4758],[2896,2024],[4338,-1973],[4117,-4582],[6400,-3822],[3070,149],[1497,4049],[-3596,4362],[3367,1778],[2193,-2544],[2550,367],[318,-3233],[2243,-621],[308,5024],[4940,6547],[-992,5743],[655,3039],[-2814,1341],[520,3449],[-1941,1381],[-1278,5178],[1264,1961],[3920,-2570],[4699,842],[-752,-5411],[3022,2164],[7683,-4794],[3403,4724],[3230,3037],[-1521,3367],[-256,5339],[3030,3575],[2381,-4178],[2369,648],[313,3558],[3435,3140],[-3090,3444],[3621,1600],[7511,-2638],[457,5937],[-2314,3108],[-3397,982],[1354,3895],[4523,3601],[1254,4774],[1635,-832],[3022,3027],[209,4558],[3568,6769],[-1152,5124],[2683,11388],[-1239,2886],[-387,8694],[2707,-1137],[6181,1199],[2068,4836],[-729,5260],[1087,5263],[-2557,1487],[1639,7082],[-4585,1910],[-3948,3045],[1267,5019],[1920,-3804],[2848,5701],[-580,3497],[2031,1215],[-571,3905],[6781,10356],[-302,7248],[-1744,3286],[-4229,3017],[-1863,3580],[-7908,8480],[656,3916],[-2140,4363],[212,5563],[-821,3972],[556,6866],[-6487,1095]],[[1883103,5659997],[5033,1090],[5338,-3414],[2529,3195],[690,4883],[-6570,6894],[512,5635],[-2428,1399],[2190,9709],[3566,-1958],[629,3896],[3235,2218],[193,3163],[3528,1196],[2240,5208],[3875,-374],[2687,-3392],[1874,-15],[1645,-3596],[3342,-199],[601,4057],[-1861,5122],[-1999,760],[-948,6443],[2739,10909],[-32,5366],[-7884,3652],[-2201,6720],[-3391,1686],[-279,6028],[-1378,2412],[-32,4589],[-5938,776],[-1922,8760],[3320,5285],[1112,9547],[2205,2247],[2579,5380],[2372,1214],[1809,-3395],[2235,2368],[1098,4015],[-454,6513],[3292,766],[2022,4593],[3705,-612],[1811,4163],[6257,8189],[6816,4476],[2813,7229],[2847,-31],[-439,6617],[-2865,-149],[-1735,2736],[2583,4269],[-3390,9270],[-2641,725],[-1537,3603],[5109,5603],[-4450,2277],[-2191,-3687],[-3042,-1862],[-2620,4114]],[[1921196,5858337],[-116,62]],[[1932848,5106600],[-1571,-4610],[-2250,4470],[-579,5695],[4165,-3110],[235,-2445]],[[1940905,5105846],[421,5308],[2507,2283],[182,-9854],[-2819,-3700],[-291,5963]],[[1951454,5114692],[-995,-7888],[1926,-3971],[-2359,-2927],[-1887,3958],[-332,7529],[3647,3299]],[[1962421,5094800],[-559,-3603],[-4127,1270],[692,5423],[3994,-3090]],[[1963730,5094161],[-675,2972],[-2638,1606],[774,6826],[5697,-4759],[325,-3276],[-3483,-3369]],[[1996015,5096893],[110,-4510],[-3181,397],[-1917,2623],[288,4132],[4700,-2642]],[[1987018,5099402],[141,-2867],[-5781,-1273],[-2051,2319],[1139,7006],[4717,2315],[357,-5343],[1478,-2157]],[[2004741,5119448],[-611,-2174],[1965,-4431],[-425,-3907],[2695,-1530],[1289,-6415],[-2160,590],[-1576,4261],[-2009,1789],[-1711,7174],[-1823,1970],[391,4479],[1716,1816],[2259,-3622]],[[1965176,5114387],[309,-4809],[-1897,-4391],[-2493,9960],[4081,-760]],[[1955407,5126908],[-977,-9761],[1842,-6781],[-1897,-9595],[-2857,5821],[604,10046],[-187,6941],[1428,4075],[2044,-746]],[[1966017,5120976],[-3067,-935],[-1923,-1930],[-1058,2904],[122,4616],[3236,5686],[2143,-1996],[-757,-3683],[1304,-4662]],[[1965721,5119279],[1739,-3418],[-213,-3322],[-4958,4889],[802,2473],[2630,-622]],[[1924811,5107168],[-2258,-4593],[-5371,1842],[-2204,2175],[2136,13478],[1475,5952],[2296,1347],[2590,-4411],[-848,-2788],[1312,-5985],[-1039,-1923],[1911,-5094]],[[1948846,5116435],[-2978,-4226],[-1995,2927],[2253,2385],[2720,-1086]],[[1946715,5127378],[-2820,-3773],[82,-5030],[-3301,1101],[-733,6109],[2364,994],[2093,2523],[2315,-1924]],[[1953091,5127993],[-3291,-7763],[-2031,6608],[3741,3887],[1581,-2732]],[[1996747,5107188],[-1697,6686],[975,6673],[5194,-6166],[-223,-5377],[-1469,-5304],[-2780,3488]],[[1993695,5122284],[-1880,-5066],[-18,-4041],[1625,-6084],[-1690,-5251],[-2405,1744],[1228,4403],[-693,7169],[-3783,1818],[750,3784],[4336,3476],[2530,-1952]],[[1986983,5109169],[-4125,-717],[-3322,4741],[-1189,9382],[1282,3962],[117,5146],[-1560,3666],[2085,10328],[6785,-6106],[3502,-603],[-922,-5905],[-2324,-3450],[-1227,-4482],[82,-5066],[-2475,-4669],[4865,-1391],[312,-4338],[-1886,-498]],[[1986762,5124092],[3228,8451],[806,-1313],[-768,-7155],[-3266,17]],[[1997745,5122180],[-1740,127],[-1570,4186],[-2944,1338],[788,3512],[78,7180],[2502,-851],[710,-7214],[1500,-2668],[676,-5610]],[[1999060,5149915],[4308,-3877],[753,-5999],[-1922,-2487],[-185,-7828],[-1441,-4590],[-2845,-1329],[-2265,13763],[-1309,1105],[-1251,8528],[4204,-3],[1953,2717]],[[1986011,5148450],[2944,-1510],[-1356,-5237],[-2790,390],[-2084,3244],[1695,3934],[1591,-821]],[[1966861,5131727],[790,5351],[2496,-3347],[-1832,-4285],[-1454,2281]],[[1973814,5140096],[-1111,-12182],[-2562,3627],[236,3682],[-1830,2902],[2103,6195],[1159,-3883],[2005,-341]],[[1974084,5143050],[-2803,1693],[848,2892],[3116,-754],[-1161,-3831]],[[2007167,5131135],[1250,-446],[697,-5900],[3485,-7545],[1845,-2558],[1827,-9893],[-3436,-4039],[-2455,3276],[28,3937],[-1915,8458],[-3453,2405],[-1899,5625],[3589,3209],[437,3471]],[[2008937,5140889],[1029,-6447],[-3161,-2370],[-3726,2134],[-447,2393],[2378,3651],[-218,3813],[4145,-3174]],[[1988223,5150680],[-953,-1909],[-4719,1007],[643,4168],[5029,-3266]],[[1924871,5137760],[1981,-4454],[-14,-9126],[543,-4104],[-2093,-8783],[-2036,7672],[993,3552],[-1584,4455],[-3188,2241],[3456,10355],[1942,-1808]],[[1945117,5129203],[-2025,385],[-930,-2317],[-2935,-281],[-3020,2640],[629,2298],[3410,2362],[1103,3621],[3463,-42],[305,-8666]],[[1956904,5135908],[-2991,-5124],[-5099,2898],[672,7817],[1957,3522],[2251,991],[2995,-2800],[1425,-5593],[-1210,-1711]],[[1979210,5159212],[-2769,-7309],[-4482,1448],[193,6456],[2006,3595],[3426,-1425],[1626,-2765]],[[1526284,5240975],[4670,-1550],[5337,-6046],[2838,-643],[-135,-7126],[5381,-7333],[5163,135],[1789,-3752],[4628,-1877],[4866,1670],[3181,-1034],[2738,3776],[4650,2441],[-231,3235],[2720,1808],[12130,2253],[3638,-2297],[8048,-36],[865,4196],[4276,213],[3120,-2456],[4269,2589],[2829,-4022],[4327,5529],[1576,-1088],[8321,5301],[1998,-1335],[-1741,-4426],[2701,-9240],[-1076,-4950],[1840,-1757],[-611,-3843],[1707,-3669],[-3333,-3003],[547,-2806],[-2473,-9624],[-2180,-5018],[423,-3733],[2045,-3447],[4283,-1746],[2584,-4514],[2542,636],[5899,-4529],[712,-4807],[1685,-1328],[4062,12427],[4027,5688],[2855,191],[1770,4945],[3978,98],[4981,-3447],[2941,-3023],[10105,-6304],[4386,2503],[4371,-5177],[3850,669],[2628,2096],[4814,5702],[2783,-3776],[-1254,-2749],[-2664,1100],[-1769,-3852],[584,-3701],[-1547,-1655],[-121,-3958],[3806,-962],[1949,-2083],[2568,1283],[5932,-528],[1632,6651],[1225,-458],[6346,14946],[-1222,2248],[3343,9215],[-2753,3270],[-2795,5098],[5545,9231],[-3218,5766],[2504,2983],[495,3297],[-1063,6130],[-3049,1437],[-2518,4031],[1258,6821],[5828,4320],[1117,5140],[2280,-1779],[3366,-8445],[1901,-1880],[8464,-2632],[1379,-2826],[4187,-1649],[1357,851],[3807,-9673],[4328,-6278],[4164,-3688],[8519,4069],[5169,-7266],[3068,252],[6423,-5736],[440,-4205],[6834,-2914]],[[1861388,5100516],[-5004,-2169],[-4334,-3708],[-4274,1407],[175,-3839],[-8353,-124],[-4819,-1283],[-8872,-5300],[-3737,-5817],[-1802,-703],[-6554,-8373],[-6144,-10933],[-3133,-4730],[-5300,-14952],[-1681,-6524],[1044,-9203],[2810,-9967],[2011,-3967],[2728,-10733],[2327,-5501],[3531,-14053],[-316,-4900],[-1354,-769],[-6720,867],[-1816,-2883],[3329,-1882],[8847,1186],[1647,-4922],[-600,-5561],[2052,-1090],[-15329,-16035],[-8785,-10427],[-3956,-8626],[-406,-8407],[1335,-3113],[3319,92],[-387,-8743],[-8363,-7557],[-2419,-4359],[-6527,-4990],[-4443,-4721],[-1555,4],[-5508,-14773],[-4005,-6799],[-2486,-8902],[-2174,-2830],[-4211,584],[-6,-4738],[-3398,-1260],[-8004,-6356],[-8422,-4256],[-8777,-3713],[-7992,-2356],[-15436,-6819],[-11910,-6598],[-2239,-340],[-5866,-3707],[-6585,-5118],[784,-1435],[-12173,-8905],[-9752,-8660],[-15842,-17782],[-4283,-5988],[-1631,-4524],[-9761,-9436],[-4831,-6031],[-7926,-11551],[-3798,-7164],[-2992,-7106],[-3052,1402],[-865,-3414]],[[1596419,4714633],[-3961,4991],[1267,5020],[-3863,1056],[-112,-4312],[-1448,-1312],[-5001,-424],[647,-3964],[5211,-1986],[-931,-3115],[-2518,-202],[-3244,-6738],[-2420,7288],[-6971,-5951],[-1774,-6098],[-4573,-3397],[640,-5565],[-1867,-5406],[-5387,-5576],[-912,-4543],[-3055,-6834],[-3087,2605],[-2064,-3025],[-3975,2223],[-3167,-2635],[-2349,1039],[-7269,-4468],[-3302,4451],[-2014,4317],[-3395,-1097],[-10287,1083],[-4890,9028],[204,5723],[-2512,3939],[196,3217],[-2809,9023],[-4544,-3405],[-2830,-358],[-2974,9820],[-2055,2780],[-1378,7149],[-1728,2697],[-3092,-649],[863,-6053],[-4579,-1662],[-3896,-11186],[-416,6789],[-4924,4773],[1077,-12285],[-2524,767],[1692,-6639],[-2785,917],[-3848,5184],[-3418,1163],[-5280,-2733],[1010,-4311],[2806,-6957],[4033,-6638],[2175,-1313],[-842,-4539],[-5601,-2618],[-6295,-4708],[-98,-3256],[-3690,-1028],[-1723,-2663],[-3101,340],[-5219,4945],[-3598,-8062],[-2804,-4224],[-1417,-6137],[-3217,-1711],[-2283,-5151],[4306,-11726],[1760,-452],[1089,-4071],[-1923,-4444],[-3292,-4506],[3833,-3132],[340,-4052],[-930,-4548],[-3138,1798],[-2288,-883],[-2061,-3550],[-3573,-303],[-4386,4705],[241,4894],[-2378,-738],[-5435,4957],[-3226,-3086],[809,-10370],[-1896,-3940],[-5409,-2316],[-1262,-1805],[-4340,-2201],[-1753,-9122],[-3869,4211],[-607,2459],[206,7366],[1238,8131],[-4294,2856],[-1872,3216],[-1009,7887],[94,5601],[-2662,734],[-3122,4439],[-4313,-9064],[-2430,-2953],[-2003,-4662],[161,-10439],[-4287,-6569],[5055,540],[-3,-4376],[-1689,-2591],[-2905,-78],[-784,-6101],[-2029,-8704],[3654,-1892],[-1847,-6878],[1453,-5902],[-521,-4661],[-5059,1673],[-1810,-1793],[-616,-9561],[-1934,-289],[-5513,3378],[-1939,5664],[-1506,-626],[-3114,2504],[-1697,-595],[-2570,2285],[-989,-2838],[-2826,1686],[-2733,-1542],[-1387,-4653],[-2811,-4008],[-4449,-1065],[-1182,-1937],[-9335,-3974],[-1958,-4669],[-7463,-7992],[-2216,1930],[-2435,-746],[-2068,-6359],[-2115,-2472],[-4388,2230],[-935,-1744],[-7229,-1965],[-950,3548],[-5790,-3479],[-2171,780]],[[1599109,4711945],[-981,657]],[[1598128,4712602],[981,-657]],[[1883103,5659997],[-1743,4145],[-124,4128],[-3577,-613],[-2349,1859],[-1780,-1061],[-2660,3187],[-3140,-144],[-836,-5439],[-5390,-110],[1311,-4574],[-2595,-4064],[402,-7020],[-1461,104],[-6853,5033],[-2019,-3174],[-3505,1373],[-1560,-3276],[-546,-6848],[-1557,-5593],[-98,-3855],[-3344,2442],[-2284,-2343],[-2358,300],[-3042,-3887],[-3372,-8721],[783,-5143],[-892,-8622],[1170,-5566],[-1739,-3542],[-2863,-1254],[-3098,-6754],[659,-7703],[-345,-4804],[-2527,-8652],[-770,-6097],[463,-3285],[-5362,1809],[-1645,3032],[-4682,-2047],[-2049,-6400],[917,-4159],[-3954,1999],[-1643,-2288],[-4691,1973],[-456,4612],[-1884,2680],[-3241,243],[-307,-3198],[-7790,-4756],[-6380,5487],[-2190,-5408],[-2682,-3426],[-3466,-1381],[-1582,-7045],[-868,-9420],[-2277,-475],[425,-4815],[-2578,-3941],[-3109,1907],[-1694,5374],[-3617,2166],[-849,2627],[-3199,-666],[-3835,3634],[3184,6945],[-1157,3397],[-461,8370],[-7590,990],[-2396,-1662],[-2936,493],[-3248,3767],[-886,4977],[1528,4894],[-262,3545],[-3310,7082],[-3891,1693],[141,3649],[-7220,-4759],[-980,-2404],[-4805,1702],[-2959,7447],[-2159,1840],[-4545,514],[-1018,-2128],[-3028,365],[-3523,3574],[-3575,-8209],[397,-6056],[-2623,-5408],[-3119,-1074],[2555,-10208],[-619,-5872],[-5193,154],[-1290,2298],[-3264,-660],[397,-4471],[-2547,-2070],[-2105,-4270],[-3159,4158],[-5695,-2535],[-3317,2036],[-2349,-3071],[-4970,-764],[-2841,603],[-931,-4943],[-3164,-105],[-2406,-4083],[-6088,-536],[1199,-6157],[-4893,-2855],[-2354,-4362],[-1643,3821],[-4842,2661],[-7351,-6790],[-3720,272],[-3331,7875],[-1071,5147],[-3661,1801],[564,6561],[-3528,2749],[-1233,-3570],[-3253,-1118],[-2743,-4735],[-4007,-2090],[-1953,-9816],[-3339,2059],[-1547,-964],[-4539,1608],[-833,-5087],[-2331,-1747],[-3263,-11819],[-3370,6745],[-4000,-269],[166,4202],[-3546,3511],[-4602,2067],[-1923,8051],[-2352,558],[534,4653],[2370,1113],[-506,4493],[-2129,4419],[-3951,-1710],[-2206,2344],[-6105,-678],[558,-6118],[-3649,-723],[-3547,-3006],[-1812,5011],[-1155,8255],[-3773,9573],[-3464,1299],[-2238,-7192],[-4030,-6755],[-5813,-2323],[-978,734],[-5886,-1080],[-4516,-3155],[-3864,-819],[-2575,1497],[-8852,-178],[-4234,1628],[-4697,336]],[[985544,6774891],[-6954,-8241],[-3069,4919],[1996,3273],[-237,7407],[3389,1128],[5509,5884],[-1721,2292],[-745,5198],[1424,7265],[-640,6338],[-2944,130],[-5106,-3613],[774,-3843],[-5707,-2779],[-682,-2949],[-2551,-1094],[-4208,2478],[-3171,155],[473,-4180],[-3588,1226],[-1126,-4943],[-3547,-687],[-1472,2931],[-2987,-3874],[-6171,6007],[-2996,4554],[1307,5737],[-815,7060],[-4023,2405],[-508,4766],[-3824,3582],[-4546,2096],[-776,4138],[1550,4507],[-8380,10802],[-3835,-3339],[-10427,-7343],[-2397,-3909],[-3712,-281],[-3150,-4167],[-2322,3245],[-4579,-162],[-2217,-3653],[-50,-4644],[-3359,-1178],[-1861,5436],[-1787,-369],[-2620,3679],[-1893,-1522],[-1969,4581],[-6722,3859],[-1393,9089],[-3239,1014],[-1989,-2102],[-4480,4292],[-3730,-1523],[-3595,1646],[-3031,4380],[-3463,7730],[-1971,6575],[-2880,-1128],[-1088,3646],[-2606,3332],[855,8425],[-712,3381],[-2479,3051],[-2071,-1075]],[[828700,6885932],[-3276,1741],[-1885,10395],[-4535,2037],[-3006,7803],[-1034,6443],[-4927,-797],[-124,3588],[-3331,2598],[-3346,6177],[-4730,4122],[-3187,5],[-3938,2343],[-2390,7807],[-2219,1111],[-3481,-1485],[279,-5105],[-4181,-389],[-3285,-2720],[419,12793],[3853,1893],[1423,2889],[-1764,2636],[-107,10407],[-4773,1650],[-3020,6390],[-2081,2397],[-2442,9375],[-6257,4888],[-2335,678],[-458,5909],[-1597,3029],[-4571,274],[-1320,-2892],[-7354,2314],[-4705,-2329],[-2018,2587],[2295,5115],[-2754,1339],[-4514,4414],[-4753,9178],[-3213,2846],[402,11629],[-3663,2313],[-5346,-2146],[-1587,2741],[-7963,2916],[-2193,7293],[-6585,539],[-2712,8887],[622,3488],[-1779,4198],[576,3148],[-4065,3400],[2242,4923],[-1065,3057],[2066,7812],[-1578,3354],[-2794,758],[-1836,3227],[-3495,2408]],[[683305,7093331],[2422,-1497],[19944,3066],[37898,-4879],[3183,3916],[9278,14699],[23486,-746],[-234,3157],[11983,3094],[14018,17355],[21415,2797],[-723,5521],[895,4231],[3826,2109],[6011,1822],[781,3167],[5096,-2852],[8416,9109]],[[851000,7157400],[-2354,11294],[-11344,47291],[-9641,40188],[-345,2810],[-4485,5700]],[[678355,7100055],[5347,-1346],[-799,-2988]],[[682903,7095721],[-1715,2964],[-2833,1370]],[[968616,5901281],[-5211,-2767],[1422,-4414],[-2751,39],[-3722,1926],[-1488,-3405],[2191,-3697],[-2988,-4637],[235,-6263],[-9417,2254],[-1247,-2942],[-2987,-2388],[-5313,-577],[-168,-5825],[-3972,-594],[-2715,-2696],[499,-5304],[-1892,-2183],[-2836,746],[-4304,-3469],[-2518,-4791],[-3578,732],[-3799,-3417],[-2043,-4157],[-5087,-2578],[-3721,-4529],[-3436,555],[-4666,-1083],[875,-5537],[-5665,-1702],[-1278,1319],[-3277,-2004],[-2082,-2883],[-402,-3316],[-4442,-6821],[-6437,-5721],[-6627,511],[-1810,-2002],[-1533,-5286],[-6556,-1992],[-2311,-3023],[-908,-3543],[-4901,-4175],[-4465,-1430],[-1513,-6801],[-4449,-3544],[-3633,-7484],[272,-2520],[-7157,-8509],[-2354,-811],[-3404,1544],[-3789,-1568],[-762,-4393],[-3126,638],[-5870,-9756],[-1439,-5300],[477,-7666],[-4373,-2239],[623,-4668],[2077,-1451],[-411,-5420],[1442,-5113],[-802,-3658],[1412,-5292],[-372,-2704],[3691,-6814],[65,-4670],[3187,-3509],[933,-5619],[3685,-1535],[3498,-5500],[3713,-300],[1711,-2646],[4971,-1996],[7399,2598],[4320,-1406],[2644,-3163],[2927,-951],[6900,-336],[1372,3809],[2347,-95],[1301,2756],[4013,-946],[3699,-3366],[4399,-375],[-257,3209],[1838,2330],[833,5619],[3030,2417],[2758,4568],[3546,449],[3841,-2914],[-1996,-4017],[1121,-3832],[-1174,-4335],[2727,-2059],[-377,-6293],[-1802,-1717],[5700,-6580],[372,-3383],[-1743,-2219],[-391,-7073],[-1967,-5059],[-6339,-3693],[-2052,3934],[-11002,820],[-739,-4116],[-3043,291],[-1213,-3051],[-3916,-1339],[-9023,2183],[-2176,-3203],[-8593,-1550],[-151,-5152],[-1279,-7127],[2661,-4225],[3221,-3101],[-1013,-3893],[2830,-4527],[-1514,-1789],[-4273,-1541],[-4792,130],[-3093,-2021],[256,-2361],[4415,-6627],[742,-3623],[3351,661],[1010,-1928],[5991,3423],[3351,-5870],[3119,-928],[3320,-10489],[599,-10951],[-1598,-7055],[-2450,-1476],[-33,-3185],[-4931,-5341],[-3346,595],[-2523,2769],[65,9237],[-3940,-668],[-1405,1434],[-4408,-2264],[1129,-4590],[1768,-2658],[541,-5422],[-1205,-5819],[1177,-6501],[-1474,-1773],[482,-5619],[1789,-4024],[288,-3553],[2491,-4349],[2210,-1025],[1023,-4067],[2275,-858],[-3049,-5610],[-1316,-6473],[-4444,1303],[-5076,-2939],[-4397,8059],[-5377,-219],[-2181,5592],[2340,5720],[-653,6578],[-2957,-3384],[-2371,944],[-4284,-3718],[-575,-4157],[-1867,-1206],[-827,-5491],[-3291,-2510],[-1482,1799],[-716,5271],[-5216,938],[-1961,1861],[-3648,-672],[-5077,4144],[-2017,134],[-3103,-2539],[-112,-2869],[-4627,1385],[-3183,-222],[-71,13284],[-1708,3807],[-2635,-7028],[-1593,-184],[367,-8764],[-2729,-4569],[-346,-4912],[1634,-7246],[-383,-4200],[-2560,-160],[-2365,-2472],[-3187,-724],[-2078,-4729],[-2182,-2241],[-3518,-931],[2187,-6282],[210,-5129],[-5674,-6330],[-3907,-3007],[-1643,1685],[-4987,-3374],[-2415,-205],[-2719,-2519],[-1245,5626],[-4508,1791],[-407,-4011],[2856,-3015],[-1028,-6123],[-2948,-46],[287,-5631],[-6929,3732],[-3626,-896],[-2346,3654],[648,5350],[-7034,8078],[-3229,2212],[915,8264],[5027,7702],[1595,-2226],[2927,-558],[1595,-2433],[4608,777],[3709,3437],[1626,-1951],[1354,-5952],[3808,1599],[2332,2421],[1696,4452],[-93,3193],[5272,2209],[-179,5330],[-4049,19],[-2759,4502],[-1186,4114],[2120,5020],[420,4515],[2770,1100],[1057,3268],[-457,7133],[-1103,2651],[-3416,-668],[-2718,5628],[175,6465],[1142,7774],[1653,1430],[1959,5314],[2373,-1572],[-407,-4199],[2795,-3038],[3518,1892],[3268,4382],[228,8980],[1148,3158],[-1839,1864],[212,4528],[-2698,1157],[-680,3546],[-2826,2653],[581,6043],[-2223,670],[1194,8857],[-3374,4745],[-4372,816],[-7127,-5735],[-3587,-5986],[-3598,-507],[-2468,4821],[-3226,-1576],[-1517,1426],[-4076,-3760],[-3485,-1091],[-8138,1793],[-2100,1304],[-11645,2566],[-3898,3982],[2227,8313],[3790,1808],[-948,5568],[4755,-1833],[768,-4111],[9617,5337],[2132,2165],[-1195,4411],[-3249,-2611],[-4530,1094],[-812,-2209],[-5279,2205],[70,3153],[2882,1862],[-1613,2671],[438,4315],[3708,-7887],[1612,8237],[-2273,3796],[413,4270],[1983,1649],[-386,3437],[-13668,-1162],[-2173,2369],[-1780,-9165],[-3658,-3440],[543,-12940],[-2003,-1533],[-2109,1262],[-2723,-4719],[-6052,537],[-3595,1708],[-3623,4517],[267,3393],[-2409,3270],[-1789,-1921],[-977,5653],[-2508,-322],[-745,-9247],[1423,-2170],[1780,-7177],[170,-6113],[4442,-2606],[7183,-2754],[2456,1215],[797,-6129],[-2209,16],[34,-5983],[-2760,-3314],[-2034,-4697],[-5109,-992],[-5179,11111],[-1793,5980],[-3606,-2407],[326,-11080],[1867,-3598],[-2255,-2867],[670,-4527],[-4134,-2188],[973,-2723],[-871,-6195],[-2542,-777],[2519,-6108],[3187,-1216],[3624,1232],[3861,-6806],[-2880,-3713],[-4277,-9444],[72,-7401],[-3330,-5652],[2930,-2254],[3255,844],[3763,-1191],[1684,1013],[4057,-5082],[-2878,-5612],[1458,-2165],[789,-7674],[3435,-8411],[3806,-2735],[-1576,-9074],[-3216,-3572],[-2530,-12415],[608,-5759],[-492,-6347],[1986,355],[1549,-4891],[-3513,-13782],[1722,-1288],[1418,-5810],[-6406,-5635],[-2899,-6436],[-3568,-2667],[-2898,1769],[-1048,-3444],[-2767,-168],[-136,-3077],[-3072,545],[-4634,-6368],[-3444,-391],[-1638,-4763],[-2328,-847],[-596,-7220],[-2549,-1776],[-1855,-6688],[1984,-6242],[2428,2281],[1567,-2423],[3359,-405],[2775,-3199],[2818,2391],[2218,-1029],[1350,-4312],[2817,-3890],[-2794,-3162],[-4234,1428],[-2129,-3810],[-5087,-5729],[-5139,-1127],[-365,-4158],[-7258,-3326],[-5696,4689],[-1974,-187],[-5793,-7621]],[[281778,5572828],[-2989,4290],[-3745,14027],[-3448,8642],[-5128,11266],[-2779,15769],[-1964,16366],[-13187,19881],[-231,1333],[-10310,19192],[-583,41849],[-9474,343],[-8590,-717],[-5956,-1250],[-5756,2701],[-4905,177],[-18070,29236],[-4954,25231],[7723,21033],[1894,51955],[-10708,11020],[-8825,-2114],[-4672,-417],[-4820,1247],[-6384,-1023],[-30164,27565],[6265,59538],[26667,36696],[17778,32094],[12368,36360],[15902,23960],[8361,1973],[874,1421],[6480,1288],[6361,2565],[4677,-1634],[3391,-2430],[879,-2662],[7591,-10934],[668,-14363],[7236,-16409],[10847,-2401],[3338,605],[28849,19303],[17098,5701],[27325,813],[20862,12239],[1484,559],[2833,24601],[6590,13258],[1952,2993],[11169,13099],[7169,12550],[7090,32574],[1841,9571],[5316,9761],[4760,7641],[7291,4445],[24380,20818],[20565,12296],[5645,19205],[7721,12708],[19075,51560],[5167,26027],[5875,31330],[19282,11202],[20160,7482],[2321,3965],[13712,16045]],[[558968,6417843],[-179,-11206],[-3938,-8672],[-2492,-2839],[-1711,-5824],[894,-5824],[19869,-1079],[27192,-2573],[13815,-1151]],[[612418,6378675],[-1652,-5307],[3238,-1036],[1679,-4877],[-2113,-4457],[-3009,-1157],[-2260,-2880],[-1042,-4230],[348,-6348],[5568,-704],[1098,1884],[6716,-130],[-2958,-15080],[-917,-14379],[4544,-4469],[-2123,-4588],[-1580,-6530],[-3981,1441],[-648,-6650],[2848,-598],[1130,-4932],[2385,-3561],[158,-5818],[4841,856],[359,5988],[5901,-305],[1949,-2449],[4069,598],[3708,6028],[2909,982],[2612,-3077],[2161,199],[3700,-3535],[137,-3341],[2020,-3371],[-1199,-2542],[1282,-3241],[3563,-1481],[1732,2106],[3217,265],[2422,-8627],[4284,-1080],[439,2553],[3171,385],[1117,2587],[2611,691],[1388,-4408],[2723,-677],[603,3027],[3868,-105],[109,3042],[3571,3123],[1645,-1024],[-1003,-7693],[5773,4386],[2153,-2888],[-490,-11148],[-2382,-326],[-679,-4972],[2617,-1122],[-969,-3976],[-82,-6022],[4874,-796],[1582,-6752],[6009,-1402],[658,-5117],[-2094,-5383],[-3114,-1922],[2231,-4152],[52,-6349],[2174,-3132],[-1105,-7042],[2879,-9507],[306,-10145],[1881,-3769],[76,-3483],[5532,-1522],[1431,-9025],[3458,-2224],[3013,-5734],[3238,-1216],[113,-2425],[5072,-2345],[-1791,-4722],[700,-3433],[5385,761],[1213,-2107],[4025,-1041],[4083,-3942],[331,-3457],[6353,-7739],[2644,-1706],[-1263,-4754],[2607,-3386],[1083,-3939],[1969,-301],[-155,-4461],[-4261,-92],[-2087,-2443],[-527,-3981],[-2151,303],[-2959,-2621],[-709,-3025],[4319,-1011],[882,-5387],[2952,6099],[1695,-1831],[-2281,-3276],[-69,-3406],[-3804,134],[-918,-7641],[1403,-2489],[-893,-5011],[-2027,2310],[-1828,-2801],[929,-2498],[4336,-1362],[-1539,-8028],[7353,-2581],[3873,3914],[3420,-1477],[861,-4072],[4713,-4133],[1740,3625],[2502,1854],[-3024,4027],[717,5109],[-3189,1621],[1781,9526],[-2234,1218],[-294,3830],[1988,3535],[815,5373],[3718,-1237],[3170,2936],[3142,-2811],[-135,-3580],[2757,-1518],[2077,2239],[1370,5662],[-2647,3071],[2968,5740],[-5631,5388],[573,2917],[4863,-2762],[-123,-2655],[11485,743],[2514,-4560],[-255,-2856],[-4290,-8884],[4121,152],[4472,-1395],[86,-10821],[3332,2352],[2472,3822],[3445,-244],[2648,1764],[-1591,7333],[531,4225],[2684,370],[2992,5563],[2652,-1046],[1820,3315],[3119,883],[992,8768],[3188,2209],[3539,-335],[5502,-9928],[3717,-2242],[-1610,-11633],[-1345,-2890],[-879,-7800],[73,-10781],[1105,-10550],[-704,-3798],[-3221,-8203],[-776,-8849],[2366,-1248],[-1971,-4948],[1653,-3828],[2564,3257],[3569,-3101],[2024,12789],[4321,990],[1417,-2598],[2508,1780],[-1070,4436],[-3738,2228],[870,6179],[6138,-5446],[4581,-141],[4402,5773],[1132,-3284],[3753,-1676],[3020,1591]],[[1244514,4515720],[970,-5495],[-3612,-4466],[-1697,2227],[-2375,-395],[-3054,1630],[-1770,3700],[-1884,-3005],[-5857,-3760],[887,-5027],[-865,-3327],[2570,-3591],[-134,-3036],[-4367,-396],[-996,-5149],[8480,16],[2506,-601],[2796,-5119],[1583,-6528],[6288,-1086],[1852,-1631],[2430,3474],[3383,-6558],[-1094,-3168],[5247,-4556],[4126,-142],[2221,-2265],[4322,-1556],[891,-5149],[-1658,-4340],[-3027,-4458],[-8059,1169],[-1325,-5698],[1054,-5033],[-1581,-3670],[-8831,-2360],[-2310,615],[-1722,-4021],[-3785,-442],[-7670,4490],[494,-9494],[-4295,458],[-765,-13958],[-2524,-4582],[-1589,1964],[-12469,4759],[-3184,-2503],[400,5171],[-3246,4170],[-2914,1015],[-2566,2773],[-1548,-2970],[-3506,-2270],[-2280,-4153],[142,-3585],[-3907,-5897],[-2528,1160],[-2071,5501],[-2879,-331],[1905,-8513],[-1849,-1001],[-1590,-5133],[7548,-3227],[4219,-4193],[485,4336],[3469,869],[6503,-6561],[-609,-5268],[-2633,-2279],[-526,-5607],[4094,-5351],[-3381,-4593],[-6347,1638],[-3849,2570],[163,3207],[-5624,5005],[-2787,-4634],[-463,5157],[-3196,1123],[-1851,3055],[-975,5680],[446,4827],[-928,3937],[-4020,3597],[-7478,3484],[-3276,-2002],[-1259,-2502],[-4344,9],[-347,-3426],[-3481,476],[-1531,-8337],[-2137,-322],[-1265,-5356],[1232,-3962],[2872,-136],[97,-3013],[2390,-2641],[-1849,-8164],[144,-2855],[-2353,-4582],[-3346,-2265],[-2993,-8446],[-3124,-2092],[-2364,598],[-1549,2982],[-601,5015],[-2570,2655],[-4477,-1551],[-2729,5522],[-3804,-1758],[-2783,-4594],[-2913,833],[-2248,-1215],[-2621,-3924],[-2987,1728],[-5967,-6149],[-3057,536],[-6759,-3210],[-2082,-5303],[-7847,276],[-4019,-2920],[-3265,600],[-1626,-5386],[-1689,-1232],[-1230,-5997],[1803,-3829],[-2084,-1892],[-333,-10314],[599,-4724],[1878,-2078],[-321,-8083],[-1456,-8735],[-4387,-2504],[-4441,3248],[-1966,-1179],[-7151,2823],[-1936,-274],[-2173,-4408],[-2533,-329],[-4742,-3167],[-613,-2123],[1765,-5413],[-81,-5132],[-3148,-3250],[-1253,7804],[-4033,1477],[657,-6652],[-426,-4820],[-4971,-7551],[-4818,-1994],[-1149,1836],[-4084,2250],[-2985,6752],[-3880,1276],[-5610,-6799],[-7003,3773],[-6863,1137],[-4093,-4300],[-3746,-1541],[-1898,-4002],[-4281,2464],[-955,-6919],[-214,-7329],[-6097,-3404],[247,-2887],[-1375,-5329],[-3837,-517],[-127,-2774],[-4883,660],[-1160,3194],[-2380,2018],[-181,4485],[-1873,-273],[-1611,-5764],[-3225,2846],[-3525,-41],[-4667,3481],[-2869,-3233],[-5498,-1619],[-3279,1732],[-5471,1394],[-1759,-1658],[-3571,340],[-4302,4846],[-6150,246],[-3427,1177]],[[900236,4228675],[614,6155],[-555,6315],[-1932,4435],[1245,6440],[-1651,6235],[222,10262],[743,4799],[-934,5748],[1417,3148],[3235,-759],[645,3200],[4871,3852],[-714,2450],[-9494,8010],[-4877,-757],[-1587,-2095],[-4237,2913],[-8718,3572],[-1856,3338],[-466,6462],[2890,633],[457,2978],[2961,-1568],[3802,424],[1197,4148],[3417,244],[662,7912],[1538,2802],[2061,-341],[646,3809],[-520,6828],[-1761,-2305],[-2436,4499],[4341,1186],[978,6175],[-4539,1832],[1561,5217],[-200,3637],[3222,-764],[-1628,7208],[622,3430],[-968,9710],[1150,6908],[1483,1764],[-220,3693],[2231,2280],[-535,5116],[-3080,9977],[-5593,2569],[-2787,2390],[-1474,3641],[1710,9005],[3877,2315],[542,2835],[3122,3856],[-1977,1638],[1734,5990],[-222,6599],[4756,-2577],[2107,1151],[54,3652],[-1193,6499],[2342,1975],[3644,-1958],[104,3864],[3670,-1568],[55,4032],[3615,1608],[3495,-1131],[339,4055],[-2903,3228],[-3281,125],[-3117,1987],[-176,4283],[-4167,-1960],[-2137,3625],[-2071,-5075],[-1237,4000],[-4820,2454],[1141,7642],[-739,2600],[406,6685],[6677,4789],[2439,388],[2083,3176],[-848,2187],[-4899,3738],[566,2417],[5066,6424],[247,3409],[2489,2103],[-914,4182],[3151,-699],[377,6360],[2558,689],[589,3038],[-775,4553],[-1905,-416],[-3944,2564],[-349,2264],[-2839,1159],[-526,4508],[4686,3307],[443,2936],[-454,7676],[-2138,3159],[1018,6603],[-1176,3046],[3123,6428],[-5208,1621]],[[1359325,4347145],[3113,140],[1710,2121],[3418,-1180],[-4353,-6777],[46,-7036],[-1757,-3920],[-943,-5588],[-5345,-1717],[-25179,-20439],[-1790,-2072],[-4663,-916],[-6878,-3547],[-11263,-8955],[-2618,2934],[-18110,4176],[-10795,-2317],[-7153,-4525],[-4562,-4796],[-2968,-4880],[-2371,-6105],[-1127,-5131],[-91,-4932],[-1331,-7457],[-3633,-10529],[-116,-7635],[-3255,-3683],[-5162,-7694],[-4450,-7645],[-1890,-7279],[1847,-4885],[-601,-2690],[-6972,-5725],[-1450,394],[-8229,-1908],[-244,5324],[-1691,200],[-1309,7186],[925,6860],[-2862,4445],[-5295,2433],[-7459,-80],[-5721,-1678],[-7952,-4095],[-5745,-4216],[-8283,-7664],[-3440,-4616],[-6348,-10531],[-3133,-15600],[156,-3812],[-2015,-9097],[-2838,-6620],[-5903,-11786],[-3131,-12782],[394,-7405],[-3258,-15918],[-830,-6238],[556,-10885],[1066,-9778],[2209,-12086],[159,-6815],[2306,-13100],[3001,-5821],[3671,-17862],[510,-5805],[-685,-6405],[-706,-18613],[-511,-6143],[-1720,-6142],[-1541,-9822],[-626,-9275],[672,-13338],[1247,-7948],[2520,-9893],[7822,-28603],[-1831,-12973],[-114,-7448],[631,-5432],[2683,-8765]],[[969384,3743007],[1416,4234],[632,11089],[5807,-312],[114,2751],[4494,9277],[1734,-3541],[4858,-1805],[3800,-3490],[25,3299],[-5417,6550],[2342,3200],[2990,1630],[-507,10460],[5017,2860],[-384,4721],[2176,2588],[-1566,3204],[3230,5184],[2623,1170],[-919,4556],[245,7067],[1405,2143],[-709,5173],[-2309,-1837],[-7160,2759],[-3751,4163],[-3786,-1988],[703,4635],[-3792,4219],[1217,3650],[-686,9965],[753,9680],[2342,7946],[-2070,2343],[-3335,-807],[-2375,1218],[-6425,-1517],[-1501,1934],[-5152,-1134],[1344,5873],[-2809,336],[-577,3579],[-7645,791],[-2245,2652],[1873,2424],[2635,83],[730,3511],[-2821,4089],[3370,7083],[-1128,3611],[1030,3071],[-1031,4736],[-3076,-53],[-372,2855],[-2904,2291],[-259,-5209],[-5216,1026],[-1514,-5987],[-1968,176],[-362,9095],[3105,1130],[-398,4581],[700,4301],[-1937,715],[-3919,-8411],[-3012,3169],[18,2310],[-7839,-1576],[488,-4705],[1701,-4657],[-5287,-3967],[630,-3177],[-5511,-2392],[-2726,-5796],[-5012,2192],[-2912,-2399],[-720,-2534],[-4041,-2103],[-2988,2721],[-1189,-9654],[-1366,3099],[-2807,241],[682,-3831],[-3545,-1158],[-507,4393],[1280,1844],[694,5384],[-2431,8130],[-2731,-75],[-140,4479],[-3483,170],[-1636,2057],[-3570,-3223],[-860,4606],[-5760,-2568],[-812,8389],[-1698,326],[-1041,-5464],[-3707,326],[911,6446],[-2786,-804],[641,-6463],[-553,-10129],[1543,-2587],[-560,-3004],[-3490,-569],[-2976,1452],[-3976,-3671],[-2056,5210],[-1821,219],[-786,-6257],[-1875,1429],[-1816,12136],[3898,7005],[440,4611],[2338,615],[-543,4116],[-4616,4468],[633,4119],[-6280,6653],[-268,3243],[3793,627],[164,3912],[-2813,5710],[-5276,2282],[484,4938],[6368,2142],[4323,337],[1440,-4112],[1082,-15388],[4210,-2050],[5448,67],[890,-6146],[2879,1249],[3295,-560],[6733,451],[4552,2870],[1287,-4897],[2459,-1114],[-1119,-5011],[1783,-1202],[-1942,-5268],[637,-1818],[4186,318],[731,-2567],[2851,3920],[-417,4614],[690,4669],[-1155,1624],[-4454,572],[505,4017],[-5071,2249],[791,4526],[1881,314],[2047,5461],[1575,1796],[-1799,4033],[1424,5891],[7063,-399],[3518,-2228],[1304,4436],[-2173,5860],[904,6060],[-2403,4359],[-2187,-1886],[-965,5767],[-3286,2922],[-3189,-2116],[932,-8161],[1607,-434],[1242,-8839],[-2475,-1568],[-1450,4485],[-1741,909],[418,6415],[-7179,840],[-267,9019],[-3905,-3475],[-4686,572],[-2956,3214],[-2684,-331],[-869,-5300],[-1865,-5631],[417,-6990],[-3247,-1378],[-2767,4809],[-4511,-1491],[-1934,1772],[-4389,-419],[-1461,4476],[3068,3154],[-1067,2889],[-4074,1458],[-1795,3812],[6,7389],[2989,3833],[3080,-1156],[2605,11071],[-7145,595],[-3154,-2327],[-1191,5453],[-4858,4276],[-1323,2597],[-1083,5931],[-1468,1390],[1087,12427],[2570,9012],[-1952,6758],[5210,741],[1418,2735],[98,12022],[1096,1320],[349,11388],[-2460,-524],[-7211,1303],[2218,7028],[-1593,5892],[1197,4401],[1543,1099],[5725,-5063],[1581,-4067],[6916,-781],[1573,-1891],[3678,2422],[4383,-116],[-524,-3564],[3694,-577],[221,3778],[2717,513],[1473,5869],[183,4365],[2526,3399],[1235,7427],[-1380,6669],[-2862,1859],[2575,7424],[-25,2622],[-3212,454],[-120,4655],[-4107,23],[-2858,4571],[242,5267],[-1528,1689],[59,5295],[-2047,2023],[-1298,4489],[-1947,1804],[-247,3181],[5234,-1541],[-246,11824],[400,8736],[3979,1866],[1105,1916],[3685,-4305],[718,5336],[-4836,4491],[102,4946],[-2954,440],[1410,11187],[-57,4049],[-3658,1216],[984,3615],[3355,7159],[3118,3218],[7974,4298],[4836,60],[1291,1138],[3302,-1590],[6367,-446],[2919,-1761],[5360,1224],[2979,-2037],[4572,-1183]],[[1596419,4714633],[1709,-2031]],[[1599109,4711945],[-7740,-16832],[-7793,-11926],[-4448,-11171],[-612,-4120],[-3726,-4846],[-5681,-9983],[-1565,-5527],[-7768,-11300],[-1442,-1150],[-241,-4994],[-8139,-10575],[-10247,-15481],[-2336,-4619],[162,-4982],[-4987,-5101],[-5889,-4260],[-7498,-6328],[-3139,-1140],[-4043,-4143],[-10614,-6933],[-7440,-6869],[-10118,-11504],[-723,-3155],[-2835,-5824],[-6007,-5722],[-2446,-6357],[-2265,-2329],[-890,-7320],[-2439,-4930],[-2769,-2928],[-916,-4684],[-4853,-5159],[-1453,-5109],[-4096,-4463],[-2295,-5806],[-5372,-5115],[-5387,-2680],[-8921,-6390],[-1587,-3997],[-12130,-8998],[-4081,-2390],[-11937,-8759],[-14841,-13807],[-10196,-12140],[-11841,-17879],[-3151,-6927],[-1766,-9639],[-1714,-1862],[-323,-5103],[1775,-5056],[4290,-2131],[4304,-1025],[322,-5640],[-1675,-12000],[-2769,-725]],[[2324609,5505498],[12544,685],[-351,-9535],[1735,-6127],[2707,-2550],[5730,5424],[2244,7889],[283,3694],[5942,992],[995,11975],[2564,-450],[1170,3000],[2736,835],[7140,25675],[3669,-15369],[1759,-2619],[580,-4193],[3430,3403],[4366,1951],[2595,-2915],[4092,2447],[3118,528]],[[2393657,5530238],[1534,-2949],[-664,-6535],[2138,-990],[-608,-3447],[-2476,-5232],[-369,-4409],[1581,-4037],[-1400,-10752],[-1774,-2164],[332,-4923],[5883,-3998],[2542,1883],[1836,-4341],[2584,-1958],[1501,3674],[2057,-1739],[740,-3395],[4145,-405],[814,5353],[3932,-2078],[-998,-5664],[3432,2220],[3836,165]],[[2604337,5932066],[3731,902],[1252,-2040],[6782,9052],[4635,3892],[3190,40],[2218,2664],[3581,1863],[798,6847],[-1017,3219],[2734,5778],[3951,3431],[4808,-3135],[1198,-3104],[4247,1006],[5853,3637],[2683,-572],[2111,2635],[6378,1260],[4192,1827],[1695,-4105],[2392,-476],[1252,4917],[4941,3249],[2965,7109],[2763,1983],[-4220,8018],[-3159,2393],[-9545,-1610],[2739,6113],[820,4610],[-328,7637],[-4365,2543],[-3660,5349],[-218,7176],[-3481,12423],[2374,1147],[-268,3136],[2347,3078],[3606,7735],[3146,1312],[3275,4468],[6357,15492],[-14116,1332],[-21068,-2586],[-6035,-7137],[-1965,-3855],[-13753,-6715],[-6825,4422],[-43989,-21538],[-2206,-5023],[-3131,119],[-4112,-5381],[-3617,-355],[-6794,-3143],[-1262,-2084],[-4469,-922],[-1517,-2396],[-2554,-230],[-4397,-4428],[-4591,-62],[-3168,3951],[-4681,-3492],[-5918,2522],[-3083,-134],[-3802,6448],[-1414,-3274],[149,-5301],[2197,-1072],[2076,-7459],[-4572,-2387],[-5424,-4371],[-493,-2327],[-6730,-8370],[-2071,-5432],[-2656,-3089],[-4751,-3552],[-8853,-13692],[-5988,-10356],[-3077,-3606],[2048,-5523],[874,-5793],[-11630,-9221],[-2056,-3864],[-3492,-3479],[-6820,-2431],[-5966,-298],[-3438,-1894],[-3887,2240],[-6580,1295],[-5435,131],[-6018,-1005],[-14911,-4275],[-1805,-1728],[-2424,1208],[-4009,-1338],[-3587,3255],[-6468,4321],[122,2972],[-3332,2770],[-5792,1377],[-5833,2757],[-3884,-1396],[-4376,2063],[-3153,-6903],[-5367,-3851],[-3366,-632],[-4969,900],[-5317,-689],[-4736,-5234],[-3387,1511],[-5833,-1825],[-2561,-3168],[-2015,1168],[-5820,-3013],[-8638,-839]],[[2087005,5682812],[697,4374],[1947,4988],[1581,1302],[657,11332],[5745,2277],[3974,3437],[2368,-21],[1652,3169],[-3612,3124],[-2856,3955],[-841,3930],[-2008,2337],[-2688,5684],[2648,1066],[3072,4445],[-383,8220],[5062,2788],[1950,4292],[-1744,1806],[7760,6209],[2950,5791],[5805,245],[933,-1750],[9332,2398],[4225,1739],[2148,4564],[4823,1287],[2937,-3615],[4425,3166],[2022,-1973],[3651,-7231],[-827,-6864],[4849,4895],[847,3160],[3721,-2788],[425,-3311],[8222,5228],[2559,-1884],[2264,-4859],[1370,138],[2992,5951],[6330,-745],[1889,-1745],[4392,2473],[1876,-2468],[628,-6561],[6223,-404],[-2791,-9395],[2011,-121],[2393,3849],[3460,-2873],[3513,394],[2691,2729],[5385,-973],[-2425,-10246],[1029,-4127],[3230,-4277],[5019,4277],[1358,2309],[4538,11534],[2854,-105],[5610,2200],[1266,-1732],[3162,2470],[857,4343],[2858,3271],[1137,4768],[3049,6773],[1867,6411],[4754,-6],[1409,-1995],[-628,-5619],[711,-2227],[-1399,-4498],[2899,-3949],[1871,-370],[4771,7584],[505,14202],[5128,6689],[1235,-698],[2885,4950],[5577,-2995],[-447,-9395],[3395,-3690],[2311,-359],[4803,2373],[487,1791],[7246,-527],[4252,2549],[2322,-976],[3579,5101],[8594,-2161],[432,-4730],[-5627,-4804],[-3875,-4761],[-1135,-3982],[423,-4553],[2819,306],[3305,-2551],[-4156,-4180],[25,-3260],[-2545,-5486],[-316,-6563],[1446,-4461],[-807,-2892],[905,-8898],[3122,2945],[2776,4584],[3791,-1074],[9628,4336],[847,1965],[4009,-1494],[2842,-3158],[-363,-4250],[2887,-2605],[3402,-9026],[4533,-217],[384,-6683],[2736,-3196],[3637,2336],[1825,3496],[1477,-4202],[-1368,-4036],[-6668,-6800],[-895,-2587],[3477,-1359],[-245,-2253],[1993,-4152],[3251,955],[4651,-6808],[4418,-4068],[1547,-3846],[1896,-77],[940,-7436],[-2892,-5790],[943,-2538],[2877,-1494],[-2562,-3161],[-3090,1076],[-4720,-4205],[-3419,-1119],[-485,-2913],[-2457,-2389],[-518,-3298],[-3320,1980],[-6089,982],[1350,-5323],[-5585,1241],[-167,-3404],[-2145,-4958],[-3000,-3768]],[[2436564,5670310],[1592,-3030],[-1693,-1962],[-488,-27],[-2620,-2220],[-3296,-5359],[-499,-3116],[-2627,-5372],[-643,-7513],[-1444,-6843],[-1685,-1403],[-910,-4046],[-3795,-2172],[-2344,-6160],[1980,-5410],[-1678,-4213],[387,-3941],[-2108,-3473],[-510,-3469],[-2539,-3975],[-375,-6126],[-3916,-1437],[-1632,2239],[-2782,-2761],[-661,-5755],[863,-2092],[-2718,-5509],[1683,-6182],[-1303,-2313],[81,-5550],[-2085,-5638],[842,-2571],[-2089,-2626],[-35,-3705],[-1543,-3786],[1234,-2672],[-1165,-7532],[-2386,-2352]],[[795941,3575156],[-2203,3547],[-44,3873],[1605,941],[-1308,5702],[-3289,-2076],[-3591,-850],[-2009,1809],[-1074,5216],[-2654,4226],[-5124,-950],[-1674,3369],[-267,5191],[-4761,1307],[-3614,-3094],[-489,2507],[-235,17191],[-4086,-1786],[-3524,-4127],[-2923,-1347],[-4514,1611],[-5737,429],[-3693,2172],[-2746,3858],[-692,4420],[-2098,3703],[159,6515],[-5046,729],[-2182,-1784],[-3909,5782],[-1914,-2112],[-1772,1852],[-552,4498],[-2149,2650],[-4229,258],[-3489,6693],[-3416,10778],[-1970,2943],[-5039,525],[-2099,8073],[1066,4097],[-4073,2971],[-1325,3046],[445,6851],[2133,-293],[2948,1859],[-519,4718],[-3464,686],[-2253,-5795],[-1720,937],[-824,4481],[-2694,572],[-2324,3197],[-774,7065],[1701,2093],[3458,-187],[-4826,5693],[-3663,-7881],[-1656,-31],[-2157,7286],[-1518,2450],[-2713,-1195],[-1004,2742],[1672,4793],[-4851,1546],[-6582,-1686],[764,7265],[-6535,2915],[2289,4978],[-385,3218],[-3263,-2369],[-3938,354],[-4356,-3777],[-1230,1006]],[[645419,3743003],[-2225,5447],[-2168,8471],[-1135,7471],[-4576,34248],[-4331,24952],[-907,7760],[-1204,2712],[-58,6555],[1342,2877],[-2097,7479],[-968,15590],[-1149,10058],[-1505,5190],[-2147,17528],[-1944,12383],[-3804,13196],[-1773,455],[-3519,5721],[-1113,5024],[-3277,25866],[-2467,4973],[1026,4112],[3976,707],[-1928,3835],[-3210,-767],[-1888,2544],[-880,4182],[-1857,15739],[-3527,14674],[-4000,783],[-129,3702],[-3558,11624],[425,8357],[-3138,10089],[-4619,-1711],[-7158,7998],[-753,2804],[1924,5121],[-1758,1528],[-3473,8985]],[[569869,4071265],[3698,3735],[3652,-2022],[-717,4245],[2389,2644],[1979,-4700],[1692,2998],[3378,2015],[1151,3037],[-1201,2286],[4302,7330],[-2299,8634],[1180,2518],[-126,4443],[2950,5757],[-1212,6740],[-4758,4087],[1845,4577],[2388,1174],[2890,-782],[945,1862],[-1824,5154],[574,5861],[-3854,2395],[-1369,5546],[642,4616],[-2365,6504],[2656,3971],[-119,4515],[-2701,3210],[1441,7370],[-1928,1568],[754,4326],[-2718,2251],[-2042,-896],[-3394,1373],[-285,-2852],[-4446,-228]],[[906265,6448417],[2186,4721],[4564,806],[777,2295],[3266,-145],[3177,3924],[5984,4230],[3417,1149],[894,3518],[-2065,3603],[-3333,733],[-2790,5574],[4229,2869],[21,4139],[-1314,4178],[-2496,1737],[811,4153],[-4982,8997],[1661,1567],[2603,7032],[850,5883],[4673,-1039],[-146,10787],[-4030,-661],[-1286,5255],[1904,3140],[3983,-2817],[1357,5037],[-1371,3462],[694,6885],[3286,2684],[1212,5390],[2405,1642],[1841,5343],[1631,-553],[4221,3384],[1555,-2384],[4277,843],[3552,3792],[3631,-274],[5455,6151],[3649,-1200],[2108,2470],[2238,-683],[3825,5662],[2390,-734],[2333,2483],[5038,616],[2751,-6445],[4728,-550],[2122,-5690],[6575,194],[2674,3942],[2610,513],[4027,-2521],[1267,-3617],[10384,-434],[3898,1824],[78,-4052],[3165,-6746],[4475,-4731],[6668,367],[3666,1747]],[[1043238,6557862],[-622,4201]],[[1042616,6562063],[-467,5463],[-2735,1958],[-3419,5939],[-574,3571],[-2759,2854],[-473,1874],[-55,1116]],[[449370,4910651],[-1284,228],[556,8889],[2927,5223]],[[273191,4966600],[-2422,-1870]],[[270760,4964669],[-333,-102]],[[269819,4965140],[611,-3531],[-4886,1116],[-1418,-1958],[-2967,3794],[3631,2877]],[[569869,4071265],[-4015,2590],[538,6482],[-2727,7937],[-3182,2030],[-201,3616],[-3118,3933],[-3101,2395],[1856,4758],[593,4883],[-1209,8579],[-3537,18399],[-2582,6584],[-2736,-1684],[-2911,2595],[-404,3179],[3279,1664],[3309,-1920],[1726,3609],[-2830,1401],[-1732,3653],[-4390,1061],[806,5552],[-3978,511],[-721,5109],[-2650,8657],[358,4241],[-1489,2581],[-2967,12652],[2478,1399]],[[532330,4197382],[-2006,646]],[[709280,3581252],[-5470,8753],[-1847,1406],[-1765,5085],[-4981,7791],[-1973,-444],[-6024,13690],[-4985,10119],[-2108,2260],[-2457,-2737],[-4588,16022],[-728,5373],[-2078,8082],[-1241,2515],[-1645,7180],[-5355,19518],[-994,559],[-4783,14252],[-2099,8977],[-7279,25632],[-1461,7718]],[[860174,3057598],[-6644,8509],[-1646,1311],[-3668,5897],[-2327,6016],[-5560,10376],[-13054,26081],[-5254,9981],[-2910,7237],[-5929,11606],[-6019,6598],[-675,4096],[3096,-308],[1888,3132],[5220,3328],[-2892,1538],[-3089,-68],[-1727,-4922],[-3655,2881],[-1161,7960],[-4284,15004],[22,4072],[-2769,8496],[-1037,654],[-9168,33226],[-2154,13005],[-1849,19178],[-1206,18805],[-2270,20315],[-2245,12114],[2940,1270],[926,4538],[-763,5182],[-2854,-73],[-1696,-5607],[-3123,15876],[-599,5650],[-2876,11045],[-2471,13942],[-2086,9606],[-7228,26318],[-1660,3789],[-10288,37604],[-3068,24312],[-1091,4714],[-1640,11904],[-3119,12031],[-2247,6966],[-4157,18975],[-1239,2066],[-1607,8917],[-3670,9341],[-5704,3710],[-3393,16222],[-4789,17354]],[[709990,3581713],[-304,8]],[[835121,6503194],[1111,-4769],[-1944,-6507]],[[834288,6491918],[-1989,-2095],[-3082,465],[-2331,2170],[-3817,8705],[-111,3124],[5766,5155],[4196,-6486],[2201,238]],[[2478613,2844463],[490,-3733],[-1631,-9330],[-5103,-1466],[-2166,4095],[279,3123],[-1564,3388],[-3660,12723],[-2565,5876],[-2412,3579],[-2450,324],[-323,8812],[-1042,7163],[2487,4346],[445,4917],[4578,260],[1809,2876],[1927,-1055],[2770,1115],[725,4351],[2501,-3390],[1572,428],[1491,-4926],[953,-9806],[-88,-4823],[1691,-1609],[1325,-5360],[2362,-5536],[-2327,-535],[1856,-6723],[-3930,-9084]],[[2460003,2918514],[2690,703],[1759,-2041],[-2910,-9948],[-4406,-3890],[-2839,3669],[1289,1662],[-568,4474],[1649,2749],[3336,2622]],[[2447260,3013373],[735,-2706],[-237,-5861],[-4943,5360],[4445,3207]],[[2425880,3014408],[2756,1451],[1911,-4156],[971,-4635],[2332,-946],[2457,-3189],[1235,-6468],[-1258,-3087],[-3380,5219],[-2833,-818],[-1792,-2892],[-2349,1264],[948,6545],[-2361,1994],[-980,6883],[2343,2835]],[[2443088,3023529],[-3046,3072],[-2450,9140],[203,4926],[3092,3119],[242,3200],[3331,247],[-163,-4126],[-3736,-4854],[540,-4225],[1982,-6303],[5,-4196]],[[2394786,3602234],[4798,-1175],[-2382,-3247],[-2416,4422]],[[2389963,3632829],[2008,-483],[1358,-5666],[2912,-8317],[1647,-7453],[-1323,-2560],[-2341,6586],[-562,3707],[-2691,-443],[-1569,5177],[-2648,890],[3209,8562]],[[2393312,3641975],[-64,-8331],[-2555,1472],[-608,5058],[3227,1801]],[[2398268,3643019],[-1152,3036],[2005,10809],[1734,-576],[979,-7492],[-986,-2249],[207,-6278],[-2787,2750]],[[2392552,3648379],[426,-3444],[-1837,-1505],[-1979,4733],[3390,216]],[[2404529,3066276],[784,-3171],[-1270,-8018],[2987,-5217],[3560,-2499],[206,-4518],[-6696,5411],[-2806,9076],[1125,6652],[2110,2284]],[[2373744,3201220],[1452,-2711],[1101,-6529],[-193,-4213],[-2522,-2727],[-3111,1005],[-3120,-595],[-1567,3687],[86,9332],[3970,707],[1887,5207],[2017,-3163]],[[2379761,3656468],[-846,-3476],[-3135,-1844],[-508,-7309],[-3433,-6523],[-3399,1520],[1523,10729],[1448,4866],[-519,6711],[-2214,3000],[3537,4602],[-643,4606],[4942,-1219],[3759,234],[709,-7452],[-1875,-705],[1553,-6303],[-899,-1437]],[[2341202,3401715],[-4351,2174],[-3431,-2026],[2454,6993],[965,6137],[-2176,7082],[-998,206],[-240,17016],[2432,735],[2343,5654],[3096,3450],[158,2309],[3496,4525],[1851,968],[3590,-5540],[222,-7569],[2291,-3322],[-273,-7243],[1348,-5296],[-3,-3941],[-4146,-5991],[-1318,-3956],[117,-3323],[2104,-3098],[-3073,-8230],[-3149,-1126],[-3309,3412]],[[2358131,3551230],[2693,-3581],[1504,-8345],[-2929,-3491],[3377,-3489],[26,-2644],[-4932,-3518],[-3535,-113],[-312,7778],[3092,448],[-77,5761],[-884,1909],[399,5884],[1578,3401]],[[2318038,3563317],[4256,-596],[-26,-9520],[-4136,796],[-530,1885],[436,7435]],[[2368415,3631334],[1912,-5213],[-1948,-3147],[-1782,3907],[-1389,-1420],[-802,-10199],[1166,-6704],[2345,-413],[1125,7490],[2647,233],[-257,-6001],[1106,-1378],[-3697,-27428],[-3187,-84],[-1755,-1642],[-459,-4172],[-3155,-1457],[1453,-6696],[2367,1140],[899,3445],[4080,3561],[-293,-8855],[-2096,-7529],[-322,-6414],[-1010,-2870],[-5705,2515],[-679,8715],[-2426,785],[-1042,4350],[-5,4583],[-1285,5128],[1007,5305],[-2719,4800],[-1979,-2043],[-245,13158],[-1831,5266],[-1780,231],[2809,11504],[2861,-644],[246,-7537],[2906,-3734],[976,6670],[-722,5373],[808,2178],[-329,12135],[809,1534],[-321,7793],[478,5246],[3521,14926],[3673,3579],[627,-5720],[2853,-1523],[1453,-2735],[-2177,-9149],[1270,-10843]],[[2366906,3658758],[2742,375],[313,-4731],[-2763,472],[-292,3884]],[[2365924,3763813],[-1763,-7855],[-2720,-5617],[-1440,8276],[1847,4346],[-401,9583],[1925,5109],[2313,-634],[239,-13208]],[[2377353,3688209],[4089,-10797],[-4892,-4638],[-2086,1989],[-3812,126],[-1293,-1936],[-2832,-186],[-1862,3140],[399,7414],[-480,7162],[803,5233],[0,6775],[-1167,2365],[1245,6971],[-281,8756],[2854,6196],[1725,1853],[3014,-2232],[399,5752],[-2695,-2582],[-1924,3413],[-1566,16809],[2819,5331],[1808,-2438],[1879,9247],[1641,1474],[2597,-2824],[3510,643],[2289,2373],[1991,-2534],[406,-6670],[2274,-4455],[-2330,-4697],[3798,-5570],[-342,-9671],[-725,-5437],[207,-9701],[1344,-7080],[-4114,-8624],[-1417,-8241],[-5684,300],[-1589,-3009]],[[2387243,3861589],[4931,-899],[2850,2620],[1980,-2958],[-966,-6323],[-215,-7965],[1878,-6575],[-1148,-5897],[-3482,484],[-1382,-1842],[-2069,2770],[-1072,-3886],[3945,-3149],[1205,-5063],[4470,-3929],[-28,-3453],[-2346,-8564],[234,-14687],[-2752,-7736],[-3874,-2144],[-1750,2150],[-1131,5049],[-2207,667],[-1426,-12472],[-2287,-3545],[-1400,-4512],[-925,-6843],[-3898,1734],[-559,12399],[2808,1794],[-860,2961],[-2749,-16],[1729,8880],[560,8053],[2891,1534],[-2253,5495],[1088,9521],[2372,3272],[-3097,3767],[2011,3063],[-1529,4607],[2093,12271],[3689,3324],[-1442,5752],[2974,1790],[1654,2789],[1485,5712]],[[907189,6445674],[-2878,1621],[-3591,8164],[-2766,-5024],[-2102,-1653],[-3264,4799],[-3035,-282],[-3747,1840],[-923,2606],[-3038,-1888],[-5030,5415],[-6042,-1046],[-92,4816],[-1338,3034],[-5553,3046],[-1064,3009],[4629,5559],[-791,13000],[-6432,7997],[-7406,286],[-890,10839],[-6010,2113],[222,4002],[-3502,6000],[-3756,-1340],[-3364,1650],[-1578,5446],[-4618,-3518]],[[829230,6526165],[-6616,10143],[-8035,4359],[338,3949],[-1664,3270],[2658,9512],[-3556,3176],[1290,9423],[2927,2929],[-5559,9992],[-3714,-3290],[-2687,4210],[-2164,-1584],[-1226,5222],[-2223,-146],[-3020,3658],[-3767,9615],[-1978,2906],[-3956,-1112],[934,-5786],[-3200,-3203],[351,-3550],[-9375,-3075],[-3198,1695],[-189,4606],[-2840,1961],[-92,4207],[2061,2802],[-1659,5294],[-3424,7600],[-1786,8190],[-5080,10302],[-2706,4382],[-1248,6583],[-2093,6716],[-3428,14445],[2111,1659],[-791,4760],[-4783,13037],[-1839,3369],[-6593,3317],[-4271,3258],[-2791,5068],[-2539,-713],[-2054,3317],[-4709,3516],[-5024,-1798],[-125,4166],[2708,4310],[3116,2408],[1137,3358],[-954,5035],[-3706,-253],[171,3922],[1634,5653],[1315,-177],[11170,5992],[3684,8940],[3289,1356],[2783,5889],[5590,498],[-2965,8295],[-4228,4725],[-2237,4277]],[[738405,6772750],[4025,5933],[464,5522],[3369,4068],[253,6289],[-1743,2520],[66,4325],[2407,7212],[-3409,5701],[-185,3135],[-4229,6340],[-2819,2619],[-420,2488],[2991,7895],[7921,-3539],[2834,-5038],[7531,6649],[1307,3232],[4979,4065],[1446,6444],[5188,105],[10680,4594],[1769,3160],[-337,7000],[2791,3472],[5179,4350],[3463,4966],[7466,-1046],[2718,2577],[4947,2109],[3650,-926],[1270,-4583],[2683,-1850],[2287,1439],[7409,1153],[2788,6333],[-444,4469]],[[738405,6772750],[-1065,-2562],[-4394,-4510],[-4645,-1922],[754,-3606],[-4854,-6004],[-8705,-1968],[-5512,-6358],[290,-4693],[-873,-4292],[-2893,2149],[837,2496],[-4475,2920],[-4497,-1062],[-7479,3995],[-939,-2940]],[[689955,6744393],[-14113,15193],[-4901,344],[-2468,4913],[-7962,5623],[-1040,-4974],[-4344,-775],[-6730,1181],[-4007,4056],[-3914,349],[-575,-2404],[-7989,143],[-3976,893],[-1610,12534],[-1585,-596],[-1326,5382],[1485,5684],[-1821,13366],[-28896,11296],[-1067,22892],[-32933,34793],[3078,6076],[-1607,3549],[1691,5222],[5427,2111],[4671,9223],[2915,28451],[-8744,8104],[-3593,1913],[-4231,7101],[19,10024],[-1917,2559],[3685,2733],[990,5379],[4846,7296],[6700,481],[6693,3243],[4878,22891],[-24918,192],[-6361,3857],[-2815,5516],[2847,6612],[121,3767],[3705,3945],[-2062,19523],[-768,1447],[-7311,5646],[-5890,1745],[-2387,-873],[-2272,5650],[5033,7785],[3266,947],[9959,26784],[-760,6247],[3536,6794],[3889,-184],[5990,-2335],[4051,-541],[9215,7856],[3132,1545],[6578,8503],[8285,458],[3901,-1742],[1187,1256],[5495,-1940],[7202,-1227],[2286,-3670],[4520,-4880],[7684,-3796],[10730,-1196],[9054,-98],[8704,-6621],[5112,2681],[8100,1450],[4633,-1690]],[[682903,7095721],[402,-2390]],[[558968,6417843],[-1237,11036],[-2776,7681],[-2728,4442],[220,4059],[1740,3510],[4035,4021],[-2687,1813],[-860,4503],[837,3542],[15600,24841],[16480,16538],[3293,4718],[-428,2332],[2453,6885],[3485,3705],[479,2955],[3030,2522],[2201,-201],[2106,6696],[3820,2916],[9274,15041],[-2547,2712],[-284,5458],[-3672,1540],[-44,6372],[1556,5874],[-855,2284],[1437,3908],[-1110,2550],[1553,5505],[-988,9020],[7577,15439],[-7672,33965],[-2217,1483],[302,6996],[-1342,5941],[16904,25213],[15662,7580],[901,2309],[8523,8887],[4482,-1985],[876,-2042],[28435,13747],[9542,22143],[-5396,3561],[1027,4535]],[[829230,6526165],[733,-4046],[6008,-6741],[992,-6007],[-1842,-6177]],[[834288,6491918],[1699,-3729],[4780,-3196],[2848,-3958],[-926,-8580],[-1929,-2478],[3434,-2416],[-84,-3271],[-3295,-3033],[1476,-2356],[-2490,-5540],[5109,-5352],[-2301,-4530],[-3104,6665],[-2640,1414],[-6327,-497],[-3997,2229],[-3418,-6313],[3151,-3193],[-3379,-6350],[-2219,162],[-6223,-9557],[-917,1172],[-5525,-1525],[869,-4655],[3659,898],[1957,-1530],[-314,-3439],[-1957,-3296],[3804,-5160],[-3896,-5790],[-5049,-5567],[-2964,-514],[-1256,3332],[-3917,988],[-250,4361],[-3031,3284],[561,4947],[-2691,1110],[-1853,-3029],[2111,-3657],[-6667,-7372],[-2041,-227],[-6270,3736],[-3272,-846],[2814,-4749],[-2184,-4062],[-2010,-13023],[-2617,-4838],[1465,-8677],[3532,-40],[1322,-5055],[-4626,-1564],[-1055,-2990],[-3556,-427],[-1804,-3529],[-2330,2284],[-1937,-1702],[-4002,-8902],[-4743,-598],[-948,-1794],[-11004,3405],[-3204,6895],[-4668,2625],[-2959,-885],[-3543,1100],[-1765,-9271],[-2359,3644],[-4158,-584],[-67,-2610],[-6005,-1839],[-1067,4202],[-5623,1105],[-3966,4579],[-736,-3946],[-3840,-1838],[-2018,-7539],[-4575,-3816],[-2809,-10030],[-2554,-3578],[2307,-2767],[-439,-4359],[-2728,95],[-3759,-2383],[-1969,5270],[1312,3347],[-5095,4176],[496,3447],[-1894,2336],[3742,3143],[-948,4381],[2832,1964],[1471,3952],[-3185,5908],[168,6094],[-1857,1302],[-2600,-2649],[-479,-3492],[-5623,836],[1728,3695],[-2687,3341],[2307,3989],[-418,3550],[-2082,2361],[-1814,-6157],[-2084,1247],[-2489,-2903],[-3086,271],[-1129,4007],[-2610,1296],[-2781,7581],[-3360,2318],[-3065,-1637],[-4795,5467],[-2600,-3091],[-4630,-1608],[-2816,1606],[-1529,-3472],[-2708,-2615],[-1097,-4282],[-4833,1215],[-1374,1853],[-5327,2829]],[[5102107,4498359],[-2010,-2143],[819,-6143],[-420,-3678],[2213,-3179],[-761,-4937],[-3768,-954],[-1015,-2969],[-5745,-5148],[-39,-9548],[-1626,-7629],[-1844,-2322],[-2460,-8022],[-2501,-10205]],[[5082950,4431482],[-110,-5498],[-1900,-3414],[-3652,-518],[-4666,-2481]],[[5072622,4419571],[-1785,-1906],[-3362,-551],[-1702,1954],[-5034,2858],[-294,10771],[-4070,2882],[-2334,4079],[-4356,758],[-2713,5590],[-76,2053],[3859,11202],[366,6414],[-1558,4591],[-2135,-1466],[-3059,926],[-3584,-2146],[-602,4676],[2070,5907],[-149,4814],[937,6214],[1789,3699],[2541,13205],[2802,7778]],[[5050173,4513873],[2931,3567],[8543,3880],[2142,3893],[1461,4993],[5349,2873],[4076,6676],[2329,1243],[4277,-1747],[2488,735],[1047,2665]],[[5084816,4542651],[5149,-4892],[1494,-5923],[220,-7641],[1607,-1764],[5614,146],[1736,-5419],[1294,-10431],[177,-8368]],[[5549110,3216141],[-356,-6172],[1072,-8558]],[[5549826,3201411],[1104,-10184],[-2155,-14026],[-918,-3662],[-4011,-10637],[9,-4750],[-5601,-7735],[268,-7679],[2277,-13825],[677,-8577],[-14849,-437],[-2730,1774],[-2897,4634],[-16885,52],[-4060,-3268]],[[5500055,3123091],[-331,10003],[471,8589],[947,5093],[-2845,7349],[946,3522],[-653,3502],[1320,3063],[-1972,6590],[-938,9450]],[[5497000,3180252],[1119,-4158],[4292,-9864],[2275,-1642],[6824,425],[1590,-1601],[5284,-981],[7243,4903],[2978,10748],[-1309,6718],[-138,6642],[935,4419],[-2264,8097],[197,3632],[-2549,12693],[-1224,1384],[-1601,11870]],[[5520652,3233537],[3501,2534],[-1181,3212],[-356,6019],[1545,3345],[3627,-490],[3003,-3353],[-245,-7234],[13895,-5531],[2292,-2483],[1830,-4130],[547,-9285]],[[5549826,3201411],[8142,-13868],[2470,-7076],[1819,-7068],[587,-7655],[-223,-5362],[959,-14305],[4871,-8466],[2023,-11398],[6203,-16314],[-3316,-5166],[-12,-4364],[2634,-412],[-1057,-10608],[6275,-14188],[3106,-2507],[1470,-4290],[-409,-6080],[7209,-5373],[-3332,-4358],[1746,-2304],[-2718,-3239],[1191,-3106],[4384,-5223],[2353,-5708],[-58,-11194],[1969,-4811],[-2820,-4207]],[[5595292,3012761],[-1940,-2216],[-4804,743]],[[5588548,3011288],[-1403,669],[-6779,-5677],[-2701,-3881],[-3855,2316],[-2396,7814],[-6607,200],[582,-5402],[-1606,-5201],[-2373,821],[-2385,4745],[-4415,457],[-2901,-2793],[-2245,4803],[24,2339],[-8819,-50]],[[5540669,3012448],[-27145,779]],[[5513524,3013227],[51,6085],[2478,5105],[3018,1489],[-172,3576],[-4949,10813],[-1497,794],[-344,5030],[-1728,2256],[-665,7977],[-3006,4172],[-3240,6610],[834,10413],[-1679,2430],[-1807,6089],[480,11283],[777,4200],[-8626,503]],[[5493449,3102052],[2148,5741],[3186,4122],[1324,3351],[-52,7825]],[[5243466,3557821],[-266,-1042]],[[5243200,3556779],[266,1042]],[[5243192,3556766],[-3718,-1677],[-570,-6520],[-5534,-2604],[-6509,231],[-477,-3329],[-5298,-7248],[-1838,-5197],[-5104,-6885],[-2531,-1886],[-4526,-878]],[[5207087,3520773],[-1656,5215],[1061,4441],[-2580,4224],[-83,5253],[-3080,5574],[175,4915],[1826,4127],[-1441,5281],[883,4528],[-656,3519],[362,5717],[2748,6160],[-494,5536],[-1251,3742],[-6181,3069],[-6740,6204],[-3087,1599],[-5488,-962],[-3920,-3304],[-1445,-4341],[-3294,-1129]],[[5172746,3590141],[3373,6982],[947,5912],[-130,7925],[2864,387],[3008,2457],[4806,-1041],[3813,-7059],[5982,-5423],[6270,-746],[6012,-4865],[2984,-1082],[4273,-5978],[2803,-1878],[2480,540],[2332,-2011],[2791,-10344],[-1227,-3518],[2366,-3618],[2299,-472],[1199,-4355],[-54,-4583],[2704,1412],[2127,4967],[6347,-4233],[77,-2751]],[[5393135,3815911],[2328,-732],[5172,-3629],[1151,-4110],[-1003,-1722],[-10663,3093],[-1538,3454],[4553,3646]],[[5378377,3824440],[6111,-1937],[4117,-2719],[-4337,-6260],[-4100,615],[-630,2317],[-3620,-759],[-3539,4610],[249,2796],[5749,1337]],[[5367444,3817944],[-1323,2870],[211,6953],[-1165,3686],[1084,2580],[6765,-3640],[-3356,-9105],[1756,-3208],[-1212,-2982],[-2760,2846]],[[5373521,3798257],[231,-2887],[-1308,-7231],[-1890,-2651],[-3541,475],[-5166,-3331],[-3661,-5038],[-2089,1642],[-1112,4526],[-1899,2076],[-8197,-4523],[-910,1923],[-6955,220],[-5390,-3605],[-960,-1870]],[[5330674,3777983],[-3104,5881],[-4658,3067],[-2814,-1146],[-1205,-2561],[-3961,-2301],[-2859,8675],[-50,12640],[3726,7882],[-3331,8424],[-1097,969]],[[5311321,3819513],[2973,4263],[3897,2980],[2416,-169],[885,5323],[4421,3501],[2481,725],[3401,-909],[-4,-2654],[5958,1537],[1532,1645],[1596,8700],[-653,4036],[-3455,5748],[16,4734],[5308,932]],[[5342093,3859905],[2260,-4738],[4818,-1937],[2085,-4201],[2906,-9319],[1740,-10142],[3500,-2146],[3399,-3531],[1279,-3255],[3686,-4453],[-998,-1896],[-6910,2041],[-2453,-5428],[-640,-4219],[886,-6045],[2246,-3410],[-2760,-7745],[3340,-2714],[4595,6652],[242,3405],[2022,3551],[4169,1011],[2016,-3129]],[[5207087,3520773],[508,-3624],[-400,-11949],[1108,-6807],[2643,-4999]],[[5210946,3493394],[6603,-13215],[1473,-4913],[-1087,-8780],[1077,-3787],[-2570,-1186],[-1552,-5108],[-3526,-6569],[-1920,535],[-2251,-2809],[-162,-2828],[-2347,-9243],[-2027,-731],[-5707,-7920],[-2847,-2902],[-1732,-7534],[-1196,-1246],[-1517,-8932],[-582,-13608],[1374,-1223]],[[5190450,3391395],[-1829,-3933],[-4876,-4296],[-4337,4835],[579,8339],[2698,4481],[1707,6525],[1316,15727],[-1006,5630],[-4291,7917],[1950,5239],[1250,8176],[2686,12468],[5171,10108],[1555,5443],[-1215,5897],[-169,12022],[-545,7493],[1841,4292],[-99,5243],[-2404,5700],[2581,5722],[839,5970],[-1130,5060],[708,9346],[2660,5623],[-725,4814],[1411,8191],[835,9542],[-645,9428],[-2081,3462],[-5937,128],[-2413,2424],[-6508,2297],[-1928,-1526],[-5353,959]],[[5084816,4542651],[1512,3598],[-1851,3628],[744,7402],[-706,2945],[4041,14368],[-4174,9215],[-973,6538],[3055,14900],[-127,5972],[1121,6532]],[[5087458,4617749],[4260,445],[3846,9523],[1791,1689],[9121,702],[1143,-3344],[5226,-3282],[430,-9834],[2149,-1164],[3539,-6189],[3187,-212],[8072,-7096],[1297,-2657],[6205,-2639],[-1503,-3292],[2396,-7066],[-732,-14490],[-1249,-2874],[-826,-11695],[-3134,-2159],[-6108,4032],[-1694,-3529],[-1457,-7269],[-1605,-3136],[4080,-7426],[-1011,-6589],[-2200,-4953],[-249,-6580],[3578,64],[2855,-1690],[2488,-4669],[2163,-10733]],[[5133516,4499637],[-1917,-4075],[-4384,-3830],[-2071,1703],[-4910,508],[-212,3625],[-2930,532],[-4667,-7259],[-3952,3255],[-748,1967],[-4660,677],[-958,1619]],[[5131643,4119776],[-2170,-17016],[-1986,-1545],[-2181,-9201],[-339,-6065]],[[5124967,4085949],[-2718,18412],[-723,12636]],[[5121526,4116997],[2095,14861],[1918,7676],[-1329,5698],[1769,3699],[1944,11974],[-9037,41326]],[[5118886,4202231],[3176,7706],[5402,4136],[9386,8456],[-733,6116]],[[5136117,4228645],[6292,6635],[9652,14419],[9086,12393],[4017,4474],[1573,2975],[6231,8581],[4591,8084],[7103,15090],[5557,9990],[3269,6734]],[[5193488,4318020],[14984,-4511],[1625,721]],[[5210097,4314230],[-311,-3003],[-2974,-4474],[241,-3072],[2735,-3221],[-7,-4061],[-2604,-4154],[-2132,-5429],[3936,-3707],[-1848,-3711],[161,-2817],[-2808,-2932],[-5863,-8692],[-4658,-8062],[158,-3064],[-2611,-4921],[-4249,-2312],[3340,9628],[3168,3565],[3126,6432],[88,5056],[3303,3200],[992,4472],[-4625,1533],[-3009,-6323],[1115,-4239],[-3111,-2988],[-2143,643],[-3539,-3451],[-758,-2241],[-3735,-2621],[-2891,516],[-4019,-1662],[-2731,-4214],[-3528,-1670],[-1772,-2553],[-2329,2173],[-3256,-4670],[-5499,-6199],[-1167,-4794],[-6142,-6196],[-3490,-5437],[-563,-10993],[2525,-11020],[2514,931],[3309,-1543],[427,-7207],[-2556,363],[557,-7675],[-953,-2295],[-4541,-5813],[-2047,-4414],[-922,-4269],[-3496,-3260],[-1001,-6588],[399,-3323],[-1207,-6658],[-2405,-2035],[-2776,-4661],[-1764,1649],[-2447,-5557],[-400,-5752],[1200,-5365],[3139,-9297]],[[5190961,2819624],[3428,1480],[2669,-5443],[2109,1092],[2145,-2281],[363,-5753],[8952,-769],[2146,-3128],[3279,441],[2772,-1843],[-607,-5681],[-5827,-1433],[-2885,448],[-1646,-3124],[-1887,-17193],[-9399,-3710],[-2732,-2562],[-4015,-1146],[-4776,703],[-1489,-954],[-1040,4904],[-2333,1099],[-1805,4666],[-2894,3707],[-702,2907],[1505,5790],[-1199,2684],[-5828,3132],[-1022,5334],[1772,4967],[2410,2600],[2668,-1309],[1605,-2593],[9169,8871],[3216,4808],[1878,-711]],[[5048481,4059008],[-850,-12773],[479,-5237],[3130,-9847],[720,-8305],[1855,-12148],[-805,-6131],[-4059,-6200],[-4118,-94],[-1063,1688],[-3089,-2489],[-2891,4219],[-4888,1803],[-1723,10101],[1469,2025],[-531,5522],[803,2156],[-2602,6004],[-3692,1525],[-1613,-1122],[-1777,3961],[-4255,5638],[203,5212],[2691,1939]],[[5021875,4046455],[7820,5786],[168,2501],[-2012,3818],[95,6057],[6309,4357],[1556,4412],[3707,1043]],[[5039518,4074429],[1460,-253],[2851,-8891],[2310,-4479],[2342,-1798]],[[5172856,4908094],[2576,-2443],[1586,-3882],[-326,-4045],[-3416,-2768],[-1074,8330],[654,4808]],[[5185559,4913852],[-3040,-7004],[-2811,388],[-264,3080],[1372,5955],[1766,970],[2885,8583],[2638,2746],[2965,-3502],[-4056,-3639],[-2891,-4478],[1436,-3099]],[[5174329,4981757],[2044,-5173],[-2493,-7542],[-640,-5241],[-3734,-4282],[-2659,4482],[1006,3679],[2157,2431],[2088,9991],[2231,1655]],[[5054657,3966895],[3089,-2367],[4004,-6743],[660,-3434],[6756,-774],[-116,-2407],[5057,-2610],[2381,-3664],[4613,1653],[943,-1660],[6310,3351],[1195,3291],[2459,241],[2890,4620]],[[5094898,3956392],[5704,693],[9576,-3870],[1075,-3291],[1024,-12732],[3075,-6477],[-156,-3206]],[[5115196,3927509],[-890,-4485],[264,-4336],[3048,-4284],[7369,-2375],[6691,-2868],[3775,-3932]],[[5135453,3905229],[-1645,-3182],[-728,-4351],[1679,-11327],[1656,-1899],[-4723,-4175],[-2270,2637],[-6580,-5629],[-3853,-5876],[-2673,235],[-2309,4367],[-3470,530],[-3035,2159],[-8769,-3578],[-3524,3149],[2154,11376],[-2232,7046],[-2807,2711],[-3218,388],[-4291,-7742],[-1369,-4594],[-2248,-2305],[-2039,4278],[5386,9902],[-2490,6162],[1062,1001],[-10,7119],[-3154,4586],[-8777,3860],[-4553,1377],[-2733,-1146],[-1727,-5688],[2329,-4858],[-683,-3136],[-4899,3456],[-740,-4834],[1988,-6616],[-2215,-2393],[-2759,5675],[-633,11181],[797,2042],[-905,9934],[1535,3632],[-1424,3739],[742,8446],[-883,8433],[-3374,1918],[2612,3435],[-122,5001],[-2106,1370],[3234,3850]],[[5070746,4381232],[2549,-3854],[3792,264],[547,-8602],[3496,-3189]],[[5081130,4365851],[539,-6864],[-413,-12805],[3391,-14234]],[[5084647,4331948],[-2419,-720],[-1186,-5660],[-858,-8140],[600,-10634],[-4232,-17882],[-4382,-2247],[-2996,-16385]],[[5069174,4270280],[-6863,-1079],[-1522,-1085],[-5161,-507],[-6785,5798],[-4452,2114]],[[5044391,4275521],[470,2650],[-1530,6731],[-588,8344],[-2476,4910],[-2354,977],[2444,5944],[303,7339],[-556,4600],[1999,5853],[2366,1441],[503,6816],[4550,11516]],[[5049522,4342642],[912,230],[2362,10286],[-908,1359],[-347,13726],[2330,515],[1383,5792],[4340,5247],[6650,614],[862,1621],[3640,-800]],[[5428039,3544934],[-2903,-252],[-3213,6013],[-1047,4325],[-2589,3807],[144,6097],[-1431,4096],[-2071,2655],[477,5748],[6329,3959],[3692,-179],[6675,-4744],[2888,-8693],[1813,-8117],[3167,-3511],[-164,-4985],[-2858,-5249],[-4654,-352],[-2675,894],[-1580,-1512]],[[5364819,3264928],[2957,-2786],[73,-3469],[-4860,-4534],[-1367,-2684],[-3531,-1283],[-2091,643],[-402,4466],[2981,5510],[6240,4137]],[[5383614,3315190],[1196,3355],[1770,11333],[3281,1330],[3971,5530],[1489,6386],[1929,-1163],[3325,2043],[3578,462],[3513,-1139],[3114,1568],[2442,-4027],[4985,-1189],[336,-3934],[2046,-580],[4271,-5657],[2128,-1414],[2932,2356],[1657,-4215],[1563,-320],[646,-4345],[1449,-2103],[-2410,-3645],[803,-2438],[-1038,-6073],[2834,-807],[-1116,-6355],[-3933,-2164],[164,-3328],[2682,41],[883,-2696],[3515,-1584],[102,-7713],[-2286,-4027],[-5544,-1282],[-1378,5615],[-2039,-562],[-3086,-5560],[-2011,4],[-2209,-4150],[-283,-6332],[-3170,-703],[-758,-2876],[-4506,-1283],[-5054,-3451],[-7071,1917],[-7710,-3191],[-4661,-128],[-8752,2045],[-4736,3068],[-3132,503],[-2814,1926],[-958,3499],[1121,8517],[-1930,3962],[-4659,-709],[-439,5055],[1004,6525],[5851,11327],[1221,3424],[3338,877],[918,2395],[3940,1656],[3140,3247],[4546,1177]],[[5513524,3013227],[3443,-9958],[481,-4364],[-373,-13880],[1528,-4935],[842,-6765],[-1586,-9036],[18,-9421],[-6838,74],[-1759,1945],[-2501,-1027],[1437,-4193],[153,-5656]],[[5508369,2946011],[-5813,-39],[-192,-8893],[-3295,-2292]],[[5499069,2934787],[-6259,2673],[-883,-6670],[-3011,-1819],[-5505,-426],[-1270,-6014],[-2317,-1283],[-5529,-290],[-4100,5212],[-3361,-3209],[-5377,6336],[154,2909],[-3158,3014],[-678,4116]],[[5457775,2939336],[2441,3087],[-758,8041],[-1282,4380],[-4007,3754],[-1950,7862],[-1425,3400],[278,3779],[-1922,1392],[-649,3970],[-1588,1573],[-2354,6725],[-3090,1867],[-1252,6382],[-1625,3365],[-3797,11033],[-1400,7337],[-50,5407],[-2108,6668],[-2572,5476]],[[5428665,3034834],[5160,29],[1406,2434]],[[5435231,3037297],[420,8386],[1377,11525],[1837,4788],[-366,3124],[1190,8647],[1317,3099],[13883,596],[3077,6463],[-1762,2544],[985,4004],[3642,1483],[1243,6330],[2434,4023],[3733,2329],[4646,-52],[6555,1618],[514,-2890],[5867,-1110],[7626,-152]],[[5124967,4085949],[-930,-7539],[184,-9324],[-941,-7921]],[[5123280,4061165],[-7455,-855],[-3253,613],[-1080,-2344],[-4121,840],[-1422,-3319],[-2477,-1373],[-2441,-3623]],[[5101031,4051104],[-6895,1850],[-380,-2798],[-3266,-916],[-1119,-3414],[-5066,-77],[-1878,-5121]],[[5082427,4040628],[-785,3754],[-3694,1022],[-2882,5224],[-3064,-1257],[-5384,593],[-5352,1576]],[[5061266,4051540],[1079,9012],[2265,6525],[400,5722],[1677,3115],[2824,-995],[10282,8840],[-95,3952],[2962,2276],[498,4402],[-1092,5278],[2945,505],[1403,7324],[-2560,2830],[711,9362]],[[5084565,4119688],[5496,1649],[1897,2921],[6683,3415],[4009,-391],[2769,978],[3941,-987],[1987,-6952],[4279,-2861],[5900,-463]],[[5087458,4617749],[1713,16222],[-483,1690]],[[5088688,4635661],[6184,5698],[2899,-1500],[2990,2980],[4658,-46],[4987,-2706],[8891,-11029],[2376,-2415],[12175,-8614],[9254,-9285],[5468,-4446],[21597,-12173],[5541,-2789],[5737,-1730],[7451,3250],[4025,5192],[986,3226],[6629,6967],[-698,5455],[2254,8978],[-138,3791],[1950,2256],[2175,-1537],[4103,1152],[1211,-4605],[241,-5756],[2723,-5211],[1735,-921],[3172,-9080],[878,-6643],[-319,-4095],[-2971,-9200],[-5261,-8888],[-3050,-1653],[-4864,-10555],[728,-7537],[1449,-2940],[-1047,-7035],[977,-10270],[-2104,-2769],[-803,-10350],[-1925,-3200],[640,-8693],[2165,-6519],[-80,-14445],[814,-3005]],[[5204491,4482966],[-12213,-2183],[-14589,-6136],[-7187,167],[-6282,-3294],[-4946,-1245],[-5453,-204]],[[5153821,4470071],[-2049,4311],[-7638,7982],[-4830,1598],[-1107,8633],[-1812,3835],[-2850,-149],[-19,3356]],[[5131414,4685646],[4561,-3807],[-1143,-3881],[-7365,-851],[-2728,-1323],[-5392,422],[-1377,2048],[974,4128],[2264,-1191],[3904,2342],[6302,2113]],[[5179893,4700631],[2511,-259],[2007,-4329],[2486,-1716],[-442,-2864],[-2653,-1027],[-284,-3251],[-3291,-5118],[-2934,-1593],[-1403,-6460],[-3701,-1360],[-1115,6080],[4350,5078],[-1956,5232],[1882,2894],[88,5217],[2743,3298],[1712,178]],[[5112441,4726372],[2728,-10046],[648,-11637],[-3644,1345],[-1411,2992],[-447,6513],[2126,10833]],[[5142944,4745385],[499,-3621],[-3652,-2748],[-9325,5388],[-1433,1850],[74,4240],[-2060,2044],[2206,7123],[1404,767],[7198,-3282],[3231,2537],[1476,-5775],[-886,-4342],[1268,-4181]],[[5184911,4788103],[2037,-2651],[-44,-8088],[-3690,-3696],[-5215,6217],[-200,4442],[4592,950],[2520,2826]],[[5289981,3908286],[-9927,12284],[-2737,590],[-3539,6486],[-3750,1886],[-5825,5687]],[[5264203,3935219],[-14544,8639],[-9899,7159],[-8377,5135],[-517,-2317],[-6058,-10503],[-5542,-604],[-2650,1528],[876,4505]],[[5217492,3948761],[3716,1718],[631,3066],[-1542,3406],[73,4447],[4167,4886],[-1967,4524],[5207,8810],[4135,4175],[2789,-272],[2222,2206],[2659,-382],[6628,-4111],[2458,-4496],[3140,2452],[397,5600],[4567,152],[2048,-4042],[1376,2535],[2285,-1261],[1213,-5319],[3825,160],[3517,-2326],[1444,-3598],[3036,-3909],[344,-3049],[2173,-1734],[1652,-4292],[2457,-2249],[3049,-6625],[3148,-969],[-1005,-4357],[-80,-6027],[2050,-5014],[2925,-2518],[607,-12170],[-2151,-4307],[-704,-5585]],[[5311321,3819513],[-4095,5610],[-1308,5479],[-1506,2282],[-865,11042],[-4652,6026],[-11081,6903],[-3614,3195],[-2247,-251],[-1500,2922],[-6935,5391],[-6458,10218],[1143,4253],[2676,3122],[-3073,7053],[-4414,3852],[-3729,6583],[-6471,3767],[-2441,-1142],[-328,6089],[-3894,5543],[-3933,1023],[-151,4610],[-1529,1708]],[[5240916,3924791],[3178,2461],[20109,7967]],[[5289981,3908286],[-983,-2677],[-387,-6859],[4636,-4654],[3864,-2474],[9191,-64],[4531,3301],[1129,3103],[2855,3267],[452,5879],[-2346,5481],[-864,5066],[249,4649],[-2535,5044],[-3208,904],[447,3077],[2665,3809],[-778,1903],[5137,6517],[4659,-226],[-1606,-6903],[2195,-1780],[2046,3619],[2641,-7385],[-436,-6247],[3894,-3767],[-326,4445],[3244,554],[1397,-4835],[4025,-1137],[2017,1169],[3476,-1893],[1136,-2265],[9197,-1567],[317,4374],[1433,1601],[3621,-8427],[2812,-3333],[6006,-5347],[1983,2172],[2365,-4136],[4862,-3141],[2396,-5291],[-1148,-2699],[-6506,516],[-1368,1402],[-2891,-4982],[-2571,-2565],[-3292,644],[-3130,2305],[-4211,449],[-3336,1592],[-1373,-2045],[-4495,2688],[-2729,198],[-1809,-3457],[-2567,-10103],[-134,-4068],[1258,-1936],[-1845,-3200],[844,-3200],[2945,549],[3061,-5995]],[[5448282,3205672],[2731,-1325],[4635,-7063],[2637,-12380],[-2306,-5825],[-2221,-291],[-1424,3097],[-2655,183],[-4054,2552],[-3066,4929],[-939,8070],[894,4045],[2594,2932],[3174,1076]],[[5243466,3557821],[457,-5526],[5095,451],[1492,5676],[5190,2819],[1448,5007],[10145,-655],[2972,-5364],[680,-4922],[1671,1137],[4952,-4398],[-7825,-10033],[2088,-2685],[2908,-225],[1389,2586],[25,5231],[3067,-1716],[3887,1774],[4974,4930],[3416,1903],[2112,2617]],[[5293609,3556428],[-2491,-9532],[-2525,-5320],[-1011,-8035],[-3919,-802],[-4198,-3060],[-1536,-4786],[942,-4192],[-1331,-2107],[-3494,-524],[-3810,-5889],[1731,-2898],[-2190,-6364],[-5642,-1396],[-1885,6256],[-4446,-25],[-1724,-2063],[-5557,-318],[-3389,3745],[1685,4697],[-4779,-1335],[-2313,-3320],[-1829,-5196],[-4421,-3671],[-4077,2228],[-5478,-435],[-6715,5341],[-8261,-14033]],[[5243192,3556766],[8,13]],[[5400472,3948438],[850,-3252],[3197,-4369],[2187,-5249],[1560,-11380],[1311,205],[1911,-5100],[1375,4151],[1891,-4397],[2888,-2372],[2901,-5310],[-1533,-2799],[1442,-4032],[41,-4729],[-2931,-10669],[2412,-4099],[-120,-3767],[-2490,-1662],[-1767,1274],[-2051,-2612],[643,-5501],[-522,-5049],[-1728,-2109],[-1723,4798],[-5464,256],[-3697,-4602],[42,-6081],[-2194,-439],[-4166,5590],[-923,2708],[-7773,6950],[-3180,6690],[3877,4592],[2572,1068],[3004,7950],[1383,6988],[-96,13988],[1196,7254],[-1768,5318],[-49,13575],[3966,-1358],[1912,2677],[1614,4905]],[[5054657,3966895],[581,7036],[1497,1440],[6186,1460],[2711,4792],[3510,2361],[1431,3214],[5391,7152],[857,3049],[4472,4715],[7250,3928]],[[5088543,4006042],[1334,-6406],[2683,-8196],[446,-4362]],[[5093006,3987078],[4316,-4472],[-228,-3515],[-1881,-4395],[1319,-8412],[-2030,-2045],[-1741,-6125],[2137,-1722]],[[5383701,3368032],[-3566,-4922],[-1119,-3447],[-3753,-2909],[-2122,4280],[1446,5470],[4115,3953],[2708,-3077],[2291,652]],[[5422627,3429654],[4846,-3152],[2540,-3342],[-1145,-4779],[-4367,-2397],[-5262,-40],[-1649,2481],[3008,9745],[2029,1484]],[[5417424,3418332],[-109,-3091],[-5479,-3487],[-1121,-2178],[-2957,40],[-530,3383],[1901,3309],[1430,5411],[532,6653],[2881,-299],[2641,-2710],[811,-7031]],[[5371702,3462983],[1309,2231],[875,7454],[-2739,5691],[4716,8029],[1269,5407],[-2150,5797],[206,3773],[4137,5993],[1104,7159],[5474,1518],[1225,-4263],[-3056,-7022],[-82,-9007],[-4056,-8186],[-492,-2924],[1232,-3885],[3479,-801],[565,-10866],[-1371,-7286],[2329,-7282],[-2409,-8441],[484,-4223],[-2813,-7533],[1046,-2561],[-240,-5360],[1523,-10235],[-402,-7375],[324,-10773],[-564,-4858],[-2327,-11768],[2085,-2676],[-1606,-3712],[-3778,-2296],[-77,-2821],[-2851,-188],[-3038,-5655],[-1701,31],[-1561,-4917],[-3237,-3644],[-4117,256],[-2931,-2113],[-597,-4146],[-4300,-4930],[-2287,-5301],[-1365,-7012],[-3258,-82],[-1368,-5118],[-903,-8099],[962,-2547],[-397,-7666],[-1376,-5336],[231,-3005],[-3491,-2872],[-1487,-6583],[-2128,-1598],[-345,-4465],[-2064,-6400],[0,-5365],[-3454,-13175],[-803,-6259],[-2851,-7606],[-3293,-3580],[-4742,-11253],[-1844,-1538],[-3186,609],[-376,9428],[442,5784],[2397,18764],[-78,4844],[1074,4961],[965,13413],[2438,3946],[-59,8035],[2574,1044],[446,4433],[-1417,5404],[-2107,1303],[538,6844],[2754,-1593],[1427,10528],[2910,3447],[6976,12039],[837,5849],[2468,6180],[3020,5035],[-306,8945],[1192,3938],[4396,4708],[541,3693],[2243,1550],[893,6583],[1341,1223],[2341,5960],[-972,6351],[769,3604],[1743,1261],[1672,6141],[-638,2170],[5154,10669],[783,3637],[2783,1573],[91,3369],[3416,11664],[3272,15193],[619,739]],[[5353610,3497790],[-3103,9721],[2010,4140],[2007,7474],[1759,-2114],[2571,-13930],[2985,-4446],[-1199,-3063],[-4635,286],[-2395,1932]],[[5588548,3011288],[-984,-2931],[3398,-14992],[2273,-11345],[9533,-29816],[-4580,1132],[2190,-14069],[1123,-11313],[516,-26785],[26,-12366],[-1757,3812],[-7041,1323],[-10841,-9405],[-12837,-10230],[-1240,-3402]],[[5568327,2870901],[-3984,3322],[-2020,4728],[772,6330],[-1847,2684],[-83,3447],[-3368,6656],[675,10512],[909,3045],[-1781,3770]],[[5557600,2915395],[733,6440],[-1587,3567],[492,4754],[3020,3113],[-1698,6074],[4471,1673],[817,9502],[2739,293],[886,7865],[-3489,6823],[2154,4782],[-2835,5966],[-4393,-2740],[-3866,-9646],[-2419,1435],[-1611,5580],[-3681,4609],[-588,8861],[-5525,4102],[32,4859],[-849,14009],[266,5132]],[[5499069,2934787],[298,-9768],[4160,-8258],[-4285,-2752],[541,-5620],[1772,-9271],[-3059,-7436],[511,-5371],[6059,-10766],[-498,-2200],[511,-8777],[-3137,-720],[-3112,-11742],[-2656,-7422],[-3319,-3547],[-1333,-4285],[-2280,675],[-3519,-3170],[-1652,-4873],[1075,-1792],[-3158,-3368]],[[5481988,2824324],[-4339,-2191],[63,-3323],[-2342,-1343],[-2399,1522],[-1195,3125],[622,4179],[-6153,1771],[-6394,-308],[-1764,3473],[124,3815],[2135,2750],[-2268,3493],[-61,10208],[1962,30],[-180,14635],[313,2800],[-5129,2026],[2455,8834],[-3674,2622],[-3789,4827],[-1496,32],[-1024,-4272],[3209,-3549],[-134,-4469],[-3629,-6698],[2844,-6213],[-3746,-10956],[-2122,2263],[-6928,1424],[-588,2029],[-4604,7348],[-2255,-496],[-4638,4247],[-159,3482],[-1888,3301],[2158,5038],[413,5899],[2380,5443],[-3820,14],[56,3557],[-5389,-951],[-977,-7044],[-3156,-1916],[-1225,1298],[2636,9459],[990,9345],[1864,8966],[6480,12628],[2124,138],[543,10219],[3578,20411]],[[5431472,2957246],[6006,-4443],[7925,-1545],[1887,-1401],[4638,146],[3072,-6906],[2775,-3761]],[[5401059,2898890],[3184,658],[-1064,-4401],[6546,-9584],[-1341,-1593],[-6069,2465],[-1159,2704],[-2044,-467]],[[5399112,2888672],[-3043,1566],[2902,6100],[2088,2552]],[[5557600,2915395],[-2376,186],[-5178,-4415],[-4138,-5517],[-1687,-938],[-1704,-5215]],[[5542517,2899496],[-1674,3029],[-3821,-2651],[-646,-3865],[-3215,-2392],[-3274,-411],[298,3318],[-361,15767],[-668,2704],[1557,7581],[-1343,2083],[-19,21414],[-20982,-62]],[[5545330,2889692],[2231,-4468],[2422,-519],[2810,-4203],[503,-4042],[-1595,-12264],[961,-5161],[587,-8516],[-2236,-7226],[-4305,10886],[299,6143],[-616,6811],[-1006,3635],[-3654,-52],[-802,5173],[2207,4359],[626,7287],[1568,2157]],[[5542517,2899496],[-2794,-2455],[-576,-4559],[1666,-9401],[39,-4831],[-3534,-6140],[-2053,-4917],[-2851,-1466],[-3491,447],[-4860,-8884],[-474,-3349],[552,-6626],[-3049,-3324],[-605,-4150],[-3012,-3260],[-278,-2629],[-2571,-4469],[-211,-6974],[-1523,-5245],[1051,-7193],[294,-11497],[2452,-808],[2762,-3138]],[[5519451,2794628],[1202,-4521],[-3029,-1839],[1227,-3798],[-2781,-4810]],[[5516070,2779660],[-1215,3509],[-2734,3282],[-1853,-151],[-496,-4622],[-2697,-2435],[-537,-3567],[-2640,-9],[-2973,-3021],[-4638,4144],[-6508,-4717],[-1926,601]],[[5487853,2772674],[-1450,9700],[2000,461],[2090,2928],[-3364,5105]],[[5487129,2790868],[-3868,9150],[-322,7541],[-1471,919],[2288,10809],[209,3341],[-1977,1696]],[[5519451,2794628],[840,2450],[6172,-6864],[740,-4400],[3086,1966],[1766,-2655],[776,-3916],[295,-7954],[3598,-5217],[-82,-2516],[1944,-4261],[3298,-15899],[1086,-710],[2633,-12451],[-756,-7951],[1013,-2690],[-1233,-3726],[-1528,-15986],[-1967,-3607],[-489,-4497],[-2645,-3464],[-1044,-4095],[-5343,-8377],[-239,-2165],[-4982,-8053],[-1443,-7035],[-5220,-13290],[-4179,-7934],[-2450,-1016],[-2246,1467],[-3338,-12]],[[5507514,2639770],[1421,5840],[2344,1564],[3671,4989],[272,4628],[5938,16051],[795,4891],[1569,3306],[380,6252],[-583,4576],[1310,4607],[868,8835],[3366,11446],[-528,5632],[-2500,6528],[-247,12282],[-2980,10139],[-2299,3928],[-2348,394],[-96,7100],[-2019,7340],[222,9562]],[[5515240,2619716],[2958,-2466],[-172,-7286],[-7405,-331],[-46,4964],[1996,3749],[2669,1370]],[[5522988,2628597],[2142,-4212],[-651,-6927],[-1393,-4599],[-1280,-219],[-933,11064],[2115,4893]],[[5595292,3012761],[11931,287],[-32,-10593],[1532,-2106]],[[5608723,3000349],[-809,-4875],[2304,-3005],[-138,-5563],[3202,-649],[3106,-2780],[1964,-5136],[3867,-6130],[2428,687],[2287,-2023],[-631,-7235],[241,-7162],[1628,-2478],[-1065,-5827],[2549,-4564],[1365,-6376],[-324,-8873],[-4072,-1151],[-643,-4602],[2813,-1926],[-1929,-3690],[1126,-5213],[-1525,-4898],[1474,-3448],[2948,1233],[153,-3661],[-3370,-5876],[-166,-3196],[-2525,-443],[-1167,-5186],[645,-4346],[-1411,-3515],[-3167,-1594],[-2530,-8122],[-1012,-7041],[-4048,-3053],[-3775,0],[-2811,1534],[-1730,-3264],[-990,-6405],[-2460,-1644],[779,-4240],[3216,-3586],[2220,-4068],[-716,-8107],[-2410,507],[-2489,3064],[1161,6455],[-2002,2685],[-1409,6843],[-5220,4210],[-2444,-2853],[-668,-4876],[-1865,958],[2562,-9775],[7087,-14113],[-1261,-4294],[42,-3776],[-1643,-4406],[-893,-6292],[789,-9134],[29,-6457],[-1614,-3565],[285,-6660],[968,-4246],[-2451,-6331],[-147,-7945],[-3194,4799],[-2007,511],[613,5888],[-2983,7731],[-1844,3063],[-1607,6903],[733,7509],[-2102,10301],[2612,14088],[-1699,2183],[658,7537],[-605,6958],[-1888,3263],[-3532,635],[-4418,8567],[-504,3348],[1747,9889],[-4084,8877]],[[5538840,3306619],[-45,22]],[[5538795,3306641],[45,-22]],[[5538841,3302204],[257,1552]],[[5539098,3303756],[83,5166],[-3994,5042],[-323,4474],[-2793,-133],[-309,3997],[1983,1314],[1003,4985],[-4871,3783],[-2202,-2633],[-2802,1868],[-1551,3882],[2253,12472],[-508,3393],[4017,353],[-1898,5501],[-651,8099],[500,3922],[3439,439],[42,4049],[2528,834],[2216,3226],[483,8415],[1253,3707],[1956,1938],[776,-4711],[1604,-1913],[1119,-5753],[-1762,-8943],[-1446,-3967],[566,-4347],[-646,-5748],[2295,-10407],[-688,-4813],[2811,-9962],[80,-4862],[-1928,-7666],[643,-1938],[-630,-9748],[3197,-2886],[-522,-5054],[-2246,256],[-1689,-2046],[-1645,4863]],[[5541097,3434990],[-267,6323],[2874,4551],[2844,-2494],[-896,-4968],[606,-4661],[6023,-895],[3649,-3000],[-1817,-4324],[-4374,-396],[-2888,4495],[-2358,922],[-3396,4447]],[[5500729,3491704],[-29,28993],[6051,12992],[-2261,4047],[-4143,1645],[-2113,1977],[-718,3829],[871,6916],[-1152,5315],[-4756,2026],[1593,6067],[256,5343],[3606,-1743],[6288,7453],[-1193,12525],[-163,10806],[-3358,13964],[-4000,13020],[-4907,915],[-1556,10034],[194,15918],[2711,4214],[1228,11753]],[[5493178,3669713],[4141,9961],[3924,-3227],[2205,-5644],[191,-3624],[4385,2623]],[[5508024,3669802],[9907,-852],[3914,-6491],[4626,-6485],[-614,-2259],[-5126,-1768],[-1105,-4522],[266,-5462],[2282,24],[2894,-7553],[-964,-2556],[-2330,-648],[-1809,-9259],[-1644,-1730],[158,-3707],[-1081,-5812],[1431,-4494],[95,-6636],[3614,-4210],[-1082,-3903],[-3293,50],[919,-4336],[2328,1163],[1282,-8262],[1693,-4270],[-3012,-320],[-284,-5313],[-1924,-2420],[441,-4415],[2829,543],[-382,-5072],[884,-4474],[3553,-5540],[757,-6344],[3928,-9029],[1603,688],[2489,-4801],[2530,-1408],[1,-3231],[-3494,-6579],[-2367,-1347],[-2492,-4218],[-1207,-6647],[2251,-5076],[3360,-228],[3346,2939],[3868,-208],[1854,-4565],[664,-4874],[2658,-4472],[3922,-9466],[8,-3707],[-3654,1346],[-1870,5630],[-1669,1912],[587,4469],[-4604,4863],[-2888,-2689],[-3688,-984],[-814,3839],[-3063,1600],[-1714,-2729],[163,-3963],[-1678,-2360],[-3465,4789],[-1048,-2690],[-4641,-3587],[-795,2919],[-2460,-153],[-1374,3072],[-4102,-435],[-1841,3754],[-4822,-3139]],[[5251370,3434970],[5080,-5772],[723,-3835],[-404,-5364],[916,-6152],[-3847,-12324],[-439,-5305],[-3936,-7661],[-3740,-1990],[-1647,2486],[-1764,-1267],[-2125,-5301],[-2974,711],[-773,6736],[-2831,3117],[719,4089],[3573,965],[143,7010],[-986,3708],[1580,5042],[2328,2353],[2109,4358],[3171,2442],[1601,7752],[3523,4202]],[[5081130,4365851],[1649,2001],[1221,6307],[2279,3489],[2462,10875],[2109,3098],[1457,-735],[6362,2864],[6782,1443],[1754,-1237],[7843,240],[10003,8971],[2361,1405],[4231,-839],[6788,1758],[7705,-65]],[[5146136,4405426],[385,-5847],[-1039,-4830],[724,-15331],[-1865,-5495],[-2655,-5331],[-4066,-455],[-5746,-2838],[-6306,-5189],[-1488,-4626]],[[5124080,4355484],[-2343,-5457],[103,-2547],[-2619,-2311],[-2790,-5285],[-2241,365],[-3772,-2322],[-5918,877],[-2878,-2176],[-3229,-419],[-3511,-2734],[-5011,-6218],[-3486,1492],[-1738,3199]],[[5050173,4513873],[-3010,5875],[-1202,8313],[-4635,2999],[-3531,713]],[[5037795,4531773],[-1360,1976],[3142,3690],[1218,5329],[2140,2988],[-1800,3982],[51,9078],[-766,1157],[4010,7484],[1087,10654],[2423,4417],[4689,15375],[260,6584],[-1941,12758],[-1530,5034],[5838,8126],[4297,-2143],[4688,-464],[4214,1664],[2467,4393],[-909,5012],[705,3628],[6472,3605],[1847,-6445],[2508,-5149],[2957,-2001],[2646,34],[1540,3122]],[[5072622,4419571],[734,-2362],[-3617,-7340],[-695,-6325],[1202,-7716],[500,-14596]],[[5049522,4342642],[-2919,7844],[1028,1231],[334,5916],[-1327,3018],[6,4431],[-2722,4678],[363,10996],[-1998,-1958],[-2480,1386],[-2746,-2149],[-2407,3131]],[[5034654,4381166],[3278,8146],[325,10663],[-1069,5190],[-1047,14974],[-2090,5822],[1602,3512],[-424,3031],[1103,12569],[1533,-36],[1654,10820],[-2815,7270],[374,3561],[-1334,6500],[-2056,452],[-4716,3752],[-716,4570],[810,8847],[2281,7388],[3787,3843],[1924,4969],[-3191,8099],[5297,4828],[-1690,6379],[321,5458]],[[5293609,3556428],[3246,4120],[3041,-634],[-2564,-8250],[-2250,-264],[2086,-4977],[2444,-573],[-712,-4864],[-2282,-4012],[1794,-5519],[-1396,-5775],[-3218,-1755],[704,-6109],[-1132,-2734],[-210,-7189],[1895,-1899],[1371,-6779],[-2910,-1048],[-3453,3831],[-3015,-3132],[-1270,-4462],[-914,-7565],[-6087,-5267],[-2127,1767],[-1609,-7163],[-3692,1406],[-3212,-4090],[-4940,-1594],[-1448,-3456],[-4054,-2360],[3010,-5949],[-1202,-12276],[-1406,-2105],[439,-3771],[-2889,-507],[-3895,1977],[-2653,-2684],[-1764,132],[-3337,-7734],[884,-3195],[-1204,-4866],[-2772,451],[-1873,-1829],[-6878,1446],[-6755,-2884],[-5170,0],[-1398,-2023],[-3873,372],[-3727,-3687],[-3817,296],[-6142,-7610],[-4219,-1461],[-4817,-14198],[-1787,-2582]],[[5193488,4318020],[-3959,1192],[-5191,-4938],[-7380,-5469],[-8357,-4821],[-5357,-3771],[-8286,15315],[-3234,8601],[-6810,12246],[-8559,1915],[-1953,-1088]],[[5134402,4337202],[-3813,752],[-3432,17304],[-3077,226]],[[5146136,4405426],[-588,16000],[-1182,2019],[-1409,11196]],[[5142957,4434641],[403,7325],[2047,5095],[2145,472],[2303,10412],[2106,1527],[1860,10599]],[[5204491,4482966],[1195,-3457],[912,-9347],[3153,-10569],[1236,-2356],[1569,-9261],[2713,868],[261,-3552],[3359,533],[3076,-1090],[1835,2617],[1649,-3670],[4654,-6235],[-2001,-6434],[797,-7930],[-1606,-3196],[867,-5410],[1727,-2273],[4211,-1110],[3292,3350],[1150,-5760],[-964,-2223],[-765,-7214],[-2008,-2437],[-2129,-6707],[404,-7546],[-1365,-4858],[156,-3703],[-2648,-5884],[323,-4351],[-1528,-2808],[-3052,-10482],[-1928,-3830],[-2813,-9971],[-1364,-2940],[-2406,-8816],[-2051,-4291],[-2653,-1406],[-1652,-4987]],[[5142957,4434641],[-4679,3631],[-7649,-1177],[-2946,-4299],[-5552,-4042],[-5591,-563],[-1174,-5208],[-4679,-2967],[-3846,-718],[-4227,1251],[-2676,2942],[-1864,5004],[-3721,1580],[-7855,204],[-3548,1203]],[[5044391,4275521],[-496,-3910],[-8617,-317]],[[5035278,4271294],[-1537,6814],[-5068,4824],[-869,4098],[438,5415],[-2171,7519],[1248,6296],[-699,7095],[-1965,4775],[1324,9002],[-1846,2056],[-228,3146],[1653,4101],[-567,2973],[2117,3444],[791,8002],[-1498,11654],[975,5747],[3683,3218],[2360,3366],[1235,6327]],[[5093006,3987078],[3399,2736],[181,12945],[1536,8074],[3331,1504]],[[5101453,4012337],[3265,3029],[4531,-8158],[1458,-6242],[2198,864],[-223,3973],[2059,4379],[3164,124],[4869,-6503],[1310,-7552],[-3252,-13060],[945,-6045],[3671,6344],[1576,7165],[-718,15653],[1866,8336],[3791,1570],[2789,4273],[161,3926]],[[5134913,4024413],[2855,-5895],[47,-3239],[4665,-430],[2015,-6209],[-2542,-3562],[4427,-10849],[3685,-15583],[2530,-1084],[-38,-3387],[-1559,-5026],[-2698,-5489],[1276,-1350],[-1207,-4537],[-5925,441],[-1696,-9549],[-3181,-5616],[-4596,-210],[-2364,-4211],[-5355,-3670],[-2068,-4025],[-3150,-2149],[-4838,-1275]],[[5113713,3994757],[-1537,-8440],[1074,-5509],[1840,-8],[-1377,13957]],[[5428665,3034834],[-1798,2754],[-2383,-4464],[-1979,-694],[-5632,4559],[-298,-4736],[-3448,-3802],[-568,-4385],[-4182,-2672],[-3570,1531],[-3763,192],[-37,-2921],[-1718,-4188],[-3518,1857],[-4460,-1902],[287,-5417],[-1224,-3267],[-6825,-1773],[-4142,-2731],[1353,-3458],[-2357,-3003],[-360,-2905],[2124,-5426],[2716,-1543],[-2736,-6639],[589,-6545],[-4077,-2711],[-5434,671],[-3149,1346],[-1840,-6044]],[[5366236,2966518],[-2176,-337],[-5080,2707],[-972,2614],[-2843,324],[337,4377],[-1771,4319],[-2737,3424],[-4770,1365],[-1857,1531]],[[5344367,2986842],[904,5752],[2470,1302],[411,6947],[-2748,1568],[1428,4154]],[[5346832,3006565],[3009,-305],[1412,3354],[4964,2665],[5893,11828],[2778,2222],[1149,3547],[2427,-948],[3635,2719],[1876,4587],[4750,3102],[3049,3198],[4127,218],[1181,-1261],[9532,-130],[3548,3632],[2752,1453],[1619,6772],[1406,1878],[-1511,8579]],[[5404428,3063675],[3757,-323],[1639,-2787],[2361,2476],[3705,-2051],[8516,860],[2190,-2444],[2851,-9872],[1260,-10344],[1502,-1827],[3022,-66]],[[5404377,3063659],[-26,9]],[[5404351,3063668],[26,-9]],[[5431472,2957246],[-16801,-7956],[-7233,-4367],[-2635,-3],[-1430,-5751],[-3080,-4562],[-1714,-5775],[814,-2654],[-819,-3638]],[[5398574,2922540],[-1480,2527],[-2962,1195],[-748,5804],[-1684,6524],[-1854,3082],[-3083,7720],[-1861,2348],[-1231,4363],[-5295,2512],[-437,1903],[-5549,5108],[-6154,892]],[[5493678,3411486],[-2866,-1198],[-5570,-5569],[-799,-4550],[-6096,-939],[-2566,-1620],[-7918,-826],[-1598,-4573],[-1120,-12240],[2182,-6929],[891,-10765],[-1445,-2473],[-3066,-1281],[-3997,-7518],[-3567,-2417],[-2901,-544]],[[5453242,3348044],[1351,3570],[-68,4946],[2320,9289],[-553,4584],[-2003,4104],[-3139,3250],[-869,3881],[670,7723],[-923,4623],[3077,3892],[1426,4372],[-413,4088],[498,7139],[3400,7106],[-793,3191],[-102,7718],[-1048,6812],[-1823,5881],[-5469,10216],[-2336,9148],[-2874,1870],[-5750,9651],[-2309,-452],[-1761,-3839],[-204,-9008],[-3333,-9139],[-4020,8],[-1797,3134],[-2592,898],[1070,3730],[-1535,1493],[-3559,-2170],[-447,2893],[1821,6281],[312,8558],[-3277,5418],[1678,2435],[1521,6025],[-1747,9891],[160,9625],[-945,4088],[1472,2997],[-4899,3665],[93,7044],[-1654,4493],[-3346,15610],[-407,5360],[2694,5219],[6349,-9071],[6737,-12689],[892,-4211],[2185,-1337],[-421,9817],[4354,-1996],[2240,-9168],[479,-5885],[3308,-5114],[2202,1085],[3924,-2781],[4680,1344],[2552,3485],[2135,893],[5942,8316],[500,5652],[3272,31],[2660,1785],[2520,-4074],[4618,2417],[795,-4484],[1655,-76],[-1167,-11546],[547,-7425]],[[5473768,3514323],[1425,-2779],[2526,20],[-402,-4513],[2091,-3967],[-2008,-8304],[2014,-2678],[-410,-4481],[1689,-4350],[79,-12719],[-561,-8250],[-1608,-4086],[-1201,-6132],[-246,-10230],[643,-6000],[1368,-4346],[3693,-2900],[2216,268],[2923,-2746],[-158,-5624],[2849,-3383],[2988,-5637]],[[5487129,2790868],[-976,-3186],[-8993,219],[-8269,6593],[-5420,-6023],[-1835,257],[-6857,7966],[-1364,9089],[-2665,2182],[-2241,-5863],[1416,-6983],[-4023,-1795],[-5485,560],[-668,-2229],[284,-13817],[1701,-5118],[2894,-339],[2159,-3882],[-317,-2959],[-4865,1657],[-2194,-3731],[-2576,-434],[-640,-2374],[-4264,4890],[-7074,-3870],[1,-1909],[-5052,-126],[-53,-21862]],[[5419753,2737781],[-1634,-6457],[-2137,-3740],[-114,-3358]],[[5415868,2724226],[-4126,57],[-4337,6515],[-1286,-1014],[-4741,6519],[-2728,2288],[-2891,9596],[-5585,9775],[-2971,8948],[-1848,767],[-1366,18028],[2973,4086],[-2648,1922],[1764,7414],[-239,3707],[-3212,11501],[-388,3196],[1999,2511],[394,2989],[-1804,4411],[-4378,571],[-1872,4435],[25,4513],[1684,2305],[-1684,4214],[1283,5492],[-79,4982],[2408,5888],[-322,2841],[4338,13010],[2846,5944],[3382,331],[5220,4016],[838,3166],[2595,-478]],[[5401059,2898890],[525,5437],[-485,5497],[4338,3963],[-942,3340],[296,4713],[-1566,1858],[-1734,-2040],[-2917,882]],[[5174957,3867250],[3156,-5870],[6736,-558],[951,-1195],[2874,4373],[3670,-5349],[521,-5651],[2910,1793],[2356,-1828],[1934,-4475],[-1078,-3268],[652,-5321],[2001,-2482],[-1976,-4652],[-5140,-5757],[-2568,-5624],[1098,-3031],[-2340,-7775],[-2492,-128],[-3617,3196],[-1370,4034],[-4175,3768],[-4173,2041],[-2153,6573],[-2248,2574],[488,8549],[-1324,6854],[4883,12361],[-493,4900],[917,1948]],[[5307046,3718546],[4597,-4273],[3148,-59],[2756,-3332],[-618,-4164],[1605,-4214],[-3014,-3775],[-281,-4534],[2495,278],[1409,3683],[1819,-149],[-880,5499],[2997,2952],[4493,-1302],[2337,-3817],[4713,-5141],[2777,989],[1857,-7924],[1845,-1975],[-843,-7218],[3296,3845],[3856,-5437],[1562,1192],[2049,-2192],[6869,-17781],[3325,4028],[3576,-3457],[1642,-4035],[2743,3631],[2766,-5706],[-240,-1768],[2494,-4470],[1805,-5181],[1622,-2079],[3913,-11364],[1814,-14356],[3791,-10471],[-1218,-10753],[1681,-6045],[-605,-4113],[-3444,4060],[-2022,6222],[-3079,5371],[-4773,5794],[-3017,817],[-1466,2717],[-3801,3780],[-7155,2828],[-2094,-762],[-3321,5078],[1778,4617],[-2615,4843],[-4558,3880],[-1550,4695],[-3215,123],[520,3348],[-2045,7531],[-5342,10797],[-7670,64],[-2892,-1922],[-5340,-13358],[-3494,-3127],[-4334,-11505],[-2255,-1283],[-3360,-8293],[-2197,-942],[-2788,-5972],[-1871,-1072],[-1543,4628],[5020,13883],[922,8921],[4478,9936],[2943,2439],[-1412,3072],[1706,5173],[-2699,4271],[-2005,-3703],[-1895,2472],[1033,6196],[3775,8354],[-170,4945],[2169,8472],[-1379,5054],[-1949,190],[-310,10060],[-886,4697],[-351,7599]],[[5344135,3732663],[3231,-6801],[2950,-1308],[3796,-4665],[2827,-14129],[1912,-12209],[1528,-4853],[-805,-3456],[-2304,-1081],[-2788,3638],[-541,3195],[-3838,6604],[-3305,10417],[-1418,1470],[-4805,13134],[2757,2145],[-1338,4526],[2141,3373]],[[5283694,3804127],[2037,-3573],[2192,563],[912,-2752],[8479,-17982],[682,-5154],[3231,-7728],[1956,-1875],[3260,432],[4221,-3099],[1041,-10729],[1931,-4734],[6665,-11245],[-1164,-3140],[-4813,8355],[-2093,7665],[-2733,4815],[-5948,1803],[-2569,5742],[-2964,2171],[-6431,9719],[-1344,6045],[-3223,-58],[-1133,1551],[-3295,4],[-3133,3963],[-448,4723],[922,4632],[-2416,1820],[5758,5939],[420,2127]],[[5345304,3015887],[-7018,686],[90,8571],[-389,15229],[60,13849]],[[5338047,3054222],[758,6848],[-529,4638],[-149,20633],[-550,20987]],[[5337577,3107328],[2540,634],[2718,7568],[1538,-4145],[2561,-1236],[3599,901],[3492,-5438],[5629,-10658],[-482,-4250],[3778,-4900],[-244,-3026],[2085,-3887],[726,-12215],[1647,-4410],[-1243,-1347],[129,-9245],[1102,-2661],[696,-10267],[-2044,-4484],[-1570,-1078],[-4578,-6268],[44,-1725],[-6107,-5241],[-2570,507],[-3615,-4598],[-2104,28]],[[5404428,3063675],[-51,-16]],[[5404351,3063668],[1054,1233],[617,6019],[1820,2643],[80,10087],[2169,6529],[585,4806],[2706,2300],[2723,4572],[6835,5956],[3698,-104],[-1044,-3834],[5327,-4485],[2043,-3736],[2212,-43],[1078,-3266],[3537,306],[3736,-1641],[1297,-4095],[3182,-1751],[4186,3420],[1006,3057],[-1151,2582],[639,5640],[2253,4133],[-1022,2049],[122,5202],[-1953,1808],[276,7829],[2611,1076],[628,3057],[-1368,4628],[2442,10080],[-28,8174],[-1674,12916],[2493,4456],[1950,1553],[5289,67],[3237,-3569],[3378,-1859],[4714,-5945],[2386,-993],[893,-3525],[4033,-6987],[1166,-4172],[5927,1954],[2394,2485],[1969,5852],[-109,7024],[-1112,10821],[1177,2294],[-168,5608],[2410,4373]],[[5101031,4051104],[1804,-3036],[616,-6240],[-1226,-5764],[2214,-1889],[-2830,-4019],[477,-6200],[-1306,-3525],[974,-3613],[-301,-4481]],[[5088543,4006042],[1909,4162],[-966,2374],[52,8571],[-1870,3245],[75,5915],[-3496,7722],[-1820,2597]],[[5316327,3378325],[-7988,4848],[-576,2598],[-2486,1186],[-7167,-729],[-1205,-3554],[4953,-8205],[-169,-5433],[938,-3027],[-229,-6515],[-7532,-14595],[-3789,-10374],[-5355,-13131],[-3141,-15273],[-7369,-14371],[-9880,-18121],[-7798,-15867],[-3825,-5295],[-8745,-15219],[-367,-2968]],[[5244597,3234280],[-3655,4879],[-1441,5415],[-2987,6853],[-2498,3269],[-3069,6981],[1012,5653],[-4911,3162],[-2402,5376],[1683,4668],[-966,6760],[1116,3839],[-2027,3984],[1863,2154],[4210,10572],[869,8017],[6824,1462],[9028,-1593],[3744,127],[4196,2791],[6281,8098],[1767,-2173],[2167,1022],[3539,4470],[1711,3787],[414,6759],[-2106,10957],[582,10327],[3050,-1726],[241,3967],[-3259,-1967],[-622,3055],[1497,4214],[572,7654],[1734,1105],[-481,4598],[-2551,-575],[-2484,5083],[-623,7427],[-2108,4978],[3385,3732],[3393,833],[1569,4220],[3102,3899],[1453,8443],[2076,3985],[878,6032],[761,10634],[-819,4969],[1279,2688],[-961,3699],[2971,5377],[5018,2365],[2819,-767],[1561,3542],[3893,5181],[3050,785],[3124,4056],[4754,-1164],[4612,-4666],[5356,-2317],[2152,1601],[2053,-2352],[2650,678],[4781,-4808],[2042,2534],[2095,-2367],[1202,-5626],[-321,-2683],[4259,-11121],[-997,-3123],[-2537,-3017],[-723,-5616],[-1445,-1283],[-1851,-15467],[-1044,-2945],[-1439,-9970],[-3053,-3448],[-1079,-3188],[-2497,-1482],[-3577,-4282],[-2125,-8945]],[[5316327,3378325],[-1005,-4865],[479,-11240],[-1362,-7163],[-2972,-7159],[-402,-8304],[-4420,-16107],[-4818,-10482],[-397,-4474],[-1973,-1470],[-1099,-4107],[411,-5054],[-1785,-4273],[1023,-1688],[1677,-17209],[-1148,-8899],[-3537,512],[964,-7927],[1411,-1085],[-1106,-6637],[2837,-1322],[3639,-10495],[3324,-1221],[761,-6112],[3248,-8754],[3731,-4162],[390,-5915],[-2493,-14116],[-7065,-13678],[-1002,-4031],[-1932,-123],[-2168,-3452],[-3532,-2297],[-5063,1402],[-1764,-2688],[-3293,-1530],[-4816,4593],[-2718,1314],[-2880,10122],[-3683,16543],[678,2954],[-518,7489],[-5821,5816],[-5863,1662],[-3852,1913],[-3617,4],[-6024,6132],[-2175,3538]],[[5493178,3669713],[-5006,104],[-7742,-5874],[-5874,-2672],[-4431,1190],[-2732,-360],[-4122,-14684],[-2488,5649],[1142,6639],[-8831,6836],[-4121,2395],[-3101,-4987],[-4908,-2592],[-10590,13349],[-3814,3913],[-4892,-8845],[-6644,-244]],[[5415024,3669530],[-1833,5074],[-502,5068],[632,4832],[-1636,3634],[48,3034],[-3940,8498],[30,5830],[-1919,4358],[1655,5864],[3569,-3613],[1189,-3685],[2757,2585],[8830,-2862],[1251,-1876],[2953,1944],[1770,-2220],[5239,1686],[6760,-3483],[1864,1142],[8851,251],[4594,3278],[3345,-1404],[2700,609],[4334,5235],[3165,175],[5071,-2459],[2402,1837],[964,-4478],[2400,1074],[2516,-979],[556,3897],[6929,1996],[2927,-2711],[3113,-5071],[1362,-348],[2602,-6035],[3455,-2136],[414,-5970],[2279,-4106],[-3173,-6711],[102,-9467],[3375,-2015]],[[5084565,4119688],[-2428,-414],[-1268,-4354],[-2399,-1381],[-2625,3885],[-4629,1733],[-2101,5883],[-3176,927],[-115,3054]],[[5065824,4129021],[2073,6486],[-1664,2162],[330,7354],[1974,5570],[-1792,5077],[204,8190],[-2398,7069],[1111,5031],[1495,1539],[-600,3930],[-4325,-117],[-3785,6819],[-2816,10555],[-1290,12924]],[[5054341,4211610],[7313,2393],[3850,3045],[5716,-3655],[2782,-5211],[1943,5828],[1611,816],[1607,4838],[121,4297],[2665,2530],[1833,8245],[-2354,11689],[-2086,7822],[-387,3890]],[[5078955,4258137],[6706,2259],[4613,-1193],[1049,1640],[4719,226],[3868,-3680],[3051,-100],[5274,-3564],[1040,-2817],[681,-11369],[-409,-7554],[591,-4034],[8322,-23770],[426,-1950]],[[5078955,4258137],[-2789,7630],[-6992,4513]],[[5134402,4337202],[-4423,-4180],[-1462,-15426],[-2599,-1238],[1845,-7273],[2233,-2460],[4681,-1051],[-1103,-6875],[8057,-6793],[-5175,-10443],[-3376,-2583],[-1174,-3447],[-3478,-4681],[-3422,-675],[-4662,1971],[2566,-7934],[-3805,-1426],[3451,-8420],[4105,-4146],[-2378,-6850],[9600,-13078],[2234,-1549]],[[5080239,3856526],[312,-12047],[-8321,-21777],[16635,-12739],[2945,-2556],[11051,-11512],[4928,-1867],[1526,-1792],[5342,-2538],[-126,-8409],[552,-13379],[166,-14803],[1129,-10685],[244,-9537],[-1141,-22921],[-1031,-3511],[-891,-17018],[613,-14082],[1062,-4262],[-576,-7477],[238,-5151]],[[5114896,3658463],[-3459,4724],[-4493,904],[-3542,-644],[-2978,7192],[2554,6043],[-1899,3767],[-2051,-2365],[-3590,3404],[-3837,8676],[-2073,1105],[-3504,9856],[-1515,2120],[-820,4732],[1829,7436],[-993,5159],[-2581,6520],[-3517,5005],[-532,3582],[-2199,2421],[-3850,-756],[-1229,15326],[-1103,2180],[960,4796],[-119,7284],[-1980,13177],[-2263,8058],[-1399,1953],[-4366,12811],[-3123,6628],[-3692,1023],[-1931,3711],[-5932,873],[473,2584],[-2582,2932],[-2144,4642],[525,3494],[-1927,9066],[756,2726],[-3626,4874],[-4776,-2753],[-281,-5300],[-3765,1146],[-3302,5633],[-1101,3997],[1341,4561],[3095,4445],[6537,3931],[3751,-1712],[2508,-2426],[7925,684],[7572,-3159],[1396,712],[6549,-1990],[3978,-2262],[11668,5537]],[[5003777,3912320],[4056,-1026],[3008,-4231],[4681,-1114],[3915,-4605],[1286,-6072],[-1689,-3963],[688,-4149],[-3935,2428],[-1447,3063],[-2607,258],[-1896,2990],[-5017,4115],[-1000,3954],[-43,8352]],[[5080239,3856526],[2258,1574],[3812,-267],[2814,-6356],[1001,426],[4747,-7884],[2614,-2343],[3909,2204],[3813,-1550],[3083,971],[2467,2369],[5061,-8789],[4751,-4245],[5094,-9134],[2439,-5695],[3633,-1393],[2391,-3593],[-238,-10614],[3532,-1531],[1031,1579],[3631,-561],[2318,-3289],[652,-4635],[-4380,-4661],[-2289,-5182],[-324,-3835],[1371,-9966],[-1609,-5501],[806,-9072],[-1446,-9335],[717,-3835],[3570,-5174],[2779,-7970],[684,-10058],[-2171,-1022],[-2048,-5557],[-2367,-4026],[-4939,-2881],[640,-2301],[-1770,-7282],[-1440,-1406],[501,-8266],[-940,-3439],[-2452,-2233],[717,-6643],[-4334,2046],[-884,-4346],[-5260,-1215],[-1484,-7350],[-1804,-4797]],[[4712239,3025017],[1402,-4205],[-2735,-10305],[2208,188],[1044,-12268],[-2412,-9719],[-3863,-6039],[-2438,1209],[-179,4152],[-2468,8830],[-2441,5074],[2593,5731],[-1512,5326],[4912,6479],[-427,2909],[4148,559],[2168,2079]],[[4736262,3063070],[2794,-3196],[859,-4084],[-1014,-4494],[356,-6310],[-1039,-2417],[-3820,-2380],[-3145,4680],[804,3350],[-319,11141],[4524,3710]],[[4982195,3393508],[964,-2770],[-5019,-2214],[-5060,375],[-686,12216],[-1247,4379],[4497,330],[594,3813],[1867,1960],[959,5237],[3662,-563],[3471,-4598],[3012,1082],[5071,-2775],[-2968,-10719],[-2369,1466],[-2259,-1456],[1027,-5516],[-5516,-247]],[[5095774,3453370],[1558,1460],[1850,-4593],[-2169,-2182],[724,-4582],[-2939,-1559],[-2137,1256],[-1101,4769],[416,2902],[3798,2529]],[[4960822,3420359],[-1423,-821],[4294,-15345],[3222,-3066],[797,-3352],[-3492,-2516],[-3700,-6391],[-5509,-5408],[-1473,-6612],[-4335,-1274],[-3619,1534],[-4016,-384],[-883,-2173],[-6505,-2045],[-1529,-4347],[-2651,-507],[-2925,-4611],[-944,-4355],[-3236,-5419],[-2155,-8067],[-1141,-13536],[-1560,-3899],[-5063,-3707],[-6669,-1146],[-10269,-5814],[-5811,-1429],[-2931,982],[-3478,-2308],[-2938,-4427],[-2300,1153],[-4196,-2926],[-881,-13290],[2811,-5245],[-5,-12801],[-3307,1257],[206,6706],[-4366,-659],[645,-6264],[1895,-2746],[277,-3957],[2283,-387],[-1647,-7614],[-2572,-3950],[-718,-3588],[-3135,-3768],[-1767,-6966],[-2088,-1534],[-1903,-6330],[-3077,-3896],[-3212,-7798],[-1931,-8309],[-2564,-5373],[-1652,1219],[-5097,-6328],[-5620,-8824],[-1127,-3447],[-1981,-1261],[-2553,1223],[-3538,-1053],[-4124,-2897],[-9974,-2924],[-1684,-6643],[-163,-7026],[-2688,-1598],[763,-3643],[-7346,-20393],[-4980,-2174],[-2168,-3579],[-1285,763],[-3140,-4321],[-4253,-7682],[-3011,-456],[-2846,-8113],[-3216,-3579],[-5464,-644],[-1365,-2305],[-3288,-1398],[-2971,128],[-3296,2301],[-3893,-5181],[1205,-7666],[-966,-4350],[-2011,-3963],[-1368,-5492],[-2283,830],[-6024,-1282],[-4222,-2241],[-10235,-11697],[-2450,-5944],[-3494,-5944],[-2868,2580],[2128,8831],[1837,3284],[600,14654],[1981,2743],[-238,3603],[2000,1015],[634,3785],[2694,8595],[3454,4364],[1812,7445],[1912,2340],[3850,766],[2154,2587],[-1184,2448],[2896,4022],[4320,9813],[-134,2202],[5008,7090],[270,3123],[3513,1008],[3662,5714],[24,4753],[4048,6660],[4138,-2085],[3713,1125],[867,6390],[2077,8517],[5243,4026],[3409,3501],[1729,4641],[2171,2606],[4523,-1436],[1236,3103],[2338,-4981],[3001,731],[513,3670],[4530,6735],[5116,4650],[-972,5008],[2589,2978],[4110,2513],[314,4148],[2248,7528],[5670,5255],[2303,5807],[3105,3142],[1303,5571],[-967,2254],[2318,3930],[2138,-1582],[2880,2740],[163,3333],[3809,6370],[2093,383],[5603,8137],[1207,3643],[6469,10530],[-45,5729],[3335,3035],[2067,6641],[-1167,1307],[2107,4309],[1914,1115],[5818,9115],[1899,-2667],[142,-5662],[3398,1582],[-313,3097],[2003,7007],[-1673,2268],[203,7985],[-563,3863],[3692,-394],[1443,2828],[3633,-1877],[3788,1456],[2519,9796],[-360,2056],[3880,4005],[460,4689],[-2068,5405],[1831,4233],[2868,1231],[2134,-3634],[4970,7373],[-1888,3176],[927,3853],[2212,-6475],[-571,-2677],[1370,-5712],[1593,-126],[1526,4225],[1531,-91],[1600,6472],[2184,1351],[1249,3846],[2465,-746],[1585,5563],[-1439,1666],[3722,4331],[2495,5248],[848,11476],[1689,8086],[-241,3707],[-3574,5428],[-2894,-1529],[-1165,4538],[0,5880],[-2977,2837],[2335,6878],[-1056,3383],[1752,3595],[2097,-4979],[-1794,-6519],[6309,-9061],[5155,-2525],[3153,-5504],[985,-5464],[3087,46],[-88,2744],[-2051,9268],[-121,6707],[-1767,3711],[-6103,2248],[-1303,4038],[1902,4006],[-1360,2167],[-2652,-1305],[-1510,9790],[2515,523],[1674,-2822],[1534,2357],[-3132,5563],[-362,6604],[2857,-2877],[1450,-3622],[4082,-359],[907,10999],[-220,5456],[-2401,-196],[-555,5339],[2547,4841],[458,3778],[-509,11295],[1517,5200],[3033,1126],[1267,3494],[-738,4266],[1414,2651],[2124,-2555],[158,-10041],[846,-1848],[4300,-2191],[473,-6183],[-1199,-8309],[-1526,-3323],[-401,-4219],[-3294,-5117],[2811,-9076],[2084,-1918],[1453,-7793],[-1918,-1734],[-2522,2433],[-2574,-4073],[-496,-4457],[1117,-5408],[-1320,-8280],[2285,-1695],[145,-4916],[2166,-2239],[4018,3668],[2167,-2279],[-170,-8214],[-815,-3460],[1147,-2539],[-2732,-10233],[3990,-29],[1668,1893],[1487,-2917]],[[4977226,3552581],[5078,-2039],[91,-8096],[-1705,-6205],[-2995,-5558],[-1367,5994],[-1904,1533],[-1643,-3834],[-3853,4985],[-1481,5925],[4978,-3048],[1965,2364],[1537,-2323],[2728,587],[1718,4745],[-3147,4970]],[[4985974,3622801],[3594,-4180],[813,-5831],[5805,3364],[1022,-3080],[-200,-4665],[3378,-1466],[1181,-2042],[-3611,-5241],[3433,-5696],[-1892,-10189],[-6208,-8023],[-2747,228],[-1288,2632],[-101,6348],[1732,255],[1379,4721],[2299,1039],[-558,4894],[-3000,-1893],[405,-3374],[-3467,-797],[-1519,4544],[-1592,10824],[-2358,5246],[285,4488],[2120,2855],[-1105,2123],[2200,2916]],[[5018701,3624345],[2587,-2915],[253,-6048],[-2474,-3107],[950,-6842],[-2144,-2633],[-564,5046],[-3545,8748],[5133,6020],[-196,1731]],[[4984915,3676877],[2770,-1531],[596,-7592],[3520,102],[4224,-2396],[3653,-4214],[1340,-5507],[2761,235],[276,-3008],[5162,-4952],[1483,-2938],[1660,1616],[3194,-326],[-528,3683],[1165,6556],[1932,-3],[661,-10167],[3063,995],[605,-3088],[4857,-6440],[478,-3025],[-2203,-1465],[2089,-5118],[-4354,-4583],[-4163,3820],[-2492,-3713],[-4516,3799],[-167,2351],[-4912,744],[1027,-3219],[-3869,-6623],[-973,5639],[-2702,1477],[-1317,-2764],[-2771,1981],[-3092,456],[-5030,13452],[434,3875],[-2388,5938],[-1155,5985],[-1734,1174],[-2181,5420],[2579,5194],[-1917,5232],[2935,2948]],[[5039518,4074429],[-1308,6037],[-2581,4525],[132,7910],[-1485,4972],[-4032,5221],[-866,4124],[1112,4920]],[[5030490,4112138],[4893,2187],[2107,3013],[5203,3722],[2678,179],[2474,4297],[4400,1773],[3788,-993],[3404,2797],[3130,-2245],[3257,2153]],[[5061266,4051540],[-3603,-144],[-2806,6604],[-2051,1260],[-4325,-252]],[[5054341,4211610],[-1102,6954],[-2242,-4753],[-2827,-10149],[-2637,-1116],[-5405,-5251],[-3847,4839],[-3221,290],[-3083,-3100],[-374,-3637],[-2942,-4756],[-1610,-5544],[-4411,-819],[-1208,-3298]],[[5019432,4181270],[-3895,10650],[-3342,7406],[-1862,5558],[-1365,8358],[-3048,416],[-5015,2268],[-2334,4671],[-1619,-298],[-1996,-8060],[-2449,-2261],[-7911,907]],[[4984596,4210885],[2052,5294],[-1811,4665],[-3991,14133],[-3859,-1407],[-843,-5049],[-3052,-119],[-2152,6219],[1185,3001],[-517,9123],[2057,12229],[-1877,10578],[2412,7113],[-1039,3209],[1543,11061],[2689,4192],[3834,1257],[2266,3492],[2067,183],[2355,-4671],[33,-4741],[-1443,-4986],[803,-3579],[-1767,-2424],[5066,-3417],[155,-1824],[4942,-5720],[534,-2574],[3392,1040],[4105,-4192],[-281,-6067],[1403,-4031],[-199,-3126],[4282,-3952],[6926,-592],[6163,2181],[4540,3099],[3005,3531],[6269,10797],[-565,6483]],[[5131643,4119776],[4015,-2280],[2146,-3593],[1144,-6202],[0,-5344],[1124,-6903],[2972,-5141],[3534,-11535],[959,-9278],[2333,-4213],[-561,-4475],[3228,-7125],[7614,-9753],[1765,-3575],[-4227,272],[-4825,-5259],[-3317,-1792],[321,-7798],[1689,-6263],[-83,-6136],[1765,-5753],[1609,-9459],[77,-4095],[2153,-2618],[4356,-8150],[80,-7882],[2889,-4223],[-436,-6587],[-2204,-4298],[3041,-6909],[6086,-7743],[2035,-1315],[3648,-4861],[2311,-4681],[3685,-3462],[4523,-1888],[4157,-4378],[7357,-3252],[1371,-1611],[2881,625],[7315,-3784],[1550,5881],[-2529,1663],[-2711,3614],[-967,4228],[9575,-5804],[2280,2256],[-1071,2629],[916,3693],[-2010,4086],[-5411,5619],[-2666,1386],[-3053,6863],[2003,1261],[-524,3922],[2344,2949],[4122,2903],[-77,6068],[2221,502],[-1356,-11154],[592,-6956],[2359,-931],[1732,-2976]],[[5240916,3924791],[-6451,-2642],[-3439,852],[298,-4411],[3301,-8749],[2512,-5178],[-270,-6884],[1226,-5635],[-2723,375],[-1331,-5560],[1928,-4466],[-399,-3200],[4888,-7331],[-63,-2969],[2360,-714],[6148,-7365],[-1730,-2138],[-2869,6328],[-637,-4049],[1860,-1134],[1298,-5101],[2955,-5073],[3090,-11431],[531,-14122],[1767,-10099],[-3899,-1981],[-3534,-5748],[-2168,-1406],[-3382,2409],[-2382,5923],[-2830,3684],[154,7374],[1045,2791],[-602,6269],[-1301,2018],[-1545,7497],[-1355,1251],[-5724,9798],[-1202,6114],[-3314,3697],[-3340,1879],[-1206,4873],[-5220,2301],[-2561,-1581],[-3709,2983],[-444,4868],[-2079,3535],[-888,4255],[-2098,2655],[-1034,4448],[-3226,5862],[-4277,-942],[-10287,11754],[-1925,-383],[-3550,1950],[-697,4068],[-2181,-270],[-3534,1922],[-1383,2196],[656,3981],[-4584,1139],[-746,1962],[-4708,1332],[-1684,-1283],[763,-5812],[-11284,-4926],[-3056,-2944],[-7228,-4470],[-2164,-3908]],[[5134913,4024413],[-898,4183],[-3553,2575],[-6,7815],[-2330,770],[-2579,4191],[-2399,10070],[132,7148]],[[5181029,3969296],[6394,-8636],[2475,-4084],[5388,-5946],[4847,-4127],[5556,-9501],[-2609,-3449],[-4430,3967],[-2396,3835],[-2982,1847],[-1732,3630],[-5223,3650],[-1817,2881],[-3462,8496],[-1330,1355],[1321,6082]],[[5181579,4095505],[5405,-1962],[5382,-6089],[-4666,-4144],[975,-2383],[586,-6761],[-4613,-1594],[0,-6012],[1360,-3954],[3168,-4211],[1653,-16378],[-2931,-6579],[-2726,-3844],[-3844,-2167],[-1936,2541],[-930,5347],[3243,7637],[-2713,11391],[-2881,4917],[-560,6362],[-2273,5481],[-2966,3875],[337,10199],[1477,5370],[2567,-2094],[2634,696],[4252,4356]],[[5240317,3703883],[5042,-2423],[3587,438],[1834,-2447],[4228,-11780],[-1692,-10997],[-4656,-6771],[-3572,3268],[-3141,1362],[-887,5216],[-2885,3896],[-6245,3072],[-2297,2916],[-1014,4608],[3182,6047],[2797,1869],[3093,-229],[2626,1955]],[[5215164,3722239],[2394,-10614],[1753,-2301],[133,-4931],[-2496,-4726],[-2979,1941],[-1320,5047],[392,2981],[-1436,4113],[1532,1631],[2027,6859]],[[5198493,3729758],[4081,-2125],[426,-4229],[-1976,-506],[-639,-9784],[-1842,-9971],[-726,-14061],[-878,-2046],[152,-5884],[-2811,-12012],[-2125,-7227],[-763,-8880],[-2086,-4866],[562,-5236],[-5321,7478],[-627,5258],[3154,-176],[368,3196],[2035,3774],[-4969,6708],[-1542,-17],[-2636,6012],[1566,3260],[364,8104],[4765,3175],[2393,12462],[-1059,4439],[401,3300],[-1692,3854],[921,4105],[3256,3381],[3524,337],[4516,5542],[-792,2635]],[[5500729,3491704],[-1121,-5425],[-2478,1689],[-1435,13117],[-2611,11125],[-1705,3063],[-2553,1243],[-5648,-918],[-2043,585],[-3931,-2100],[-2756,6274],[1936,6834],[-855,10446],[-7948,7452],[-4876,-1091],[-1986,2279],[130,6606],[2578,3762],[2554,-1937],[1899,7013],[2059,-1791],[2528,901],[386,3665],[2658,3065],[280,3789],[-1368,3710],[4331,7419],[2477,5362],[-3231,4656],[-3617,-882],[-6249,-4864],[-1629,1409],[-3383,9573],[-1987,1326],[-3951,7392],[-875,6447],[-3492,304],[-3688,5317],[559,2680],[-2357,2873],[-1535,5245],[-3999,5059],[-4196,2227],[-5905,-733],[-882,2335],[-4655,5449],[-2153,6096],[-6020,7174],[-2962,12606]],[[5507514,2639770],[-2357,3806],[1524,6237],[-2134,9181],[-1255,2457],[-2622,197],[-1653,2695],[-769,4989],[-2565,1407],[-2098,6699],[782,3704],[2030,-1969],[1699,4827],[278,5345],[3547,4203],[3179,9690],[-234,4870],[-1117,2415],[-527,8902],[-3198,1789]],[[5500024,2721214],[-488,5537],[270,8108],[2073,6670],[-1148,4845],[-2500,861],[-2823,3636],[-2574,7104],[-3872,3383],[-4659,-313],[3550,11629]],[[5419753,2737781],[6338,-3407],[20772,-16072],[15260,-10317],[15417,-400],[-57,4373],[4944,112],[-79,-12018],[4598,-795]],[[5486946,2699257],[-551,-6489],[-1927,-2297],[881,-3967],[-1481,-2360],[-3604,-1027],[-4028,1538],[-3867,-840],[-2697,709],[-4978,3197],[-4768,1276],[-1762,2689],[-3775,2676],[-3292,1022],[-4016,3712],[-3395,2003],[-1186,2343],[-3837,408],[-2668,5221],[-4257,255],[-7066,6392],[-3212,4470],[-2731,383],[-2861,3655]],[[5347070,3184796],[-2837,-2434],[-3330,-1214],[-2972,1150],[-9772,11872],[1398,6368],[2592,-1609],[2571,1825],[3681,363],[3293,5614],[628,5550],[1936,-15],[2085,-2890],[2350,-10208],[-1247,-3899],[1743,-4544],[2232,-96],[-476,-4240],[-3875,-1593]],[[5373521,3798257],[2046,-2264],[4239,-2123],[2948,-6203],[3984,-2749],[2120,-4954],[1740,4628],[313,4285],[2896,2509],[4849,-1446],[757,-3735],[-846,-4770],[-2891,-887],[-1644,-3775],[80,-6396],[-2326,-4853],[3210,-6775],[321,-4866],[-488,-8432],[-1678,-6004],[878,-5625],[-923,-5948],[-3294,-3200],[1165,-6703],[-2774,-9140],[-3531,-383],[-4093,1023],[-2759,2820],[-2285,4673],[-835,5138],[-6213,4928],[-2384,9832],[-378,11497],[-832,6235],[3824,5320],[4673,-3941],[1465,3760],[2442,1432],[5071,-170],[2246,8071],[-848,5078],[-1420,1543],[-4661,-2173],[-2892,-256],[-1680,3319],[-3979,-64],[-680,-6332],[-3537,-4981],[-1006,-3387],[-2289,-2357],[-4053,184],[-1569,-2872],[-2970,6004],[-2687,63],[-1331,5310],[-1888,-2118],[-278,-5812],[-2813,3827],[-2889,1286],[-4174,6903],[-1489,-1598],[-4807,7350]],[[5500024,2721214],[-6606,1407],[-1664,-2695],[280,-3409],[-1440,-7332],[-3648,-9928]],[[5493678,3411486],[1394,-5925],[-2334,-4485],[2329,-7666],[-878,-7930],[3574,-7094],[1942,1808],[2192,-4424],[719,-10994],[-1646,-6136],[-3253,-1298],[-8209,4244],[-545,-2694],[1285,-13167],[-1092,-959],[-4120,8087],[-2496,10969],[-1732,3391],[-1646,9159],[-1825,1630],[-3471,-703],[319,-7282],[886,-3451],[399,-9328],[-804,-5249],[4423,-19682],[-406,-8309],[-3341,905],[-4435,7031],[-3167,1446],[-1135,4350],[-4555,2126],[-6458,181],[-2077,3883],[-273,4124]],[[5498479,3314205],[-4104,11941],[-3811,2391],[-1766,4346],[-656,8940],[1219,2615],[3729,-4570],[4263,-634],[2054,-7314],[1046,-6004],[2608,-6200],[-123,-4278],[2613,-7231],[-1124,-2045],[-2825,173],[-696,5036],[-2427,2834]],[[5077159,2643282],[2005,-1552],[3404,-6680],[-2980,-6853],[-1846,-836],[-3841,5683],[265,6708],[2993,3530]],[[5105571,2682896],[4538,-2124],[1007,-4937],[-4140,-3784],[-2221,1952],[-665,2937],[1481,5956]],[[5118721,2686763],[-4871,4796],[481,4617],[-4139,2604],[-3170,-4286],[-5151,-3963],[-4445,-2297],[-3498,6648],[-4011,-2945],[-6226,-2237],[-847,2365],[-2971,1794],[-643,5087],[1708,5775],[2859,5358],[2635,911],[5932,4660],[885,3695],[6711,-239],[3197,703],[3396,-2459],[4644,-11920],[3850,2546],[3340,869],[4561,-2641],[6372,1369],[2443,-2292],[727,-5066],[-1619,-2909],[-5298,-3963],[-5053,-6376],[-1799,-204]],[[5165103,2720456],[5163,-8495],[4325,-3139],[-636,-3117],[-4832,4679],[-383,2067],[-4346,5474],[709,2531]],[[5052528,2766459],[530,-327],[-1963,-12690],[-350,-9020],[-4193,-1833],[-2200,1612],[2529,8286],[465,6318],[1472,4743],[3710,2911]],[[5520652,3233537],[-1570,6895],[-895,7655],[-1832,7891],[-1653,10944],[295,10784],[731,6402],[5302,5098],[4028,-2154],[1242,-3548],[1921,1231],[4996,-5226],[83,-5113],[1484,-4410],[803,-6647],[3517,-4022],[4107,-687],[4691,-3039],[467,-2745],[2546,-1913],[2191,846],[6821,-3687],[2227,-5784]],[[5562154,3242308],[-471,-4289],[-3896,-5397],[-8677,-16481]],[[5538840,3306619],[-156,-4987],[1640,-5187],[-481,-3452],[-4575,-1272],[-961,5446],[711,4125],[3777,5349]],[[5538841,3302204],[257,1552]],[[5567042,3282600],[1815,-3333],[831,-7172],[2221,-1092],[68,-6575],[-1982,-3840],[548,-4652],[-2601,-3658],[-2577,3214],[-862,7678],[1849,5226],[-2058,8397],[754,4477],[1994,1330]],[[5581609,3319486],[1155,-7169],[1393,-3973],[784,-13363],[2075,-2000],[2021,-5926],[-2854,-2109],[-2163,-3971],[-5301,907],[-4494,2458],[-5496,10228],[714,6697],[1370,6515],[4677,8252],[2284,11397],[2351,144],[-244,-4086],[1728,-4001]],[[5562154,3242308],[3199,-93],[2039,-7766],[-4056,-2488],[-177,-2391],[3770,-5953],[3638,-992],[1294,-3758],[430,-5127],[2610,-6067],[3892,-5780],[5972,3593],[4951,8088],[1972,-2957],[401,-3332],[-1363,-3447],[-562,-6775],[391,-5494],[-2080,-8320],[7632,-13666],[3336,-8060],[2367,-764],[2646,-10420],[-1602,-2499],[2573,-5488],[-3296,-6524],[-1027,-4576],[-4796,-1240],[-2168,-4091],[-262,-7121],[-2957,862],[-1097,-2409],[-7451,-6220],[-1287,-4610],[3576,-3767],[-522,-3251],[1082,-3520],[3655,-485],[5501,-2451],[-1192,5306],[5127,-968],[2169,-2684],[4517,361],[2179,-2535],[3384,-1075],[800,-2823],[-3333,-3511],[-959,-7035],[2568,-2050],[-2510,-6318],[-3032,-2877],[964,-5885],[4260,-902],[840,-2353],[-1850,-3839],[-4974,-6260],[2447,-6327],[3897,1561],[5343,6158],[1000,-10847],[-1007,-11828],[-2604,-12843],[1964,-3903],[-1486,-3132],[-2366,-579],[-1801,-5412]],[[5030490,4112138],[-3029,10431],[-5197,8359],[-11281,11073],[702,11744],[1602,11923],[3271,9202],[3952,3320],[-1078,3080]],[[4941610,2538346],[2209,-1393],[2707,-10689],[966,-11875],[-3231,-14133],[-1719,2838],[1009,10135],[-173,11447],[-1687,10222],[-81,3448]],[[5015280,2606062],[1105,-3346],[-634,-3819],[3684,-3919],[-2168,-5876],[728,-3584],[-1899,-10500],[-3247,-1771],[-1683,2491],[2208,5247],[-6670,-4],[-3129,-4862],[-4983,4346],[-3173,-6329],[-3980,-9637],[-1813,1588],[-2202,-2104],[-9676,-2830],[-395,3852],[846,4717],[-1093,2370],[1949,3665],[5405,1090],[1433,2566],[3409,1935],[1747,5361],[1977,2078],[4201,-166],[2747,2602],[2383,3966],[9661,10207],[3262,666]],[[4851171,2866865],[1665,-1463],[-670,-9824],[-3338,-1131],[-5369,4457],[94,4484],[2475,1493],[2305,-1196],[2838,3180]],[[5021875,4046455],[-2001,1246],[2472,8225],[-1524,3867],[-63,3334],[-2200,425],[-1250,4478],[-3095,-1726],[1128,-3063],[-87,-4990],[-2085,-9587],[-2731,-1653],[-4133,6707],[-2850,-404],[1726,6407],[-2516,1610],[496,2607],[-2548,4242],[-138,8710],[779,7545],[-673,13874],[-2656,17233],[-1849,7524],[546,4005],[-5035,9703],[337,2391],[-5136,8891],[-1747,5774],[1771,751],[-1406,5197],[4280,99],[162,2840],[2066,3588],[-2043,2212],[-189,6511],[-2498,8],[-1304,6596],[1058,877],[1558,6208],[151,4076],[-3066,1542],[-2641,6187],[2871,825],[-1216,9538]],[[5338047,3054222],[-7780,-1862],[-3177,-3741],[-3070,298],[-6251,-2080],[-2579,2586],[-6161,-141],[-1438,3599],[-2157,-3091],[-473,-8370],[-2213,-1821],[-42,-4769],[-2961,-5016],[1823,-4418],[-2604,-4247],[2987,-795],[-1075,-5597],[-1910,-1262],[-6997,-1954],[-8820,-8515],[-1332,-2726],[-5307,418]],[[5276510,3000718],[-60,2467],[-5580,664],[-3705,1614],[-7517,-139],[-2259,-8812],[-3919,-1166],[-5013,7315],[-2906,-2344],[-1897,1426],[-2133,-5317],[-7319,-1496],[-535,-3874],[-3024,2120],[-3745,-498],[-2976,-9922],[3442,-5514],[-4546,-2295],[-1638,-4430],[-161,-4461],[-1293,-1911],[-2355,-12621],[-4547,-14732],[1130,-779]],[[5213954,2936013],[-3268,-3472],[-1936,-5116],[-2737,-2042],[-2716,-9871],[-65,-3172],[2018,-9771],[-662,-2272],[-2655,-106],[-966,-7221],[-3995,-5823],[-1789,-4802],[-12437,19],[-2550,-1494],[-1079,2050]],[[5179117,2882920],[1956,7128],[4058,7157],[3330,2178],[935,2706],[3483,840],[1296,3643],[-2742,2769],[-598,4941],[1626,2013],[1164,9840],[-457,1853],[1908,6351],[-344,3783],[2441,1321],[1570,4458],[2559,1820],[-1752,7285],[1325,5110],[-171,4700],[-1406,6398],[-2894,4174],[3188,1805],[74,6386],[1936,1731],[1599,7530],[4360,4134],[2034,3535],[560,4758],[-959,2322],[3164,4962],[10050,8736],[4078,798],[6135,3829],[4428,-1156],[1122,1634],[4254,286],[2656,3248],[3431,2274],[3201,7415],[2035,-6108],[4573,-1628],[7283,1163],[5725,3387],[4012,426],[4455,5822],[3404,2977],[614,6727],[-3713,4211],[-1982,5138],[3650,1945],[1457,4742],[-1140,7713],[4009,7281],[259,3630],[3712,6598],[13298,2730],[7472,-3059],[2499,1475],[2463,5407],[2202,11903],[2013,990],[2054,-2200],[2134,2875],[-1141,8543],[-1329,4030],[4563,-1898],[2173,-3955],[4603,-1055],[-1928,-5761],[2526,-3610],[1342,1245],[2565,-1971]],[[5344367,2986842],[-2586,383],[-2327,2808],[-3051,-635],[-7825,-5515],[-3637,391],[743,-3209],[-1014,-2957],[2037,-3614],[2961,-1186],[1047,-2394],[-67,-5085],[-1446,-8534],[-4267,-3664],[-3663,-1384],[874,-6204],[-3581,2217],[-1912,-4290],[4505,-3980],[-301,-5336],[6702,-8623],[-998,-2053],[807,-8002],[-2233,741],[-1852,-2531],[-2261,2929],[-762,3590],[-3278,1469],[-1774,5036],[-3741,4733],[1681,8978],[-5573,-349],[-1045,1273],[-4705,-4958],[1449,-3155],[-3056,-2220],[-941,4008],[-4040,3194],[-829,6482],[5320,3429],[3386,1090],[-2091,6964],[-4171,3148],[-404,2791],[1847,2565],[-565,3064],[-2085,1913],[-3101,-4066]],[[5292544,2966094],[104,10527],[1857,2997],[-1324,4613],[-1377,1002],[-5957,-1405],[-3055,1986],[8,3151],[-2806,3554],[-4185,1910],[701,6289]],[[5345304,3015887],[1528,-9322]],[[5213954,2936013],[1650,2025],[2098,-5867],[4052,-2616]],[[5221754,2929555],[-806,-4771],[3295,-7929],[-1525,-5625],[-2131,-3387],[-4857,958],[0,-6519],[-1093,-7249],[-2923,-6685],[964,-9838],[-929,-3264],[-4372,-5182],[81,-6766],[-2011,-7670],[163,-3068],[-3253,-4793],[204,-2114],[-4050,-3234],[-10131,6370],[-2972,4342],[-1365,-1150],[-2447,3259],[-1470,4112],[-2181,12089],[1172,11479]],[[5292544,2966094],[-2330,-2353],[-659,-6846],[-2653,-3338],[710,-4442],[-4998,-18284],[-1707,3477],[-1647,-708],[-2931,8625],[-2811,-82],[-357,-4406],[-2056,-745],[1292,-5358],[-2768,-3930],[-2133,84],[-768,5305],[-3406,2407],[1090,4589],[3230,-704],[-1396,8784],[-2072,2689],[-704,13298],[1689,3643],[-356,2872],[1443,2944],[-4699,4534],[-1284,-3191],[-3211,4862],[-2653,375],[-6262,-1654],[-2211,-3387],[-3413,-1091],[-2246,-2120],[-1208,-4527],[-2045,-1730],[-2492,-5373],[-1483,-6196],[-2270,-1673],[-858,-5799],[4375,92],[720,-3162],[-1606,-3460],[-1524,3196],[-3544,-6402],[-4131,-2346],[-2447,-5008]],[[5269541,2906792],[-1452,-3068],[-2402,731],[-1698,11393],[1583,9097],[1644,1728],[3461,-4050],[-5,-3595],[2845,-1917],[-125,7887],[1047,2164],[3280,-3196],[1083,-4142],[-4125,-11152],[-5136,-1880]],[[1112704,3247232],[1315,-5609],[-1108,-2673],[-5989,4368],[-572,6667],[1938,638],[2848,-3515],[1568,124]],[[1126514,3282434],[3448,-139],[-2209,-8206],[-1239,8345]],[[1199743,3236584],[-725,-418]],[[1199018,3236166],[-5786,3751],[-7804,6162],[-1706,2868],[-722,5268]],[[1183000,3254215],[-2675,3195]],[[1180325,3257410],[-2558,3059]],[[1177767,3260469],[-7701,9855],[-6257,9869],[-775,3613],[-3598,-353],[-6723,3974],[985,4933],[3935,-4],[2410,1411],[4447,-1961],[2498,-8586],[4661,-9975],[3339,-5688],[10757,-13546],[5139,-6907],[8859,-10520]],[[1168304,3271954],[-3843,-11548]],[[1164461,3260406],[-8215,6426],[424,-7840],[-9229,7791],[-688,-2766],[-2607,1895],[-2395,-92],[-5350,7903],[-2179,-733],[-2728,11253],[7107,5812],[5703,1023],[3936,-1279],[3932,1667],[288,-6074],[1827,-2291],[5702,-353],[3045,-2643],[499,-3613],[3488,-4935],[1283,397]],[[1138188,3261564],[-1943,-1213],[-4437,2787],[-1528,-2475],[-3001,3474],[-2297,6552],[1592,3134],[2223,-509],[3685,-5783],[5706,-5967]],[[1199018,3236166],[-795,-5731],[-1831,-1824],[-85,-6837],[-2588,2102],[-2277,4059],[-1560,-8877],[-10727,-881],[-89,-4801],[-1841,-1208],[-6368,1280],[-4045,-1642],[-4398,-416],[-1944,-2812],[432,-6417],[-2535,361]],[[1158367,3202522],[-4059,-3975],[-3091,-157]],[[1151217,3198390],[273,7489],[-891,1646],[891,4997],[-3093,3775],[-2357,548],[-898,9203],[6069,4310],[3652,3767],[2972,5889],[-399,2041],[-3818,6971],[-5064,5899],[1261,1429],[6511,-6825],[5428,-1947],[1984,-5110],[3649,-6669],[4142,-199],[5541,3063],[1168,4538],[-5380,8974],[-8397,8227]],[[1168304,3271954],[488,-4450],[5094,-5552],[9114,-7737]],[[1180325,3257410],[-2558,3059]],[[1158367,3202522],[358,-9392],[2083,-5042],[836,-4601],[-932,-2439],[344,-6244],[-2388,-1642],[-1803,-7550],[-110,-7109],[7179,203],[8732,1136]],[[1172666,3159842],[3869,-3470],[2141,-12188],[-3003,-2606],[-5185,-1433],[-1935,-1587],[-6531,1170],[-4269,-13249],[4822,-9375]],[[1162575,3117104],[-11719,-4751],[-3249,644],[-3380,2452],[990,-5006],[-494,-16990],[-1716,151]],[[1143007,3093604],[-9231,4565]],[[1133776,3098169],[-561,656]],[[1133215,3098825],[-709,730]],[[1132506,3099555],[-184,108]],[[1132322,3099663],[-104,61]],[[1132218,3099724],[-82,3379],[2166,3580],[765,14261],[1082,2229],[-3735,12587],[118,5825],[1130,3574],[321,9716],[1845,4606],[3376,2808],[0,2688],[3414,3392],[2647,891],[2128,6327],[-238,6443],[1041,6025],[1131,1589],[797,6353],[1093,2393]],[[1128706,3160841],[-2201,4441],[-6140,7685],[-8107,5241],[-405,3831],[6506,-512],[6164,-2812],[2881,-2533],[2721,-4178],[-1606,-3831],[4284,-4725],[-4097,-2607]],[[1199743,3236584],[4631,-6145],[325,-3272],[3697,-3068],[4974,-7414],[4945,-6464],[3219,-10303],[1440,-8096],[6101,-18156],[-2296,-98],[-2404,-3551],[4845,-5104]],[[1229220,3164913],[-3599,-1668],[-1913,-3325],[-9083,-1963],[-930,-1500]],[[1213695,3156457],[2044,11228],[-6688,6350],[-3247,-3267],[735,6783],[-3884,716],[-569,5915],[-5652,1324],[-5470,-7707],[-3737,6369],[-8407,-376],[30,-3741],[2114,20],[693,-9413],[-3512,-5167],[-5479,-5649]],[[1213695,3156457],[-1231,-4879]],[[1212464,3151578],[-3654,-889],[-4587,-4289],[-6954,-262],[-345,-3177],[3083,-1532],[2648,-5464],[-3160,-7785],[-1474,-1010],[-3201,-6998],[-6095,-6442],[-5469,5231],[-3859,-5196],[-2997,-7083],[110,-4400],[-2651,-1608],[-1480,-4191],[-4687,2236],[-1604,8103],[-3342,2395],[-171,7887]],[[1138816,2773407],[2262,-415],[4916,-4603],[4857,-3243],[811,-2265],[6498,-2559],[2817,3947],[2148,-565],[5063,-7747],[700,1433],[-1084,8528],[2346,952],[5294,4536],[1189,-185]],[[1176633,2771221],[4002,-5298],[1709,556],[4865,-2230],[415,-1925]],[[1187624,2762324],[-1657,-367],[-1274,-4184],[2973,-5871],[-1985,-2952],[-6796,8183],[-1698,-3728],[2243,-2115],[2784,-6292],[-1020,-6080],[-3504,-240],[1047,-3533],[-1982,-5676],[2271,-6036],[3160,-3124],[-2702,-3774],[-1484,-5814],[-1316,-10110]],[[1176684,2700611],[-6184,3871],[-7458,2659],[168,3184],[-4879,2159],[-6472,9073],[-2352,4509],[-1081,5352],[-2472,3769],[-1092,6967],[-1793,5111],[457,3586],[-902,5866],[-1677,5500],[-1307,9099],[-824,2091]],[[1204466,2752883],[2727,298],[8703,-5932],[3776,-489],[2594,940],[2626,-3972],[2734,-1271],[4054,379],[-2991,8581]],[[1228689,2751417],[4393,4249],[5021,3353],[-1154,3782],[748,3881],[2137,-720],[3253,4504],[6243,106],[874,-3653],[3821,1219],[3549,-8584],[3126,-1332],[2115,3909],[3567,2101],[5381,1742],[5633,3941],[4492,-1258],[843,13343],[4037,3655],[3788,5134],[3628,1389],[710,2737]],[[1294894,2794915],[3070,-5932],[2138,-155],[2293,-3996],[2096,-549]],[[1304491,2784283],[-1423,-3722],[-3060,-3401],[-1147,-2847],[-2800,-2016],[-421,-2887],[-4565,-4760],[-363,-1695],[-6212,-3722],[-1942,-5722],[-3737,-2159],[-3861,-6961],[-2555,-290],[-4836,-7570],[-7921,-2727],[-1590,-2536],[-3496,-921],[-5732,-4141],[11,-1664],[-12485,-3082],[-2306,-2168],[-2482,-256],[-9685,-6077],[-4205,-1308],[-2895,-4977],[-2693,-922],[-2413,-3078]],[[1209677,2702674],[-3325,2394],[324,4860],[-2542,-114],[-566,4085],[3024,1740],[-971,4030],[675,5268],[-2243,-720],[-1829,2419],[1492,4826],[-2593,702],[-2302,2697],[-159,2599],[3387,7892],[2417,7531]],[[1187624,2762324],[3612,1001],[66,2028],[6121,1567],[2190,-265],[-752,-7759],[4825,1195],[780,-7208]],[[1209677,2702674],[-2577,-2348],[-4617,-1323],[-3004,-3486],[-3176,-1824],[-1189,2675],[-2768,830],[-2150,-1138],[-4642,289],[-3613,5391],[-1736,-2701],[-3521,1572]],[[1294894,2794915],[1045,27005],[865,17585],[60,6485],[810,7217],[-1926,3186],[-964,6913],[1153,4125],[-2217,2585],[-7530,4652],[-442,5575],[-1285,2074],[2154,7332],[2046,2608],[-2217,10756],[-3884,5751],[1007,2391],[-1783,8628],[316,4455],[-1852,5419],[-7968,-9328],[1185,-4250],[-3031,-4980],[-3401,-685],[372,-10577],[-2778,-2732],[-2291,4706]],[[1262338,2901811],[-455,4256],[-2754,5700],[-1654,-1367],[-1500,5078],[-2039,12482],[1605,4350],[654,6231],[-275,5544],[-1391,3255],[-5579,-2686],[-5330,-6769],[-3394,-906],[-2465,7176],[-159,6368],[-3465,4679]],[[1234137,2955202],[1616,5597],[-535,9241]],[[1235218,2970040],[5797,-436],[1876,1831],[2469,-859],[2423,-5584],[7555,-4240],[3895,2579],[292,9381]],[[1259525,2972712],[8173,-873],[4017,-10149],[1501,-1618],[5995,-2255],[188,-3429],[-1437,-6789],[1872,-5002],[6377,-5231],[9792,-69],[2518,1230],[1409,-6715],[-83,-7946],[2889,-63],[3364,5341],[3483,726],[1514,3389],[2267,-1276]],[[1313364,2931983],[1727,-2222],[1965,-6650],[2608,-13552],[316,-7551],[-873,-14043],[-3213,-2689],[1124,-5492],[2011,2305],[-63,-7333],[1996,-11439],[-1021,-8070],[-2799,-12981],[691,-2572],[-1655,-2793],[806,-2689],[-1403,-3448],[158,-6970],[-2054,-5167],[-161,-3328],[-2755,-6330],[421,-3922],[-1424,-7613],[-2102,-3276],[-3173,-9875]],[[1314522,2932853],[204,152]],[[1314726,2933005],[-204,-152]],[[1212464,3151578],[2888,2312],[2657,-658],[7394,-7130],[2337,-5077],[-2766,-7466],[-386,-5362],[3161,-9742],[-1921,-8056],[291,-2690],[4696,-10160],[367,-6974],[4021,-5589],[-2513,-2641],[-3519,-12941],[-208,-4991]],[[1228963,3064413],[-1235,-1609],[-1336,-7050],[-8977,-308],[-1597,-7242],[-179,-3921],[-2564,-8458],[-155,-11160],[1367,-2998],[-2034,-5180],[507,-1861]],[[1212760,3014626],[-4841,-3149],[-2218,-5322],[-2329,455],[-487,-6963],[-2044,-2232],[-3057,-6799],[-2313,1945],[-1109,-3005],[-6308,-4994]],[[1188054,2984562],[-1574,1177],[-882,4657],[536,3511],[-1347,4209],[-459,6223],[-3384,2695],[-764,7620],[169,4391],[-4800,2553],[-4428,6030],[-730,2413],[-4833,399],[-1345,2625],[-4364,3219],[-4013,1614],[-6127,5092]],[[1149709,3042990],[-2164,4036],[-4018,2198],[-3631,-1444],[-1754,7495],[-687,9165],[-2118,4956],[327,3818],[2015,489],[1258,3942],[2417,2692],[2658,8085],[-1005,5182]],[[1262338,2901811],[-3802,-1538],[468,-4201],[-2463,-5163],[-4433,-4959],[-2311,2273],[-1769,-4783],[3559,-6590],[942,-4612],[4437,1696],[1398,-1654],[1204,-4870],[294,-6704],[-1201,-2903],[-2707,-10489],[-1669,-57],[-2680,-4700],[-2865,-1649],[-1145,-2706],[1876,-3672],[-3896,-1593],[-844,-3182],[-2127,1009],[-89,-7974],[-1069,-2229],[2971,-2820],[-1878,-4337],[-25,-10339],[1867,-2501],[-4185,-4028],[-1529,-2803],[-2789,299],[320,6249],[-4537,8604],[-2333,2525]],[[1229328,2811410],[-4030,-3379],[-2855,-1229],[-2590,1858],[-1557,5528],[4018,2224],[5,3977],[-4078,1440],[-441,5586]],[[1217800,2827415],[2767,8263],[-2674,8666],[1947,4009],[383,3765],[2764,3868],[3495,-132],[1934,1896],[1029,7442],[2499,3776],[-193,4200],[914,5305],[-127,4957],[-1495,6641]],[[1231043,2890071],[2615,-630],[859,2336],[3289,2904],[-1552,9827],[-2354,11357],[690,4027],[-728,4765],[-82,9590]],[[1233780,2934247],[-238,12001],[595,8954]],[[1259525,2972712],[-1374,6743],[-204,6202],[786,4386],[362,10382],[1560,2539],[3493,1574],[4887,-1402],[14,2949],[-3249,11108],[746,32313],[-251,1876]],[[1266295,3051382],[4069,2654],[1651,-2351],[2923,-812]],[[1274938,3050873],[93,-2]],[[1275031,3050871],[537,-16]],[[1275568,3050855],[2018,-10516],[402,-5369],[2552,-5851],[-223,-2842],[1608,-8053],[3412,-6583],[3152,-2376],[-821,-5929],[3536,-3104],[119,-8460],[1844,-4994],[3296,-2429],[2690,-6455],[3855,-2813],[6076,-14081],[3600,-12571],[2042,-15424]],[[1314522,2932853],[-1158,-870]],[[1228689,2751417],[-2211,7984],[-2569,1213],[-3180,6950],[412,8335],[-1440,5459],[3468,9147],[1192,9228],[2650,4310],[799,4780],[1518,2587]],[[1235218,2970040],[-6471,-2054],[-3701,1044],[-1283,-3928],[-3219,-1260],[-5595,-513],[-1529,9564],[563,9510],[2584,395],[900,3749],[1388,14468],[1612,5007],[-2050,4179],[-3463,-2454],[93,4075],[-2287,2804]],[[1228963,3064413],[1601,862],[3948,-5066],[677,-5585],[4407,873],[4153,-1108],[2857,-2358],[3243,625],[1741,-3183],[4283,-1710],[-187,-4792],[3153,-5542],[299,4587],[1974,5389],[2919,5372],[2264,-1395]],[[1127347,2856160],[1135,39]],[[1128482,2856199],[-1135,-39]],[[1128689,2855616],[74,-207]],[[1128763,2855409],[1,-178]],[[1128764,2855231],[-526,-1208],[6,-1080],[1834,-1604],[3516,362],[1236,-1723],[4621,823],[2875,-2959],[4627,-2571],[1959,742],[468,5887],[2508,3553],[4074,-600],[1197,1059]],[[1157159,2855912],[3762,-775],[478,-4749],[-1112,-3651]],[[1160287,2846737],[-2213,-3056],[-896,-6340],[2233,-4107],[-2395,-2160]],[[1157016,2831074],[-2005,1110],[-3983,-2886],[974,-3375],[-1904,-1349],[-755,4616],[-2194,1807],[-897,-3245],[-3110,1194],[-2912,-4628],[-5716,-3453],[-5559,3488],[1333,-8447]],[[1130288,2815906],[-3615,16628],[-489,7111],[-1681,9783],[1516,3808],[1980,2716],[690,-336]],[[1127347,2856160],[-2073,19661],[2011,1023],[-207,7943],[-3005,6496],[580,9338],[921,63],[342,807]],[[1125916,2901491],[8338,256]],[[1134254,2901747],[6174,6727],[1391,-406],[4197,-4904],[5837,6873],[2256,-4774],[4633,-6318]],[[1158742,2898945],[-1360,-9908],[-2646,-323],[32,-5880],[801,-4029],[1983,1749],[2762,-740],[-4731,-11475],[1759,-9601],[-183,-2826]],[[1128764,2855231],[-483,-1780],[238,0],[402,1402],[-3,775],[-436,571]],[[1128689,2855616],[74,-207]],[[1124928,2901206],[877,186]],[[1125805,2901392],[-877,-186]],[[1138816,2773407],[-1116,1914],[407,9095],[-1797,9338],[-2661,10571],[-3361,11581]],[[1157016,2831074],[1394,-5549],[886,-8157],[1189,-4162],[3635,-6928],[323,-4106],[2607,-1390],[3133,-7150],[-1845,-1435],[8295,-20976]],[[1158742,2898945],[5698,7107],[2368,2121],[6807,3189],[672,7272],[3408,1527],[1859,-2078],[1019,-4264]],[[1180573,2913819],[419,-3504],[5291,-7295],[-178,-3255],[2356,-855],[1781,-3598],[-953,-3309],[3129,-5265],[-1899,-4820],[-2547,-3004],[-4158,-856],[972,-8858],[-233,-5508]],[[1184553,2863692],[406,-1616],[-3401,-4931],[1126,-1699],[-1066,-9364],[5621,-3131],[1846,-7367],[-1394,-2061]],[[1187691,2833523],[-6488,1464],[-2910,2756],[-3118,-1243],[-2388,-3241],[-3024,5006],[-2417,-1101],[-3290,7064],[-3769,2509]],[[1188054,2984562],[-86,-5065],[1723,-1307],[2763,-10137],[870,-11294],[2253,-4558],[-352,-3165],[-2066,-5217],[2275,-10951],[-966,-3353]],[[1194468,2929515],[-2149,-1449],[1201,-4386],[-3860,-963],[-988,-4070],[-3292,1022],[-2585,-5518],[-2222,-332]],[[1134254,2901747],[-389,11173],[-3104,23996],[-463,8274],[502,8728],[1507,2618],[1353,7246],[2526,5671],[3575,3869],[348,5440],[-764,2196],[1049,5191],[3157,2807],[21,2384],[3468,4917],[125,3558],[7023,3972],[-1398,4359],[1508,4186],[-238,7756],[597,2803],[-3658,4566],[-1458,10910],[168,4623]],[[1125916,2901491],[-111,-99]],[[1124928,2901206],[-2593,20634],[-2003,13447],[-795,8161],[86,7917],[1130,4226],[-156,9460],[-2080,18024],[-1842,11637],[-5112,26762],[15,16819],[-889,2817],[805,5304],[3254,1279],[407,-7928],[-1090,-14502],[1254,-7064],[-811,-3338],[973,-3288],[2131,-1713],[5185,-1632],[-308,3878],[1127,4451],[-2804,5683],[-322,2895],[3552,8627],[-1628,5358],[135,4730],[-1474,3422],[1742,8538],[1084,1977],[442,7738],[758,1047],[-274,10326],[1764,4474],[723,12787],[6462,4010]],[[1133215,3098825],[-709,730]],[[1132322,3099663],[-104,61]],[[1187691,2833523],[15,-7597],[3065,-2174],[1475,1172],[2944,-1833],[7708,-1917],[585,1527],[4580,-946],[3476,553],[6261,5107]],[[1231043,2890071],[-4647,-265],[-490,-1672],[-6685,1022],[-1971,1513],[-54,3283],[-3928,6465],[944,-10393],[-4570,-7714],[-3505,-8901],[-4718,1240],[-940,-3057],[-4895,-850],[-2437,684],[883,-5911],[3951,-7022],[-2518,-7745],[-2124,-657],[-3732,6516],[-1206,4936],[-2889,3514],[-959,-1365]],[[1194468,2929515],[2065,-4477],[6387,-6705],[4277,362],[1237,6897],[-971,3894],[2465,2568],[2564,-3903],[3669,-3124],[2985,4987],[3887,2148],[1414,-1293],[9333,3378]],[[1229220,3164913],[-2000,-3661],[646,-4474],[1489,-494],[3540,3486],[255,3702],[5643,-14094],[3575,-5305],[2529,-1470],[563,-3703],[3054,-6396],[4816,-8181],[2892,-8556],[1704,-2660],[-515,-5335],[368,-6733],[-1595,-772],[-2009,-7306],[-2978,3387],[-2022,-5107],[4635,-1053],[1209,-5999],[2609,-1087],[5343,-196],[1065,4471],[-583,2745],[3614,1093],[3276,-3036],[3310,-20745],[-80,-4853],[1520,-7919],[-155,-3789]],[[1275031,3050871],[537,-16]],[[2730185,4775240],[-15752,-1890]],[[2704393,4774137],[-5127,1625]],[[2695207,4768017],[-595,-2911]],[[2660782,4810362],[-56,212]],[[2661436,4819418],[259,4193]],[[2663744,4834202],[-283,1022]],[[2663021,4862997],[-1,11]],[[2661855,4884235],[-1642,5621]],[[2658535,4895601],[-275,54]],[[2724655,4861446],[63,-2796]],[[2739206,4788676],[252,-262]],[[6689141,997748],[1335,-71]],[[6690476,997677],[-1277,-47]],[[6690921,997547],[-79,24]],[[6690842,997571],[60,-18]],[[6689772,996462],[2492,903]],[[6692264,997365],[1629,3359],[-1938,1457],[-405,3037],[3354,2623],[1581,4480],[5060,2807],[8250,7915],[2275,4080],[-145,7701],[-7402,9280],[-4684,2271],[-3556,4295],[-3566,9280],[-3547,11996]],[[6689170,1071946],[16712,3758],[11469,3267],[4116,0],[5166,1212],[14013,-4586],[2467,-369],[19662,-7286],[23324,-7363],[5763,-2071],[7229,-184],[10312,1918],[12028,306],[7691,-1702],[10082,-13607],[16384,-17195],[19970,-10431],[27150,-11290],[29405,-12349],[12780,-3574],[42773,-9464],[29068,-6980]],[[7016484,815206],[-701,286]],[[7010181,779632],[-76,-22]],[[7008213,778414],[-24,-75]],[[7004308,760695],[-25,-21]],[[7004363,754500],[-9,-84]],[[7007513,396109],[-4670,8237],[-2727,7938],[-10406,11173],[-2103,3068]],[[6972408,458770],[0,36]],[[6972263,459112],[-658,3917],[-3540,4146]],[[6968065,467175],[-123,132]],[[6967709,467567],[-10,0]],[[6967473,467809],[-830,1042]],[[6966625,468876],[-260,348]],[[6966221,469420],[-2230,3544]],[[6958187,481801],[-26,58]],[[6958109,481979],[522,4886],[-3924,-301]],[[6954672,486595],[-5953,7627]],[[6948510,494518],[-2450,3848]],[[6945025,500403],[-484,1412]],[[6944665,503351],[-100,250]],[[6944515,503622],[-3245,1409]],[[6939295,506467],[-1493,1654]],[[6935261,511527],[-268,241]],[[6934899,511880],[-3043,3021]],[[6930183,516754],[-1914,2170]],[[6928662,549482],[128,1501]],[[6928815,551270],[60,702]],[[6926759,555107],[-72,-2066]],[[6925152,548737],[-4509,-633],[-3699,-5377],[-5425,-1013]],[[6908851,542256],[-193,66]],[[6903453,542978],[-3534,3209],[-6502,1529],[-12409,-1721],[-1084,-2885],[-5063,-5880],[-2008,511],[-6020,-4218],[-4264,-384],[-3610,1415],[-3618,3192],[-3971,5948],[-885,6094]],[[6847715,546651],[-11610,-5774],[562,-1440]],[[6833818,537398],[-1223,-281]],[[6832716,536393],[-165,-1511]],[[6832274,534510],[-1106,-983]],[[6830586,532931],[-3955,-3051]],[[6825676,528414],[-209,-275]],[[6823385,526705],[1043,-2201]],[[6823293,521520],[-221,-195],[-54,-492]],[[6822975,520437],[-600,-1789]],[[6822375,518648],[-122,-78]],[[6822253,518570],[-2210,5689],[-2410,3831],[-4011,10734],[48,4390]],[[6817348,544864],[1951,3289]],[[6819603,548223],[3815,2497],[-321,2808],[-2332,4474],[1606,5625],[-1365,7039],[1570,4604]],[[6824337,576346],[5865,5501],[1007,2493],[-1128,8824],[480,5233],[2659,5629],[797,8304],[3109,6168]],[[6837197,618599],[1280,2236],[-369,4121]],[[6838082,625355],[-686,2954],[-2854,2361]],[[6822319,633959],[-3401,18131],[-1442,2579]],[[6817184,655635],[-4,10]],[[6815778,659213],[-158,255]],[[6813856,662332],[-389,462]],[[6806461,668367],[-194,264]],[[6804860,670552],[-1588,1372]],[[6798962,674911],[-786,454]],[[6796895,675906],[-247,143]],[[6794719,679605],[773,2000]],[[6810205,680167],[6725,986]],[[6821133,679890],[3587,-3278]],[[6828995,674780],[229,-5]],[[6829224,674775],[4748,-188]],[[6843278,675537],[3285,5241],[1387,5972]],[[6849425,688616],[-2999,1248],[-1378,-3213]],[[6841589,680651],[-155,23]],[[6835745,680148],[-540,-226]],[[6834626,679889],[-23,-36]],[[6831557,679733],[-3038,1885]],[[6784952,720530],[142,5025],[3342,3215],[1769,-1588],[6830,-2297],[3531,1530],[3719,4472]],[[6807664,733915],[5186,626]],[[6819613,735973],[373,-180]],[[6821667,734671],[3935,-3334],[2335,-5484]],[[6843376,715882],[1179,1543]],[[6836531,722339],[-4533,4706],[-3409,5176],[-3838,4235],[-2978,1647],[-645,5334],[-3921,1804],[-3177,-2536],[-4351,3242],[629,6224],[-596,5178],[-2779,5047],[-10166,9028]],[[6796443,771738],[-1179,978]],[[6792735,778386],[-259,-74]],[[6777963,800100],[-1184,2175]],[[6775718,803216],[-1301,1828]],[[6771290,815160],[165,496]],[[6771106,816649],[-1004,2055]],[[6768809,824156],[-1349,6315]],[[6763312,854516],[-83,202]],[[6763018,855962],[-406,2586]],[[6762218,859810],[-2411,9463],[-3335,7730],[-1308,767]],[[6768441,889790],[119,317]],[[6768407,890243],[-249,2930],[-5980,-3259],[-5863,255],[-3779,3712],[-3450,123],[-2457,2251]],[[6746629,896255],[-1554,3578]],[[6763978,915101],[-4052,1529],[-5590,-2603]],[[6750758,912311],[-1110,2653],[-3009,-6067]],[[6745394,908326],[-481,-128]],[[6742257,908193],[-4519,-2516]],[[6741135,935933],[-3332,2947]],[[6737803,938880],[-140,110]],[[6735263,954488],[89,4838],[4334,-640],[565,2813],[-5462,-252],[-1090,-1990],[409,-6885]],[[6733009,950123],[-847,-5833]],[[6721402,968637],[-1793,276],[-4174,-5808]],[[6709268,968881],[139,1059]],[[6708963,977658],[-1716,-937]],[[6704229,976598],[-123,117]],[[6699987,986214],[-1221,-487]],[[6698335,985313],[-112,290]],[[6697552,985843],[-1038,866]],[[6695351,985720],[-803,459]],[[6764338,889044],[3678,1083]],[[6796890,766227],[6811,-5038],[2478,-1132]],[[6808182,758285],[1034,-1851],[413,-5832],[-612,-4629],[2862,-3556],[3508,-209],[1952,2144],[2962,-810],[513,-5230],[-2284,1072],[-4533,-144]],[[6801799,751608],[-4472,1826]],[[6805306,761443],[1245,-1110]],[[6817417,632386],[412,-877]],[[6819403,628820],[918,-704]],[[6821609,627328],[3372,-1507],[6439,-784]],[[6815603,553504],[-22,-744]],[[6816256,550678],[45,-45]],[[6816230,550528],[-2971,-2177]],[[6812757,547852],[-481,-106]],[[6809090,545477],[-15,-13]],[[6802542,536339],[-5803,-360]],[[6795376,535407],[-117,-137]],[[6778149,509810],[-2873,-5153],[-2349,287],[-10200,-4820],[-1504,1326],[-2177,-3097],[-4599,105]],[[6751942,499397],[-13,415]],[[6748059,499330],[-955,141]],[[6722019,500415],[-4098,2305],[-1364,-1662],[-4342,-264],[-3206,-1274],[-5384,-511],[-5218,-1666],[-3085,-2532]],[[6697531,510049],[142,980]],[[6699368,518428],[98,432]],[[6699703,519890],[16,75]],[[6699970,520932],[2,134]],[[6700061,521455],[1518,4079],[3935,14061],[4739,11121],[1126,1164]],[[6712140,553081],[5141,19814],[2771,6579],[3851,12783],[3500,6331],[3248,3895],[1367,6136],[4294,8761],[6709,7857],[11045,13618],[4578,3196],[12208,6651],[6181,1019],[3451,1406],[8358,895],[7063,2301],[971,-767],[7866,-1270],[4896,-2433]],[[6831723,606923],[-24,-581]],[[6819241,572896],[1609,-7475],[-1126,-7295],[2045,-7729],[-3083,381]],[[6818357,559413],[361,2053]],[[6818804,564185],[-625,2364]],[[6818179,566549],[-555,2198]],[[6817624,568861],[294,1455]],[[6921000,544452],[1162,1215]],[[6816396,546784],[406,746]],[[6811163,540519],[-35,-285]],[[6811572,538380],[3253,-7218],[158,-6422]],[[6814646,525226],[-724,1765]],[[6813922,526991],[-1646,3347]],[[6812276,530338],[-227,1108]],[[6811715,533180],[-596,2017]],[[6812484,498416],[-3646,597]],[[6804814,499796],[-3764,2281],[-4980,-507]],[[6793739,501442],[-78,123]],[[6793179,501698],[-643,121]],[[6791812,501956],[-4174,1787],[-843,1849],[1118,6651],[3981,2233],[4776,6456],[1366,3068],[721,7049]],[[6817559,501128],[-85,-374]],[[6816945,499726],[-1154,-852]],[[6813979,498611],[-1490,-195]],[[6797156,530763],[-323,-2677],[-3375,-7917],[-5178,-5314],[-3539,-5045]],[[6784745,509855],[1633,3611]],[[6792065,519701],[1797,2752]],[[6794239,523580],[875,6023]],[[6822632,518439],[-101,217]],[[6822569,518676],[453,1372],[139,1164]],[[6823256,521353],[127,81]],[[6819309,515627],[923,-2226]],[[6819654,513115],[-505,1718]],[[6785889,512932],[6,-440]],[[6784624,509684],[-922,-964]],[[6773178,501318],[-4897,-2186],[-979,2607],[8272,2684],[2434,4170]],[[6755373,498327],[1422,-3277]],[[6756469,495188],[-1078,625]],[[6536899,1364414],[513,56]],[[6733003,1288173],[347,-3666],[-1523,-3912],[-539,-9771],[1397,-6228],[-48,-8160],[781,-5584],[3036,-1749],[279,-3942],[3624,-5308],[2756,-1810],[4444,-6105],[5108,-1166],[838,-1871],[2092,-11091],[3652,-10998],[-3392,-6167],[-8077,-3835],[-5811,890],[-7229,-215],[-3971,-905],[-5513,-4172],[-289,-11842],[-1147,-2715],[-6380,-2240],[-5523,-460],[-5387,-5185],[-4106,-6780],[-3527,-17641],[-1003,-40082],[-337,-6121],[-3556,-7470],[-2979,-7701],[-1706,-1810],[-1002,-4755],[858,-5660]],[[6692264,997365],[-1343,182]],[[6690842,997571],[-366,106]],[[6687937,1000214],[-3466,-1836]],[[6676842,1003367],[-996,88]],[[6674672,1002882],[-806,477]],[[6667505,1012512],[-878,418]],[[6662738,1016681],[-1392,-791]],[[6659025,1026650],[-1138,2156],[-1042,-2941],[-1769,-387],[-887,-3985]],[[6651644,1018921],[-3077,2824]],[[6645595,1023734],[-1022,825]],[[6640456,1030193],[-1029,483]],[[6637044,1030514],[-2,17]],[[6636721,1030915],[-979,-767]],[[6631916,1028816],[-8,49]],[[6629457,1038131],[-2889,1419]],[[6626369,1040044],[-560,240]],[[6625775,1040242],[-654,-2079]],[[6624451,1038434],[-220,-840]],[[6623704,1036676],[-1117,-1062]],[[6621262,1035448],[-156,-886]],[[6621097,1034546],[-580,-451]],[[6620034,1034034],[-93,-55]],[[6618701,1033162],[-794,-118]],[[6617769,1032824],[-719,-268]],[[6614269,1036731],[-322,-9]],[[6613455,1038861],[1423,5472],[-4461,703],[-1320,-6839]],[[6608032,1038579],[-4081,5630],[-2285,5812],[-2531,-2616],[-3786,250]],[[6595029,1047939],[-3953,3513]],[[6590098,1052321],[-1083,962]],[[6585924,1056289],[-1876,1765]],[[6583672,1058139],[-3168,2816]],[[6578858,1062575],[-928,425]],[[6577056,1063251],[-423,492]],[[6573122,1067305],[-87,41]],[[6571387,1068557],[-282,60]],[[6568435,1069740],[-565,497]],[[6565577,1068656],[-28,10]],[[6565423,1068772],[-702,699]],[[6561799,1070136],[-292,30]],[[6560786,1070166],[-923,99]],[[6559578,1070478],[-162,49]],[[6558295,1072003],[-241,144]],[[6557518,1071794],[-290,-466]],[[6551579,1075391],[-113,134]],[[6550344,1076386],[-2011,1151]],[[6546566,1079299],[-283,61]],[[6546191,1079585],[-434,540]],[[6545675,1080187],[-4692,3010]],[[6536643,1087991],[-396,706]],[[6536247,1088697],[-1540,2745]],[[6531306,1095211],[-475,484]],[[6529559,1096634],[-1531,616]],[[6525235,1097512],[-749,66]],[[6518423,1097627],[-170,-24]],[[6513976,1096976],[-336,-49]],[[6509784,1096421],[-245,118]],[[6480987,1105431],[-510,-247]],[[6479846,1105184],[-1005,29]],[[6474630,1104707],[-309,84]],[[6474124,1104845],[-161,-132]],[[6471936,1104157],[-2758,-128],[-4880,-2293]],[[6463664,1101473],[-1813,128]],[[6452005,1109159],[-153,141]],[[6447941,1113046],[-392,869]],[[6447539,1113973],[-112,221]],[[6447318,1114310],[-82,197]],[[6443607,1116945],[-415,383]],[[6443192,1117328],[-706,1837]],[[6436823,1123445],[-1690,3078]],[[6432771,1130313],[-529,767]],[[6432086,1131185],[-291,300]],[[6429450,1133350],[-24,14]],[[6464539,1210421],[555,1102]],[[6407622,1348767],[319,-2942],[2251,-6392],[-1444,-2684],[1684,-2433],[-326,-4091],[5188,-4031],[3204,0],[790,1771]],[[6421316,1332714],[129,371]],[[6421674,1333302],[1447,1227]],[[6423328,1334756],[48,132]],[[6423678,1337703],[944,1381]],[[6425875,1340404],[310,-2008]],[[6425928,1336991],[-75,-498]],[[6425555,1334713],[472,-2462]],[[6424613,1331056],[1562,-5684]],[[6424552,1324056],[-138,-253]],[[6424363,1323710],[-167,-304]],[[6423228,1322994],[-234,-618]],[[6422719,1321872],[84,-4754]],[[6422694,1316488],[110,-3774]],[[6422650,1312380],[-199,-3037]],[[6422599,1308818],[-722,-2431]],[[6421562,1305499],[1763,-1150]],[[6424631,1303719],[2025,-2895],[480,-3963]],[[6426255,1295971],[720,-4400]],[[6427148,1290798],[52,-59]],[[6427540,1291496],[275,828]],[[6427818,1293222],[241,-1666],[-281,-1465]],[[6427174,1289511],[326,-2812]],[[6428577,1286910],[2980,-1822]],[[6431808,1284830],[26,-44]],[[6432493,1284183],[1451,-247]],[[6434245,1283773],[355,59]],[[6434815,1284018],[72,62]],[[6435549,1287136],[-860,-5478],[3407,-6080],[1223,-621]],[[6439466,1274773],[885,-597]],[[6442829,1273197],[1,0]],[[6442911,1273186],[999,505]],[[6448908,1272057],[1266,-3750]],[[6452670,1267129],[221,70]],[[6453558,1267080],[1811,1385]],[[6457416,1267860],[247,-109]],[[6459870,1266941],[827,-53]],[[6463824,1267703],[3143,-1005]],[[6466967,1266698],[2440,-516]],[[6469727,1266137],[1319,-183]],[[6472260,1265058],[6813,2698]],[[6481864,1268836],[4561,-500]],[[6488337,1269974],[359,207]],[[6489897,1272262],[451,594]],[[6491784,1274748],[296,557]],[[6492595,1276273],[45,186]],[[6492826,1277219],[840,931]],[[6494415,1278980],[134,530]],[[6496990,1289656],[205,1003]],[[6514328,1308032],[192,418]],[[6514634,1308796],[24,3179]],[[6513760,1312653],[-32,0]],[[6513353,1312790],[-642,498]],[[6514192,1317324],[314,-581]],[[6514692,1316677],[567,-553]],[[6527818,1326838],[318,0],[333,823]],[[6530984,1333567],[115,822]],[[6530664,1338274],[183,1627]],[[6530813,1340073],[-211,1120]],[[6530570,1341713],[-426,2258]],[[6534805,1361484],[599,837]],[[6528059,1327093],[-56,0]],[[6515393,1316568],[-111,175]],[[6516166,1317246],[-195,-441]],[[6435695,1287278],[-69,-68]],[[6433325,1284983],[232,-194]],[[6433882,1284019],[-610,913]],[[6435917,1124227],[16,0]],[[6580624,1060763],[237,-264]],[[6626491,1039510],[-128,491]],[[6627546,1036890],[318,288]],[[6657896,1025391],[673,1685]],[[6035949,1783959],[13,5]],[[6037147,1784241],[34,-12]],[[6037928,1783964],[557,-197]],[[6045769,1781188],[407,-144]],[[6046757,1780839],[3380,-1560]],[[6051499,1776153],[285,-626]],[[6052537,1775955],[1422,2076]],[[6056520,1778850],[7,44]],[[6057531,1779656],[826,82]],[[6058984,1776165],[-640,-455]],[[6060387,1774988],[202,-54]],[[6061014,1774823],[373,-98]],[[6061705,1774641],[455,-120]],[[6064088,1774014],[136,-36]],[[6064637,1773870],[1515,-399]],[[6070134,1771869],[839,-2223]],[[6073318,1767801],[129,-278]],[[6073495,1766624],[105,-1703]],[[6075191,1763979],[121,-345]],[[6080171,1763250],[1185,-1657]],[[6084812,1756530],[-63,-1525]],[[6084770,1753114],[-383,-602]],[[6083385,1751044],[-82,-2]],[[6083099,1749061],[340,-1117]],[[6083783,1747070],[1788,-3297]],[[6085585,1740112],[-1280,-2439]],[[6083242,1736377],[-1282,-3676],[-3083,-263]],[[6078785,1732429],[380,-1996]],[[6079593,1728184],[-4826,1615],[-1103,3280],[-3519,2068],[-7323,948]],[[6062059,1735469],[-1313,-2242],[-6414,670]],[[6053949,1732831],[-37,-192]],[[6054350,1731693],[-36,-720]],[[6052704,1731979],[-2439,857]],[[6049686,1734406],[-789,2139]],[[6047977,1737790],[-455,1678]],[[6046029,1740347],[12,74]],[[6045722,1742865],[-3135,6722],[-2467,-1562],[-3565,1011],[-1231,1927]],[[6035462,1754114],[-746,5349],[-2287,1678]],[[6032382,1761125],[-41,212]],[[6026055,1772390],[-233,1241]],[[6025815,1773643],[-818,63]],[[6024442,1773749],[-252,51]],[[6019695,1772263],[-1861,965]],[[6018491,1769448],[2384,145]],[[6018957,1767601],[-856,-882]],[[6019442,1763378],[-4,0]],[[6018131,1764921],[-125,-1735]],[[6018127,1762995],[767,-260]],[[6021649,1761801],[172,-184]],[[6022107,1761057],[710,-1386]],[[6023017,1759280],[125,-244]],[[6024078,1757207],[29,-540]],[[6024861,1755677],[384,-750]],[[6025394,1754636],[0,-10]],[[6025610,1754109],[185,-503]],[[6025798,1753597],[1005,-2874]],[[6027968,1747340],[120,-60]],[[6028368,1746597],[233,-635]],[[6028613,1745929],[996,-2713]],[[6029914,1742383],[-1020,-2402]],[[6028945,1739900],[1177,225]],[[6030741,1740117],[402,124]],[[6031370,1740364],[846,60]],[[6032370,1740284],[530,-482]],[[6033903,1738890],[222,-202]],[[6034797,1738077],[197,-256]],[[6036665,1736666],[254,0]],[[6037029,1736837],[292,599]],[[6037925,1737943],[25,1137]],[[6040102,1738611],[15,-178]],[[6040163,1737864],[49,-620]],[[6040243,1737150],[594,-361]],[[6044685,1735771],[408,269]],[[6047243,1735958],[158,-1022]],[[6048346,1730332],[-1020,-1755]],[[6047655,1727618],[-230,-2262],[-4909,-3619],[-2541,-555],[-4657,-3448]],[[6035303,1717730],[-2212,1374],[-1939,-1462]],[[6028670,1718719],[-602,1307]],[[6026984,1724696],[-1988,8065]],[[6024768,1733721],[188,129]],[[6025181,1734005],[687,473]],[[6026516,1734936],[-254,451]],[[6026254,1736003],[-358,3440]],[[6024384,1740516],[-153,231]],[[6020023,1738597],[-2229,-196]],[[6017547,1738172],[-2611,-1274]],[[6014365,1735881],[-8,14]],[[6013751,1735408],[115,-413]],[[6014061,1734717],[67,-151]],[[6014383,1733998],[-235,-742]],[[6013916,1732642],[-5,-12]],[[6013846,1732457],[-174,-457]],[[6013322,1731073],[-76,-200]],[[6012946,1730081],[-362,-956]],[[6012423,1728700],[-40,-105]],[[6012350,1728238],[-1899,10135]],[[6008808,1740334],[1395,6430],[-2880,316]],[[6005048,1745859],[-1557,-485]],[[6002819,1745098],[-636,-1206]],[[6002304,1743483],[-181,-292]],[[6001902,1743185],[-266,-428]],[[6001483,1743626],[-3390,1007]],[[5996544,1745703],[-4796,99]],[[5991320,1745843],[-281,27]],[[5990952,1745870],[-143,-143]],[[5990668,1745586],[-23,136]],[[5989928,1745637],[-1858,3221]],[[5993150,1754046],[32,144]],[[5994090,1751840],[422,-1236]],[[5994666,1750201],[-14,-134]],[[5996418,1750120],[35,25]],[[5996947,1750494],[302,213]],[[5997918,1753145],[2336,1585]],[[6001068,1755122],[-2453,3024]],[[5998560,1758137],[-142,-25]],[[5996183,1758578],[3469,1440],[530,5235],[-1823,75]],[[5997257,1764697],[-177,-1057]],[[5993702,1763863],[-782,-767]],[[5991383,1762743],[-394,0]],[[5990989,1762743],[-769,767]],[[5990082,1763322],[479,-1825]],[[5991499,1757926],[0,-364]],[[5991486,1757096],[-3322,1943]],[[5987714,1760227],[-1128,2952]],[[5986586,1763179],[-556,4864],[2387,1607]],[[5988669,1769546],[807,-448]],[[5990740,1768791],[657,873]],[[5992150,1766010],[-4,-139]],[[5992468,1765132],[162,-40]],[[5992679,1765158],[270,359]],[[5993113,1765735],[2516,1479],[-1715,5081],[2489,832],[-230,-4348]],[[5996252,1768736],[811,-443]],[[5997405,1767984],[58,91]],[[5997506,1768108],[1821,974]],[[6000181,1769305],[4687,4344]],[[6005288,1773719],[392,-238]],[[6005998,1773728],[2254,4090]],[[6008696,1777617],[352,-433]],[[6009652,1776577],[840,-1458]],[[6010699,1774637],[162,-376]],[[6011193,1774468],[1530,455]],[[6012789,1775121],[641,-357]],[[6013980,1775259],[961,1775]],[[6016238,1778010],[426,-135]],[[6018461,1776513],[290,-220]],[[6021099,1777064],[5950,3291]],[[6027215,1777755],[-413,-1338]],[[6026836,1776362],[262,152]],[[6028309,1777217],[2939,-57]],[[6033185,1777278],[798,1236]],[[6034243,1778643],[-233,339]],[[6014458,1777301],[0,-4]],[[6000093,1771757],[100,260]],[[5998943,1762496],[339,-1510]],[[5980617,1753799],[8,7]],[[5980725,1753885],[320,38]],[[6047120,1738615],[395,-380]],[[6193870,1732278],[7796,-1800]],[[6206532,1730145],[1975,-135]],[[6211743,1729726],[2549,-359]],[[6215686,1729170],[4471,795]],[[6221437,1727077],[14343,-10508]],[[6237253,1716744],[2547,-2650],[3558,1896],[963,-3216]],[[6244369,1712761],[1222,-3117],[3049,-254]],[[6250314,1706681],[4396,-329]],[[6255687,1706242],[1555,-4317]],[[6257276,1701883],[1667,-1086],[3594,980]],[[6262537,1701777],[9,-18]],[[6263334,1699080],[252,-932]],[[6264915,1696162],[3872,-2554]],[[6271965,1689877],[2908,-4759]],[[6278628,1678973],[351,-575]],[[6279112,1678270],[544,-539]],[[6286142,1671859],[578,174]],[[6296847,1671518],[118,-41]],[[6202891,1448964],[-4963,-2737]],[[6170528,1454610],[-275,318]],[[6163942,1459338],[-478,-19]],[[6158067,1464518],[-228,496]],[[6156070,1468762],[-83,736]],[[6156427,1470013],[2446,2369]],[[6160180,1474085],[663,1595]],[[6160859,1475735],[539,1389]],[[6162156,1478741],[-80,1541]],[[6160083,1478043],[-472,2923],[347,1079],[1423,868],[-314,2500],[-1770,395],[-1721,-895],[-711,-1184],[331,-7085]],[[6153583,1478900],[-82,635]],[[6149416,1485521],[561,1796]],[[6150529,1489085],[-83,1056]],[[6149662,1491304],[-594,4135],[1046,2186],[-2068,5237]],[[6147401,1504330],[-788,-1373]],[[6150589,1516742],[105,638]],[[6152293,1518079],[693,35]],[[6154718,1521859],[-1124,3627]],[[6155711,1527837],[-807,2634],[-2889,-387],[-1648,-3135]],[[6142092,1526317],[-20,467]],[[6142454,1529580],[-299,337]],[[6141653,1538322],[102,335]],[[6141755,1538657],[889,2429]],[[6145149,1543509],[240,232]],[[6148636,1546485],[125,3030]],[[6145105,1547349],[-3244,-2455]],[[6140490,1547409],[-2,30]],[[6140470,1547652],[-116,11]],[[6137818,1545907],[-92,-145]],[[6133217,1549433],[-39,1961]],[[6131810,1555325],[-392,-1149]],[[6131407,1554056],[-31,-346]],[[6123307,1548829],[2531,3394],[1423,4844],[-270,6193],[-2819,3800],[-2514,-2079],[-1230,590],[-1076,-1790],[-1874,1204],[-5220,-1785],[-1939,-3710]],[[6105958,1558929],[-834,244]],[[6103602,1560012],[-703,695]],[[6100690,1557448],[-102,-509]],[[6097510,1555227],[-1556,1705]],[[6093423,1563554],[65,75]],[[6095393,1565625],[1006,1342]],[[6094337,1566134],[-1050,1933]],[[6092881,1569123],[-1161,1776]],[[6091202,1571547],[-243,304]],[[6083849,1572948],[-221,223]],[[6081900,1573810],[-847,-1346],[2265,-3000]],[[6083384,1569355],[2609,-2963]],[[6075246,1551897],[-973,2254]],[[6072144,1559557],[-1835,916]],[[6064208,1563305],[-8803,-1103]],[[6054256,1562664],[-3040,1523]],[[6053274,1571249],[2060,3460]],[[6059411,1590564],[652,1328]],[[6062543,1594544],[3306,-158]],[[6076315,1610169],[0,53]],[[6081353,1632484],[0,2374]],[[6081353,1635135],[502,447]],[[6081855,1635672],[-502,2296]],[[6081473,1639131],[201,856]],[[6081700,1640097],[-279,2012]],[[6081412,1643639],[340,271]],[[6081935,1644056],[42,-71]],[[6083182,1644241],[387,-24]],[[6083769,1644205],[249,-15]],[[6082990,1647458],[-16,43]],[[6080683,1649933],[-604,530]],[[6079291,1651692],[-336,2145]],[[6079003,1655165],[-212,455]],[[6078237,1657502],[-12,7]],[[6078472,1659014],[6078,2355],[5137,3200]],[[6090252,1664693],[3369,379],[2093,3332],[4698,1334]],[[6101253,1670829],[179,24]],[[6102862,1671600],[787,503]],[[6107186,1671737],[96,-151]],[[6105802,1669086],[-792,-1082]],[[6104660,1667433],[422,-693]],[[6111852,1669167],[7398,1274],[3009,1474]],[[6122708,1672227],[5692,1542]],[[6128763,1674148],[147,47]],[[6129179,1674280],[234,75]],[[6129569,1674404],[199,0]],[[6129985,1674536],[575,182]],[[6132415,1675307],[297,94]],[[6132831,1675439],[187,59]],[[6134742,1676441],[2167,790],[5460,4713],[100,3146]],[[6142748,1685588],[1636,3830],[2965,3111],[1793,3939],[3965,3354],[5310,2897],[1088,5072]],[[6160916,1712198],[4467,3318],[2129,4047]],[[6172384,1722811],[3091,683],[1489,2559]],[[6184078,1726970],[3193,2870],[2590,869]],[[6190465,1731107],[654,431]],[[6013691,1723507],[-662,-2888]],[[6012875,1720055],[-87,-71]],[[6012331,1719756],[-495,341]],[[6011981,1721825],[1219,6752]],[[6013635,1728545],[292,198]],[[6023067,1718277],[413,-381]],[[6024759,1716717],[-877,-4969],[-4434,-6724],[-4478,-1567]],[[6014510,1703647],[-146,318]],[[6015215,1703863],[107,-14]],[[6015869,1704978],[-12,272]],[[6015839,1706425],[685,2893]],[[6017277,1710460],[-751,3496]],[[6014265,1714551],[-1257,-3008]],[[6010910,1707808],[-6395,-1472]],[[6005500,1707393],[2285,1931]],[[6007802,1709357],[-4134,4048]],[[6003799,1713289],[311,-276]],[[6005401,1714186],[35,-18]],[[6005499,1714436],[46,106]],[[6007039,1716724],[183,54]],[[6007521,1716464],[1331,-4095]],[[6017253,1720094],[362,5]],[[6017841,1720345],[30,265]],[[6022331,1707460],[781,1850]],[[6045460,1666866],[-223,-192]],[[6045158,1665784],[811,60]],[[6046171,1665747],[313,-148]],[[6046711,1665491],[601,254]],[[6043626,1663863],[-585,-1208]],[[6041650,1660380],[363,-683]],[[6042439,1658896],[-12,-19]],[[6042668,1658464],[1098,-802]],[[6042960,1656230],[-496,665]],[[6040402,1655280],[-8,-299]],[[6034598,1651664],[-558,-223]],[[6033317,1651402],[-806,469]],[[6029730,1651212],[-1,-1]],[[6026913,1649496],[-1790,-929]],[[6017406,1646115],[-53,-23]],[[6015620,1645893],[-2155,-89]],[[6012616,1646161],[-1080,453]],[[6011427,1646653],[-21,-117]],[[6009987,1645689],[-916,2494],[-3060,-1702]],[[6004931,1646981],[-937,816]],[[6004148,1645529],[-498,-75]],[[6003480,1645752],[-976,3187]],[[6002587,1651344],[17,4969]],[[6002412,1659733],[897,1217]],[[6003387,1659776],[1205,0]],[[6004800,1659884],[46,1876]],[[6004852,1661884],[1829,343]],[[6005514,1660566],[-474,-836]],[[6005513,1658065],[4420,-2699],[3067,3703]],[[6013584,1659731],[-271,776]],[[6014391,1660558],[151,-195]],[[6015148,1659583],[-134,-1562]],[[6015315,1657790],[1846,256],[2453,3695]],[[6020538,1660858],[16,0]],[[6021585,1659328],[935,-767]],[[6022728,1658527],[1937,1095]],[[6025272,1660475],[219,0]],[[6025960,1660282],[154,-63]],[[6026827,1658403],[54,-21]],[[6027285,1658178],[1300,1013]],[[6029558,1658928],[854,602]],[[6032055,1660005],[1403,880]],[[6033630,1660982],[1391,1373]],[[6034866,1659941],[287,-1000],[362,1593],[403,774]],[[6036051,1661497],[538,132]],[[6036809,1661268],[71,-118]],[[6037144,1660716],[154,-385]],[[6037037,1659648],[568,319]],[[6037605,1660203],[-60,275]],[[6037362,1661324],[-38,685]],[[6037569,1662910],[-288,768]],[[6037576,1664829],[863,1843]],[[6038492,1666244],[126,-1025]],[[6038941,1665408],[195,488]],[[6039530,1666880],[409,105]],[[6040178,1664075],[213,-375]],[[6040661,1663227],[327,-575]],[[6041498,1662147],[1065,1584]],[[6042151,1663916],[303,3461]],[[6042454,1667377],[3,-240]],[[6042830,1666375],[521,499]],[[6043747,1667254],[889,256]],[[6040253,1665999],[-1,-152]],[[6035113,1660162],[-142,-203]],[[6015755,1658329],[-218,-251]],[[6037048,1590808],[-468,627]],[[6030796,1602534],[-319,729]],[[6029818,1604165],[-22,2840]],[[6029680,1607289],[-489,1173]],[[6025397,1615497],[302,586]],[[6025844,1616245],[1980,3618]],[[6027398,1620864],[-27,87]],[[6027371,1621457],[-437,2001]],[[6026903,1623815],[-157,342]],[[6024149,1638356],[2027,1029]],[[6028305,1640277],[207,87]],[[6032878,1642195],[36,15]],[[6033802,1642583],[460,113]],[[6034974,1642865],[864,926]],[[6036879,1644628],[48,39]],[[6037832,1645395],[729,586]],[[6040806,1647061],[1330,724]],[[6042509,1647956],[4685,-132]],[[6047672,1646554],[45,-1713]],[[6047802,1643262],[1079,-2109]],[[6049207,1641046],[1233,627]],[[6050732,1641822],[19,9]],[[6051175,1642047],[1184,602]],[[6054261,1643616],[3784,1647]],[[6060746,1638019],[1237,-933]],[[6056003,1590683],[-1000,-4361]],[[5999000,1646248],[91,-1033]],[[5998381,1644758],[187,1046]],[[5952273,1603543],[-589,-334]],[[5945881,1597719],[2245,4239]],[[5935965,1605001],[5946,1401],[3454,2813],[3130,-2297],[5573,-1029]],[[5944074,1597071],[163,0]],[[5944358,1597135],[-185,423]],[[5945521,1598864],[105,-1080]],[[6081733,1572357],[-74,554]],[[5993228,1524975],[-2364,-4287],[3234,-3796]],[[5994955,1515987],[109,-232]],[[5998312,1512229],[2105,-5466]],[[6000724,1504291],[-474,-2989]],[[5998333,1501773],[-324,-2680]],[[5998118,1496856],[-337,-310]],[[5995964,1495710],[-1113,-1132]],[[5994015,1493784],[-673,-640]],[[5991581,1491470],[372,-1777]],[[5992156,1489564],[887,-551]],[[5993628,1488651],[225,-139]],[[5994291,1487145],[3563,-1284]],[[5999859,1484791],[-241,-654]],[[5997869,1483015],[-38,137]],[[5997009,1482531],[-184,-104]],[[5995806,1481772],[972,-1894]],[[5995364,1478477],[-2603,1748]],[[5991605,1480573],[0,594]],[[5989157,1481879],[-1592,-2731]],[[5986687,1478975],[59,-626]],[[5984711,1477932],[90,-383]],[[5985113,1476214],[-1,-2]],[[5983512,1477170],[-98,-174]],[[5984842,1474477],[-531,-1313]],[[5981600,1470629],[-1281,-336]],[[5979498,1470267],[-38,-49]],[[5976134,1469959],[-5412,497],[-3140,4657]],[[5967808,1475956],[-6,11]],[[5967731,1476078],[-132,-76]],[[5967179,1475760],[-1648,-621]],[[5964116,1476207],[-82,-212]],[[5963508,1476211],[49,128]],[[5963410,1476371],[-575,-924]],[[5960457,1475582],[-364,423]],[[5960295,1476596],[237,698]],[[5959698,1477234],[-208,-263]],[[5959263,1476969],[-291,-202]],[[5958555,1476551],[-423,232]],[[5957464,1476822],[-406,491]],[[5957037,1477325],[-195,920]],[[5953926,1478732],[-652,-306]],[[5945367,1483150],[-364,403]],[[5933606,1494123],[-937,1323]],[[5932356,1497615],[171,459]],[[5940339,1503052],[324,178]],[[5944875,1505547],[5,2]],[[5945628,1505961],[343,188]],[[5947708,1508424],[1070,1586]],[[5956427,1514023],[1173,1021]],[[5971944,1520756],[106,169]],[[5972544,1520960],[2527,-76]],[[5975160,1520760],[251,18]],[[5981336,1520365],[2628,-12],[446,2542]],[[5986126,1525234],[5401,3023]],[[5994579,1487631],[-33,-29]],[[6157799,1476936],[69,3908],[-706,3148],[1853,1553],[1969,-184],[-1323,-3316],[-249,-1342],[497,-1842],[-1368,-1565]],[[6037252,1667152],[-212,-264]],[[6036158,1667166],[33,1615]],[[6037392,1660221],[52,-194]],[[6000090,1646051],[614,204]],[[6111841,1558621],[463,2027],[3359,1711],[2415,-763],[2664,3290],[1495,-142],[1853,1579],[2332,-3290],[-550,-7439],[-2748,-1856]],[[6147659,1503084],[1639,-5249],[-566,-5172],[363,-1490]],[[5538511,537742],[332,-4467],[-885,-4673],[-2251,-4466],[-975,-9531],[-2095,-3589],[-4530,1812],[-2600,4273],[2612,6072],[1687,-9],[4300,9268],[2926,4670],[1479,640]],[[939815,7230689],[1323,9541],[2834,1362],[2953,-1205],[4855,2747],[2732,-2805],[5118,-2213],[2648,830],[438,6440],[4590,12437],[2963,4940],[340,2927],[5615,261],[3896,-1088],[6403,1656],[1194,5630],[1866,2045],[2142,-2504],[4108,1043],[1661,-1298],[3489,1624],[1730,3664],[2974,2755],[4724,1059],[1880,4745],[4400,1533],[2754,-506],[4810,1552],[2648,5934],[805,5126],[1907,4957],[6801,-4451],[8199,-2158],[1377,-2462],[5001,4890],[8368,-338],[2098,-1787],[8030,-876],[4195,4518],[2436,1012],[488,3743],[9009,-2400],[261,-5834],[2770,-5194],[-1553,-2692],[1876,-3704],[2854,-1859],[5446,5190],[2937,-379],[-2317,-7377],[2725,-6276],[3568,-1636],[1500,-8332],[3229,-3629],[-179,-3438],[2286,-2819],[6841,-5182],[4373,200],[4233,-7718],[652,3183],[5149,1119],[3241,1768],[4482,-3645],[-3523,-3221],[5042,-16214],[3669,-6497],[3234,2263],[2075,6168],[3079,3009],[3917,1665],[-1602,5792],[3802,4379],[1778,-3079],[7093,156],[455,-3385],[5421,-764],[2992,-6346],[2133,-1621],[891,-5218],[-4233,-7785],[-2908,-203],[-5676,-5100],[-725,-3251]],[[1130894,7107687],[-5920,-4026],[-1500,-3520],[-4160,-2871],[1471,-5843],[-1307,-3872],[2168,-3644],[-1583,-9235],[-2775,-1460],[-4231,183],[-1765,2226],[-2867,-4854],[-4839,-730],[-1789,2372],[-4015,-1130],[-3625,429],[1590,-10588]],[[1162509,6496304],[-169,-2935],[-3389,-663],[-469,-2984],[-4194,-2460],[-4854,6146],[-2555,288],[-3935,4829],[-6240,4656],[-3404,5653],[-3438,1624],[1362,5440],[-2096,3359],[-5829,-1389],[-3196,7645],[-3531,6591],[-4609,1612],[-920,2642]],[[1083318,6552044],[-5741,-6464],[-2967,-765],[621,-8815],[-3730,5],[-4660,-2918],[-2110,912],[-1430,7206],[-3421,2411],[-7371,-3587],[-4623,6620],[-3450,813],[-1879,4333],[681,6067]],[[1042616,6562063],[183,3634],[-484,1872],[-571,794],[-2217,1208],[-3359,6011],[-453,3431],[-1621,1439],[-1542,1881],[-284,2415]],[[1018524,6676636],[759,-1255],[-1440,-6988],[-2879,-3275],[99,-4531]],[[1020704,6686219],[-5736,6607],[-4739,2116],[-5421,3632],[450,5491],[-3352,2373],[-303,2205],[-4504,4928],[-920,3718],[-5134,-2164],[-1407,9101],[-1079,2762],[4282,4259]],[[1002005,6788819],[2521,3313],[3456,-523]],[[1011130,6795106],[1746,3338],[5533,2520]],[[1058154,6875538],[2922,4659],[2131,-368],[1212,4302],[3744,-3449],[6559,-3852],[1139,2107],[4770,-324],[2657,-3857],[-1178,-4413],[-2643,-4487],[-1352,-8549],[-2961,-4380],[615,-5655],[4320,-7955],[983,-4253],[3013,-3498],[4968,-2907],[-1123,-6569],[1916,-5025],[2364,-2629],[3797,-1614],[1210,-2123],[-1317,-4309],[459,-8366],[-2288,-3835],[-2463,-1686],[-5702,-9362],[-1067,-6068],[-1804,-3202],[-7165,3188],[-2374,3104],[-3384,-631]],[[2021930,6017602],[23,-4830],[-3450,-1990],[-1233,-3168],[-4218,-1855],[-4290,-575]],[[1228282,6422102],[986,1525],[4724,297],[1165,1368],[3858,-2167]],[[930067,7232856],[-78743,-77107],[-324,1651]]],"transform":{"scale":[0.000010375664031966403,0.000006519060349906033],"translate":[68.17292022700008,-11.640178979999973]},"objects":{"units":{"type":"GeometryCollection","geometries":[{"arcs":[[0,1,2,3,4]],"type":"Polygon","properties":{"grp":"BTN","a":"BTN","n":"塔希冈宗"}},{"arcs":[[-4,5,6,7,8]],"type":"Polygon","properties":{"grp":"BTN","a":"BTN","n":"塔希央奇宗"}},{"arcs":[[-3,9,10,11,12,-6]],"type":"Polygon","properties":{"grp":"BTN","a":"BTN","n":"蒙加尔宗"}},{"arcs":[[-7,-13,13,14]],"type":"Polygon","properties":{"grp":"BTN","a":"BTN","n":"伦奇宗"}},{"arcs":[[-12,15,16,17,18,-14]],"type":"Polygon","properties":{"grp":"BTN","a":"BTN","n":"布姆唐宗"}},{"arcs":[[19,20,21,22,23,24,25]],"type":"Polygon","properties":{"grp":"BTN","a":"BTN","n":"盖勒普吉"}},{"arcs":[[-17,26,-23,27,28]],"type":"Polygon","properties":{"grp":"BTN","a":"BTN","n":"通萨宗"}},{"arcs":[[-22,29,30,-28]],"type":"Polygon","properties":{"grp":"BTN","a":"BTN","n":"奇朗宗"}},{"arcs":[[-21,31,32,33,-30]],"type":"Polygon","properties":{"grp":"BTN","a":"BTN","n":"达加纳宗"}},{"arcs":[[-18,-29,-31,-34,34,35,36,37]],"type":"Polygon","properties":{"grp":"BTN","a":"BTN","n":"旺杜波德朗宗"}},{"arcs":[[-36,38,39]],"type":"Polygon","properties":{"grp":"BTN","a":"BTN","n":"普那卡宗"}},{"arcs":[[-33,40,41,42,43,-39,-35]],"type":"Polygon","properties":{"grp":"BTN","a":"BTN","n":"廷布宗"}},{"arcs":[[-37,-40,-44,44,45]],"type":"Polygon","properties":{"grp":"BTN","a":"BTN","n":"加萨宗"}},{"arcs":[[-20,46,47,48,49,-41,-32]],"type":"Polygon","properties":{"grp":"BTN","a":"BTN","n":"楚卡宗"}},{"arcs":[[-48,50,51,52]],"type":"Polygon","properties":{"grp":"BTN","a":"BTN","n":"萨姆宗"}},{"arcs":[[-49,-53,53,54,55,56]],"type":"Polygon","properties":{"grp":"BTN","a":"BTN","n":"哈阿宗"}},{"arcs":[[-42,-50,-57,-56,57]],"type":"Polygon","properties":{"grp":"BTN","a":"BTN","n":"帕罗宗"}},{"arcs":[[-2,58,59,-10]],"type":"Polygon","properties":{"grp":"BTN","a":"BTN","n":"佩马加策尔宗"}},{"arcs":[[-1,60,61,62,-59]],"type":"Polygon","properties":{"grp":"BTN","a":"BTN","n":"萨姆德鲁琼卡尔宗"}},{"arcs":[[-11,-60,-63,63,-24,-27,-16]],"type":"Polygon","properties":{"grp":"BTN","a":"BTN","n":"谢姆冈宗"}},{"arcs":[[64,65,66]],"type":"Polygon","properties":{"grp":"BRN","a":"BRN","n":"马来奕县"}},{"arcs":[[-65,67,68,69]],"type":"Polygon","properties":{"grp":"BRN","a":"BRN","n":"都东县"}},{"arcs":[[-69,70,71]],"type":"Polygon","properties":{"grp":"BRN","a":"BRN","n":"汶莱摩拉县"}},{"arcs":[[72,73]],"type":"Polygon","properties":{"grp":"BRN","a":"BRN","n":"淡布隆县"}},{"arcs":[[74,75,76,77,78,79,80]],"type":"Polygon","properties":{"grp":"KHM","a":"KHM","n":"上丁省"}},{"arcs":[[-80,81,82,83,84,85,86]],"type":"Polygon","properties":{"grp":"KHM","a":"KHM","n":"柏威夏省"}},{"arcs":[[-79,87,88,89,90,91,-82]],"type":"Polygon","properties":{"grp":"KHM","a":"KHM","n":"磅同省"}},{"arcs":[[92]],"type":"Polygon","properties":{"grp":"KHM","a":"KHM","n":"金边"}},{"arcs":[[[93]],[[94,95,96,97,98]],[[99]]],"type":"MultiPolygon","properties":{"grp":"KHM","a":"KHM","n":"戈公省"}},{"arcs":[[100,101]],"type":"Polygon","properties":{"grp":"KHM","a":"KHM","n":"白马市"}},{"arcs":[[-101,102,103,104,105,106,107]],"type":"Polygon","properties":{"grp":"KHM","a":"KHM","n":"贡布省"}},{"arcs":[[-106,108,109,110]],"type":"Polygon","properties":{"grp":"KHM","a":"KHM","n":"茶胶省"}},{"arcs":[[-110,111,112,113,114,115,116],[-93]],"type":"Polygon","properties":{"grp":"KHM","a":"KHM","n":"干丹省"}},{"arcs":[[-91,117,118,-95,119,120,121]],"type":"Polygon","properties":{"grp":"KHM","a":"KHM","n":"菩萨省"}},{"arcs":[[-76,122,123,124,125,126]],"type":"Polygon","properties":{"grp":"KHM","a":"KHM","n":"腊塔纳基里省"}},{"arcs":[[-90,127,-113,128,-118]],"type":"Polygon","properties":{"grp":"KHM","a":"KHM","n":"磅清扬省"}},{"arcs":[[129,130,131]],"type":"Polygon","properties":{"grp":"KHM","a":"KHM","n":"拜林市"}},{"arcs":[[132,133,134,135,136]],"type":"Polygon","properties":{"grp":"KHM","a":"KHM","n":"班迭棉吉省"}},{"arcs":[[-83,-92,-122,137,-134,138]],"type":"Polygon","properties":{"grp":"KHM","a":"KHM","n":"暹粒省"}},{"arcs":[[-84,-139,-133,139,140,141]],"type":"Polygon","properties":{"grp":"KHM","a":"KHM","n":"奥多棉吉省"}},{"arcs":[[-89,142,143,144,-114,-128]],"type":"Polygon","properties":{"grp":"KHM","a":"KHM","n":"磅湛省"}},{"arcs":[[-77,-127,145,146,147,148]],"type":"Polygon","properties":{"grp":"KHM","a":"KHM","n":"蒙多基里省"}},{"arcs":[[-78,-149,149,150,-143,-88]],"type":"Polygon","properties":{"grp":"KHM","a":"KHM","n":"桔井省"}},{"arcs":[[-115,-145,151,152,153,154]],"type":"Polygon","properties":{"grp":"KHM","a":"KHM","n":"波萝勉省"}},{"arcs":[[-96,-119,-129,-112,-109,-105,155]],"type":"Polygon","properties":{"grp":"KHM","a":"KHM","n":"磅士卑省"}},{"arcs":[[-153,156]],"type":"Polygon","properties":{"grp":"KHM","a":"KHM","n":"柴桢省"}},{"arcs":[[[-97,-156,-104,157]],[[158]],[[159]]],"type":"MultiPolygon","properties":{"grp":"KHM","a":"KHM","n":"西哈努克省"}},{"arcs":[[-144,-151,160,161,-152]],"type":"Polygon","properties":{"grp":"KHM","a":"KHM","n":"特本克蒙省"}},{"arcs":[[-121,162,-130,163,164,-135,-138]],"type":"Polygon","properties":{"grp":"KHM","a":"KHM","n":"马德望省"}},{"arcs":[[[165]],[[166]]],"type":"MultiPolygon","properties":{"grp":"CHN","a":"CHN","n":"海南省"}},{"arcs":[[167,168,169,170,171,172,173,174,175,176]],"type":"Polygon","properties":{"grp":"CHN","a":"CHN","n":"广西壮族自治区"}},{"arcs":[[[177,178,179,180]],[[181]]],"type":"MultiPolygon","properties":{"grp":"CHN","a":"CHN","n":"福建省"}},{"arcs":[[-175,182,183,184,185,186,187,188,189,190,191,192,193,194]],"type":"Polygon","properties":{"grp":"CHN","a":"CHN","n":"云南省"}},{"arcs":[[-176,-195,195,196,197]],"type":"Polygon","properties":{"grp":"CHN","a":"CHN","n":"贵州省"}},{"arcs":[[-180,198,199,200,201,202]],"type":"Polygon","properties":{"grp":"CHN","a":"CHN","n":"江西省"}},{"arcs":[[-177,-198,203,204,-200,205]],"type":"Polygon","properties":{"grp":"CHN","a":"CHN","n":"湖南省"}},{"arcs":[[[-181,-203,206,207,208,209]],[[210]],[[211]]],"type":"MultiPolygon","properties":{"grp":"CHN","a":"CHN","n":"浙江省"}},{"arcs":[[-209,212,213]],"type":"Polygon","properties":{"grp":"CHN","a":"CHN","n":"上海市"}},{"arcs":[[-197,214,215,216,-204]],"type":"Polygon","properties":{"grp":"CHN","a":"CHN","n":"重庆市"}},{"arcs":[[-201,-205,-217,217,218,219]],"type":"Polygon","properties":{"grp":"CHN","a":"CHN","n":"湖北省"}},{"arcs":[[-194,220,221,222,223,-215,-196]],"type":"Polygon","properties":{"grp":"CHN","a":"CHN","n":"四川省"}},{"arcs":[[-202,-220,224,225,226,-207]],"type":"Polygon","properties":{"grp":"CHN","a":"CHN","n":"安徽省"}},{"arcs":[[[-208,-227,227,228,-213]],[[229,230]],[[231]]],"type":"MultiPolygon","properties":{"grp":"CHN","a":"CHN","n":"江苏省"}},{"arcs":[[-219,232,233,234,235,-225]],"type":"Polygon","properties":{"grp":"CHN","a":"CHN","n":"河南省"}},{"arcs":[[-8,-15,-19,-38,-46,236,237,238,239,240,241,242,243,244,245,246,247,248,249,250,251,252,253,254,255,256,257,258,259,260,261,262,263,264,-221,-193,265,266]],"type":"Polygon","properties":{"grp":"CHN","a":"CHN","n":"西藏自治区"}},{"arcs":[[-226,-236,267,268,-230,269,-228]],"type":"Polygon","properties":{"grp":"CHN","a":"CHN","n":"山东省"}},{"arcs":[[-222,-265,272,273]],"type":"Polygon","properties":{"grp":"CHN","a":"CHN","n":"青海省"}},{"arcs":[[274,275,276]],"type":"Polygon","properties":{"grp":"CHN","a":"CHN","n":"宁夏回族自治区"}},{"arcs":[[-216,-224,277,-275,278,279,-233,-218]],"type":"Polygon","properties":{"grp":"CHN","a":"CHN","n":"陕西省"}},{"arcs":[[280,281,282,283]],"type":"Polygon","properties":{"grp":"CHN","a":"CHN","n":"天津市"}},{"arcs":[[-234,-280,284,285]],"type":"Polygon","properties":{"grp":"CHN","a":"CHN","n":"山西省"}},{"arcs":[[-283,286]],"type":"Polygon","properties":{"grp":"CHN","a":"CHN","n":"北京市"}},{"arcs":[[-223,-274,287,288,-276,-278]],"type":"Polygon","properties":{"grp":"CHN","a":"CHN","n":"甘肃省"}},{"arcs":[[-235,-286,289,290,291,-284,-287,-282,292,-271,293,-268]],"type":"Polygon","properties":{"grp":"CHN","a":"CHN","n":"河北省"}},{"arcs":[[-291,294,295,296,297,298]],"type":"Polygon","properties":{"grp":"CHN","a":"CHN","n":"辽宁省"}},{"arcs":[[-296,299,300,301,302,303,304]],"type":"Polygon","properties":{"grp":"CHN","a":"CHN","n":"吉林省"}},{"arcs":[[-264,-263,-262,-261,305,306,307,308,309,310,311,312,-288,-273]],"type":"Polygon","properties":{"grp":"CHN","a":"CHN","n":"新疆维吾尔自治区"}},{"arcs":[[-277,-289,-313,313,314,315,316,317,318,319,320,-300,-295,-290,-285,-279]],"type":"Polygon","properties":{"grp":"CHN","a":"CHN","n":"内蒙古自治区"}},{"arcs":[[-301,-321,321]],"type":"Polygon","properties":{"grp":"CHN","a":"CHN","n":"黑龙江省"}},{"arcs":[[322]],"type":"Polygon","properties":{"grp":"CHN","a":"CHN","n":"澳门特别行政区"}},{"arcs":[[323,324]],"type":"Polygon","properties":{"grp":"CHN","a":"CHN","n":"香港特别行政区"}},{"arcs":[[[-168,-206,-199,-179,325,-324,326]],[[328]],[[329]],[[330]]],"type":"MultiPolygon","properties":{"grp":"CHN","a":"CHN","n":"广东省"}},{"arcs":[[-238,331,332,333,334,335,336,337]],"type":"Polygon","properties":{"grp":"NPL","a":"NPL","n":"科希省"}},{"arcs":[[-337,338,339]],"type":"Polygon","properties":{"grp":"NPL","a":"NPL","n":"马德什省"}},{"arcs":[[-239,-338,-340,340,341]],"type":"Polygon","properties":{"grp":"NPL","a":"NPL","n":"巴格马蒂省"}},{"arcs":[[-240,-342,342,343,344]],"type":"Polygon","properties":{"grp":"NPL","a":"NPL","n":"甘达基省"}},{"arcs":[[-344,345,346,347,348]],"type":"Polygon","properties":{"grp":"NPL","a":"NPL","n":"蓝毗尼省"}},{"arcs":[[-241,-345,-349,349]],"type":"Polygon","properties":{"grp":"NPL","a":"NPL","n":"格尔纳利省"}},{"arcs":[[-242,-350,-348,350,351,352]],"type":"Polygon","properties":{"grp":"NPL","a":"NPL","n":"苏都巴斯奇姆省（远西）"}},{"arcs":[[[353]],[[354]]],"type":"MultiPolygon","properties":{"grp":"IDN","a":"IDN","n":"巴厘岛"}},{"arcs":[[[355]],[[356]],[[357]],[[358]]],"type":"MultiPolygon","properties":{"grp":"IDN","a":"IDN","n":"西努沙登加拉省"}},{"arcs":[[[359]],[[360,361,362]]],"type":"MultiPolygon","properties":{"grp":"IDN","a":"IDN","n":"万丹省"}},{"arcs":[[363,364,365,366,367,368,369,370,371,372,373,374]],"type":"Polygon","properties":{"grp":"IDN","a":"IDN","n":"中爪哇省"}},{"arcs":[[-362,377,378,-375,379,-376,380]],"type":"Polygon","properties":{"grp":"IDN","a":"IDN","n":"西爪哇省"}},{"arcs":[[386,387,388,389]],"type":"Polygon","properties":{"grp":"IDN","a":"IDN","n":"中加里曼丹省"}},{"arcs":[[[-389,390,391]],[[392]],[[393]]],"type":"MultiPolygon","properties":{"grp":"IDN","a":"IDN","n":"南加里曼丹省"}},{"arcs":[[[-385,394,395,396,-387,397]],[[398]]],"type":"MultiPolygon","properties":{"grp":"IDN","a":"IDN","n":"西加里曼丹省"}},{"arcs":[[[399]],[[400]],[[401]],[[402]],[[403]],[[404]],[[405]],[[406]],[[407]],[[408]],[[409]],[[410]],[[411]],[[412]],[[413,414,415,416,417,418]]],"type":"MultiPolygon","properties":{"grp":"IDN","a":"IDN","n":"中苏拉威西省"}},{"arcs":[[-414,419,420,421]],"type":"Polygon","properties":{"grp":"IDN","a":"IDN","n":"哥伦打洛省"}},{"arcs":[[[-421,422]],[[423]],[[424]],[[425]],[[426]],[[427]],[[428]],[[429]]],"type":"MultiPolygon","properties":{"grp":"IDN","a":"IDN","n":"北苏拉威西省"}},{"arcs":[[[-417,430,431,432]],[[433]],[[434]],[[435]]],"type":"MultiPolygon","properties":{"grp":"IDN","a":"IDN","n":"南苏拉威西省"}},{"arcs":[[[-416,436,-431]],[[437]],[[438]],[[439]],[[440]],[[441]],[[442]],[[443]],[[444]],[[445]]],"type":"MultiPolygon","properties":{"grp":"IDN","a":"IDN","n":"东南苏拉威西省"}},{"arcs":[[-418,-433,446]],"type":"Polygon","properties":{"grp":"IDN","a":"IDN","n":"西苏拉威西省"}},{"arcs":[[[447]],[[448]],[[449]],[[450]],[[451]],[[452]],[[453]],[[454]],[[455,456]]],"type":"MultiPolygon","properties":{"grp":"IDN","a":"IDN","n":"亚齐"}},{"arcs":[[[457]],[[458,459,460,461,462]]],"type":"MultiPolygon","properties":{"grp":"IDN","a":"IDN","n":"明古鲁省"}},{"arcs":[[-460,463,464,465,466]],"type":"Polygon","properties":{"grp":"IDN","a":"IDN","n":"占碑省"}},{"arcs":[[[-462,467,468]],[[469]]],"type":"MultiPolygon","properties":{"grp":"IDN","a":"IDN","n":"楠榜省"}},{"arcs":[[[-465,470,471,472]],[[473]],[[474]],[[475]],[[476]],[[477]],[[478]],[[479]],[[480]],[[481]],[[482]],[[483]],[[484]]],"type":"MultiPolygon","properties":{"grp":"IDN","a":"IDN","n":"廖内省"}},{"arcs":[[[-459,485,486,-471,-464]],[[487]],[[488]],[[489]],[[490]],[[491]]],"type":"MultiPolygon","properties":{"grp":"IDN","a":"IDN","n":"西苏门答腊省"}},{"arcs":[[-461,-467,492,-468]],"type":"Polygon","properties":{"grp":"IDN","a":"IDN","n":"南苏门答腊省"}},{"arcs":[[[-456,493,-472,-487,494]],[[495]],[[496]],[[497]],[[498]],[[499]],[[500]]],"type":"MultiPolygon","properties":{"grp":"IDN","a":"IDN","n":"北苏门答腊省"}},{"arcs":[[[501]],[[502]],[[503]],[[504]],[[505]],[[506,507,508,509,510]],[[511]],[[512]],[[513]],[[514]],[[515]],[[516]],[[517]]],"type":"MultiPolygon","properties":{"grp":"IDN","a":"IDN","n":"东努沙登加拉省"}},{"arcs":[[[518]],[[519]],[[520]],[[521]],[[522]],[[523]],[[524]],[[525]],[[526]],[[527]],[[528]],[[529]],[[530]],[[531]],[[532]],[[533]],[[534]],[[535]],[[536]],[[537]],[[538]],[[539]],[[540]],[[541]],[[542]],[[543]],[[544]],[[545]],[[546]],[[547]],[[548]],[[549]],[[550]],[[551]],[[552]],[[553]],[[554]],[[555]],[[556]],[[557]],[[558]],[[559]],[[560]],[[561]],[[562]]],"type":"MultiPolygon","properties":{"grp":"IDN","a":"IDN","n":"马鲁古省"}},{"arcs":[[[563]],[[564]],[[565]],[[566]],[[567]],[[568]],[[569]],[[570]],[[571]],[[572]],[[573]],[[574]],[[575]],[[576]],[[577]],[[578]],[[579]],[[580]],[[581]],[[582]]],"type":"MultiPolygon","properties":{"grp":"IDN","a":"IDN","n":"北马鲁古省"}},{"arcs":[[[-365,583]],[[584]],[[585]],[[586]],[[587]]],"type":"MultiPolygon","properties":{"grp":"IDN","a":"IDN","n":"东爪哇省"}},{"arcs":[[[588]],[[589]],[[590]],[[591]],[[592]],[[593]],[[594]],[[595]]],"type":"MultiPolygon","properties":{"grp":"IDN","a":"IDN","n":"邦加-勿里洞省"}},{"arcs":[[[596]],[[597]],[[598]],[[599]],[[600]],[[601]],[[602]],[[603]],[[604]],[[605]],[[606]],[[607]],[[608]],[[609]],[[610]],[[611]],[[612]],[[613]],[[614]],[[615]],[[616]],[[617]],[[618]],[[619]],[[620]],[[621]],[[622]],[[623]],[[624]],[[625]],[[626]],[[627]]],"type":"MultiPolygon","properties":{"grp":"IDN","a":"IDN","n":"廖内群岛省"}},{"arcs":[[[628]],[[629]],[[630]],[[631]],[[632]],[[635,636]],[[637,638,639]],[[654,655,656,657]],[[662,663]],[[666,667,668,669]],[[694,695]],[[712,713]],[[714,715,716,717]],[[724,725,726,727]],[[740,741]],[[772,773,774,775]],[[778,779,780,781]],[[782,783]],[[790,791]],[[792,793]],[[856,857,858,859]],[[870,871,872,873]],[[878,879,880,881,882]],[[891,892]],[[905,906]],[[907,908,909,910]],[[911,912]],[[917,918]],[[919,920]],[[923,924,925]],[[930,931]],[[934,935]],[[940,941]],[[944,945]],[[946,947]],[[948,949]],[[952,953]],[[954,955]],[[964,965,966,967]],[[972,973,974]],[[975,976]],[[979,980]],[[981,982,983]],[[986,987,988]],[[991,992]],[[993,994,995,996]],[[997,998,999]],[[1000,1001,1002]],[[1003,1004]],[[1005,1006]],[[1009,1010]],[[1011,1012]],[[1013,1014]],[[1015,1016]],[[1021,1022]],[[1023,1024]],[[1039,1040]],[[1047,1048]],[[1055,1056]],[[1059,1060]],[[1065,1066]],[[1073,1074]],[[1079,1080]],[[1083,1084]],[[1095,1096,1097,1098]],[[1107,1108]],[[1123,1124]],[[1127,1128]],[[1143]],[[1180,1181]],[[1184,1185]],[[1186]],[[1203,1204]],[[1237,1238]],[[1239,1240,1241,1242,1243,1244]],[[1247,1248]]],"type":"MultiPolygon","properties":{"grp":"IDN","a":"IDN","n":"巴布亚省"}},{"arcs":[[[1255,1256,-774,1257,1258,1259,-638]],[[1260,1261]],[[1314,1315]],[[1326,1327]],[[1354,1355]],[[1356,1357]],[[1392,1393,1394,1395]],[[1500,1501]],[[1510,1511]],[[1514,1515]],[[1574,1575]],[[1584,1585]],[[1592,1593,1594,1595]],[[1602,1603]],[[1620,1621,1622,1623]],[[1680,1681]],[[1706,1707]],[[1728,1729]],[[1742,1743]],[[1746,1747]],[[1758,1759]],[[1760,1761]],[[1762,1763,1764,1765,1766,1767]],[[1770,1771]],[[1772,1773,1774,1775]],[[1780,1781]],[[1788,1789]],[[1790,1791]],[[1804,1805]],[[1824,1825]],[[1826,1827]],[[1832]],[[1837,1838]],[[1845,1846]],[[1857,1858]],[[1861,1862,1863,1864]],[[1873,1874]],[[1883]],[[1928,1929]],[[1930,1931]],[[1932]],[[1933]],[[1934]],[[1935]],[[1936,1937]],[[2000,2001,2002]],[[2077,2078,2079,2080]],[[2085,2086]],[[2099,2100]],[[2101,2102]],[[2109,2110]],[[2111,2112]],[[2115,2116]],[[2117,2118]],[[2121,2122]],[[2125,2126]],[[2129,2130]],[[2131,2132]],[[2135,2136]],[[2145,2146]],[[2157,2158]],[[2163,2164]],[[2171,2172]]],"type":"MultiPolygon","properties":{"grp":"IDN","a":"IDN","n":"西巴布亚省"}},{"arcs":[[[-388,-397,2173,2174,2175,-391]],[[2176]]],"type":"MultiPolygon","properties":{"grp":"IDN","a":"IDN","n":"东加里曼丹省"}},{"arcs":[[[-2175,2177,2178,2179]],[[2180]],[[2181]],[[2182]],[[2183]],[[2184]],[[2185]],[[2186]],[[2187]]],"type":"MultiPolygon","properties":{"grp":"IDN","a":"IDN","n":"北加里曼丹省"}},{"arcs":[[-367,2188]],"type":"Polygon","properties":{"grp":"IDN","a":"IDN","n":"日惹特区"}},{"arcs":[[-361,2189,-378]],"type":"Polygon","properties":{"grp":"IDN","a":"IDN","n":"雅加达"}},{"arcs":[[-297,-305,2190,2191,2192,2193]],"type":"Polygon","properties":{"grp":"PRK","a":"PRK","n":"慈江道"}},{"arcs":[[2194,2195,2196,2197,2198,2199]],"type":"Polygon","properties":{"grp":"PRK","a":"PRK","n":"江原道"}},{"arcs":[[[2200,2201]],[[2202,2203,2204,2205,2206]]],"type":"MultiPolygon","properties":{"grp":"PRK","a":"PRK","n":"南浦特别市"}},{"arcs":[[-303,2207,2208,2209]],"type":"Polygon","properties":{"grp":"PRK","a":"PRK","n":"咸镜北道"}},{"arcs":[[-2198,2210,2211,2212,-2204,2213,2214]],"type":"Polygon","properties":{"grp":"PRK","a":"PRK","n":"黄海北道"}},{"arcs":[[[-298,-2194,2215,2216]],[[2217]]],"type":"MultiPolygon","properties":{"grp":"PRK","a":"PRK","n":"平安北道"}},{"arcs":[[-2203,2224,-2214]],"type":"Polygon","properties":{"grp":"PRK","a":"PRK","n":"平壤"}},{"arcs":[[-304,-2210,2225,-2191]],"type":"Polygon","properties":{"grp":"PRK","a":"PRK","n":"两江道"}},{"arcs":[[[-2192,-2226,-2209,2226,-2200,2227]],[[2228]]],"type":"MultiPolygon","properties":{"grp":"PRK","a":"PRK","n":"咸镜南道"}},{"arcs":[[-2201,2229,-2205,-2213,2230]],"type":"Polygon","properties":{"grp":"PRK","a":"PRK","n":"黄海南道"}},{"arcs":[[-2193,-2228,-2199,-2215,-2225,-2207,2231,-2223,2232,-2221,2233,-2219,2234,-2216]],"type":"Polygon","properties":{"grp":"PRK","a":"PRK","n":"平安南道"}},{"arcs":[[-2196,2235,2236,2237,2238]],"type":"Polygon","properties":{"grp":"KOR","a":"KOR","n":"江原道"}},{"arcs":[[[-2197,-2239,2239,2240,2241,2242,2243,2244,2245,-2211]],[[2246]]],"type":"MultiPolygon","properties":{"grp":"KOR","a":"KOR","n":"京畿道"}},{"arcs":[[[-2241,2247,2248,2249,2250,2251,2252,2253,2254,2255,2256]],[[2257]]],"type":"MultiPolygon","properties":{"grp":"KOR","a":"KOR","n":"忠清南道"}},{"arcs":[[[-2243,2258]],[[2259]]],"type":"MultiPolygon","properties":{"grp":"KOR","a":"KOR","n":"仁川廣域市"}},{"arcs":[[[-2252,2260,2261,2262,2263,2264]],[[-2254,2265]]],"type":"MultiPolygon","properties":{"grp":"KOR","a":"KOR","n":"全罗北道"}},{"arcs":[[[-2264,2273,2274,-2272,2275,-2270,2276,-2268,2277],[2278]],[[2281]],[[2282]]],"type":"MultiPolygon","properties":{"grp":"KOR","a":"KOR","n":"全罗南道"}},{"arcs":[[[-2263,2283,2284,2285,2286,2287,-2280,2288,-2274]],[[2289]],[[2290]]],"type":"MultiPolygon","properties":{"grp":"KOR","a":"KOR","n":"庆尚南道"}},{"arcs":[[-2287,2291]],"type":"Polygon","properties":{"grp":"KOR","a":"KOR","n":"釜山"}},{"arcs":[[-2285,2292,2293]],"type":"Polygon","properties":{"grp":"KOR","a":"KOR","n":"蔚山广域市"}},{"arcs":[[[-2237,2294,-2293,-2284,-2262,2295],[2296]],[[2297]]],"type":"MultiPolygon","properties":{"grp":"KOR","a":"KOR","n":"庆尚北道"}},{"arcs":[[2298]],"type":"Polygon","properties":{"grp":"KOR","a":"KOR","n":"济州特别自治道"}},{"arcs":[[-2245,2299]],"type":"Polygon","properties":{"grp":"KOR","a":"KOR","n":"首尔"}},{"arcs":[[-2250,2300,2301]],"type":"Polygon","properties":{"grp":"KOR","a":"KOR","n":"大田广域市"}},{"arcs":[[-2249,2302,-2301]],"type":"Polygon","properties":{"grp":"KOR","a":"KOR","n":"世宗特別自治市"}},{"arcs":[[-2238,-2296,-2261,-2251,-2302,-2303,-2248,-2240]],"type":"Polygon","properties":{"grp":"KOR","a":"KOR","n":"忠清北道"}},{"arcs":[[-2279]],"type":"Polygon","properties":{"grp":"KOR","a":"KOR","n":"光州广域市"}},{"arcs":[[-2297]],"type":"Polygon","properties":{"grp":"KOR","a":"KOR","n":"大邱"}},{"arcs":[[2303,2304,2305,2306,2307]],"type":"Polygon","properties":{"grp":"SGP","a":"SGP","n":"中区"}},{"arcs":[[-2304,2308,2309]],"type":"Polygon","properties":{"grp":"SGP","a":"SGP","n":"东区"}},{"arcs":[[[-2308,2310,2311,-2309]],[[2312]]],"type":"MultiPolygon","properties":{"grp":"SGP","a":"SGP","n":"东北区"}},{"arcs":[[[-2307,2313,2314,-2311]],[[2317,2318]]],"type":"MultiPolygon","properties":{"grp":"SGP","a":"SGP","n":"北区"}},{"arcs":[[-2306,2319,-2318,2320,-2316,2321,-2314]],"type":"Polygon","properties":{"grp":"SGP","a":"SGP","n":"西区"}},{"arcs":[[2322,2323,2324,2325,2326,2327,2328,2329,2330,2331]],"type":"Polygon","properties":{"grp":"LAO","a":"LAO","n":"沙耶武里省"}},{"arcs":[[-75,2332,2333,2334,-123]],"type":"Polygon","properties":{"grp":"LAO","a":"LAO","n":"阿速坡省"}},{"arcs":[[-2330,2335,2336,2337,2338]],"type":"Polygon","properties":{"grp":"LAO","a":"LAO","n":"博胶省"}},{"arcs":[[2339,2340,2341,2342,2343,2344,2345,2346,2347,2348]],"type":"Polygon","properties":{"grp":"LAO","a":"LAO","n":"博利坎赛省"}},{"arcs":[[-81,-87,2349,2350,2351,-2333]],"type":"Polygon","properties":{"grp":"LAO","a":"LAO","n":"占巴塞省"}},{"arcs":[[2352,2353,2354,2355,2356]],"type":"Polygon","properties":{"grp":"LAO","a":"LAO","n":"华潘省"}},{"arcs":[[-2348,2357,2358,2359,2360]],"type":"Polygon","properties":{"grp":"LAO","a":"LAO","n":"甘蒙省"}},{"arcs":[[-190,2361,-2338,2362]],"type":"Polygon","properties":{"grp":"LAO","a":"LAO","n":"琅南塔省"}},{"arcs":[[-2332,2363,2364,2365,2366,-2354,2367,2368,2369]],"type":"Polygon","properties":{"grp":"LAO","a":"LAO","n":"琅勃拉邦省"}},{"arcs":[[-189,2370,-2364,-2331,-2339,-2362]],"type":"Polygon","properties":{"grp":"LAO","a":"LAO","n":"乌多姆塞省"}},{"arcs":[[-188,2371,-2365,-2371]],"type":"Polygon","properties":{"grp":"LAO","a":"LAO","n":"丰沙里省"}},{"arcs":[[-2351,2372,2373,2374,2375,2376]],"type":"Polygon","properties":{"grp":"LAO","a":"LAO","n":"沙拉湾省"}},{"arcs":[[-2360,2377,-2374,2378,2379,2380,2381]],"type":"Polygon","properties":{"grp":"LAO","a":"LAO","n":"沙湾拿吉省"}},{"arcs":[[-2342,2382,2383,2384]],"type":"Polygon","properties":{"grp":"LAO","a":"LAO","n":"永珍地区"}},{"arcs":[[-2323,-2370,2385,-2343,-2385,2386]],"type":"Polygon","properties":{"grp":"LAO","a":"LAO","n":"万象省"}},{"arcs":[[-2344,-2386,-2369,2387]],"type":"Polygon","properties":{"grp":"LAO","a":"LAO","n":"赛宋本省"}},{"arcs":[[-2334,-2352,-2377,2388,2389,2390]],"type":"Polygon","properties":{"grp":"LAO","a":"LAO","n":"塞公省"}},{"arcs":[[-2345,-2388,-2368,-2353,2391]],"type":"Polygon","properties":{"grp":"LAO","a":"LAO","n":"川圹省"}},{"arcs":[[2392,2393,2394,2395]],"type":"Polygon","properties":{"grp":"MNG","a":"MNG","n":"乌布苏省"}},{"arcs":[[-311,2398,-2394,2399,2400]],"type":"Polygon","properties":{"grp":"MNG","a":"MNG","n":"科布多省"}},{"arcs":[[-2393,2401,2402,2403,2404,2405,-2400]],"type":"Polygon","properties":{"grp":"MNG","a":"MNG","n":"扎布汗省"}},{"arcs":[[2406,2407,2408,2409,2410,2411,2412,2413]],"type":"Polygon","properties":{"grp":"MNG","a":"MNG","n":"布尔干省"}},{"arcs":[[-317,2414,2415,2416,2417,2418]],"type":"Polygon","properties":{"grp":"MNG","a":"MNG","n":"东戈壁省"}},{"arcs":[[[2419]],[[2420,2421]],[[2422]]],"type":"MultiPolygon","properties":{"grp":"MNG","a":"MNG","n":"乌兰巴托"}},{"arcs":[[-2417,2423,2424,2425]],"type":"Polygon","properties":{"grp":"MNG","a":"MNG","n":"戈壁苏木贝尔省"}},{"arcs":[[-318,-2419,2426,2427]],"type":"Polygon","properties":{"grp":"MNG","a":"MNG","n":"苏赫巴托尔省"}},{"arcs":[[-312,-2401,-2406,2428,-314]],"type":"Polygon","properties":{"grp":"MNG","a":"MNG","n":"戈壁阿尔泰省"}},{"arcs":[[-2409,2429]],"type":"Polygon","properties":{"grp":"MNG","a":"MNG","n":"鄂尔浑省"}},{"arcs":[[-2404,2430,-2413,2431,2432]],"type":"Polygon","properties":{"grp":"MNG","a":"MNG","n":"后杭爱省"}},{"arcs":[[-315,-2429,-2405,-2433,2433,2434]],"type":"Polygon","properties":{"grp":"MNG","a":"MNG","n":"巴彦洪戈尔省"}},{"arcs":[[-2416,2435,2436,2437,-2424]],"type":"Polygon","properties":{"grp":"MNG","a":"MNG","n":"中戈壁省"}},{"arcs":[[-316,-2435,2438,-2436,-2415]],"type":"Polygon","properties":{"grp":"MNG","a":"MNG","n":"南戈壁省"}},{"arcs":[[-2412,2439,-2437,-2439,-2434,-2432]],"type":"Polygon","properties":{"grp":"MNG","a":"MNG","n":"前杭爱省"}},{"arcs":[[-2411,2440,2441,-2422,2442,-2425,-2438,-2440],[-2420],[-2423]],"type":"Polygon","properties":{"grp":"MNG","a":"MNG","n":"中央省"}},{"arcs":[[-319,-2428,2443,2444]],"type":"Polygon","properties":{"grp":"MNG","a":"MNG","n":"东方省"}},{"arcs":[[-2408,2445,2446,-2441,-2410,-2430],[2447]],"type":"Polygon","properties":{"grp":"MNG","a":"MNG","n":"色楞格省"}},{"arcs":[[-2403,2448,-2414,-2431]],"type":"Polygon","properties":{"grp":"MNG","a":"MNG","n":"库苏古尔省"}},{"arcs":[[-310,2449,-2397,2450,-2395,-2399]],"type":"Polygon","properties":{"grp":"MNG","a":"MNG","n":"巴彦乌列盖省"}},{"arcs":[[-2448]],"type":"Polygon","properties":{"grp":"MNG","a":"MNG","n":"达尔汗乌勒省"}},{"arcs":[[-2418,-2426,-2443,-2421,-2442,-2447,2451,-2444,-2427]],"type":"Polygon","properties":{"grp":"MNG","a":"MNG","n":"肯特省"}},{"arcs":[[[2452]],[[2453,2454,2455,2456],[2457],[2458]]],"type":"MultiPolygon","properties":{"grp":"MYS","a":"MYS","n":"雪兰莪"}},{"arcs":[[[2459]],[[2460,2461,2462,2463]],[[2464]]],"type":"MultiPolygon","properties":{"grp":"MYS","a":"MYS","n":"柔佛州"}},{"arcs":[[-2458]],"type":"Polygon","properties":{"grp":"MYS","a":"MYS","n":"吉隆坡"}},{"arcs":[[-2461,2465,2466]],"type":"Polygon","properties":{"grp":"MYS","a":"MYS","n":"马六甲"}},{"arcs":[[-2455,2467,-2462,-2467,2468]],"type":"Polygon","properties":{"grp":"MYS","a":"MYS","n":"森美兰"}},{"arcs":[[[-2179,2469,2470]],[[2471]],[[2472]],[[2473]],[[2474]],[[2475]],[[2476]],[[2477]]],"type":"MultiPolygon","properties":{"grp":"MYS","a":"MYS","n":"沙巴"}},{"arcs":[[[-66,-70,-72,2478,-74,2479,-2470,-2178,-2174,-396,2480]],[[2481]]],"type":"MultiPolygon","properties":{"grp":"MYS","a":"MYS","n":"砂拉越"}},{"arcs":[[2482,2483,2484,2485,2486]],"type":"Polygon","properties":{"grp":"MYS","a":"MYS","n":"吉兰丹"}},{"arcs":[[-2459]],"type":"Polygon","properties":{"grp":"MYS","a":"MYS","n":"布城"}},{"arcs":[[[-2484,2487,2488]],[[2489]]],"type":"MultiPolygon","properties":{"grp":"MYS","a":"MYS","n":"登嘉楼"}},{"arcs":[[-2454,2490,-2485,-2489,2491,-2463,-2468]],"type":"Polygon","properties":{"grp":"MYS","a":"MYS","n":"彭亨"}},{"arcs":[[[2492]],[[2493]],[[2494,2495,2496,2497,2498,2499]]],"type":"MultiPolygon","properties":{"grp":"MYS","a":"MYS","n":"吉打"}},{"arcs":[[-2498,2500,2501,2502]],"type":"Polygon","properties":{"grp":"MYS","a":"MYS","n":"玻璃市"}},{"arcs":[[-2457,2503,2504,-2495,2505,2506,-2486,-2491]],"type":"Polygon","properties":{"grp":"MYS","a":"MYS","n":"霹雳州"}},{"arcs":[[[-2496,-2505,2507]],[[2508]]],"type":"MultiPolygon","properties":{"grp":"MYS","a":"MYS","n":"槟城"}},{"arcs":[[2509]],"type":"Polygon","properties":{"grp":"MYS","a":"MYS","n":"纳闽"}},{"arcs":[[2510]],"type":"Polygon","properties":{"grp":"MDV","a":"MDV","n":"哈阿利夫环礁"}},{"arcs":[[2511]],"type":"Polygon","properties":{"grp":"MDV","a":"MDV","n":"哈阿达卢环礁"}},{"arcs":[[2512]],"type":"Polygon","properties":{"grp":"MDV","a":"MDV","n":"沙维亚尼环礁"}},{"arcs":[[2513]],"type":"Polygon","properties":{"grp":"MDV","a":"MDV","n":"拉维亚尼环礁"}},{"arcs":[[2514]],"type":"Polygon","properties":{"grp":"MDV","a":"MDV","n":"拉环礁"}},{"arcs":[[2515]],"type":"Polygon","properties":{"grp":"MDV","a":"MDV","n":"巴环礁"}},{"arcs":[[2516]],"type":"Polygon","properties":{"grp":"MDV","a":"MDV","n":"阿利夫阿利夫环礁"}},{"arcs":[[2517]],"type":"Polygon","properties":{"grp":"MDV","a":"MDV","n":"达卢环礁"}},{"arcs":[[2518]],"type":"Polygon","properties":{"grp":"MDV","a":"MDV","n":"法夫环礁"}},{"arcs":[[2519]],"type":"Polygon","properties":{"grp":"MDV","a":"MDV","n":"塔环礁"}},{"arcs":[[2520]],"type":"Polygon","properties":{"grp":"MDV","a":"MDV","n":"阿杜环礁"}},{"arcs":[[2521]],"type":"Polygon","properties":{"grp":"MDV","a":"MDV","n":"卡夫环礁"}},{"arcs":[[2522]],"type":"Polygon","properties":{"grp":"MDV","a":"MDV","n":"瓦维环礁"}},{"arcs":[[2523]],"type":"Polygon","properties":{"grp":"MHL","a":"MHL","n":"夸贾林"}},{"arcs":[[2524]],"type":"Polygon","properties":{"grp":"MHL","a":"MHL","n":"基利"}},{"arcs":[[2525]],"type":"Polygon","properties":{"grp":"MHL","a":"MHL","n":"利基埃普"}},{"arcs":[[2526]],"type":"Polygon","properties":{"grp":"MHL","a":"MHL","n":"纳穆"}},{"arcs":[[2527]],"type":"Polygon","properties":{"grp":"MHL","a":"MHL","n":"艾林拉普拉普"}},{"arcs":[[2528]],"type":"Polygon","properties":{"grp":"MHL","a":"MHL","n":"艾卢克"}},{"arcs":[[2529]],"type":"Polygon","properties":{"grp":"MHL","a":"MHL","n":"阿尔诺"}},{"arcs":[[2530]],"type":"Polygon","properties":{"grp":"MHL","a":"MHL","n":"奥尔"}},{"arcs":[[2531]],"type":"Polygon","properties":{"grp":"MHL","a":"MHL","n":"埃邦"}},{"arcs":[[2532]],"type":"Polygon","properties":{"grp":"MHL","a":"MHL","n":"埃尼威托克"}},{"arcs":[[2533]],"type":"Polygon","properties":{"grp":"MHL","a":"MHL","n":"贾巴特"}},{"arcs":[[2534]],"type":"Polygon","properties":{"grp":"MHL","a":"MHL","n":"拉埃"}},{"arcs":[[2535]],"type":"Polygon","properties":{"grp":"MHL","a":"MHL","n":"马朱罗"}},{"arcs":[[2536]],"type":"Polygon","properties":{"grp":"MHL","a":"MHL","n":"梅吉特"}},{"arcs":[[2537]],"type":"Polygon","properties":{"grp":"MHL","a":"MHL","n":"纳姆德里克"}},{"arcs":[[2538]],"type":"Polygon","properties":{"grp":"MHL","a":"MHL","n":"乌贾埃"}},{"arcs":[[2539]],"type":"Polygon","properties":{"grp":"MHL","a":"MHL","n":"乌蒂里克"}},{"arcs":[[2540]],"type":"Polygon","properties":{"grp":"MHL","a":"MHL","n":"沃托"}},{"arcs":[[2541]],"type":"Polygon","properties":{"grp":"MHL","a":"MHL","n":"贾卢伊特"}},{"arcs":[[2542]],"type":"Polygon","properties":{"grp":"MHL","a":"MHL","n":"米利"}},{"arcs":[[2543]],"type":"Polygon","properties":{"grp":"MHL","a":"MHL","n":"马洛埃拉普"}},{"arcs":[[2544]],"type":"Polygon","properties":{"grp":"MHL","a":"MHL","n":"沃特杰"}},{"arcs":[[2545]],"type":"Polygon","properties":{"grp":"FSM","a":"FSM","n":"雅浦州"}},{"arcs":[[[2546]],[[2547]],[[2548]]],"type":"MultiPolygon","properties":{"grp":"FSM","a":"FSM","n":"丘克州"}},{"arcs":[[2549]],"type":"Polygon","properties":{"grp":"FSM","a":"FSM","n":"波纳佩州"}},{"arcs":[[2550]],"type":"Polygon","properties":{"grp":"FSM","a":"FSM","n":"科斯雷州"}},{"arcs":[[2551,2552,2553,2554,2555]],"type":"Polygon","properties":{"grp":"PLW","a":"PLW","n":"艾梅利克州"}},{"arcs":[[-2555,2558,2559,2560]],"type":"Polygon","properties":{"grp":"PLW","a":"PLW","n":"艾拉伊州"}},{"arcs":[[2561]],"type":"Polygon","properties":{"grp":"PLW","a":"PLW","n":"安加尔州"}},{"arcs":[[2562]],"type":"Polygon","properties":{"grp":"PLW","a":"PLW","n":"哈托博海伊州"}},{"arcs":[[2563]],"type":"Polygon","properties":{"grp":"PLW","a":"PLW","n":"科罗尔州"}},{"arcs":[[2564,2565,2566,2567]],"type":"Polygon","properties":{"grp":"PLW","a":"PLW","n":"梅莱凯奥克州"}},{"arcs":[[2568,2569,2570,2571,2572]],"type":"Polygon","properties":{"grp":"PLW","a":"PLW","n":"雅拉尔德州"}},{"arcs":[[-2569,2573]],"type":"Polygon","properties":{"grp":"PLW","a":"PLW","n":"雅切隆州"}},{"arcs":[[-2572,2574,2575,2576]],"type":"Polygon","properties":{"grp":"PLW","a":"PLW","n":"雅德马乌州"}},{"arcs":[[-2568,2577,2578,2579,-2576,2580]],"type":"Polygon","properties":{"grp":"PLW","a":"PLW","n":"埃雷姆伦维州"}},{"arcs":[[-2554,2582,-2579,2583,-2559]],"type":"Polygon","properties":{"grp":"PLW","a":"PLW","n":"雅庞州"}},{"arcs":[[-2560,-2584,-2578,-2567,2585]],"type":"Polygon","properties":{"grp":"PLW","a":"PLW","n":"恩切萨尔州"}},{"arcs":[[-2565,-2581,-2575,-2571,2586]],"type":"Polygon","properties":{"grp":"PLW","a":"PLW","n":"宜瓦尔州"}},{"arcs":[[2587]],"type":"Polygon","properties":{"grp":"PLW","a":"PLW","n":"佩莱利乌州"}},{"arcs":[[2588]],"type":"Polygon","properties":{"grp":"PLW","a":"PLW","n":"松索罗尔州"}},{"arcs":[[2589]],"type":"Polygon","properties":{"grp":"PLW","a":"PLW","n":"卡扬埃尔州"}},{"arcs":[[[2590]],[[2591]]],"type":"MultiPolygon","properties":{"grp":"PNG","a":"PNG","n":"布干维尔自治区"}},{"arcs":[[2592,2593,2594,2595,2596,2597,2598]],"type":"Polygon","properties":{"grp":"PNG","a":"PNG","n":"中央省"}},{"arcs":[[2599,2600,2601,2602,2603]],"type":"Polygon","properties":{"grp":"PNG","a":"PNG","n":"钦布省"}},{"arcs":[[2604,2605]],"type":"Polygon","properties":{"grp":"PNG","a":"PNG","n":"东新不列颠省"}},{"arcs":[[2606,2607,2608,2609,2610]],"type":"Polygon","properties":{"grp":"PNG","a":"PNG","n":"东塞皮克省"}},{"arcs":[[-2601,2611,2612,2613]],"type":"Polygon","properties":{"grp":"PNG","a":"PNG","n":"东高地省"}},{"arcs":[[-2608,2614,2615,2616,2617]],"type":"Polygon","properties":{"grp":"PNG","a":"PNG","n":"恩加省"}},{"arcs":[[[-2599,2618,2619,2620,-2602,-2614,2621]],[[2622]],[[2623]],[[2624]],[[2625]],[[2626]],[[2627]],[[2628]],[[2629]],[[2630]],[[2631]],[[2632]],[[2633]],[[2634]],[[2635]],[[2636]],[[2637]],[[2638]],[[2639]],[[2640]],[[2641]],[[2642]],[[2643]],[[2644]],[[2645]],[[2646]],[[2647]],[[2648]],[[2649]],[[2650]],[[2651]],[[2652]],[[2653]]],"type":"MultiPolygon","properties":{"grp":"PNG","a":"PNG","n":"海湾省"}},{"arcs":[[-2609,-2618,2654,2655,2656]],"type":"Polygon","properties":{"grp":"PNG","a":"PNG","n":"赫拉省"}},{"arcs":[[-2604,2657,2658,2659]],"type":"Polygon","properties":{"grp":"PNG","a":"PNG","n":"吉瓦卡省"}},{"arcs":[[[-2600,-2660,2660,-2615,-2607,2661,2662,-2612]],[[2663]],[[2664]],[[2665]],[[2666]]],"type":"MultiPolygon","properties":{"grp":"PNG","a":"PNG","n":"马当省"}},{"arcs":[[[2667]],[[2668]],[[2669]]],"type":"MultiPolygon","properties":{"grp":"PNG","a":"PNG","n":"马努斯省"}},{"arcs":[[[-2595,2670,2671]],[[2672]],[[2673]],[[2674]],[[2675]],[[2676]],[[2677]],[[2678]],[[2679]],[[2680]],[[2681]],[[2682]],[[2683]]],"type":"MultiPolygon","properties":{"grp":"PNG","a":"PNG","n":"米尔恩湾省"}},{"arcs":[[[-2593,-2622,-2613,-2663,2684,2685]],[[2686]],[[2687]],[[2688]]],"type":"MultiPolygon","properties":{"grp":"PNG","a":"PNG","n":"莫雷贝省"}},{"arcs":[[-2597,2689]],"type":"Polygon","properties":{"grp":"PNG","a":"PNG","n":"莫尔兹比港"}},{"arcs":[[[2690]],[[2691]],[[2692]],[[2693]],[[2694]],[[2695]],[[2696]],[[2697]],[[2698]],[[2699]],[[2700]]],"type":"MultiPolygon","properties":{"grp":"PNG","a":"PNG","n":"新爱尔兰省"}},{"arcs":[[-2594,-2686,2701,-2671]],"type":"Polygon","properties":{"grp":"PNG","a":"PNG","n":"北部省"}},{"arcs":[[-2603,-2621,2702,-2655,-2617,2703,-2658]],"type":"Polygon","properties":{"grp":"PNG","a":"PNG","n":"南高地省"}},{"arcs":[[[-2605,2704]],[[2705]],[[2706]]],"type":"MultiPolygon","properties":{"grp":"PNG","a":"PNG","n":"西新不列颠省"}},{"arcs":[[-2610,-2657,2707,2708]],"type":"Polygon","properties":{"grp":"PNG","a":"PNG","n":"桑道恩省"}},{"arcs":[[-2616,-2661,-2659,-2704]],"type":"Polygon","properties":{"grp":"PNG","a":"PNG","n":"西高地省"}},{"arcs":[[[2709,-1242,2710,-2708,-2656,-2703,-2620,2711,-1002,2712,2713,-999,2714,2715,-989,2716,2717,-984,2718,2719,-975]],[[2720]],[[2721]],[[2722]],[[2723]],[[2724]],[[2725]]],"type":"MultiPolygon","properties":{"grp":"PNG","a":"PNG","n":"西部省"}},{"arcs":[[2726,2727,2728,2729,2730,2731]],"type":"Polygon","properties":{"grp":"TWN","a":"TWN","n":"新竹县"}},{"arcs":[[-2730,2732,2733,2734]],"type":"Polygon","properties":{"grp":"TWN","a":"TWN","n":"苗栗县"}},{"arcs":[[2735]],"type":"Polygon","properties":{"grp":"TWN","a":"TWN","n":"连江县（马祖）"}},{"arcs":[[[2736]],[[2737]]],"type":"MultiPolygon","properties":{"grp":"TWN","a":"TWN","n":"金门县"}},{"arcs":[[2738,2739,2740,2741,2742],[2743]],"type":"Polygon","properties":{"grp":"TWN","a":"TWN","n":"嘉义县"}},{"arcs":[[-2728,2744,2745,2746,2747,2748]],"type":"Polygon","properties":{"grp":"TWN","a":"TWN","n":"宜兰县"}},{"arcs":[[-2740,2749,2750,2751,2752,2753]],"type":"Polygon","properties":{"grp":"TWN","a":"TWN","n":"南投县"}},{"arcs":[[-2751,2754,2755,2756,2757,2758]],"type":"Polygon","properties":{"grp":"TWN","a":"TWN","n":"彰化县"}},{"arcs":[[2759,2760,2761]],"type":"Polygon","properties":{"grp":"TWN","a":"TWN","n":"屏东县"}},{"arcs":[[[-2760,2762,2763,2764]],[[2765]],[[2766]]],"type":"MultiPolygon","properties":{"grp":"TWN","a":"TWN","n":"台东县"}},{"arcs":[[-2748,2767,-2764,2768,-2753,2769]],"type":"Polygon","properties":{"grp":"TWN","a":"TWN","n":"花莲县"}},{"arcs":[[2770]],"type":"Polygon","properties":{"grp":"TWN","a":"TWN","n":"澎湖县"}},{"arcs":[[-2739,2771,-2755,-2750]],"type":"Polygon","properties":{"grp":"TWN","a":"TWN","n":"云林县"}},{"arcs":[[-2744]],"type":"Polygon","properties":{"grp":"TWN","a":"TWN","n":"嘉义市"}},{"arcs":[[-2731,-2735,2772]],"type":"Polygon","properties":{"grp":"TWN","a":"TWN","n":"新竹市"}},{"arcs":[[2773,2774]],"type":"Polygon","properties":{"grp":"TWN","a":"TWN","n":"基隆市"}},{"arcs":[[-2729,-2749,-2770,-2752,-2759,2775,-2733]],"type":"Polygon","properties":{"grp":"TWN","a":"TWN","n":"台中市"}},{"arcs":[[-2727,2777,2778,-2745]],"type":"Polygon","properties":{"grp":"TWN","a":"TWN","n":"桃园市"}},{"arcs":[[-2746,-2779,2779,-2774,2780],[2781]],"type":"Polygon","properties":{"grp":"TWN","a":"TWN","n":"新北市"}},{"arcs":[[-2742,2782,2783]],"type":"Polygon","properties":{"grp":"TWN","a":"TWN","n":"台南市"}},{"arcs":[[-2782]],"type":"Polygon","properties":{"grp":"TWN","a":"TWN","n":"台北市"}},{"arcs":[[-2741,-2754,-2769,-2763,-2762,2784,-2783]],"type":"Polygon","properties":{"grp":"TWN","a":"TWN","n":"高雄市"}},{"arcs":[[2785,2786,2787,2788,2789,2790]],"type":"Polygon","properties":{"grp":"THA","a":"THA","n":"黎逸府"}},{"arcs":[[-2328,2791,2792,2793,2794]],"type":"Polygon","properties":{"grp":"THA","a":"THA","n":"帕尧府"}},{"arcs":[[2795,2796,2797,2798,2799,2800,2801,2802]],"type":"Polygon","properties":{"grp":"THA","a":"THA","n":"那空沙旺府"}},{"arcs":[[2803,2804,2805]],"type":"Polygon","properties":{"grp":"THA","a":"THA","n":"农磨兰普府"}},{"arcs":[[2806,2807,2808,2809,2810,2811,2812,2813,2814]],"type":"Polygon","properties":{"grp":"THA","a":"THA","n":"差春骚府"}},{"arcs":[[-141,2815,2816,-2790,2817]],"type":"Polygon","properties":{"grp":"THA","a":"THA","n":"素林府"}},{"arcs":[[2818,2819,2820,2821,2822,2823,2824,2825]],"type":"Polygon","properties":{"grp":"THA","a":"THA","n":"那空叻差是玛府"}},{"arcs":[[2826,2827,2828,2829,2830,2831]],"type":"Polygon","properties":{"grp":"THA","a":"THA","n":"素可泰府"}},{"arcs":[[2832,2833,2834,2835,2836]],"type":"Polygon","properties":{"grp":"THA","a":"THA","n":"佛丕府"}},{"arcs":[[-2820,2837,2838]],"type":"Polygon","properties":{"grp":"THA","a":"THA","n":"猜也蓬府"}},{"arcs":[[-2798,2839,2840,2841,2842,-2838,2843]],"type":"Polygon","properties":{"grp":"THA","a":"THA","n":"碧差汶府"}},{"arcs":[[[2844]],[[2845,2846,2847,2848,2849,2850]],[[2851]],[[2852]]],"type":"MultiPolygon","properties":{"grp":"THA","a":"THA","n":"素叻府"}},{"arcs":[[-85,-142,-2818,-2789,2853,2854]],"type":"Polygon","properties":{"grp":"THA","a":"THA","n":"四色菊府"}},{"arcs":[[-2341,2855,2856,2857,2858,-2383]],"type":"Polygon","properties":{"grp":"THA","a":"THA","n":"廊开府"}},{"arcs":[[-2808,2859,2860,2861,2862,2863,2864]],"type":"Polygon","properties":{"grp":"THA","a":"THA","n":"曼谷"}},{"arcs":[[-2805,2865,2866,2867,2868,-2821,-2839,-2843,2869]],"type":"Polygon","properties":{"grp":"THA","a":"THA","n":"孔敬府"}},{"arcs":[[-2324,-2387,-2384,-2859,2870,-2806,-2870,-2842,2871]],"type":"Polygon","properties":{"grp":"THA","a":"THA","n":"黎府"}},{"arcs":[[-2826,2872,2873,2874,2875]],"type":"Polygon","properties":{"grp":"THA","a":"THA","n":"北标府"}},{"arcs":[[-2802,2876,2877,2878,2879]],"type":"Polygon","properties":{"grp":"THA","a":"THA","n":"乌泰他尼府"}},{"arcs":[[-2847,2880,2881,2882,2883]],"type":"Polygon","properties":{"grp":"THA","a":"THA","n":"春蓬府"}},{"arcs":[[-2786,2884,-2867,2885,2886,2887]],"type":"Polygon","properties":{"grp":"THA","a":"THA","n":"加拉信府"}},{"arcs":[[-2325,-2872,-2841,2888,2889,-2830,2890]],"type":"Polygon","properties":{"grp":"THA","a":"THA","n":"彭世洛府"}},{"arcs":[[-2846,2891,2892,2893,-2881]],"type":"Polygon","properties":{"grp":"THA","a":"THA","n":"拉廊府"}},{"arcs":[[-2804,-2871,-2858,2894,-2886,-2866]],"type":"Polygon","properties":{"grp":"THA","a":"THA","n":"乌隆府"}},{"arcs":[[-2857,2895,2896,2897,-2887,-2895]],"type":"Polygon","properties":{"grp":"THA","a":"THA","n":"沙功那空府"}},{"arcs":[[-2329,-2795,2898,2899,2900,-2336]],"type":"Polygon","properties":{"grp":"THA","a":"THA","n":"清莱府"}},{"arcs":[[-2803,-2880,2901,2902,2903,2904,2905,2906,-2832,2907]],"type":"Polygon","properties":{"grp":"THA","a":"THA","n":"达府"}},{"arcs":[[-2863,2908,2909,2910,2911,2912,2913]],"type":"Polygon","properties":{"grp":"THA","a":"THA","n":"佛统府"}},{"arcs":[[-2906,2914,2915]],"type":"Polygon","properties":{"grp":"THA","a":"THA","n":"南奔府"}},{"arcs":[[[-99,2916,2917,-131,-163,-120]],[[2918]],[[2919]]],"type":"MultiPolygon","properties":{"grp":"THA","a":"THA","n":"达叻府"}},{"arcs":[[-2833,2920,2921,-2910,2922,2923]],"type":"Polygon","properties":{"grp":"THA","a":"THA","n":"叻武里府"}},{"arcs":[[-2788,2924,2925,2926,-2854]],"type":"Polygon","properties":{"grp":"THA","a":"THA","n":"益梭通府"}},{"arcs":[[-2793,2927,2928,-2828,2929]],"type":"Polygon","properties":{"grp":"THA","a":"THA","n":"帕府"}},{"arcs":[[-2500,2930,2931,2932,-2506]],"type":"Polygon","properties":{"grp":"THA","a":"THA","n":"也拉府"}},{"arcs":[[-2326,-2891,-2829,-2929,2933]],"type":"Polygon","properties":{"grp":"THA","a":"THA","n":"程逸府"}},{"arcs":[[-137,2934,-2822,-2869,2935,-2816,-140]],"type":"Polygon","properties":{"grp":"THA","a":"THA","n":"武里南府"}},{"arcs":[[-2796,-2908,-2831,-2890,2936]],"type":"Polygon","properties":{"grp":"THA","a":"THA","n":"甘烹碧府"}},{"arcs":[[-2794,-2930,-2827,-2907,-2916,2937,-2899]],"type":"Polygon","properties":{"grp":"THA","a":"THA","n":"南邦府"}},{"arcs":[[-2864,-2914,2938,2939]],"type":"Polygon","properties":{"grp":"THA","a":"THA","n":"暖武里府"}},{"arcs":[[-2340,2940,-2896,-2856]],"type":"Polygon","properties":{"grp":"THA","a":"THA","n":"汶干府"}},{"arcs":[[-2487,-2507,-2933,2941,2942]],"type":"Polygon","properties":{"grp":"THA","a":"THA","n":"那拉提瓦府"}},{"arcs":[[-86,-2855,-2927,2943,-2379,-2373,-2350]],"type":"Polygon","properties":{"grp":"THA","a":"THA","n":"乌汶府"}},{"arcs":[[-2836,2944,-2883,2945]],"type":"Polygon","properties":{"grp":"THA","a":"THA","n":"巴蜀府"}},{"arcs":[[[-2499,-2503,2946,2947,2948,2949,2950,-2931]],[[2951,2952,2953,2954,2955]]],"type":"MultiPolygon","properties":{"grp":"THA","a":"THA","n":"宋卡府"}},{"arcs":[[2956]],"type":"Polygon","properties":{"grp":"THA","a":"THA","n":"普吉府"}},{"arcs":[[2957,2958,2959,2960]],"type":"Polygon","properties":{"grp":"THA","a":"THA","n":"红统府"}},{"arcs":[[-2791,-2817,-2936,-2868,-2885]],"type":"Polygon","properties":{"grp":"THA","a":"THA","n":"马哈沙拉堪府"}},{"arcs":[[[-2948,2961,2962,2963,2964,2965]],[[2966]]],"type":"MultiPolygon","properties":{"grp":"THA","a":"THA","n":"董里府"}},{"arcs":[[-2878,2967,2968,-2961,2969,-2912,2970]],"type":"Polygon","properties":{"grp":"THA","a":"THA","n":"素攀府"}},{"arcs":[[-2800,2971,-2958,-2969,2972]],"type":"Polygon","properties":{"grp":"THA","a":"THA","n":"信武里府"}},{"arcs":[[-2834,-2924,2973,2974]],"type":"Polygon","properties":{"grp":"THA","a":"THA","n":"沙没颂堪府"}},{"arcs":[[2975,2976,2977,2978,2979]],"type":"Polygon","properties":{"grp":"THA","a":"THA","n":"罗勇府"}},{"arcs":[[-2811,2980,-2824,2981]],"type":"Polygon","properties":{"grp":"THA","a":"THA","n":"巴真府"}},{"arcs":[[-2875,2982,-2939,-2913,-2970,-2960,2983]],"type":"Polygon","properties":{"grp":"THA","a":"THA","n":"大城府"}},{"arcs":[[-2797,-2937,-2889,-2840]],"type":"Polygon","properties":{"grp":"THA","a":"THA","n":"披集府"}},{"arcs":[[-2949,-2966,2984,-2954,2985]],"type":"Polygon","properties":{"grp":"THA","a":"THA","n":"博他仑府"}},{"arcs":[[[-2851,2987,2988,2989,2990,-2892]],[[2991]],[[2992]],[[2993]]],"type":"MultiPolygon","properties":{"grp":"THA","a":"THA","n":"攀牙府"}},{"arcs":[[-2932,-2951,2994,-2942]],"type":"Polygon","properties":{"grp":"THA","a":"THA","n":"北大年府"}},{"arcs":[[-2809,-2865,-2940,-2983,-2874,2995]],"type":"Polygon","properties":{"grp":"THA","a":"THA","n":"巴吞他尼府"}},{"arcs":[[-2849,2996,-2955,-2985,-2965,2997]],"type":"Polygon","properties":{"grp":"THA","a":"THA","n":"那空是贪玛叻府"}},{"arcs":[[-2810,-2996,-2873,-2825,-2981]],"type":"Polygon","properties":{"grp":"THA","a":"THA","n":"那空那育府"}},{"arcs":[[-2381,2998,-2925,-2787,-2888,-2898,2999]],"type":"Polygon","properties":{"grp":"THA","a":"THA","n":"穆达汉府"}},{"arcs":[[-2799,-2844,-2819,-2876,-2984,-2959,-2972]],"type":"Polygon","properties":{"grp":"THA","a":"THA","n":"华富里府"}},{"arcs":[[[-2850,-2998,-2964,3000,-2988]],[[3002]],[[3003]]],"type":"MultiPolygon","properties":{"grp":"THA","a":"THA","n":"甲米府"}},{"arcs":[[-2814,3004,-2980,3005]],"type":"Polygon","properties":{"grp":"THA","a":"THA","n":"春武里府"}},{"arcs":[[-2900,-2938,-2915,-2905,3006,3007]],"type":"Polygon","properties":{"grp":"THA","a":"THA","n":"清迈府"}},{"arcs":[[-2801,-2973,-2968,-2877]],"type":"Polygon","properties":{"grp":"THA","a":"THA","n":"猜纳府"}},{"arcs":[[-2380,-2944,-2926,-2999]],"type":"Polygon","properties":{"grp":"THA","a":"THA","n":"安纳乍伦府"}},{"arcs":[[-2862,3008,-2974,-2923,-2909]],"type":"Polygon","properties":{"grp":"THA","a":"THA","n":"沙没沙空府"}},{"arcs":[[-2807,3009,-2860]],"type":"Polygon","properties":{"grp":"THA","a":"THA","n":"沙没巴干府"}},{"arcs":[[-2327,-2934,-2928,-2792]],"type":"Polygon","properties":{"grp":"THA","a":"THA","n":"难府"}},{"arcs":[[-132,-2918,3010,-2976,-3005,-2813,3011,-164]],"type":"Polygon","properties":{"grp":"THA","a":"THA","n":"庄他武里府"}},{"arcs":[[-2349,-2361,-2382,-3000,-2897,-2941]],"type":"Polygon","properties":{"grp":"THA","a":"THA","n":"那空拍侬府"}},{"arcs":[[-2879,-2971,-2911,-2922,3013,3014,3015,-2902]],"type":"Polygon","properties":{"grp":"THA","a":"THA","n":"北碧府"}},{"arcs":[[-2904,3016,3017,3018,-3007]],"type":"Polygon","properties":{"grp":"THA","a":"THA","n":"夜丰颂府"}},{"arcs":[[-136,-165,-3012,-2812,-2982,-2823,-2935]],"type":"Polygon","properties":{"grp":"THA","a":"THA","n":"沙缴府"}},{"arcs":[[[-2502,3019,-2962,-2947]],[[3020]],[[3021]]],"type":"MultiPolygon","properties":{"grp":"THA","a":"THA","n":"沙敦府"}},{"arcs":[[-509,3022]],"type":"Polygon","properties":{"grp":"TLS","a":"TLS","n":"欧库西-安贝诺县"}},{"arcs":[[3023,3024,3025,3026,3027,3028]],"type":"Polygon","properties":{"grp":"TLS","a":"TLS","n":"阿伊莱乌县"}},{"arcs":[[-3028,3029,3030,3031,3032,3033]],"type":"Polygon","properties":{"grp":"TLS","a":"TLS","n":"阿伊纳罗县"}},{"arcs":[[3034,3035,3036,3037]],"type":"Polygon","properties":{"grp":"TLS","a":"TLS","n":"包考县"}},{"arcs":[[-511,3038,3039,3040,-3033,3041]],"type":"Polygon","properties":{"grp":"TLS","a":"TLS","n":"博博纳罗县"}},{"arcs":[[-507,-3042,-3032,3042]],"type":"Polygon","properties":{"grp":"TLS","a":"TLS","n":"科瓦利马县"}},{"arcs":[[-3025,3043,3044,3045]],"type":"Polygon","properties":{"grp":"TLS","a":"TLS","n":"帝力市"}},{"arcs":[[-3029,-3034,-3041,3046]],"type":"Polygon","properties":{"grp":"TLS","a":"TLS","n":"埃尔梅拉县"}},{"arcs":[[-3035,3047,3048]],"type":"Polygon","properties":{"grp":"TLS","a":"TLS","n":"劳滕县"}},{"arcs":[[-3024,-3047,-3040,3049,-3044]],"type":"Polygon","properties":{"grp":"TLS","a":"TLS","n":"利逵萨县"}},{"arcs":[[-3026,-3046,3050,-3037,3051,3052,3053]],"type":"Polygon","properties":{"grp":"TLS","a":"TLS","n":"马纳图托县"}},{"arcs":[[-3027,-3054,3054,-3030]],"type":"Polygon","properties":{"grp":"TLS","a":"TLS","n":"马努法伊县"}},{"arcs":[[-3036,-3049,3055,-3052]],"type":"Polygon","properties":{"grp":"TLS","a":"TLS","n":"维克克县"}},{"arcs":[[[-117,3056,3057,3058,3059,-107,-111]],[[3060]]],"type":"MultiPolygon","properties":{"grp":"VNM","a":"VNM","n":"安江省"}},{"arcs":[[3061,3062,3063,3064]],"type":"Polygon","properties":{"grp":"VNM","a":"VNM","n":"胡志明市"}},{"arcs":[[3067,3068,3069,3070,3071,3072]],"type":"Polygon","properties":{"grp":"VNM","a":"VNM","n":"北宁省"}},{"arcs":[[3073,3074,-3071,3075,3076,3077]],"type":"Polygon","properties":{"grp":"VNM","a":"VNM","n":"太原省"}},{"arcs":[[[3078,-3059,3079]],[[3080]]],"type":"MultiPolygon","properties":{"grp":"VNM","a":"VNM","n":"金瓯省"}},{"arcs":[[[3083,3084,3085,3086,3087]],[[3088]],[[3099]]],"type":"MultiPolygon","properties":{"grp":"VNM","a":"VNM","n":"永隆省"}},{"arcs":[[3100,3101,-125,3102]],"type":"Polygon","properties":{"grp":"VNM","a":"VNM","n":"嘉莱省"}},{"arcs":[[-148,3107,-3065,3108,-161,-150]],"type":"Polygon","properties":{"grp":"VNM","a":"VNM","n":"同奈省"}},{"arcs":[[-3062,-3108,-147,3109,3110,3111]],"type":"Polygon","properties":{"grp":"VNM","a":"VNM","n":"林同省"}},{"arcs":[[[3112,-3087,3113,-3080,-3058]],[[-3085,3114]],[[3115]]],"type":"MultiPolygon","properties":{"grp":"VNM","a":"VNM","n":"芹苴市"}},{"arcs":[[-174,3116,-3074,3117,-183]],"type":"Polygon","properties":{"grp":"VNM","a":"VNM","n":"高平省"}},{"arcs":[[3118,3119,-2390,3120]],"type":"Polygon","properties":{"grp":"VNM","a":"VNM","n":"岘港市"}},{"arcs":[[-126,-3102,3121,3122,-3110,-146]],"type":"Polygon","properties":{"grp":"VNM","a":"VNM","n":"得乐省"}},{"arcs":[[-187,3123,3124,-2366,-2372]],"type":"Polygon","properties":{"grp":"VNM","a":"VNM","n":"奠边省"}},{"arcs":[[[-116,-155,3125,3126,-3066,3127,-3088,-3113,-3057]],[[-3083,3128,-3098,3129,-3096,3130,-3094,3131,-3092,3132,-3090,3133]]],"type":"MultiPolygon","properties":{"grp":"VNM","a":"VNM","n":"同塔省"}},{"arcs":[[-184,-3118,-3078,3134,3135]],"type":"Polygon","properties":{"grp":"VNM","a":"VNM","n":"宣光省"}},{"arcs":[[3136,3137,3138,3139,3140]],"type":"Polygon","properties":{"grp":"VNM","a":"VNM","n":"宁平省"}},{"arcs":[[-3070,3141,-3137,3142,-3076]],"type":"Polygon","properties":{"grp":"VNM","a":"VNM","n":"河内市"}},{"arcs":[[-2347,3143,3144,3145,-2358]],"type":"Polygon","properties":{"grp":"VNM","a":"VNM","n":"河静省"}},{"arcs":[[3146,3147,3148,3149,3150,3151,3152,3153,-3068]],"type":"Polygon","properties":{"grp":"VNM","a":"VNM","n":"海防市"}},{"arcs":[[[-3147,-3073,3154,-172,3155]],[[-3151,3157]],[[-3153,3158,3159,3160,3161]],[[3162]],[[3163]],[[3164]],[[3165]],[[3166]],[[3167]]],"type":"MultiPolygon","properties":{"grp":"VNM","a":"VNM","n":"广宁省"}},{"arcs":[[-3141,3168,3169,3170,-3135,-3077,-3143]],"type":"Polygon","properties":{"grp":"VNM","a":"VNM","n":"富寿省"}},{"arcs":[[-3069,-3154,-3162,3171,-3138,-3142]],"type":"Polygon","properties":{"grp":"VNM","a":"VNM","n":"兴安省"}},{"arcs":[[-3123,3173,-3111]],"type":"Polygon","properties":{"grp":"VNM","a":"VNM","n":"庆和省"}},{"arcs":[[[-124,-2335,-2391,-3120,3174,-3103]],[[-3104,3175,-3106,3176]]],"type":"MultiPolygon","properties":{"grp":"VNM","a":"VNM","n":"广义省"}},{"arcs":[[-186,3177,3178,-3124]],"type":"Polygon","properties":{"grp":"VNM","a":"VNM","n":"莱州省"}},{"arcs":[[-173,-3155,-3072,-3075,-3117]],"type":"Polygon","properties":{"grp":"VNM","a":"VNM","n":"谅山省"}},{"arcs":[[-185,-3136,-3171,3179,-3178]],"type":"Polygon","properties":{"grp":"VNM","a":"VNM","n":"老街省"}},{"arcs":[[-154,-157,-162,-3109,-3064,3180,-3126]],"type":"Polygon","properties":{"grp":"VNM","a":"VNM","n":"西宁省"}},{"arcs":[[-2346,-2392,-2357,3181,3182,-3144]],"type":"Polygon","properties":{"grp":"VNM","a":"VNM","n":"乂安省"}},{"arcs":[[-2359,-3146,3183,3184,-2375,-2378]],"type":"Polygon","properties":{"grp":"VNM","a":"VNM","n":"广治省"}},{"arcs":[[-2355,-2367,-3125,-3179,-3180,-3170,3185]],"type":"Polygon","properties":{"grp":"VNM","a":"VNM","n":"山罗省"}},{"arcs":[[-2356,-3186,-3169,-3140,3186,-3182]],"type":"Polygon","properties":{"grp":"VNM","a":"VNM","n":"清化省"}},{"arcs":[[-2376,-3185,3187,-3121,-2389]],"type":"Polygon","properties":{"grp":"VNM","a":"VNM","n":"顺化市"}},{"arcs":[[[3188]],[[3189,3190,3191,3192,3193,3194,3195,3196,3197,3198,3199]],[[3200]],[[3201,3202]]],"type":"MultiPolygon","properties":{"grp":"BGD","a":"BGD","n":"吉大港专区"}},{"arcs":[[[-3195,3203]],[[-3197,3204]],[[-3199,3205,3206,3207,3208,3209,3210,3211]],[[-3202,3212]],[[3213]],[[3214]],[[3215]],[[3216]],[[3217]],[[3218]]],"type":"MultiPolygon","properties":{"grp":"BGD","a":"BGD","n":"达卡专区"}},{"arcs":[[-3211,3219,3220,3221,3222]],"type":"Polygon","properties":{"grp":"BGD","a":"BGD","n":"迈门辛专区"}},{"arcs":[[-3210,3223,3224,3225,-3220]],"type":"Polygon","properties":{"grp":"BGD","a":"BGD","n":"拉杰沙希专区"}},{"arcs":[[-3221,-3226,3226,3227,3228]],"type":"Polygon","properties":{"grp":"BGD","a":"BGD","n":"朗布尔专区"}},{"arcs":[[-3200,-3212,-3223,3229,3230,3231]],"type":"Polygon","properties":{"grp":"BGD","a":"BGD","n":"锡尔赫特专区"}},{"arcs":[[[-3209,3232,3233,3234,-3224]],[[3235]],[[3236]],[[3237]],[[3238]]],"type":"MultiPolygon","properties":{"grp":"BGD","a":"BGD","n":"库尔纳专区"}},{"arcs":[[[-3208,3239,-3233]],[[3240]],[[3241]],[[3242]],[[3243]],[[3244]],[[3245]],[[3246]],[[3247]],[[3248]],[[3249]],[[3250]]],"type":"MultiPolygon","properties":{"grp":"BGD","a":"BGD","n":"巴里萨尔专区"}},{"arcs":[[[3251]],[[3252]],[[3253]],[[3254]],[[3255]],[[3256]],[[3257]],[[3258,3259,3260,3261]],[[3262]],[[3263]],[[3264]],[[3265]],[[3266]],[[3267]],[[3268]],[[3269]]],"type":"MultiPolygon","properties":{"grp":"MMR","a":"MMR","n":"伊洛瓦底省"}},{"arcs":[[-3192,3270,3271,3272,3273,3274]],"type":"Polygon","properties":{"grp":"MMR","a":"MMR","n":"钦邦"}},{"arcs":[[-3273,3275,3276,3277,3278,3279,3280,3281]],"type":"Polygon","properties":{"grp":"MMR","a":"MMR","n":"实皆省"}},{"arcs":[[-192,3282,-3279,3283,-266]],"type":"Polygon","properties":{"grp":"MMR","a":"MMR","n":"克钦邦"}},{"arcs":[[-3018,3284,3285]],"type":"Polygon","properties":{"grp":"MMR","a":"MMR","n":"克耶邦"}},{"arcs":[[-2903,-3016,3286,3287,3288,3289,3290,3291,3292,3293,3294,-3285,-3017]],"type":"Polygon","properties":{"grp":"MMR","a":"MMR","n":"克伦邦"}},{"arcs":[[-3274,-3282,3295,3296,3297,3298,3299,3300,3301,3302,3303,3304,3305,3306,3307,3308,3309,3310,3311,3312,3313,3314,3315,3316,3317,3318,3319,3320,3321,3322,3323,3324]],"type":"Polygon","properties":{"grp":"MMR","a":"MMR","n":"马圭省"}},{"arcs":[[[-3281,3325,3326,3327,-3296]],[[3328,3329,3330,-3293]],[[3331,-3300]],[[-3302,3332,3333]],[[3334,-3305]],[[-3306,3335,3336]],[[-3311,3338,3339]],[[-3314,3340,3341]],[[3342,-3318,3343]],[[-3320,3344]],[[3345,-3321]],[[-3323,3346,3347]],[[3350,3351,3352]],[[3359,3360]],[[3361,3362]],[[3369,3370,3371]],[[3372,3373,3374]],[[3377,3378]],[[3381,3382,3383]],[[3386,3387,3388]]],"type":"MultiPolygon","properties":{"grp":"MMR","a":"MMR","n":"曼德勒省"}},{"arcs":[[[-3015,3389,3390,-3287]],[[-3289,3391]],[[-3291,3392,3393,3394,3395]],[[3396]]],"type":"MultiPolygon","properties":{"grp":"MMR","a":"MMR","n":"孟邦"}},{"arcs":[[[-3193,-3275,-3325,3401,-3259,3402]],[[3403]],[[3404]],[[3405]],[[3406]],[[3407]],[[3408]],[[3409]],[[3410]],[[3411]],[[3412]],[[3413]],[[3414]],[[3415]],[[3416]],[[3417]],[[3418]],[[3419]],[[3420]],[[3421]],[[3422]],[[3423]]],"type":"MultiPolygon","properties":{"grp":"MMR","a":"MMR","n":"若开邦"}},{"arcs":[[[-2837,-2946,-2882,-2894,3424,-3390,-3014,-2921]],[[3425]],[[3426]],[[3427]],[[3428]],[[3429]],[[3430]],[[3431]],[[3432]],[[3433]],[[3434]],[[3435]],[[3436]],[[3437]],[[3438]],[[3439]],[[3440]],[[3441]],[[3442]],[[3443]],[[3444]],[[3445]],[[3446]],[[3447]],[[3448]],[[3449]],[[3450]],[[3451]],[[3452]]],"type":"MultiPolygon","properties":{"grp":"MMR","a":"MMR","n":"德林达依"}},{"arcs":[[-3260,-3402,-3324,-3348,-3389,3453,3454,3455,-3375,3456,-3372,3457,-3329,-3292,-3396,3458,-3400,3459,-3398,3460,3461]],"type":"Polygon","properties":{"grp":"MMR","a":"MMR","n":"勃固省"}},{"arcs":[[[-3261,-3462,3467,-3466,3468,-3464,3469]],[[3470]]],"type":"MultiPolygon","properties":{"grp":"MMR","a":"MMR","n":"仰光省"}},{"arcs":[[-191,-2363,-2337,-2901,-3008,-3019,-3286,-3295,-3385,3471,-3369,3472,3473,-3383,3474,-3367,3475,-3362,3476,-3365,3477,-3359,3478,-3361,3479,-3380,3480,-3355,-3357,3481,-3353,3482,3483,-3378,3484,-3349,3485,-3326,-3280,-3283]],"type":"Polygon","properties":{"grp":"MMR","a":"MMR","n":"掸邦"}},{"arcs":[[[3490,3491]],[[3492,3493]],[[3494]],[[3495]],[[3496,3497]],[[3498,3499]],[[3500,3501]]],"type":"MultiPolygon","properties":{"grp":"IND","a":"IND","n":"本地治里"}},{"arcs":[[3502,3503,3504,3505,3506,3507,3508,3509,3510,3511,3512]],"type":"Polygon","properties":{"grp":"IND","a":"IND","n":"马哈拉施特拉邦"}},{"arcs":[[-3277,3513,3514,3515]],"type":"Polygon","properties":{"grp":"IND","a":"IND","n":"那加兰邦"}},{"arcs":[[3516]],"type":"Polygon","properties":{"grp":"IND","a":"IND","n":"拉克沙群岛"}},{"arcs":[[[-347,3517,3518,3519,3520,3521,3522,3523,3524,3525,3526,-351]],[[3527]]],"type":"MultiPolygon","properties":{"grp":"IND","a":"IND","n":"北方邦"}},{"arcs":[[-3491,3528,-3497,3529,3530,3531,3532,3533,-3499,3534,-3493,3535],[-3495],[-3496]],"type":"Polygon","properties":{"grp":"IND","a":"IND","n":"泰米尔纳德邦"}},{"arcs":[[-3513,3536,-3520,3537,3538,3539,3540]],"type":"Polygon","properties":{"grp":"IND","a":"IND","n":"恰蒂斯加尔邦"}},{"arcs":[[-3509,3541,3542,3543,3544,3545,3546,3547,3548,3549,3550,3551,-3511,3552]],"type":"Polygon","properties":{"grp":"IND","a":"IND","n":"古吉拉特邦"}},{"arcs":[[-3524,3553]],"type":"Polygon","properties":{"grp":"IND","a":"IND","n":"德里"}},{"arcs":[[-43,-58,-55,-54,-52,3554,-332,-237,-45]],"type":"Polygon","properties":{"grp":"IND","a":"IND","n":"锡金邦"}},{"arcs":[[-3190,-3232,3555,3556]],"type":"Polygon","properties":{"grp":"IND","a":"IND","n":"特里普拉邦"}},{"arcs":[[[-26,3557,-3227,-3225,-3235,3558,3559,3560,3561,-335,3562,-333,-3555,-51,-47]],[[3563]],[[3564]],[[3565]],[[3566]],[[3567]],[[3568]],[[3569]],[[3570]],[[3571]],[[3572]],[[3573]],[[3574]],[[3575]],[[3576]],[[3577]],[[3578]],[[3579]],[[3580]],[[3581]],[[3582]],[[3583]],[[3584]],[[3585]],[[3586]],[[3587]],[[3588]],[[3589]],[[3590]],[[3591]],[[3592]],[[3593]],[[3594]],[[3595]]],"type":"MultiPolygon","properties":{"grp":"IND","a":"IND","n":"西孟加拉邦"}},{"arcs":[[-3539,3596,-3560,3597,3598]],"type":"Polygon","properties":{"grp":"IND","a":"IND","n":"奥里萨邦"}},{"arcs":[[-336,-3562,3601,-3518,-346,-343,-341,-339]],"type":"Polygon","properties":{"grp":"IND","a":"IND","n":"比哈尔邦"}},{"arcs":[[[-254,3602,3603,3604,3605,-308,-307,-306,-260,-259,-258,-257,-256,-255]],[[3606,3607]]],"type":"MultiPolygon","properties":{"grp":"IND","a":"IND","n":"拉达克"}},{"arcs":[[-3522,3608,-3551,3609,3610,3611]],"type":"Polygon","properties":{"grp":"IND","a":"IND","n":"拉贾斯坦邦"}},{"arcs":[[-3503,-3541,3612,3613]],"type":"Polygon","properties":{"grp":"IND","a":"IND","n":"特伦甘纳邦"}},{"arcs":[[-3502,3614,-3533,3615,-3613,-3540,-3599,3616,-3600,3617]],"type":"Polygon","properties":{"grp":"IND","a":"IND","n":"安得拉邦"}},{"arcs":[[-3191,-3557,3618,3619,-3271]],"type":"Polygon","properties":{"grp":"IND","a":"IND","n":"米佐拉姆邦"}},{"arcs":[[-5,-9,-267,-3284,-3278,-3516,3620,-61]],"type":"Polygon","properties":{"grp":"IND","a":"IND","n":"阿鲁纳恰尔邦"}},{"arcs":[[-3222,-3229,3621,-3230]],"type":"Polygon","properties":{"grp":"IND","a":"IND","n":"梅加拉亚邦"}},{"arcs":[[-3519,-3602,-3561,-3597,-3538]],"type":"Polygon","properties":{"grp":"IND","a":"IND","n":"贾坎德邦"}},{"arcs":[[-25,-64,-62,-3621,-3515,3622,-3619,-3556,-3231,-3622,-3228,-3558]],"type":"Polygon","properties":{"grp":"IND","a":"IND","n":"阿萨姆邦"}},{"arcs":[[-3272,-3620,-3623,-3514,-3276]],"type":"Polygon","properties":{"grp":"IND","a":"IND","n":"曼尼普尔邦"}},{"arcs":[[-3504,-3614,-3616,-3532,3623,3624,3625]],"type":"Polygon","properties":{"grp":"IND","a":"IND","n":"卡纳塔克邦"}},{"arcs":[[-244,-243,-353,-352,-3527,3626,3627,3628,-248,-247,-246,-245]],"type":"Polygon","properties":{"grp":"IND","a":"IND","n":"北阿坎德邦"}},{"arcs":[[[-3510,-3553]],[[-3543,3629]],[[-3549,3632]]],"type":"MultiPolygon","properties":{"grp":"IND","a":"IND","n":"达德拉-纳加尔哈维利和达曼-第乌"}},{"arcs":[[-3512,-3552,-3609,-3521,-3537],[-3528]],"type":"Polygon","properties":{"grp":"IND","a":"IND","n":"中央邦"}},{"arcs":[[-3505,-3626,3633]],"type":"Polygon","properties":{"grp":"IND","a":"IND","n":"果阿邦"}},{"arcs":[[-3487,3635,-3624,-3531,3636,-3489,3637]],"type":"Polygon","properties":{"grp":"IND","a":"IND","n":"喀拉拉邦"}},{"arcs":[[3638,3639]],"type":"Polygon","properties":{"grp":"IND","a":"IND","n":"昌迪加尔"}},{"arcs":[[[3640]],[[3641]],[[3642]],[[3643]],[[3644]],[[3645]],[[3646]],[[3647]],[[3648]],[[3649]],[[3650]],[[3651]],[[3652]],[[3653]],[[3654]],[[3655]],[[3656]],[[3657]],[[3658]],[[3659]],[[3660]]],"type":"MultiPolygon","properties":{"grp":"IND","a":"IND","n":"安达曼-尼科巴群岛"}},{"arcs":[[-249,-3629,-3628,-3627,-3526,3661,3662,3663,-3603,-253,-252,-251,-250]],"type":"Polygon","properties":{"grp":"IND","a":"IND","n":"喜马偕尔邦"}},{"arcs":[[-3604,-3664,3664,3665,-3608,3666]],"type":"Polygon","properties":{"grp":"IND","a":"IND","n":"查谟-克什米尔邦"}},{"arcs":[[-3611,3667,-3665,-3663,3668,-3640,3669]],"type":"Polygon","properties":{"grp":"IND","a":"IND","n":"旁遮普邦"}},{"arcs":[[-3523,-3612,-3670,-3639,-3669,-3662,-3525,-3554]],"type":"Polygon","properties":{"grp":"IND","a":"IND","n":"哈里亚纳邦"}},{"arcs":[[3670,3671,3672,3673,3674]],"type":"Polygon","properties":{"grp":"PHL","a":"PHL","n":"阿布拉省"}},{"arcs":[[3675,3676,3677,3678,3679]],"type":"Polygon","properties":{"grp":"PHL","a":"PHL","n":"武端"}},{"arcs":[[-3677,3680,3681,3682,3683,3684,3685]],"type":"Polygon","properties":{"grp":"PHL","a":"PHL","n":"南阿古桑省"}},{"arcs":[[3688,3689,3690]],"type":"Polygon","properties":{"grp":"PHL","a":"PHL","n":"阿克兰省"}},{"arcs":[[[3691]],[[3692]],[[3693]],[[3694,3695,3696,3697]]],"type":"MultiPolygon","properties":{"grp":"PHL","a":"PHL","n":"阿尔拜省"}},{"arcs":[[-3690,3698,3699,3700]],"type":"Polygon","properties":{"grp":"PHL","a":"PHL","n":"安蒂克省"}},{"arcs":[[-3675,3701,3702,3703]],"type":"Polygon","properties":{"grp":"PHL","a":"PHL","n":"阿巴尧省"}},{"arcs":[[3704,3705,3706,3707,3708,3709,3710]],"type":"Polygon","properties":{"grp":"PHL","a":"PHL","n":"奥罗拉省"}},{"arcs":[[3711]],"type":"Polygon","properties":{"grp":"PHL","a":"PHL","n":"巴西兰"}},{"arcs":[[3712,3713,3714]],"type":"Polygon","properties":{"grp":"PHL","a":"PHL","n":"巴丹省"}},{"arcs":[[[3715]],[[3716]],[[3717]]],"type":"MultiPolygon","properties":{"grp":"PHL","a":"PHL","n":"巴丹群岛省"}},{"arcs":[[3718,3719,3720,3721]],"type":"Polygon","properties":{"grp":"PHL","a":"PHL","n":"八打雁省"}},{"arcs":[[3722,3723,3724,3725,3726,3727]],"type":"Polygon","properties":{"grp":"PHL","a":"PHL","n":"本格特省"}},{"arcs":[[3728]],"type":"Polygon","properties":{"grp":"PHL","a":"PHL","n":"比利兰"}},{"arcs":[[[3729]],[[3730]]],"type":"MultiPolygon","properties":{"grp":"PHL","a":"PHL","n":"保和省"}},{"arcs":[[-3685,3731,3732,3733,3734,3735,3736]],"type":"Polygon","properties":{"grp":"PHL","a":"PHL","n":"布基农省"}},{"arcs":[[-3706,3737,3738,3739,3740,3741,3742]],"type":"Polygon","properties":{"grp":"PHL","a":"PHL","n":"布拉干省"}},{"arcs":[[[-3703,3743,3744,3745,3746]],[[3747]],[[3748]],[[3749]],[[3750]],[[3751]]],"type":"MultiPolygon","properties":{"grp":"PHL","a":"PHL","n":"卡加延省"}},{"arcs":[[3752,3753,3754]],"type":"Polygon","properties":{"grp":"PHL","a":"PHL","n":"北甘马粦"}},{"arcs":[[-3697,3755,3756,-3753,3757]],"type":"Polygon","properties":{"grp":"PHL","a":"PHL","n":"南甘马粦省"}},{"arcs":[[3758]],"type":"Polygon","properties":{"grp":"PHL","a":"PHL","n":"卡米金"}},{"arcs":[[-3687,3759,3760,-3699,-3689,3761]],"type":"Polygon","properties":{"grp":"PHL","a":"PHL","n":"卡皮兹省"}},{"arcs":[[3762]],"type":"Polygon","properties":{"grp":"PHL","a":"PHL","n":"卡坦端内斯省"}},{"arcs":[[-3719,3763,3764,3765]],"type":"Polygon","properties":{"grp":"PHL","a":"PHL","n":"甲米地省"}},{"arcs":[[[3766]],[[3767]],[[3768]],[[3769]],[[3770]]],"type":"MultiPolygon","properties":{"grp":"PHL","a":"PHL","n":"宿务岛"}},{"arcs":[[-3683,3771,3772,3773]],"type":"Polygon","properties":{"grp":"PHL","a":"PHL","n":"达沃德奥罗省"}},{"arcs":[[[-3734,3774,3775,3776]],[[3777,3778]]],"type":"MultiPolygon","properties":{"grp":"PHL","a":"PHL","n":"哥打巴托省"}},{"arcs":[[[-3684,-3774,3779,3780,-3732]],[[3781]]],"type":"MultiPolygon","properties":{"grp":"PHL","a":"PHL","n":"北达沃省"}},{"arcs":[[-3733,-3781,3782,3783,3784,3785,3786,-3775]],"type":"Polygon","properties":{"grp":"PHL","a":"PHL","n":"南达沃省"}},{"arcs":[[[-3784,3787,3788]],[[3789]],[[3790]]],"type":"MultiPolygon","properties":{"grp":"PHL","a":"PHL","n":"西达沃省"}},{"arcs":[[-3682,3791,3792,-3772]],"type":"Polygon","properties":{"grp":"PHL","a":"PHL","n":"东达沃省"}},{"arcs":[[3795,3796]],"type":"Polygon","properties":{"grp":"PHL","a":"PHL","n":"迪纳加特群岛"}},{"arcs":[[[3797]],[[3798,3799,3800]]],"type":"MultiPolygon","properties":{"grp":"PHL","a":"PHL","n":"东萨马省"}},{"arcs":[[3801]],"type":"Polygon","properties":{"grp":"PHL","a":"PHL","n":"吉马拉斯省"}},{"arcs":[[-3724,3802,3803,3804]],"type":"Polygon","properties":{"grp":"PHL","a":"PHL","n":"伊富高省"}},{"arcs":[[-3674,3805,3806,-3744,-3702]],"type":"Polygon","properties":{"grp":"PHL","a":"PHL","n":"北伊罗戈"}},{"arcs":[[-3673,3807,-3728,3808,3809,-3806]],"type":"Polygon","properties":{"grp":"PHL","a":"PHL","n":"南伊罗戈省"}},{"arcs":[[-3700,-3761,3810]],"type":"Polygon","properties":{"grp":"PHL","a":"PHL","n":"怡朗"}},{"arcs":[[-3710,3811,3812,-3804,3813,3814,-3746,3815]],"type":"Polygon","properties":{"grp":"PHL","a":"PHL","n":"伊莎贝拉省"}},{"arcs":[[-3671,-3704,-3747,-3815,3816]],"type":"Polygon","properties":{"grp":"PHL","a":"PHL","n":"卡林阿省"}},{"arcs":[[-3727,3817,3818,-3809]],"type":"Polygon","properties":{"grp":"PHL","a":"PHL","n":"拉乌尼翁省"}},{"arcs":[[-3720,-3766,3819,3820,3821],[3822]],"type":"Polygon","properties":{"grp":"PHL","a":"PHL","n":"内湖省"}},{"arcs":[[-3736,3823,3824,3825,3826,3827]],"type":"Polygon","properties":{"grp":"PHL","a":"PHL","n":"北拉瑙省"}},{"arcs":[[-3735,-3777,3830,3831,-3824]],"type":"Polygon","properties":{"grp":"PHL","a":"PHL","n":"南拉瑙省"}},{"arcs":[[3832,3833,3834]],"type":"Polygon","properties":{"grp":"PHL","a":"PHL","n":"奥尔莫克"}},{"arcs":[[-3776,-3787,3835,3836,3837,-3778,3838,-3831]],"type":"Polygon","properties":{"grp":"PHL","a":"PHL","n":"马京达瑙省"}},{"arcs":[[3839]],"type":"Polygon","properties":{"grp":"PHL","a":"PHL","n":"马林杜克省"}},{"arcs":[[[3840]],[[3841]],[[3842]]],"type":"MultiPolygon","properties":{"grp":"PHL","a":"PHL","n":"马斯巴特省"}},{"arcs":[[3843,3844,3845]],"type":"Polygon","properties":{"grp":"PHL","a":"PHL","n":"西米萨米斯省"}},{"arcs":[[-3678,-3686,-3737,-3828,3846,-3830,3847]],"type":"Polygon","properties":{"grp":"PHL","a":"PHL","n":"东米萨米斯省"}},{"arcs":[[-3672,-3817,-3814,-3803,-3723,-3808]],"type":"Polygon","properties":{"grp":"PHL","a":"PHL","n":"高山省"}},{"arcs":[[-3740,3848,-3820,-3765,3849]],"type":"Polygon","properties":{"grp":"PHL","a":"PHL","n":"马尼拉大都会"}},{"arcs":[[3850,3851]],"type":"Polygon","properties":{"grp":"PHL","a":"PHL","n":"西黑人省"}},{"arcs":[[-3851,3852]],"type":"Polygon","properties":{"grp":"PHL","a":"PHL","n":"东内格罗省"}},{"arcs":[[-3800,3853,3854]],"type":"Polygon","properties":{"grp":"PHL","a":"PHL","n":"北薩馬"}},{"arcs":[[-3707,-3743,3855,3856,3857,3858]],"type":"Polygon","properties":{"grp":"PHL","a":"PHL","n":"新怡诗夏省"}},{"arcs":[[-3708,-3859,3859,-3725,-3805,-3813,3860]],"type":"Polygon","properties":{"grp":"PHL","a":"PHL","n":"新比斯开省"}},{"arcs":[[[3861,3862]],[[3863]]],"type":"MultiPolygon","properties":{"grp":"PHL","a":"PHL","n":"西民都洛"}},{"arcs":[[-3862,3864]],"type":"Polygon","properties":{"grp":"PHL","a":"PHL","n":"东民都洛省"}},{"arcs":[[[3865]],[[3866]],[[3867]],[[3868]],[[3869]],[[3870]],[[3871]],[[3872]],[[3873]]],"type":"MultiPolygon","properties":{"grp":"PHL","a":"PHL","n":"普林塞萨港"}},{"arcs":[[-3715,3874,3875,-3856,-3742,3876]],"type":"Polygon","properties":{"grp":"PHL","a":"PHL","n":"邦板牙"}},{"arcs":[[-3726,-3860,-3858,3877,3878,3879,-3818]],"type":"Polygon","properties":{"grp":"PHL","a":"PHL","n":"邦阿西楠省"}},{"arcs":[[[-3705,3880,-3754,-3757,3881,-3721,-3822,3882,-3738]],[[3883]],[[3884]]],"type":"MultiPolygon","properties":{"grp":"PHL","a":"PHL","n":"奎松省"}},{"arcs":[[-3709,-3861,-3812]],"type":"Polygon","properties":{"grp":"PHL","a":"PHL","n":"季里诺省"}},{"arcs":[[[-3739,-3883,-3821,-3849]],[[-3823]]],"type":"MultiPolygon","properties":{"grp":"PHL","a":"PHL","n":"黎刹省"}},{"arcs":[[[3885]],[[3886]],[[3887]]],"type":"MultiPolygon","properties":{"grp":"PHL","a":"PHL","n":"朗布隆省"}},{"arcs":[[-3799,3888,-3854]],"type":"Polygon","properties":{"grp":"PHL","a":"PHL","n":"萨马"}},{"arcs":[[[-3785,-3789,3889,3890]],[[-3837,3891,3892]]],"type":"MultiPolygon","properties":{"grp":"PHL","a":"PHL","n":"萨兰加尼省"}},{"arcs":[[3893]],"type":"Polygon","properties":{"grp":"PHL","a":"PHL","n":"锡基霍尔"}},{"arcs":[[-3695,3894]],"type":"Polygon","properties":{"grp":"PHL","a":"PHL","n":"索索贡省"}},{"arcs":[[-3786,-3891,3895,-3892,-3836]],"type":"Polygon","properties":{"grp":"PHL","a":"PHL","n":"南哥打巴托省"}},{"arcs":[[[-3833,3896]],[[3897]]],"type":"MultiPolygon","properties":{"grp":"PHL","a":"PHL","n":"南莱特省"}},{"arcs":[[[3898]],[[3899]],[[3900]],[[3901]],[[3902]]],"type":"MultiPolygon","properties":{"grp":"PHL","a":"PHL","n":"苏禄省"}},{"arcs":[[[-3680,3903,3904]],[[-3794,3905]],[[3907]],[[3908]]],"type":"MultiPolygon","properties":{"grp":"PHL","a":"PHL","n":"北苏里高省"}},{"arcs":[[-3676,-3905,3909,-3792,-3681]],"type":"Polygon","properties":{"grp":"PHL","a":"PHL","n":"南苏里高省"}},{"arcs":[[-3857,-3876,3910,-3878]],"type":"Polygon","properties":{"grp":"PHL","a":"PHL","n":"丹辘省"}},{"arcs":[[[3911]],[[3912]],[[3913]]],"type":"MultiPolygon","properties":{"grp":"PHL","a":"PHL","n":"塔威塔威省"}},{"arcs":[[-3714,3914,-3879,-3911,-3875]],"type":"Polygon","properties":{"grp":"PHL","a":"PHL","n":"三描礼士省"}},{"arcs":[[-3845,3915,3916,3917,3918]],"type":"Polygon","properties":{"grp":"PHL","a":"PHL","n":"北三宝颜省"}},{"arcs":[[[-3826,3919,3920,-3916,-3844,3921]],[[-3918,3922,3923]]],"type":"MultiPolygon","properties":{"grp":"PHL","a":"PHL","n":"南三宝颜省"}},{"arcs":[[[-3917,-3921,3924,-3923]],[[3925]]],"type":"MultiPolygon","properties":{"grp":"PHL","a":"PHL","n":"三宝颜锡布格省"}},{"arcs":[[[3926]],[[3927]],[[3928,3929,3930,3931,3932]],[[3933,3934]],[[3935]]],"type":"MultiPolygon","properties":{"grp":"LKA","a":"LKA","n":"贾夫纳区"}},{"arcs":[[-3930,3936,3937,3938,-3934,3939]],"type":"Polygon","properties":{"grp":"LKA","a":"LKA","n":"基利诺奇区"}},{"arcs":[[[-3938,3941,3942,3943,3944,3945,3946,3947,3948,3949]],[[3950]]],"type":"MultiPolygon","properties":{"grp":"LKA","a":"LKA","n":"马纳尔区"}},{"arcs":[[-3929,3951,3952,3953,-3942,-3937]],"type":"Polygon","properties":{"grp":"LKA","a":"LKA","n":"穆莱蒂武区"}},{"arcs":[[-3943,-3954,3954,3955]],"type":"Polygon","properties":{"grp":"LKA","a":"LKA","n":"瓦武尼亞區"}},{"arcs":[[3956,3957,3958,3959]],"type":"Polygon","properties":{"grp":"LKA","a":"LKA","n":"加勒区"}},{"arcs":[[3960,3961,3962,3963,3964]],"type":"Polygon","properties":{"grp":"LKA","a":"LKA","n":"汉班托特区"}},{"arcs":[[-3959,3965,-3965,3966]],"type":"Polygon","properties":{"grp":"LKA","a":"LKA","n":"马特勒区"}},{"arcs":[[-3963,3967,3968,3969,3970,3971,3972]],"type":"Polygon","properties":{"grp":"LKA","a":"LKA","n":"安帕赖区"}},{"arcs":[[-3944,-3956,3975,3976,3977,3978,3979]],"type":"Polygon","properties":{"grp":"LKA","a":"LKA","n":"阿努拉德普勒區"}},{"arcs":[[-3969,3980,3981,3982,3983,3984]],"type":"Polygon","properties":{"grp":"LKA","a":"LKA","n":"巴杜勒区"}},{"arcs":[[-3972,3985,3986,3987,3988,3989,-3974,3990]],"type":"Polygon","properties":{"grp":"LKA","a":"LKA","n":"拜蒂克洛區"}},{"arcs":[[-3962,3991,-3981,-3968]],"type":"Polygon","properties":{"grp":"LKA","a":"LKA","n":"莫訥勒格勒區"}},{"arcs":[[-3971,3992,-3977,3993,-3986]],"type":"Polygon","properties":{"grp":"LKA","a":"LKA","n":"波隆纳鲁沃区"}},{"arcs":[[3996,3997,3998,3999,4000,4001,4002]],"type":"Polygon","properties":{"grp":"LKA","a":"LKA","n":"可倫坡區"}},{"arcs":[[-3995,4003,4004,4005,4006,-3999,4007]],"type":"Polygon","properties":{"grp":"LKA","a":"LKA","n":"加姆珀哈区"}},{"arcs":[[-3957,4011,-4002,4012]],"type":"Polygon","properties":{"grp":"LKA","a":"LKA","n":"卡卢特勒区"}},{"arcs":[[-4000,-4007,4013,4014,4015,4016]],"type":"Polygon","properties":{"grp":"LKA","a":"LKA","n":"凯格勒区"}},{"arcs":[[-3979,4017,4018,-4014,-4006,4019]],"type":"Polygon","properties":{"grp":"LKA","a":"LKA","n":"库鲁内格勒区"}},{"arcs":[[-3945,-3980,-4020,-4005,4020,-4010,4021]],"type":"Polygon","properties":{"grp":"LKA","a":"LKA","n":"普塔勒姆区"}},{"arcs":[[-3958,-4013,-4001,-4017,4024,-3982,-3992,-3961,-3966]],"type":"Polygon","properties":{"grp":"LKA","a":"LKA","n":"拉特纳普勒区"}},{"arcs":[[-3984,4025,-4015,-4019,4026]],"type":"Polygon","properties":{"grp":"LKA","a":"LKA","n":"马哈努沃勒"}},{"arcs":[[-3970,-3985,-4027,-4018,-3978,-3993]],"type":"Polygon","properties":{"grp":"LKA","a":"LKA","n":"马特莱区"}},{"arcs":[[-3983,-4025,-4016,-4026]],"type":"Polygon","properties":{"grp":"LKA","a":"LKA","n":"努沃勒埃利耶区"}},{"arcs":[[-3953,4027,-3987,-3994,-3976,-3955]],"type":"Polygon","properties":{"grp":"LKA","a":"LKA","n":"亭可馬里區"}},{"arcs":[[-3331,4029,-3458,4030,-3370,-3457,-3374,-3455,4031,-3387,-3347,-3322,-3346,-3345,-3319,-3343,-3316,4032,-3341,-3313,4033,-3339,-3310,-3309,-3338,4034,-3336,-3335,-3304,4035,-3333,-3301,-3332,4036,-3377,-3298,4037,-3327,-3486,-3350,-3485,-3379,-3484,4038,-3351,-3482,-3356,-3354,-3481,-3381,-3480,-3360,-3479,-3358,-3478,-3364,-3477,-3363,-3476,-3366,-3475,-3382,4039,-3473,-3368,-3472,-3386,-3294]],"type":"Polygon","properties":{"grp":"MMR","a":"MMR","n":"内比都联邦区"}},{"arcs":[[[-925,4040,4041]],[[4042,4043,-928]],[[-932,4044,4045,4046,-1244,4047,-2710,-974,4048,-2719,-983,4049,-2717,-988,4050,-2715,-998,4051,-2713,-1001,4052,-1239,4053,-1237,4054,4055,-1235,4056,-1233,4057,-1230,4058,-1229,4059,-1227,4060,-1224,4061,-1223,4062,-1220,4063,-1255,4064,-1192,4065,-1191,4066,-1189,4067,-1180,4068,-1175,4069,-1168,4070,-1099,4071,-1094,4072,-1075,4073,-1088,4074,-1117,4075,-1113,4076,-1080,4077,-1119,4078,-1122,4079,-1130,4080,-1133,4081,-1139,4082,-1142,-1141,4083,-1147,4084,-1252,4085,4086,4087,-1111,4088,-1103,4089,-1073,4090,-1069,4091,-1059,4092,-1061,4093,-1055,4094,-1053,4095,-1051,4096,-1049,4097,-1047,4098,-1045,4099,-1043,4100,-1037,4101,-1025,-1027,4102,-1028,4103,-1038,4104,4105,-1041,4106,-1021,4107,-1022,4108,-1030,4109,-1032,4110,-1034,4111,-1015,4112,-1011,4113,-1007,4114,-1008,4115,-1012,4116,-1017,-1019,4117,-991,4118,-986,4119,-980,4120,-979,4121,-977,4122,-972,4123,-1251,4124,-1248,4125,-1247,4126,-970,4127,-968,4128,-964,4129,4130,-956,4131,-957,4132,-959,4133,-961,4134,-953,4135,4136,-949,4137,-951,4138,-948,4139,-945,4140,-941,4141,-943,4142,-936,4143,-939,4144,-938,4145,-933,4146,-930]],[[-993,4148,-995,4149,-1004,4150]],[[-1056,4152,-1062,4153,-1064,4154,-1066,4155,-1092,4156,-1090,4157,-1101,4158,-1106,4159,-1108,4160,-1127,4161,-1129,4162,-1210,4163,-1206,4164,-1204,4165,-1182,4166,-1166,4167,-1159,4168,-1158,4169,-1153,4170,-1087,4171]],[[-1079,4173,-1085,4174,-1083,4175,4176,-1077,4177]],[[-1121,4181,-1146,4182,4183,4184,-1135,4185]],[[-1215,4186,-1209,4187,-1198,4188,-1201,4189,-1196,-1195,4190,-1124,4191,-1203,4192,-1212,4193]],[[-1137,4194,-1184,4195,-1162,4196,-1150,4197]],[[-1151,4198,-1163,4199,-1156,4200]],[[-1170,4201,-1173,4202]],[[-1172,4203,-1177,4204]],[[-1185,4205]],[[-1216,4206,-1219,4207]]],"type":"MultiPolygon","properties":{"grp":"IDN","a":"IDN","n":"南巴布亚省"}},{"arcs":[[[-634,4208,-1240,4209,-4046,4210,-927,-4044,4211,-4041,-924,4212,-920,4213,-922,4214,-918,4215,-917,4216,-908,4217,-914,4218,-913,4219,-892,4220,-902,4221,-905,4222,-906,4223,-882,4224,-874,4225,-870,4226,-884,4227,-886,4228,-890,4229,-894,4230,-897,4231,-898,4232,-900,4233,-888,4234,-875,4235,-878,4236,-867,4237,-866,4238,-863,4239,-862,4240,-857,4241,-856,4242,-853,4243,-851,4244,-849,4245,-841,4246,-840,4247,-848,4248,-845,4249,-844,4250,-835,4251,-837,4252,-833,4253,-831,4254,-829,4255,-827,4256,-826,4257,-824,4258,4259,-822,4260,-820,4261,-813,4262,-812,4263,-809,4264,-817,-816,4265,-795,-794,-798,4266,-800,4267,-801,4268,-803,4269,-805,4270,-807,4271,-791,4272,-790,4273,-787,4274,-786,4275,-784,4276,4277,-781,4278,-778,4279,-770,4280,-772,4281,-776,4282,-1256,-640,4283,-664,4284,-662,4285,-660,4286,-648,4287,-641,4288,-649,4289,-653,4290,-665,4291,-671,4292,-673,4293,-675,4294,-677,4295,-683,4296,-689,4297,-693,4298,-699,4299,-701,4300,-703,4301,-707,4302,-709,4303,-706,4304,-711,4305,-720,4306,-721,4307,-729,4308,-725,4309,-732,4310,-718,4311,-739,4312,-747,4313,-749,4314,-741,4315,-757,4316,-763,4317,-755,4318,-759,4319,-762,4320,4321,-766,4322,-767,4323,-754,4324,-752,4325,-744,4326,-746,4327,-738,4328,-736,4329,-734,4330,-714,4331,-696,4332,-698,4333,-692,4334,-688,4335,-682,4336,-686,4337,-670,4338,-656,4339,-652,4340,-646,4341,-643,4342,-636,4343]],[[4345,-680,4346,-668]],[[-723,4348,-727,4349]]],"type":"MultiPolygon","properties":{"grp":"IDN","a":"IDN","n":"中巴布亚省"}},{"arcs":[[-4047,-4210,-1245]],"type":"Polygon","properties":{"grp":"IDN","a":"IDN","n":"高地巴布亚省"}},{"arcs":[[[-1262,4355,-1263,4356,-1265,4357,-1937,4358,-1269,4359,-1275,4360,-1945,4361,-1282,-1939,4362,-1273,4363,-1267,4364,-1299,4365,-1305,4366,-1309,4367,-1303,4368,-1313,4369,-1317,4370,-1333,4371,-1349,4372,-1953,4373,-1357,4374,-1369,4375,-1964,4376,-1406,-1408,4377,-1409,4378,-1414,4379,-1982,4380,-1460,4381,-1488,4382,-1497,4383,-1999,4384,-1480,4385,-2006,4386,-2013,4387,-1469,4388,-1457,4389,-1444,4390,-1431,4391,-1399,4392,-1373,4393,-1328,4394,-1323,4395,-1322,4396,-1316,4397,-1325,4398,-1341,4399,-1950,4400,-1959,4401,-1958,4402,-1365,4403,-1367,4404,-1377,4405,-1379,4406,-1385,4407,-1965,4408,-1968,4409,-1403,4410,-1970,4411,-1977,4412,-1416,4413,-1427,4414,-1446,4415,-1441,4416,-1439,4417,-1437,4418,-1990,4419,-1449,4420,-1994,4421,-1468,4422,-1991,4423,-1447,4424,-1455,4425,-1463,4426,-1998,4427,-1461,4428,-2001,4429,-2015,4430,-1522,4431,-2022,-2020,4432,-2018,4433,-1482,4434,-1477,4435,-1474,4436,-1996,4437,-1434,4438,-1435,4439,-1453,4440,-1465,4441,-1472,4442,-2004,4443,-1475,4444,-1483,4445,-2008,4446,-2011,4447,-1493,4448,-1505,4449,-2017,4450,-1988,4451,-1976,4452,-1425,4453,-1985,4454,-1430,4455,-1983,4456,-1424,4457,-1420,4458,-1980,4459,-1418,4460,-1422,4461,-1397,-1394,4462,-1389,4463,-1971,4464,-1974,4465,-1411,4466,-1391,4467,-1387,4468,-1383,4469,-1381,4470,-1955,4471,-1355,4472,-1359,4473,4474,-1362,4475,-1371,4476,-1962,4477,-1376,4478,4479,-1339,4480,-1335,4481,-1337,4482,-1951,4483,-1353,4484,-1351,4485,-1331,4486,-1345,4487,-1347,4488,-1344,4489,-1320,4490,-1948,4491,-1285,4492,-1289,4493,-1307,4494,-1311,4495,-1297,4496,-1302,4497,-1283,4498,-1942,4499,-1295,-1293,4500,-1272,4501,-1944,4502,-1287,4503,-1292,4504,-1277,4505]],[[-1396,4509,-1401,4510]],[[-1485,4512,-1489,4513,-1495,4514,-1504,4515,-1499,4516,-1523,4517,-1531,4518,-1537,4519,-1545,4520,-1553,4521,4522,-1555,4523,-2041,4524,-2042,4525,-2044,4526,-1557,4527,-2049,4528,-1575,4529,-1259,4530,-1931,4531,-2173,4532,-1929,4533,-1928,4534,-1925,4535,-1920,4536,-1917,4537,-1886,4538,-1880,4539,-2165,4540,-2159,4541,-2152,4542,-2148,4543,-2140,4544,-2136,4545,-1831,4546,-1823,4547,-1819,4548,-2132,4549,-1815,4550,-2131,4551,4552,-1813,4553,-1811,4554,-2125,4555,-2128,4556,-1808,4557,-1809,4558,-2126,4559,-1801,4560,-1803,4561,-1805,4562,-2118,4563,-1796,4564,-2120,4565,-1799,4566,-1789,4567,-1787,4568,-1786,4569,-2114,4570,-1779,4571,-1775,4572,-1778,4573,-1783,4574,-2117,4575,-1797,4576,-1791,4577,-1793,4578,-1782,4579,-1772,4580,-1769,4581,-2102,4582,-1748,4583,-1745,4584,-2099,4585,-1741,4586,-1739,4587,-1723,4588,-1721,4589,-1715,4590,-1719,4591,-1691,4592,-2090,4593,-1673,4594,-1672,4595,-2084,4596,-1657,4597,-1610,4598,-1583,4599,-1579,4600,-1573,4601,-1581,4602,-2052,4603,-1585,4604,-1577,4605,-1571,4606,-1569,4607,-1567,4608,-1566,4609,-1561,-1564,4610,-1559,4611,-2050,4612,-2047,4613,-2034,4614,-1514,4615,-1510,4616,-1491,4617]],[[-1502,4618,-2027,4619,-2031,4620,-2024,4621,-1508,4622]],[[-1511,4623,-1517,4624,-1552,4625,-1549,4626,-1547,4627,-2038,4628,-1533,4629,-1526,4630,-1535,4631,-1543,4632,-1539,4633,-1529,4634,-2037,4635,-1528,4636,-2032,4637,-1519,4638,-1515,4639,-2029,4640]],[[-1588,4642,-1600,4643,-1605,4644,-2058,4645,-1604,4646,-1617,4647,-1651,4648,-2082,4649,-1665,4650,-1670,4651,-2087,4652,-1677,4653,-1675,4654,-1680,4655,-1681,4656,-1684,4657,-1702,4658,-1696,4659,-1697,4660,-1694,4661,-1687,4662,-1704,4663,-2088,4664,-1653,4665,-1643,4666,-2075,4667,-1629,4668,-1627,4669,-1648,4670,-2067,4671,-1625,4672,-1645,4673,-1668,4674,-2065,4675,-1616,4676,-1660,4677,-2070,-2068,4678,-1631,4679,-2077,4680,-1663,4681,-1655,4682,-1649,4683,-1642,4684,-1623,4685,-1635,4686,-1633,4687,-1639,4688,-2080,4689,-2073,4690,-1637,4691,-2063,4692,-1607,4693,-1601,4694,-2060,4695,-1597,4696,-1595,4697,-1613,4698,-1619,4699,-1611,4700,4701,-1591,4702,-1589,4703]],[[4707,-2097,-1761,4708,-2106,4709,-2105,4710,-2100,4711,-1755,4712,-1752,4713,-1754,4714,-1749,4715,-1744,4716,-1737,4717,-1729,4718,-1727,4719,-1725,4720,-1713,4721,-1705,4722,-1689,4723,-1685,4724,-2092,4725,-1711,4726,-1736,4727,-1733,4728,-1731,4729,-1717,4730,-1708,4731,-2111,4732,-2112]],[[-1699,4733,-1710,4734]],[[4735,-1767,4736,-1760,4737,-1757]],[[4739,-2108,4740,-1765]],[[-1818,4742,-1834,4743,-1836,4744,-2138,4745,-1848,4746,-1850,4747,-1854,4748,-2142,4749,-2144,4750,-2150,4751,-1860,4752,-1862,4753,-1868,4754,-2155,-1871,4755,-1872,4756,-1877,4757,-1882,4758,-1879,4759,-1866,4760,-2157,4761,-1889,4762,-2161,4763,-2163,4764,-1897,4765,-1921,4766,-1924,4767,-2170,4768,-2166,4769,-1914,4770,-1915,4771,-1909,4772,-1911,4773,-1908,4774,-2169,4775,-1906,4776,-1894,4777,-1899,4778,-1902,4779,-1903,4780,-1895,4781,-1887,4782,-1875,4783,-1858,-1856,4784,-1853,4785,-1846,4786,-1844,4787,-1842,4788,-1840,4789,-1839,4790,-1826,4791,-1829,4792,-2134,4793,-1827,4794,-1822,4795]],[[-1891,4797]],[[-2054,4798,-2056,4799]],[[4802,-2122]],[[-2146,4803]]],"type":"MultiPolygon","properties":{"grp":"IDN","a":"IDN","n":"西南巴布亚省"}},{"arcs":[[4804]],"type":"Polygon","properties":{"grp":"TLS","a":"TLS","n":"阿陶罗"}}]},"disp":{"type":"GeometryCollection","geometries":[{"arcs":[[-261,305,4805,-263,4806]],"type":"Polygon","properties":{"dn":"阿克赛钦"}},{"arcs":[[[-245,4807]],[[-247,4808,3627,4809]],[[249,4810]],[[4811,-252]],[[4812,-255]],[[4813,-257]]],"type":"MultiPolygon","properties":{"dn":"中印边界中段争议区"}},{"arcs":[[4814,258]],"type":"Polygon","properties":{"dn":"德姆乔克（典角）"}},{"arcs":[[4815,54,55]],"type":"Polygon","properties":{"dn":"德拉马纳-沙卡托"}},{"arcs":[[-243,-353,4816]],"type":"Polygon","properties":{"dn":"卡拉帕尼"}},{"arcs":[[-308,4817,3605]],"type":"Polygon","properties":{"dn":"锡亚琴冰川"}}]}}}