{"type":"Topology","arcs":[[[229897,594977],[-1381,-52],[-722,-1437],[-844,-15],[-802,-1096],[-818,-566],[-440,755]],[[224890,592566],[95,736],[-1149,1780]],[[223836,595082],[275,1243],[800,1103],[-371,1692]],[[224540,599120],[976,-1103],[1990,1718]],[[227506,599735],[858,275],[1444,-394],[286,-1544],[572,-1232],[-572,-31],[242,-529],[-439,-1303]],[[224540,599120],[-1445,961]],[[223095,600081],[631,3569],[-63,1240],[497,2324],[440,160]],[[224600,607374],[64,-206],[621,-388],[72,-325],[430,35],[-272,-788],[688,-1352]],[[226203,604350],[-773,-2011],[28,-709],[291,-711],[537,-815],[9,-8],[5,4],[1206,-365]],[[223836,595082],[-12,-1014],[-1669,-1150],[-441,-1033]],[[221714,591885],[-712,171],[-808,2811],[137,1181],[-692,2336]],[[219639,598384],[1155,469]],[[220794,598853],[514,629],[869,-896],[794,81],[124,1414]],[[220794,598853],[-335,1039],[-715,694],[429,2733],[-598,1459],[-1402,2249],[321,1493]],[[218494,608520],[353,164],[254,-273],[385,-27],[725,-744],[937,-73],[223,331],[786,-30],[260,-298],[233,368],[360,1021],[1510,-1048],[80,-537]],[[219639,598384],[-931,-541],[-1029,412]],[[217679,598255],[-1315,1251],[46,1041],[-640,2072],[291,1547],[-659,1145]],[[215402,605311],[397,1228],[-366,860],[177,1052]],[[215610,608451],[381,-78],[303,371],[567,305],[504,-44],[334,-236],[795,-249]],[[206931,588883],[1211,372]],[[208142,589255],[968,-71],[1311,984]],[[210421,590168],[244,-687],[984,488],[870,1547],[527,2257],[640,824]],[[213686,594597],[1398,-985],[217,-567]],[[215301,593045],[938,316],[834,-843],[-154,-1168],[-629,-1022],[1115,-966],[365,382],[1492,40],[169,-362]],[[219431,589422],[-1878,-172],[-1919,618],[-1239,1345],[-590,-54],[-102,-408],[-441,-397],[-673,162],[-414,-796],[62,-516],[-1429,-672],[-1427,-82],[-340,194],[-101,-611]],[[208940,588033],[-506,171],[-343,-146],[-232,472],[-238,-144],[-690,497]],[[217679,598255],[-737,-1592],[-269,-1343],[-1006,-518],[-366,-1757]],[[213686,594597],[-116,480]],[[213570,595077],[504,1205],[-933,3563],[971,944],[298,1331],[463,129],[468,1466],[61,1596]],[[210421,590168],[405,1174],[203,2679]],[[211029,594021],[-54,643],[1366,446],[491,-486],[738,453]],[[208142,589255],[350,1471],[-482,1976],[-786,735],[-377,1050]],[[206847,594487],[243,1530],[453,403]],[[207543,596420],[583,191],[1384,-1441],[277,-721],[786,190],[456,-618]],[[207543,596420],[-614,507],[0,1048],[992,492],[205,1350],[1212,813]],[[209338,600630],[985,1543],[-134,1901],[815,1180]],[[211004,605254],[667,454],[804,1696],[2054,-415],[410,1783]],[[214939,608772],[167,136],[504,-457]],[[209338,600630],[-899,1216],[464,919],[-688,1409]],[[208215,604174],[1054,906],[464,904],[1271,-730]],[[206847,594487],[-612,493],[256,1031],[-676,295]],[[205815,596306],[410,2910],[-394,2573],[-817,782],[120,2062],[-492,1005],[-586,92],[-780,-1071],[-689,-2272],[-443,-495]],[[202144,601892],[-180,217]],[[201964,602109],[116,509],[717,1145],[107,936],[707,1067],[131,24],[1160,1407],[187,459],[81,902],[288,491],[-648,1145],[3901,1453]],[[208711,611647],[-590,-974],[-1294,-484],[-1067,-1579],[145,-930],[440,-1125],[-423,-1496],[1309,-1103],[984,218]],[[208711,611647],[312,-101],[349,-720],[773,175],[450,-775],[636,115],[689,623],[464,-677],[936,125],[538,-907],[95,-468],[347,76],[639,-341]],[[206931,588883],[91,224],[-915,465],[-82,195],[-769,-115],[-291,580],[-478,22],[-259,247]],[[204228,590501],[-1023,1281],[583,1308]],[[203788,593090],[355,1754]],[[204143,594844],[1672,1462]],[[204228,590501],[-490,-184],[-481,-487],[-830,74],[-406,-162],[-666,1448],[-1096,1026],[-686,1017],[-80,1107],[-1203,514]],[[198290,594854],[128,171]],[[198418,595025],[0,20]],[[198418,595045],[-31,78]],[[198387,595123],[0,1]],[[198387,595124],[289,346],[157,1012],[275,223],[459,-19]],[[199567,596686],[906,255],[709,-2209],[572,74],[768,-1686],[1266,-30]],[[202144,601892],[49,-180]],[[202193,601712],[849,-481],[715,-2470],[670,-1259],[-475,-359],[384,-1684],[-193,-615]],[[199567,596686],[242,180],[156,830],[139,142]],[[200104,597838],[453,-306]],[[200557,597532],[6,2]],[[200563,597534],[189,211]],[[200752,597745],[4,11]],[[200756,597756],[-93,242]],[[200663,597998],[-5,2]],[[200658,598000],[-38,47]],[[200620,598047],[-1,5]],[[200619,598052],[-19,22]],[[200600,598074],[-2,1]],[[200598,598075],[-175,729],[69,516]],[[200492,599320],[2,2]],[[200494,599322],[11,34]],[[200505,599356],[-1,4]],[[200504,599360],[82,121]],[[200586,599481],[2,2]],[[200588,599483],[32,170]],[[200620,599653],[2,1]],[[200622,599654],[27,89]],[[200649,599743],[-1,2]],[[200648,599745],[-36,435]],[[200612,600180],[-3,10]],[[200609,600190],[93,167]],[[200702,600357],[89,-24]],[[200791,600333],[2,11]],[[200793,600344],[10,39]],[[200803,600383],[11,4]],[[200814,600387],[62,83]],[[200876,600470],[-120,327],[361,284],[-81,466],[386,470],[542,92]],[[200700,600353],[-91,-163]],[[200609,600190],[-2,6]],[[200607,600196],[93,157]],[[224890,592566],[-500,-220],[-457,-1946],[-786,932],[-891,-84],[-435,606]],[[221821,591854],[-107,31]],[[229897,594977],[37,-1085],[747,-1381],[-24,-1603]],[[230657,590908],[-32,-141],[-1099,-260],[-231,391],[-688,562],[-320,-110],[-290,-646],[-1004,-875],[-421,-87],[-539,192],[-318,-239],[-938,-214],[-843,746],[-164,-360],[-681,-513],[-801,440],[-889,-15],[-460,169],[-420,-593],[-444,378]],[[220075,589733],[1302,783],[444,1338]],[[220075,589733],[-644,-311]],[[446723,250765],[75,-690],[381,-534],[31,-433],[619,-1410],[297,-123],[812,-1965],[185,-143],[280,-669],[503,-14]],[[449906,244784],[-379,-939],[383,113],[-576,-1578],[-142,-626],[-507,-1044],[-432,-529],[-454,-209],[-190,572],[-257,56],[-307,491],[-89,690],[-629,743],[-223,756],[-25,641],[-882,-106],[-456,130],[151,1298],[-254,264],[87,418],[-521,1745],[-666,540]],[[443538,248210],[-289,483],[1440,640],[1033,587],[1001,845]],[[446723,250765],[842,1113],[601,954],[1156,1236]],[[449322,254068],[127,-949],[-262,-1001],[-5,-975]],[[449182,251143],[-28,-560],[259,-284],[-8,-694],[172,-1423],[-10,-981],[106,-715],[519,-123],[-66,-1030],[-220,-549]],[[449322,254068],[525,626],[912,597],[1122,639],[47,-615],[-181,-555],[-544,-1144],[18,-494]],[[451221,253122],[-181,-829],[-722,126],[-401,-337],[-286,-750],[-449,-189]],[[451830,251949],[61,663],[542,620],[-188,390],[421,157],[121,-319]],[[452787,253460],[372,-685],[455,-560],[-64,-606],[271,-614],[90,-596],[-99,-458],[211,-217],[52,-946],[-177,-795],[96,-299],[-39,-1013],[256,-584],[221,-185],[225,-621],[-62,-688],[-208,-90],[-393,675],[-321,-33],[-609,475],[-683,0],[-191,186],[131,487],[-130,289],[68,520],[-155,656],[-110,1003],[-273,645],[69,471],[-192,759],[-33,630],[265,683]],[[367822,400079],[671,114],[145,172],[16,193],[121,109],[36,182],[-62,97],[-26,241],[12,40],[21,38],[9,12],[11,20],[12,20],[45,11],[279,-197],[74,103],[-160,275],[21,276],[179,135],[79,86],[101,181],[214,168],[218,-26],[235,-1058],[401,-358],[35,-465],[228,-288],[755,-401],[239,91],[129,-646]],[[371860,399204],[-83,-384],[11,-1005],[109,-937],[-82,-954],[365,-1374],[-383,-947],[-509,-402],[-397,-134],[-392,100],[186,-1999],[158,-168],[124,-1106],[-306,-903],[-434,-576],[-536,-194],[-6,-1796],[236,-169],[560,-1754],[117,-1256],[-162,-353]],[[370436,382893],[-491,431],[-445,76],[-133,279],[-762,666],[-658,-261]],[[367947,384084],[-812,82],[-455,-698],[-514,140],[-599,-94],[-750,-1611],[-185,-667],[-62,22],[-157,165],[-164,31],[-10,-511],[-189,-694],[-847,-564],[-450,207],[-1032,1153],[-362,45],[-745,384]],[[360614,381474],[-30,318],[-357,413],[24,1706],[-133,925]],[[360118,384836],[276,622],[-36,815],[141,1680],[-119,854],[-389,871],[38,1345],[507,538],[372,-475],[446,280],[448,-116],[-8,753],[1598,100],[207,216]],[[363599,392319],[460,-47],[124,-26],[151,-113],[146,-20],[1106,-218],[-47,1065],[319,521],[335,96],[191,669],[-639,718],[-136,1196],[-537,229],[-237,666],[77,364],[-114,647],[-275,555],[712,41],[260,338],[456,-23],[432,-305],[295,228],[337,1841],[396,-299],[227,-405],[112,-21],[42,34],[18,18],[12,11]],[[360118,384836],[-942,-792],[-768,-514],[-784,-1383],[-861,-717],[-301,-778],[-952,-953],[-794,-896],[-236,34],[-424,762],[-297,920],[-27,788],[267,962],[-87,381],[-541,32],[-590,-109],[-137,186],[-478,-110],[-200,-239],[-735,-468],[-488,-146]],[[350743,381796],[70,1021],[-48,687],[330,884],[319,362],[149,783],[-491,428],[-451,44],[-176,287],[-1193,174],[-77,645],[214,242],[154,622],[-116,1026],[-195,466],[-364,1348],[498,1529]],[[349366,392344],[-43,860],[183,1094],[694,1202],[-448,510],[-193,478],[211,408],[-88,749],[120,931]],[[349802,398576],[324,464],[594,-329],[394,650],[378,405],[404,-374],[137,442],[518,-335],[515,490],[339,-511],[310,209],[329,-280]],[[354044,399407],[373,-257],[276,115],[267,-428],[-173,-676],[154,-201],[202,-972],[281,-413],[501,-26],[389,382],[78,698],[451,993]],[[356843,398622],[86,-555],[387,-800],[21,-445],[318,-923],[410,-180],[356,-805],[280,-103],[676,172],[924,760],[286,-351],[211,107],[400,-563],[479,-218],[350,34],[508,-282],[41,-828],[1023,-1323]],[[360614,381474],[150,-1196],[415,-760],[-161,-673],[183,-903],[270,-737],[-219,-425],[338,-902],[-181,-574],[46,-741],[201,-487],[-58,-401],[206,-448],[98,-830],[-52,-651],[166,-1478]],[[362016,370268],[-594,-148],[-1185,30],[-248,-539],[-251,-103],[-571,682],[-385,-323],[-330,-1651],[-179,-143],[-285,399],[-508,258],[-415,36],[-873,-567],[351,-615],[50,-604],[221,-303],[72,-994],[-281,-95],[-240,381],[-905,99],[-315,-125],[-569,738],[-417,-51],[-453,-355]],[[353706,366275],[-187,973],[393,620],[-90,599],[-672,1624],[16,671],[-701,285],[-550,511],[-571,362],[-825,-397],[-234,-279],[-355,-129],[-942,345]],[[348988,371460],[-1697,2183],[-320,802]],[[346971,374445],[409,339],[60,91],[43,-31],[13,132],[38,126],[119,198],[23,117],[330,495],[-3,119],[677,319],[218,610],[611,740],[231,467],[97,1118],[26,1148],[95,292],[633,391],[152,680]],[[352167,356069],[152,7],[238,1404],[544,109],[84,542],[228,-3],[200,-547],[357,-3],[189,754],[187,65],[278,-220],[-81,-485],[-45,-75],[-70,-304],[-93,-196],[-35,-173],[130,-1086],[172,-155],[128,-33],[288,-26],[193,-38],[119,-58],[-2,-58],[-138,-316],[44,-760],[-173,19],[-283,-84],[-205,83],[-83,194],[-70,225],[-193,-148],[-54,-12],[-124,-749],[-334,-195],[-603,113],[-634,736],[224,623],[-388,390],[-147,460]],[[335654,351116],[-62,967],[-176,1163],[24,294],[376,121],[179,-644],[-64,-429],[159,-628],[-185,-877],[-251,33]],[[333535,362939],[176,-128],[1686,-174],[443,-210],[869,-607],[495,-82],[1074,698],[386,-53],[77,356],[425,342],[6,462],[265,716],[401,-327],[408,448],[305,-156],[594,-607],[574,-1115],[899,-1008],[647,56],[662,-1352]],[[343927,360198],[-742,-163],[104,-713],[-171,-992],[250,-545],[-45,-966],[1064,-1030],[314,-606],[620,207],[220,-436],[318,-229],[50,-473],[-209,-300]],[[345700,353952],[-668,-784],[-669,-1276],[-439,-1284],[286,-933],[-623,-1536],[-354,-496],[97,-1271],[-830,-585]],[[342500,345787],[-193,799],[-257,601],[-4,1259],[-638,224],[-401,1150],[-416,8],[-563,-825],[117,-436],[-518,-2018],[127,-940],[-640,-316],[-184,405],[-454,339],[-424,-10],[-147,-361],[-556,-546],[-660,795],[36,1617],[-104,665],[192,562],[-60,748],[-422,1706],[40,371],[696,530],[-110,512],[-377,58],[-56,830],[-152,243],[357,466],[-189,467],[-353,281],[-105,550],[-200,115],[-301,-351],[-366,389],[217,435],[-217,300],[-385,928]],[[334830,357337],[-24,1362],[-243,822],[-187,111],[-457,1325],[-39,626],[-289,663],[-56,693]],[[336000,353896],[-491,1163],[349,326],[225,-806],[269,-364],[-352,-319]],[[347863,340403],[259,361],[832,-18],[55,-499],[278,-371],[-91,-702],[115,-413]],[[349311,338761],[-234,93],[-475,671],[-496,-257],[8,442],[-251,693]],[[347863,340403],[-123,260],[-507,-156],[-213,-254],[-434,308],[-324,-250],[-449,36],[-699,495],[-360,87],[-205,326]],[[344549,341255],[301,241],[136,713],[-56,436],[-359,742],[-17,356],[219,801],[-267,825],[138,354],[15,647],[-168,215],[543,582],[224,406],[243,-157],[504,289],[-23,1797],[-173,383]],[[345809,349885],[209,21],[842,-404],[299,-664],[512,-150],[639,180],[276,542],[667,-35]],[[349253,349375],[0,-922],[207,62],[353,-377],[300,21],[372,-1090],[26,-889],[-178,-538],[613,-121],[311,246],[526,-45],[245,-614],[75,-809],[171,-461],[-513,-1235],[38,-1144],[325,-38],[50,-1347]],[[352174,340074],[-644,128],[-489,-148],[-441,-1148]],[[350600,338906],[-332,-283],[-715,-193],[-242,331]],[[349253,349375],[787,-209],[1004,-555],[493,-74],[360,107],[-7,1003],[261,2574],[207,428]],[[352358,352649],[216,-220],[440,250],[332,-169],[536,118],[469,-354],[-118,-887],[107,-379],[409,-354],[58,-726],[299,-9],[3,-1111],[-244,-1001],[-19,-438],[377,-233],[124,-989],[-49,-473]],[[355298,345674],[-13,-456],[457,-1510],[142,-723],[-1355,-1270],[-584,-1393],[-270,-387],[-1111,-65],[-390,204]],[[352358,352649],[578,1060],[-704,284],[-401,-262],[-203,216],[231,1944],[-15,529],[230,1363],[249,730],[216,1026],[-130,405]],[[352409,359944],[430,191],[-177,642],[552,81]],[[353214,360858],[150,-265],[-54,-654],[701,-277],[842,1102],[128,-341],[316,-116],[106,-274],[146,-212],[28,-161],[-136,-123],[-33,-716],[1072,-275]],[[356480,358546],[-34,-411],[-289,-285],[37,-632],[-185,-146],[29,-1039],[139,-523],[685,-222],[255,-750],[431,-347],[253,-423],[-134,-237],[-114,-140],[-173,-151],[179,-1054],[66,-1106],[-92,-440],[-143,-541],[-100,-456],[-65,-263],[-81,-221],[-333,-557],[3,-696],[-115,-1221],[45,-777]],[[356744,345908],[-71,11]],[[356673,345919],[-223,162],[-165,-1],[-150,-32],[-70,-6],[-87,-19],[-11,2],[-42,74],[145,304],[-1,127],[-131,118],[-67,-42],[-168,-179],[-272,-290],[-133,-463]],[[348988,371460],[44,-989],[-12,-161],[26,-81],[-82,-629],[119,-552],[-405,-382],[-260,-930],[-386,-185],[-194,-365],[-396,-113],[-409,-780],[-83,-968],[131,-210],[21,-849],[121,-485]],[[347223,363781],[-365,-415],[-654,-162],[-20,-664],[-400,-601],[125,-454],[-413,-391],[-293,27],[-109,416],[-344,208],[-245,-219],[-42,-595],[-204,-91],[-332,-642]],[[333535,362939],[-101,820],[-337,546],[-279,1060],[120,648],[-35,645],[119,584],[-4,948],[256,428],[314,125]],[[333588,368743],[244,-445],[278,640],[293,-229],[344,552],[347,-57],[399,662],[237,61],[134,-463],[443,-158],[33,299],[1535,1081],[168,-116],[365,465],[419,277],[434,-261],[176,139],[1101,-827],[1010,309],[124,557],[211,1563],[-209,851],[-13,899],[211,523],[-71,580],[510,191],[123,770],[261,237],[-113,692],[290,598],[105,-46],[197,81],[917,1153]],[[344091,379321],[2880,-4876]],[[371860,399204],[571,-1142],[220,-270],[620,611],[626,-306],[495,1276],[567,445],[58,-477],[365,30],[419,287],[314,537],[108,575],[478,64],[-44,463],[215,282],[228,717],[283,54],[650,-749],[396,-284],[187,605],[119,888],[477,419],[314,466]],[[379526,403695],[-6,-950],[-448,-2128],[-153,-1096],[-386,91],[-86,-484],[-435,-828],[143,-974],[-305,-1296],[-379,-822],[283,-655],[-69,-928],[917,-650],[1,-475]],[[378603,392500],[147,-433],[30,-1011],[-213,-911],[811,-843],[333,-1197],[39,-649],[407,-1439],[90,-2520]],[[380247,383497],[-162,-695]],[[380085,382802],[-58,-218]],[[380027,382584],[-371,-294],[-311,251],[-303,-50],[-316,570],[-264,-328],[-242,-111],[-217,-271],[-25,-111],[-97,22],[-108,-79],[-325,604],[-179,-14],[-144,-119],[-108,43],[-202,739],[-70,66],[-130,60],[-67,8],[-94,-491],[-124,-56],[-37,-48],[-64,-161],[-198,-155],[-196,-17],[-94,96],[-17,181],[-230,76],[-83,-199],[-152,-118],[-368,40],[192,-590],[-59,-1043],[-348,-497],[-154,186],[-654,-11],[-299,-155],[-705,30],[-820,372],[-280,421],[-1328,1462]],[[353706,366275],[257,-499],[28,-727],[-315,-1327],[248,-848],[-603,-1109],[-107,-907]],[[352409,359944],[-319,-273],[-797,-46],[-734,-1002],[-557,-80],[-198,296],[-870,201],[-375,594],[-254,1109],[-437,514],[-144,1437],[-335,212],[-166,875]],[[330711,377646],[733,-1],[231,655],[-82,550],[243,553],[739,244],[155,-145],[534,-1151],[18,-4254],[-835,-915],[-1433,-397]],[[331014,372785],[-198,637],[87,704]],[[330903,374126],[255,283],[-33,743],[-141,79],[-66,1140],[-186,687],[-21,588]],[[336011,396982],[443,-1547],[409,-481],[827,-48],[-231,-1465],[-149,-259],[313,-847],[587,254],[605,1079],[569,-1379],[475,-257],[69,-293],[-43,-129],[-39,-1],[11,-179]],[[339857,391430],[-120,-523],[122,-508],[-123,-672],[35,-267],[-62,-105],[36,-66],[-38,-280],[10,-182],[80,-69],[21,-143],[81,-71],[-142,-184],[-108,-190],[-72,-48],[-5,-87],[-92,-204],[0,-320],[-58,-54],[138,-118],[12,-99],[80,-71],[28,-862],[-65,-575],[-61,-290],[-28,-44],[-73,-950],[213,-874]],[[339666,383574],[-1267,292],[-609,15],[-432,364],[-486,8],[-679,-303],[-182,96],[-471,-302],[-33,-265],[-1300,330],[-991,434],[-565,-469],[-9,1520],[-3169,-50]],[[329473,385244],[47,460],[-279,532],[317,570],[687,-271],[405,187],[554,-81],[352,553],[318,203],[-562,659],[455,778],[895,645],[746,1597],[160,1169],[830,1111],[379,248],[-73,955],[211,334],[122,970]],[[335037,395863],[162,591],[455,110],[357,418]],[[344091,379321],[-1597,2628],[-39,137],[-210,245],[-853,105],[-392,580],[-250,148],[-43,147],[-157,39],[-394,-101],[-490,325]],[[339857,391430],[408,336],[594,-61],[895,1116],[558,-67],[4072,28],[599,-245],[410,-360],[427,461],[412,-44],[834,109],[300,-359]],[[336011,396982],[412,805],[724,336],[183,306],[476,-154],[194,181]],[[338000,398456],[228,187],[1389,131],[242,490],[299,-387],[294,699],[781,353],[417,-452],[343,537],[481,-96],[-63,-630],[766,-463],[466,-56],[1105,-394],[58,266],[937,-120]],[[345743,398521],[455,179],[142,384],[613,-300],[152,394],[285,-264],[311,183],[271,444],[508,-576],[658,60],[664,-449]],[[362016,370268],[325,-1507],[30,-1299],[-485,-610]],[[361886,366852],[-346,124],[-316,36],[-146,71],[-156,100],[-100,29],[-223,-24],[-385,-555],[-90,-454],[-30,-356],[45,-540],[-95,-1110],[35,-122],[37,-231],[103,-316],[-179,-424],[-248,11],[-117,-115],[-66,196],[-98,-249],[-30,-290],[-18,-849],[-140,-517],[-78,-1129],[-277,-191]],[[358968,359947],[-840,588],[-466,-115],[-286,-674],[-927,-851],[31,-349]],[[380027,382584],[-423,-1584],[-539,-2324],[-108,-728],[56,-290],[-126,-591],[165,-410],[-11,-622],[513,-894],[53,-325]],[[379607,374816],[-4,-1223],[219,-566],[-123,-572],[129,-444],[38,-903],[-372,-2512],[-37,-602],[-965,-1040],[-96,-577],[-345,32],[-702,1164],[-1097,-604]],[[376252,366969],[-447,-100],[-1115,-2099],[-476,-713],[-808,-504],[-581,94],[-547,244]],[[372278,363891],[-78,432],[104,1207],[-538,1133],[-409,351],[-911,402],[-399,1403],[-690,526],[-966,969],[-358,455],[365,1561],[62,636],[277,720],[678,849],[384,141],[633,989],[24,950],[-332,517],[-1099,1014],[-178,-47],[-620,713],[-334,649],[-55,550],[149,592],[592,-74],[87,390],[-504,595],[-254,961],[108,702],[-69,907]],[[372278,363891],[-509,-957],[-239,-726],[-237,-107],[-685,100],[-1253,-72],[-391,305],[-420,-237]],[[368544,362197],[-398,-335],[-634,180],[-240,-134],[-980,-24],[-49,1253],[-357,177],[-245,456],[-270,-109],[-402,419],[184,532],[-838,1015],[-494,280],[-759,-154],[-124,551],[1,249],[-148,39],[-306,-24],[-116,27],[-141,-39],[-152,33],[-155,148],[-35,115]],[[358968,359947],[7,-804],[960,-294],[1441,-254],[289,64],[627,-1178],[19,-320],[424,-701]],[[362735,356460],[-1162,-596],[-37,-764],[-198,-475],[46,-387],[-162,-767],[-1,-1228],[-69,-798],[-367,-1132],[58,-750],[218,-456],[-213,-307],[-93,-734],[-228,-692],[323,-513]],[[360850,346861],[-977,-371]],[[359873,346490],[-690,200],[-540,-699],[-486,-853],[-489,408],[-428,73],[-198,110],[-202,176],[-96,3]],[[345809,349885],[-239,961],[209,511],[-96,878],[211,698],[-194,1019]],[[362735,356460],[176,-540],[340,15],[219,-510],[-102,-1085],[276,-220],[-276,-709],[97,-610],[-134,-676],[366,-514],[27,-685],[934,-729],[231,-822],[746,-900],[427,347],[323,-786],[174,-1116],[-598,-86],[373,-1541],[67,-1246],[-233,324],[-891,-10],[-1170,1069],[-508,-557],[-475,286],[46,246],[-183,930],[-756,1349],[-386,-108],[-479,-504],[-516,-211]],[[344549,341255],[-138,627],[-527,40],[123,-536],[-533,-1261],[-710,-70],[-99,-494],[-475,170],[-430,-306],[-180,176],[36,531],[-277,387],[-167,-291],[-403,932],[-333,250],[497,1035],[45,479],[329,371],[289,-102],[498,217],[85,863],[353,473],[-32,1041]],[[337874,342763],[-423,521],[81,460],[513,90],[77,-735],[330,-83],[92,-358],[-247,-632],[-240,639],[-183,98]],[[343349,338972],[-273,-261],[-235,526],[32,666],[457,-287],[19,-644]],[[368544,362197],[514,-1553],[-374,-1328],[199,-1767]],[[368883,357549],[-611,351],[-679,-291],[-1223,1133],[-326,-176],[-470,177],[-299,377],[-532,-665],[-619,-1368],[-736,497],[-389,-427],[-264,-697]],[[333588,368743],[-189,868],[-846,1323],[-330,1056],[-253,56],[-484,649],[-472,90]],[[330711,377646],[74,503],[-336,1053],[-164,42],[-416,1099],[-128,945],[-148,293],[-170,920]],[[329423,382501],[-74,761],[167,1192],[-43,790]],[[412043,485316],[-2054,-8999],[-197,-115],[-237,-633],[97,-613],[-385,-728],[-226,-1061],[-200,-256],[-177,-984],[-56,-1176],[-253,-134],[-277,-850],[-17,-1342],[-522,-487],[-156,-875],[378,-102],[-510,-1608],[-153,-168],[-36,178],[-121,-153],[-208,25],[-257,-13],[-378,-473],[-273,142],[-896,-902],[-486,-863],[-381,-428],[-233,-1102],[-377,-414],[-463,156],[-184,-372],[-739,-25],[-643,-486],[-313,371],[-317,-314],[-369,-1303],[193,-934],[-434,-179],[-221,186],[-550,-274],[-1172,558],[-366,420],[-702,89],[-5190,2473],[-654,569],[-844,243],[-156,849],[257,972],[-48,1777],[-344,1090],[-63,4847],[246,684],[-263,627],[-18,1405],[144,690],[282,412],[357,-9],[450,346],[426,715],[618,409],[1024,1399],[144,358],[712,352],[963,741],[554,1087],[354,345],[251,496],[1158,1234],[390,148],[100,-363],[413,-20],[-3,990],[161,376],[840,896],[569,218],[486,-57],[318,-583],[417,-306],[325,122],[229,-199],[361,677],[418,128],[100,-351],[587,-819],[124,672],[322,332],[642,-64],[72,520],[3988,-97],[28,-473],[277,-71],[273,-767],[153,281],[-164,1016],[2202,-54],[311,-137],[572,115]],[[407079,465165],[-572,-364],[-144,268],[193,154],[144,-51],[379,-7]],[[422412,559815],[731,-6092],[-6427,-22946],[-9953,-10976],[-5900,-10378]],[[400863,509423],[-126,-223]],[[400737,509200],[-96,-168]],[[400641,509032],[-611,320],[-44,697],[-462,-433],[-550,1251],[-53,1323],[-316,-326],[-97,-1138],[461,-820],[-10060,5260],[-9554,-4956],[-475,375]],[[378880,510585],[-33,93]],[[378847,510678],[-229,113],[-4084,3222],[284,340],[-287,684],[-470,-6],[-223,-286],[-304,336],[-106,510],[-371,119],[-526,-116],[-397,453],[-363,146],[-940,8535],[-414,422]],[[370417,525150],[396,-303],[725,147],[-65,358],[356,1257],[167,222],[-26,581],[488,413],[184,486],[-500,160],[-316,318],[-1107,670],[-648,684],[-222,79],[-1851,-1065],[-945,317],[73,416],[-278,738],[-579,466],[-1420,141],[-255,-147],[-4481,4571]],[[360113,535659],[6426,10560],[-9224,3935],[-6416,9046]],[[350899,559200],[6163,3482],[7850,-4047],[10847,12041],[6580,-4293],[7709,3403],[8627,9481]],[[398675,579267],[8117,-188],[7225,5456],[3688,-7141],[-13,-13356],[4720,-4223]],[[504724,597087],[-2553,-3137],[-4505,-5496],[-148,441],[269,390],[-446,530],[-285,-1221],[-173,876],[-365,109],[-108,-543],[-278,-71],[-594,422],[-293,-479],[-89,-447],[430,-84],[141,-595],[-60,-491],[-362,281],[-345,-64],[156,-492],[563,-691],[742,361],[-147,-1722],[-446,-472],[-486,211],[192,-729],[446,109],[204,-160],[-323,-3770],[-170,-72],[-105,-664],[-353,-64],[-382,-735],[358,-492],[473,-65],[-450,-5249],[-626,-145],[-237,-287],[-48,-689],[361,-129],[-156,-606],[-587,-1100],[-630,390],[112,358],[-108,568],[-490,-510],[-422,-915],[-429,-467],[-394,-114],[-285,-365],[-132,-837],[305,-460],[366,-6],[212,-633],[-329,-217],[226,-540],[-507,-495],[-149,248],[-373,-747],[247,-473],[-361,-677],[-200,1010],[101,556],[-389,236],[-547,-320],[64,1087],[-891,-448],[-16,-332],[610,-614],[105,-460],[-350,-504],[-28,-441],[-558,6],[-201,-256],[197,-709],[257,-333],[719,-466],[-203,-505],[-444,-77],[15,-728],[-187,-352],[-945,122],[-128,-575],[-683,-205],[-7,665],[-233,89],[104,588],[-542,-96],[361,-652],[-522,-703],[65,-588],[333,-275],[477,314],[230,-505],[325,-250],[-369,-804],[-382,-531],[-454,198],[-64,-460],[189,-454],[-108,-291],[-643,-636],[-418,550],[-631,518],[-429,-7],[-141,-390],[-1505,-569],[-213,-428],[-418,397],[-153,894],[44,608],[-381,-109],[-149,-761],[-393,-179],[-321,103],[-93,-1017],[205,-402],[-744,-786],[-858,384],[-530,76],[-386,-166],[249,-717],[820,-548],[770,62],[209,219],[454,-134],[-148,-672],[449,-51],[189,-339],[100,-696],[-317,-582],[-438,-224],[-96,-344],[-534,-198],[-193,345],[-257,-116],[113,-907],[-418,-876],[-1085,-1160],[-589,62],[-374,-250],[54,-784],[-1085,-1158],[-134,217],[-638,313],[-265,-218],[188,-530],[-124,-698],[-685,-856],[-199,282],[-562,-562],[-273,38],[-405,-556],[120,-611],[-608,-9]],[[472630,541723],[-1721,9404],[-10259,10463]],[[460650,561590],[1503,11394],[8756,21354],[3504,12742],[11512,6920]],[[485925,614000],[4403,-12850],[6232,2055],[8164,-6118]],[[481242,555144],[831,-377],[40,-690],[-647,-940],[-449,217],[-173,326],[40,524],[378,691],[-20,249]],[[360113,535659],[-612,-489],[-213,407]],[[359288,535577],[-389,163],[-240,402],[-975,471],[-445,-837],[-743,-265],[-532,-409],[-220,302],[-1458,-1664],[-319,331],[-261,-814],[-563,-133],[220,-2013],[231,-113],[34,-607],[-766,-650],[-448,-1058],[-1344,-103],[-2315,-1979]],[[348755,526601],[-767,761],[-232,554],[125,862],[-1426,-353],[-678,-1145],[-322,-3266],[-287,-147],[-768,586],[-5,8],[-23,38],[-19,31],[-81,146],[-182,13],[-38,104],[-12,25],[0,2],[-112,201],[-86,66],[-73,169],[-85,120],[-56,40],[-10,13],[-10,13],[-21,40],[-7,19],[-6,21],[-6,27],[-12,55],[-44,150],[-447,816],[-24,15],[-56,-32],[-14,-5],[-19,-4],[-33,1],[-15,-9],[-138,249],[3,32],[-2,10],[-1,10],[5,14],[17,14],[-9,42],[-360,522],[-9,4],[-7,1],[-39,0],[-98,98],[-33,150],[-375,467],[-741,-1344],[128,-642],[-406,-1137]],[[340839,525026],[-474,461],[-306,602],[36,288],[-373,675],[114,558],[-585,625],[-510,141],[-64,-515],[-5386,-1701],[-544,516],[-1258,234],[-686,911],[-812,-1351],[85,-692],[-665,-979],[34,-38],[1,-7],[0,-7],[0,-16],[-1,-20],[1,-20],[-195,-128],[-127,-187]],[[329124,524376],[-640,-1410],[111,-370],[-620,-26],[-546,-426],[363,-940]],[[327792,521204],[-533,1148],[-23,266],[-735,371],[-486,-369],[-807,112],[-160,-899],[-319,105],[-342,485],[-67,625],[-384,603],[-473,-41],[-659,-757],[-39,-442],[167,-568],[-231,-260],[-296,-1363],[-539,-12],[-191,-450],[276,-886],[252,-483],[-283,-482],[377,-1119],[34,-1166],[1140,-1501],[97,-518],[135,-3991],[-106,-168],[146,-1026],[-244,-375],[162,-416],[-160,-750],[-45,-1277],[319,-521],[313,40],[146,-502],[292,-94],[-34,-584]],[[324492,503939],[-499,-198],[-70,-542],[-212,-334]],[[323711,502865],[-608,49],[5,397],[-389,400],[-528,192],[-19,432],[-583,167],[-643,-144],[-2149,784],[-624,543],[-434,1253],[565,440],[-96,541],[149,557],[36,783],[-208,-69],[-102,72],[-137,9],[-14,24],[-45,-3],[-7,5],[-12,7],[-9,1]],[[317859,509305],[-50,386],[111,45],[14,-4],[13,-5],[18,-3],[35,22],[-24,292],[-54,260],[12,245],[-90,101],[9,269],[-356,372],[-73,1240],[-195,23],[-817,-1026],[-1125,-324],[-380,-766],[-338,-281],[-174,-745],[-190,0],[-496,-901],[-222,24],[-304,-527],[-669,-235],[-5826,8794],[-551,362],[-560,125],[-147,-189],[-2798,676],[-458,-61],[-498,586],[-204,-265],[-2249,532],[741,4020],[711,1145],[-99,785],[231,526],[-194,1062],[522,2835],[360,307],[-148,842],[98,533],[752,-558],[365,463],[-415,894],[13,1300],[-308,108],[110,599],[-5313,1712],[-339,1851],[22,987],[-389,1015],[-264,1443],[365,603],[-367,261],[-220,1439],[-348,813],[-432,2359],[-704,360],[267,434],[236,-262],[261,199],[61,499],[376,162],[621,627],[324,682],[-157,618],[-376,-335],[-66,8],[-26,20],[-36,17],[-90,56],[-985,-93],[-119,-217],[-23,-50],[-68,-86],[-147,-82],[-102,34],[-42,21],[-33,28],[-35,14],[-198,-60],[-191,-209],[-237,-117],[-24,171],[-360,278],[-75,278],[-834,-61],[-831,-175],[-195,-210],[-610,36],[-664,189],[-154,-175]],[[289441,548270],[-4154,2062],[1077,15433],[338,-468],[650,651],[244,764],[539,113],[273,616],[48,610],[357,-61],[171,1054],[-121,343],[1353,1543],[194,-479],[559,433],[445,524],[83,917],[389,243],[87,365],[1368,1559],[293,-207],[660,906],[-7,380],[472,538],[18,9996],[225,786],[-222,1096],[10,5576],[15,7832],[-5846,9894]],[[288959,611289],[9321,17283]],[[298280,628572],[2604,-16778],[11954,-4152],[5893,-10239],[4224,-15103],[13287,2982],[-365,14906],[13843,9590],[8778,-3822]],[[358498,605956],[-4364,-6750],[-9780,264],[-496,-11867],[8274,-2043],[-3402,-11305],[2169,-15055]],[[358498,605956],[9257,576],[407,11836]],[[368162,618368],[19192,7873],[3267,-11085],[6120,2257]],[[396741,617413],[2294,-25107],[-360,-13039]],[[460650,561590],[-14314,-5915],[-4235,14666]],[[442101,570341],[1140,17365],[-4662,14422],[6160,12925],[-2589,11318]],[[442150,626371],[11262,8254],[9910,2377]],[[463322,637002],[10694,1288],[9014,-7071]],[[483030,631219],[2895,-17219]],[[396741,617413],[-83,9631]],[[396658,627044],[1977,6639],[11644,2953],[1573,5685],[19265,-5685],[11033,-10265]],[[442101,570341],[-6720,642],[-10197,-4932],[-2772,-6236]],[[483030,631219],[13970,26265]],[[497000,657484],[12162,-2026]],[[509162,655458],[3676,-5382]],[[512838,650076],[-491,-575],[-634,-52],[-1004,-894],[-173,-543],[-405,-224],[-506,-51],[-586,-550],[-494,-1105],[101,-570],[-1004,-1457],[-764,-38],[-369,563],[-675,319],[-1614,-38],[-872,-224],[-176,-332],[-176,-870],[60,-939],[413,684],[301,1003],[707,141],[899,-102],[454,-773],[-393,-205],[184,-921],[314,-345],[-81,-856],[133,-365],[530,282],[169,-371],[947,-13],[692,460],[1091,1100],[562,768],[1068,664],[635,76],[828,-306],[794,-869],[663,-1017],[844,-1790],[313,-371],[88,-473],[751,-657],[876,-141],[313,-422],[529,-97],[728,-1941],[-551,-799],[-176,255],[-269,-1016],[-646,-530],[-868,-1559],[-1061,-308],[-168,167],[-509,-531],[-65,575],[-542,-568],[16,-422],[-309,-262],[349,-812],[124,735],[723,-434],[221,569],[811,306],[306,512],[682,88],[113,-1034],[413,313],[133,850],[-546,76],[200,857],[811,179],[451,421],[232,-306],[-1098,-6918],[-311,520],[241,384],[-120,408],[196,659],[-48,627],[-502,-160],[40,-857],[-217,-1086],[-453,-454],[-523,-26],[-317,250],[-482,1240],[-269,-7],[-32,-549],[-233,-831],[-719,-569],[49,-525],[437,-108],[619,243],[602,-217],[116,-224],[-92,-709],[667,-268],[-278,-646],[306,-383],[40,-678],[-631,-134],[-602,306],[-313,525],[-217,-231],[313,-638],[844,-384],[24,-460],[397,-300],[-361,-397],[-72,-754],[84,-556],[-611,-38],[-433,-384],[-851,0],[558,-479],[160,-1125],[217,-703],[253,-378],[141,-568],[-129,-614],[289,-779],[-96,-307],[300,-345],[-94,-595],[-338,14],[-499,358],[-634,51],[-498,-1546],[-289,11],[-29,-542],[-494,-479],[-152,24],[-381,493],[-177,856],[52,351],[-430,876],[-19,697],[-639,-851],[-350,-747],[181,-530],[-128,-499],[-606,-965],[-265,-25],[-342,-812],[32,-741],[-482,-972],[-791,224],[-385,-154],[-410,512],[-1096,479],[-12,-377],[473,-115],[587,-729],[321,-13],[575,-569],[-393,-1251],[-507,-755],[-414,-1157],[-385,-153],[-293,-928],[152,-318],[-321,-537],[-309,-45],[-77,-800],[153,-561],[318,-96],[-588,-1872],[-131,191],[-511,-1016],[386,12],[-203,-646]],[[511640,610105],[-1077,-826],[-143,888],[610,472],[93,518],[494,303],[137,-450],[140,-172],[-233,-268],[-21,-465]],[[509162,655458],[3194,6237]],[[512356,661695],[434,-305],[349,-10745],[-301,-569]],[[368162,618368],[-9630,16156],[4307,11292],[12873,-4514],[15225,23536],[-352,9129]],[[390585,673967],[9947,-5021]],[[400532,668946],[4576,-14443],[-16133,-7519],[7683,-19940]],[[400532,668946],[-52,21802],[13131,-178]],[[413611,690570],[5082,-9812],[7719,-4027],[8897,970],[14429,-14233],[6265,-1485]],[[456003,661983],[7319,-24981]],[[298280,628572],[-1290,21843],[-6700,24886],[-8308,6838]],[[281982,682139],[2225,6789],[11559,2527],[10190,-1617],[10342,-9029],[12823,15951]],[[329121,696760],[6950,8257],[8298,-15088],[12484,-10523],[6042,5216]],[[362895,684622],[4848,-4322],[16844,-6737],[5998,404]],[[456003,661983],[4856,14844],[-6254,3296],[1411,14264],[7537,16498]],[[463553,710885],[1800,393]],[[465353,711278],[7363,-9255],[9749,-4583],[-1300,-6945],[7072,-14632],[-3270,-4707],[4334,-11889],[7699,-1783]],[[465353,711278],[19675,-2865],[6881,7433]],[[491909,715846],[-94,-1687],[-184,-461],[7,-767],[274,-894],[598,-531],[466,-51],[281,371],[1261,-954],[-137,-581],[844,-1047],[935,-684],[-36,-505],[506,204],[860,-562],[-77,-467],[510,-18],[1068,-231],[651,-344],[2624,-2160],[46,-953],[330,-882],[137,-997],[505,-1572],[65,-1049],[113,-396],[-121,-690],[104,-486],[365,70],[261,-351],[-72,-383],[362,-473],[64,-639],[313,-486],[177,-614],[-289,-498],[-8,-408],[285,-851],[273,-166],[221,-531],[-149,-1808],[185,-499],[241,13],[188,-1080],[322,-371],[224,-1112],[467,-486],[253,-1105],[224,-422],[370,13],[289,-256],[13,-799],[184,-1137],[333,-773],[-321,-180],[60,-556],[-133,-645],[334,-875],[-381,-876],[349,-812],[482,-473],[606,-390],[365,-44],[1506,-1080],[651,-333],[703,-760],[257,-1981],[-394,-269],[169,-946],[482,-140],[-12,-826],[979,-37],[1238,-741],[662,-505],[1020,-1828],[24,-435],[257,-819],[410,-957],[35,-320],[-1246,-727],[-391,248],[-1028,281],[-1193,875],[-117,339],[-570,460],[-891,319],[-386,320],[-1534,-716],[-402,-613],[-570,191],[-682,-64],[-330,141],[-269,1464],[-951,1605],[-852,395],[-940,576],[-497,-154],[-394,383],[-1020,-575],[-1590,-1610],[-522,-89],[-1382,370],[739,-831],[482,0],[610,218],[458,319],[851,294],[346,-13],[268,313],[-11,531],[530,-115],[433,-268],[555,-129],[1084,65],[285,-275],[217,-818],[370,-831],[64,-461],[-245,-403],[96,-345],[844,-473],[425,116],[578,-103],[860,-575],[932,-932],[698,-933],[422,-1081],[333,-466]],[[492751,716755],[767,829]],[[493518,717584],[-80,-575],[-237,-300],[-450,46]],[[515260,663937],[-1586,-926],[-1407,1074],[-710,978],[-365,31],[-615,979],[767,849],[474,167],[683,-128],[518,-595],[349,-824],[940,-537],[441,-741],[511,-327]],[[413611,690570],[-6247,20519]],[[407364,711089],[10694,3224],[7287,6502],[13107,5275],[1426,11724]],[[439878,737814],[16734,-3712]],[[456612,734102],[-5792,-15087],[12733,-8130]],[[196431,608867],[-243,-270]],[[196188,608597],[-7,-2]],[[196181,608595],[-6,-6]],[[196175,608589],[-39,-16]],[[196136,608573],[-2,2]],[[196134,608575],[-23,82]],[[196111,608657],[-11,21]],[[196100,608678],[-454,-284]],[[195646,608394],[-13,-39]],[[195633,608355],[-3,-5]],[[195630,608350],[-8,-18]],[[195622,608332],[-4,-12]],[[195618,608320],[-7,-16]],[[195611,608304],[-168,-94]],[[195443,608210],[-78,-54]],[[195365,608156],[-377,-433]],[[194988,607723],[-25,-18]],[[194963,607705],[-60,-23]],[[194903,607682],[-12,-6]],[[194891,607676],[-283,167]],[[194608,607843],[-81,7]],[[194527,607850],[-31,-7]],[[194496,607843],[-407,-296]],[[194089,607547],[-603,-354]],[[193486,607193],[-2,16]],[[193484,607209],[-23,70]],[[193461,607279],[0,2]],[[193461,607281],[-374,-174],[-437,255]],[[192650,607362],[-13,8]],[[192637,607370],[-291,-452]],[[192346,606918],[2,-21]],[[192348,606897],[53,-504]],[[192401,606393],[5,-8]],[[192406,606385],[23,-55]],[[192429,606330],[-2,-21]],[[192427,606309],[-13,-39]],[[192414,606270],[1,-10]],[[192415,606260],[-447,-213],[-613,520],[-424,-272],[-507,465],[-624,-111],[-306,626],[-466,-787],[-305,-975],[-278,-482],[-579,26],[-61,455],[-655,-262],[-118,651],[-955,-330],[-288,-279],[-296,589],[-5,28],[-32,-53],[-76,-38],[-47,-70],[-291,-118],[-113,-235],[-414,-37],[-505,372],[-346,-371],[-348,-103],[-745,313],[-82,518],[-279,631],[-379,539],[-866,100],[-232,475],[-340,139],[-345,477],[-618,-139],[-414,411],[-85,889],[-473,75],[-525,-580],[-581,647],[-365,-954],[-228,-1014],[26,-431]],[[176785,607352],[-172,9],[-533,-790],[-306,15],[-283,478],[-603,154],[-289,468],[-495,-82],[-321,1697],[176,187],[-244,652],[-191,70],[-432,-404],[-140,-387],[-335,0],[71,-893],[-105,-170],[261,-827],[-1993,1346],[-19,817],[-477,1150],[-466,188],[-500,675],[-146,777],[39,434],[-247,1026],[-261,-54],[-172,-523],[-57,-699],[-500,-709],[-151,791],[-646,305],[-656,133],[-410,-151],[-360,-740],[-2469,1646]],[[163353,613941],[-74,875],[98,686],[311,148],[335,1097],[-172,436],[234,448],[-395,253],[-400,664],[-337,-230],[-210,167],[-479,-696],[-204,-658],[-375,-210],[-290,223],[-596,-372],[-727,589],[-777,388],[39,558],[-279,128],[-478,879],[-527,-20],[-194,236],[-602,-227]],[[157254,619303],[-4,7]],[[157250,619310],[-503,510],[84,365],[-353,926],[-1056,283],[-668,310],[-90,360],[265,1490],[-260,624],[-336,419],[140,668],[-235,82],[-120,988],[346,304],[13,400],[-572,-60],[-398,828],[-732,-23],[-578,645],[-153,-210],[-421,133],[-888,-371],[-149,-790],[-286,-141],[-542,58],[-520,-1050]],[[149238,626058],[-232,-269],[-591,674],[-498,224],[-76,589],[-717,823],[-11,633],[-216,1074],[-332,49],[-364,648],[30,435],[-285,224],[-326,-155],[-481,1212],[-340,511],[-528,210],[-579,-282],[-373,376],[-94,356],[-454,215],[-688,586],[-294,-213],[-2589,3551],[-464,115],[-46,364],[-324,241],[-291,-381],[-222,422],[-425,237],[-377,544],[-289,-215],[-278,558],[-280,-144],[-587,580],[-122,-160],[-630,173],[100,703],[279,489],[-178,488],[-272,54],[-583,769],[175,277],[86,682],[-196,730],[-376,89],[-97,-334],[-429,139],[-129,-335],[-569,411],[-549,205],[-137,251],[-1125,178],[-595,561],[-666,334],[-130,-536],[-405,268],[-175,-883],[-566,150],[-468,560],[-411,-1462],[256,-276],[-317,-1097],[58,-377],[-440,-476],[-159,-271],[-10,-54],[0,-16],[-2,-22],[-1,-23],[-154,-14],[-422,43]],[[126258,641068],[-9,0]],[[126249,641068],[-10,-320]],[[126239,640748],[-1762,438],[-517,532]],[[123960,641718],[-59,543]],[[123901,642261],[-444,591],[-535,-60],[-187,556],[-327,-35],[-1702,1720],[-4455,4545]],[[116251,649578],[93,538]],[[116344,650116],[-14,21]],[[116330,650137],[-436,289],[-177,631],[-483,-310],[-402,150],[-359,700],[-593,547],[-577,87],[-386,538],[-64,575],[-238,312],[-412,-44],[-371,209],[-728,-238]],[[111104,653583],[-339,-61],[-601,-412],[-482,261],[-358,622],[-88,532],[-770,-130],[-134,757]],[[108332,655152],[7,515],[-892,491],[-114,250],[-83,984],[-718,637],[230,501],[-281,334],[22,478],[-508,260],[64,343],[-336,715],[-648,413],[-139,-452],[-403,-44],[-2,-1192],[-721,256],[-300,-855],[-283,-364]],[[103227,658422],[-14,9]],[[103213,658431],[-975,359],[-299,898],[438,1158],[-359,586],[-296,116],[33,648],[696,514],[421,642],[-368,483],[-187,597],[-270,-48],[-342,1276],[-199,345]],[[101506,666005],[-103,111],[-156,198],[-91,115],[-96,121],[-46,59],[-40,51],[192,568],[686,382]],[[101852,667610],[218,958]],[[102070,668568],[152,291],[-118,566],[-261,-33],[-322,943],[-229,264],[-3,533],[-493,168],[-383,646],[73,399],[-364,142],[-622,1116],[-216,-532]],[[99284,673071],[64,1921],[-121,420],[37,736],[-426,955],[-284,332]],[[98554,677435],[155,618],[843,283],[154,329],[494,162]],[[100200,678827],[376,-245],[222,524]],[[100798,679106],[315,350]],[[101113,679456],[568,257],[160,329]],[[101841,680042],[271,17],[-63,-644],[288,-562],[-155,-695],[489,-2062],[305,30],[449,-747],[527,-383],[968,362],[410,-78],[239,558],[-86,503],[135,407],[506,258],[41,277],[521,21],[325,595]],[[107011,677899],[287,718],[-361,1243],[262,586],[-202,843],[-498,156],[74,571],[-120,1454],[101,550],[-457,429],[-383,619],[-25,57],[32,13],[7,6],[5,9],[3,25],[-22,33],[21,1111],[157,476],[-77,701]],[[105815,687499],[-762,634],[-20,440],[-343,318],[-80,727],[-620,298],[-250,728]],[[103740,690644],[-89,823],[39,708],[-209,1207],[-206,111],[183,733],[927,-200],[208,178],[578,8],[-25,456],[-583,383],[-139,292],[199,926],[-268,303],[-340,734],[-270,1401],[-482,920],[149,445],[892,540],[548,-525],[546,-190],[372,135],[229,350],[523,-171],[227,204],[649,-138],[494,-311],[412,238],[186,759],[-129,620],[521,245],[204,277],[-7,870],[656,283],[300,486],[196,662],[-355,571],[-301,1079]],[[109575,706056],[2226,228],[1288,4428]],[[113089,710712],[432,-330],[200,398],[415,-93],[567,186],[-70,866],[310,189],[207,968],[824,1131],[-190,538],[389,398],[-291,2163],[376,621],[-123,266],[605,945],[85,537],[-200,500],[65,553]],[[116690,720548],[15575,-1286],[3847,7194],[18392,-4401],[13255,4816],[18050,11591],[22826,-3151]],[[208635,735311],[925,-10272],[-3411,-20925],[8566,-17294],[29664,-9013],[11539,659],[8479,-11313],[11255,-1337],[6330,16323]],[[288959,611289],[-596,-512],[-144,372],[-462,-198],[-174,257],[-10,1011],[-428,323],[-77,364],[-478,756],[-387,-31],[-253,-573],[-434,15],[-142,529],[-450,524],[15,1036],[-165,490],[-578,602],[-462,-282],[-373,413],[-387,-592],[-312,-202],[204,-756],[-373,-874],[178,-738],[-369,-1038]],[[282302,612185],[-6,-15]],[[282296,612170],[-434,380],[-35,-636],[-664,-592]],[[281163,611322],[-728,454],[-467,728],[-529,39],[-417,832],[-321,208],[-454,-237],[-20,-43],[-13,-40],[-2,-20],[-4,-15],[-4,-6],[-13,-9],[-31,-105],[-132,-190],[-253,-154],[-679,446],[-261,630],[-695,-285],[-502,107],[-161,637],[-894,778],[-634,9],[-377,-202],[-475,-532],[-501,16],[-253,-422],[-89,-627],[-226,-98],[-273,767],[-492,-124],[-519,477],[974,957],[-57,465],[-352,318],[292,464],[445,26],[911,1249],[-236,628],[594,413],[518,153],[241,523],[-240,968],[-614,843],[39,967],[-212,252],[-351,-239],[-275,418],[-81,808],[-659,571],[58,359],[-333,465],[-855,-254],[-432,175],[810,457],[177,989],[-391,360],[-447,754],[-592,454],[-167,772],[-796,570],[-358,-310],[-490,203],[-259,-412],[-591,-527],[-366,130],[-262,376],[-725,-760],[147,-335],[-450,-965],[-357,171],[-199,-214],[-409,392],[-302,-857],[-246,257],[-511,-995],[-53,-675],[-336,-810],[-426,-43],[-1033,445],[-349,-81],[-360,729],[-496,11],[-414,-243],[-374,821],[-531,133],[-228,-376],[-182,94],[-18,69],[-17,58],[-308,284],[-382,-39],[-387,345],[-343,49],[-429,-240],[-94,784],[-411,183],[-162,852],[-415,499],[-974,-699],[-293,-668],[-1044,-608],[-593,-74],[-112,-461],[-759,-58],[-232,-576],[350,-517],[147,-591],[374,-224],[-236,-368],[-655,-522],[-130,-556],[-789,66],[-37,-370],[-415,-352],[-511,-95],[-534,-579],[-30,-761],[-238,-72],[-198,473],[-755,-982],[-1054,-372],[-29,-305],[-745,-749],[-178,212],[-766,-350],[-704,46],[-535,238],[-598,-293],[-425,-801],[-1228,-928],[-758,-1340],[-7,-624],[-182,-731],[-689,-637],[-135,-288],[-562,-166],[-131,-340],[-568,-374],[-103,-738],[-292,14],[-565,-405],[-424,190],[-1028,-1072],[-132,-760],[323,1],[332,-467],[-149,-588],[84,-325],[-509,-447],[-243,-508],[-430,13],[-248,-429],[-521,-536],[-477,-300],[-210,-629],[-389,449],[-329,-430],[-697,-241],[-502,1273],[-528,-77],[-490,-383],[-907,-1119],[-688,167],[-338,-572],[-994,439],[-632,0],[-158,0],[-155,0],[-86,0],[-361,0],[-580,0],[0,-3]],[[200814,600387],[-11,-4]],[[200793,600344],[-2,-11]],[[200702,600357],[-2,-4]],[[200607,600196],[5,-16]],[[200648,599745],[1,-2]],[[200622,599654],[-2,-1]],[[200588,599483],[-2,-2]],[[200504,599360],[1,-4]],[[200494,599322],[-2,-2]],[[200598,598075],[2,-1]],[[200619,598052],[1,-5]],[[200658,598000],[5,-2]],[[200756,597756],[-4,-11]],[[200563,597534],[-6,-2]],[[200104,597838],[-1116,2246],[683,4269],[-225,3504],[-249,259]],[[199197,608116],[-339,354]],[[198858,608470],[-155,310]],[[198703,608780],[-5,-1]],[[198698,608779],[-109,64]],[[198589,608843],[-6,9]],[[198583,608852],[-89,183]],[[198494,609035],[-28,33]],[[198466,609068],[-203,110]],[[198263,609178],[-9,-1]],[[198254,609177],[0,-1]],[[198254,609176],[-737,8],[-293,640],[-321,-373]],[[196903,609451],[-4,-18]],[[196899,609433],[-18,-47]],[[196881,609386],[-17,-4]],[[196864,609382],[-57,4]],[[196807,609386],[-5,-3]],[[196802,609383],[-202,-22]],[[196600,609361],[-169,-494]],[[456612,734102],[-772,7944],[6422,10937],[16138,12525]],[[478400,765508],[521,67],[731,-538],[365,-492],[502,-313],[618,-690],[787,204],[484,-153],[7790,-5804],[464,-742],[-1103,-1897],[-129,-1750],[153,-1483],[-141,-442],[435,-697],[-37,-230],[542,-338],[546,-741],[827,-601],[915,-486],[1230,-38],[931,102],[662,-300],[1458,45],[498,613],[892,844],[282,850],[8427,8220],[487,-187],[418,308],[646,-314],[-128,-384],[655,-544],[288,-613],[402,-102],[667,103],[-133,-710],[88,-844],[222,-274],[666,-294],[710,19],[543,211],[124,-530],[591,-301],[337,-958],[919,-602],[-6164,-12091],[-473,268],[-426,-460],[486,-619],[-623,-1222],[-726,-1080],[-354,-90],[29,-446],[-3531,-5430],[-461,145],[333,453],[16,358],[382,531],[19,939],[-349,301],[-169,434],[-722,-883],[-161,397],[-1060,-524],[-205,-556],[25,-767],[517,-288],[703,-658],[-465,-677],[381,-84],[313,-331],[-378,-576],[-405,-19],[-972,-830],[-370,-1062],[105,-677],[-367,-685],[-456,639],[-398,-261],[317,-556],[-365,-722],[168,-228],[-533,-609],[-331,958],[-477,-850],[-450,268],[-859,-856],[-450,-1789],[-156,-84],[-313,-1124],[-402,-639],[-446,-275],[-546,-907],[-265,-1854]],[[492751,716755],[-635,-366],[-207,-543]],[[478428,765529],[150,117]],[[478578,765646],[-150,-117]],[[208635,735311],[9351,3490],[3749,14248],[-8098,5798],[3422,13113],[18813,5311]],[[235872,777271],[6358,-5689],[10190,-1134],[20114,-7118],[4197,2014],[2275,14591],[19420,-3110],[22753,-19091],[8371,-4080],[6059,-23840],[-10084,-15011],[-2430,-10852],[6026,-7191]],[[379816,758729],[-2261,-9315]],[[377555,749414],[-5760,981],[-3706,-28563],[-7990,6386],[-2318,17458],[-7251,9183]],[[350530,754859],[13135,11045],[1796,12854],[9390,-237],[-4147,-11192],[9112,-8600]],[[362895,684622],[6939,10766],[2129,12177],[10190,13790],[6882,-148],[2358,16076],[-13838,12131]],[[379816,758729],[11374,-399],[13935,24768],[10259,1352]],[[415384,784450],[-4010,-26540],[-3475,-10347],[1871,-22396],[-2406,-14078]],[[481379,779951],[-330,-163],[-642,153],[-780,-154],[-699,-357],[-538,-537],[-610,-856],[261,-339],[-80,-742],[76,-581],[-538,-102],[-189,-480],[-610,-959],[-602,-1623],[-164,-974]],[[475934,772237],[-6100,1811],[-165,13525]],[[469669,787573],[1243,1060],[2540,5798],[1915,2249]],[[475367,796680],[6012,-16729]],[[415384,784450],[10692,13269],[11264,838],[6385,5662]],[[443725,804219],[3951,-18408],[-9197,-14045],[5240,-14820],[-5811,-14953],[1970,-4179]],[[469669,787573],[-10239,-1193],[890,15323],[7885,6838],[7162,-11861]],[[235872,777271],[2910,21244],[4404,560],[11857,16652],[16692,10452],[354,6698]],[[272089,832877],[9278,-1748],[592,-16644],[7781,-12974],[18327,4594],[2872,-7057],[-5952,-7298],[10610,-12645],[6650,-3553],[11797,2480],[5280,5887],[8087,-3866],[-5626,-21735],[8745,-3459]],[[443725,804219],[-1665,11637],[5435,10314],[6854,-8588],[15271,5958],[8876,9382],[6265,-18895],[7851,-682]],[[492612,813345],[-3166,-6526],[9783,-13601]],[[499229,793218],[-857,-1211],[-842,-332],[-129,-307],[-1269,-306],[-373,-377],[-434,-13],[-370,-359],[16,-1124],[-630,6],[-1056,-1144],[-233,-664],[-385,-1560],[-289,-882],[-137,-920],[129,-500],[-2381,-3364],[-8610,-210]],[[475934,772237],[-70,-1237],[603,-1751],[951,-2205],[1160,-1398]],[[478428,765529],[-28,-21]],[[492612,813345],[3244,16543],[9524,-4168],[21735,9165],[8859,9954]],[[535974,844839],[5586,-1815],[10006,-16290],[3577,-20984]],[[555143,805750],[-505,-317],[-207,-169],[-13,-46],[-5,-10],[-5,-12],[-11,-23],[-3,-10],[-32,-62],[-44,-77],[-126,-158],[-8,-8],[-178,-169],[-33,-37],[-33,-25],[-122,-117],[249,-312],[-541,-524],[-200,267],[-181,3],[-157,-188],[-33,-389],[-14,-62],[-21,-57],[-15,-31],[-7,-12],[-12,-23],[-4,-10],[-145,-94],[-162,37],[-239,20],[-140,-120],[-114,-208],[-47,-336],[-2,-31],[5,-23],[5,-11],[4,-13],[1,-41],[-87,-55],[-38,2],[-15,11],[-225,57],[0,0],[-24,-252]],[[551659,802115],[18,-53],[11,-33],[11,-34],[5,-14],[14,-58],[-227,-220],[-39,34],[-26,32],[-27,37],[-173,230],[0,0],[-311,-169],[-9,-5],[-9,-3],[-8,-3],[-18,-5],[-51,0],[-41,20],[-132,144],[-27,34],[-8,7],[-15,17],[-31,35],[-285,-117],[-31,-322],[0,-7],[-4,-34],[-134,-165],[-115,-37],[-46,-5],[-39,-2],[-14,-1],[-13,-1],[-12,-1],[-13,1],[-173,-16],[-69,-11],[-247,-118],[-693,-600],[-196,-106],[-34,-23],[-11,-6],[-11,-7],[-24,-14],[-11,-7],[-239,-121],[-237,-128],[-206,-254],[88,-311],[217,-127],[16,-9],[10,-6],[66,-142],[-9,-219],[-80,-89],[-99,-22],[-37,9],[-16,7],[-9,5],[-7,3],[-242,164],[0,0],[-77,2],[-1,0],[-160,-91],[-101,-73],[-93,-46],[-7,-4],[-18,-10],[-29,-19],[-31,-7],[-307,152],[-143,201],[-330,-748],[-235,-206],[-33,-41],[-33,-17],[-187,-165],[-35,-35],[-35,-26],[-438,-192],[-123,-158],[-64,-190],[-167,-646],[-456,-268],[-1,-2],[-53,-25],[-62,-28],[-140,-79],[-84,-9],[-185,-75],[-409,-516],[-493,-370],[-93,-137],[-82,-252],[-83,-141],[-74,-211],[-49,-110],[-83,31],[-157,-13],[-495,-596],[-88,-201],[-70,-120],[-24,-53],[-17,-17],[-167,-224],[-21,-56],[-159,-186],[-121,-269],[331,-415],[-50,-509]],[[541575,792099],[-2442,-2365],[-4052,-229],[-180,393],[-586,-436],[-2050,-116],[-3759,-2299],[-6040,-3696],[-7058,-4318],[-194,473],[-117,1394],[496,-13],[779,690],[-60,594],[309,199],[811,-39],[-160,396],[-1298,-82],[-566,-416],[-436,159],[-635,7556],[701,18],[250,511],[602,460],[257,-242],[474,63],[803,1087],[360,224],[-127,517],[414,518],[341,735],[414,172],[-13,774],[964,818],[93,645],[-105,423],[526,338],[486,798],[-24,691],[318,32],[357,569],[53,584],[475,617],[-1815,1094],[210,862],[-493,262],[-587,741],[-916,794],[-321,63],[-646,543],[-297,1138],[16,985],[-370,-257],[129,-421],[-357,-1043],[-282,-127],[-1397,-77],[-338,179],[-100,390],[-582,466],[-490,0],[-1120,290],[-938,565],[-1784,-2005],[-559,89],[-214,-958],[-9476,-10651]],[[535974,844839],[-5998,17136],[-9825,3064],[1356,11393],[8524,12153]],[[530031,888585],[6863,882],[6115,-12612],[24246,-5472],[8149,-16274],[10423,-8005],[11690,4470],[10953,-6461]],[[608470,845113],[-125,-504],[-6350,-9096],[-749,-286],[-292,-433],[-644,-238],[-514,-621],[15,-245],[661,-359],[-944,-1352]],[[599528,831979],[-216,496],[-468,444],[-136,462],[-347,184],[-217,491],[-67,782],[215,1073],[177,331],[-253,401]],[[598216,836643],[-18,-9]],[[598198,836634],[-1306,134],[137,1128],[-563,-293],[-1012,161],[-6,502],[-727,-298],[-288,-592],[-122,-1371],[-224,-217],[-41,-903],[-234,-295],[-238,-970],[334,-550]],[[593908,833070],[-15,0]],[[593893,833070],[-214,-873],[-337,-656],[52,-344]],[[593394,831197],[5,-13]],[[593399,831184],[7,-1287],[-392,-600],[-499,-12],[-326,555],[-195,-732],[-449,-614],[-264,264]],[[591281,828758],[-14,0]],[[591267,828758],[-666,705],[-1022,-479]],[[589579,828984],[-15,0]],[[589564,828984],[-1138,-771],[292,-412],[-290,-247],[-88,-726],[-391,-100],[245,-812],[-350,-627],[-499,-404],[-610,-27],[-368,-577]],[[586367,824281],[-446,-89],[-179,-349],[-1121,-651],[-168,182],[-973,-84],[-359,-346],[-451,370],[-641,-596],[-704,-4],[-311,273],[-1665,138],[-623,-11],[-657,-306],[-394,-409],[-107,-491],[36,-1360],[-55,-230],[89,-495],[0,-5],[-2,-5],[0,0],[-19,-119],[3,-19],[-11,-33],[169,-203],[26,-20],[4,-16],[28,-34],[134,-25],[-45,-69],[68,-268],[0,-1],[1,-5],[0,-2],[11,-142],[14,-13],[-1,-144],[47,-74],[0,-24],[87,-177],[22,-26],[1,-21],[30,-63],[370,-397],[482,-238],[552,-1251],[-317,-985],[-17,-32],[-14,-10],[-186,-252],[-197,-102],[34,-176],[-6,-90],[5,-27],[-2,-11],[-1,-10],[0,-13],[-7,-30],[-28,-29],[-54,-291],[-279,-696],[-50,16],[-119,15],[-159,-122],[-99,-246],[-586,153],[-572,148],[20,163],[-180,-120],[-880,539],[-571,-163],[-7282,1892],[338,456],[-582,636],[154,128],[-55,127],[-267,7],[-95,216]],[[567555,817520],[-117,55],[-5,2],[-10,5],[-11,4],[-9,6],[-37,17],[-97,125],[240,417],[-71,64],[19,119],[-46,161],[28,267],[-980,780],[-138,278],[-465,-283],[-302,-480],[-39,-189],[-3,-32],[-3,-12],[-3,-14],[-4,-14],[-5,-14],[-34,-166],[-5,-44],[-21,-82],[-145,-18],[-18,45],[-28,116],[-5,13],[-3,11],[-5,21],[-4,17],[-15,54],[-9,39],[-137,57],[-114,-518],[-650,496],[-2,-594],[-380,-412],[-3,-32],[6,-14],[7,-9],[10,-10],[2,-29],[-46,-62],[-692,-365],[-223,-451],[-115,-1],[-54,13],[-9,6],[-3,2],[-30,4],[-54,-63],[139,-439],[-7476,-10817],[-238,200]],[[103740,690644],[-435,418],[-536,190],[-310,961],[-686,1224],[178,902],[-321,-78],[31,184],[153,432],[88,302],[168,567],[24,123],[4,5],[4,8],[15,20],[19,22],[11,20],[37,83],[-202,711],[107,792],[-320,1294],[98,1223],[-428,398],[-390,86],[0,657],[485,312],[333,-36],[413,427],[395,68],[346,628],[345,-264],[268,92],[175,1083],[400,1130],[416,280],[-51,338],[-864,637],[-408,85],[-386,449],[-1049,579],[139,481],[-400,287],[-53,349],[-621,250],[-299,-36],[-488,-464],[-113,951],[-669,103],[-541,-270],[28,460],[-421,243],[-419,-60],[-501,192],[-266,745],[92,577],[-619,314],[43,704],[240,1566],[-566,902],[222,683],[-420,240],[-410,713],[234,633],[-394,912],[66,435],[-487,213],[-503,990],[190,1773],[302,629],[513,611],[31,474],[-234,243],[-1562,172]],[[93981,723011],[-126,-537],[-848,753]],[[93007,723227],[-812,-335],[-9912,3518]],[[82283,726410],[-306,555],[-608,100],[-511,959],[-2015,494],[32,-380],[-588,181],[-686,-13],[-125,-190],[-1608,6053],[125,325],[-320,420],[-333,1243],[438,842],[-462,1430],[-460,821],[-22,467],[-885,1679],[-6700,10898],[-17,224],[-673,1302],[-285,59],[-908,1476],[-189,1713],[305,532],[412,275],[-222,589],[-336,5],[-376,731],[48,661],[-14,1917],[-464,17],[-136,665],[-327,249],[-142,1466],[-504,528],[-533,198],[75,833],[-388,1505],[288,682],[-430,320],[-1389,392],[-2142,1947],[-265,60],[-675,582],[-632,21],[-19,-336],[-431,-137],[-19,-400],[-1729,91],[-1296,5384],[504,-147],[410,313],[-97,684],[-296,694],[-594,-261],[-298,1315],[-367,473],[-734,3046],[506,1997],[647,-150],[969,140],[459,197],[43,911],[345,324],[-30,419],[367,470],[-215,1283],[-219,603],[-552,210],[-140,362],[150,808],[533,420],[177,670],[-137,235],[672,1291],[-417,285],[475,387],[569,780],[233,-323],[388,122],[903,571],[999,-136],[393,-326],[592,647],[459,326],[430,729],[263,69],[626,1124],[675,-144],[388,802],[333,297],[525,142],[694,-460],[155,618],[-436,709],[1283,776],[503,88],[695,-487],[497,407],[410,-202],[525,194],[1218,1293],[419,114],[518,773],[740,682],[545,3],[333,-382],[-66,-1188],[227,-616],[740,-508],[-419,-778],[-161,-1019],[528,-1044],[149,293],[426,-82],[322,366],[1142,-343],[-34,501],[346,613],[267,105],[300,-441],[453,458],[775,-257],[993,800],[586,-183],[39,-643],[226,-224],[426,400],[539,205],[140,338],[812,969],[130,1096],[425,502],[148,495],[411,170],[3,893],[-140,1255],[601,396],[358,1351],[-91,388],[314,796],[541,369],[572,775],[595,47],[227,424],[1175,74],[310,-551],[1201,-6],[332,-390],[809,566],[1053,-257],[-24,-352],[807,93],[314,-163],[608,314],[388,-170],[386,284],[368,-108],[572,670],[-227,490],[29,486],[353,503],[685,468],[589,-63],[447,164],[1104,824],[43,1043],[187,426],[-112,400],[418,402],[478,102],[377,-184],[1001,49],[71,253],[579,77],[798,441],[243,533],[840,-116],[442,966],[330,351],[1227,378],[94,272],[582,405],[61,275],[1755,925],[131,315],[822,37],[380,312],[431,692],[514,50],[615,726],[527,190],[308,-256],[476,34],[586,275],[292,563],[799,128],[430,-133],[354,404],[147,693],[274,559],[1121,657],[620,79],[1076,-272],[586,85],[259,368],[-702,818],[973,570],[4944,15250],[391,485],[-405,1373],[128,684],[-422,88],[-193,829],[196,337],[135,1213],[-611,1649],[-1042,2476],[-1703,7312],[68,760],[-146,671],[-151,1537],[-291,1094],[613,1959],[-936,1425],[-1022,566],[-1099,4717],[567,79],[592,-455],[512,466],[565,245],[189,-437],[563,100],[328,761],[496,449],[195,-301],[1522,273],[732,537],[1497,-530],[565,652],[653,-63],[915,792],[809,332],[756,40],[242,225],[1226,391],[169,-267],[672,312],[127,358],[941,778],[784,36],[677,327],[445,-953],[468,-528],[418,-840],[840,71],[338,316],[421,-173],[117,-622],[838,446],[906,174],[575,-516],[1293,-491],[822,410],[207,248],[59,1913],[-434,1170],[-1013,592],[-1520,1156],[-95,284],[674,230],[8478,24850],[190,-144],[1105,-71],[573,-898],[425,246],[650,-718],[511,-379],[985,-389],[652,-38],[797,-348],[817,-551],[669,325],[672,-408],[694,-20],[376,407],[704,151],[852,-42],[5805,-2198],[5299,3021],[565,-94],[402,645],[79,868],[913,1160],[158,1000],[-134,646],[-44,1595],[-437,594],[1308,14343],[591,285],[789,150],[1366,33],[1525,-91],[525,290],[315,558],[731,191],[295,-334],[1696,943],[148,631],[356,701],[541,252],[84,394],[701,793],[-211,876],[92,404],[541,406],[-7,399],[-610,650],[-249,793],[21,671],[207,330],[763,512],[131,788],[420,490],[1050,154],[833,-177],[209,307],[916,-121],[277,-428],[557,9],[1482,-646],[614,288],[-100,705],[856,29],[856,179],[237,363],[540,-131],[716,163]],[[189409,932851],[-124,-374],[512,-662],[-246,-212],[-10,-904],[401,-339],[-117,-1030],[-466,-10],[-559,-394],[-187,-833],[370,33],[632,-1111],[1671,-2200],[75,-367],[-698,-562],[879,-781],[246,95],[1288,-742],[6956,-9158],[8012,-1144],[3000,-428],[116,-552],[529,-618],[269,4],[3195,-6017],[943,-2535],[1337,-2173],[489,-507],[2465,-4641]],[[220387,894689],[-241,-1230],[231,-460],[-119,-1428],[-543,-1928],[-753,-741],[559,-1280],[311,-1137],[-233,-2788],[-1066,-1322],[-1276,-2447],[-434,-2641],[5,-1049],[964,-898],[14,-367],[384,-1218],[820,-1138],[-299,-720],[595,-168],[666,334],[508,-126],[718,118],[369,-209],[287,-659],[443,-319],[882,-117],[364,-251],[584,669],[263,-52],[398,-767],[1123,-512],[657,-88],[1159,287],[866,-64],[1606,66],[361,-82],[1350,-980],[744,207],[299,-224],[662,85],[728,-264],[523,281],[1159,81],[1097,391],[694,-191],[679,-11],[106,-321],[1566,-123],[736,87],[467,-215]],[[241370,868760],[933,-296],[517,126],[599,-493],[723,185],[345,-266],[1185,-577],[663,-785],[3183,-1989],[847,-748],[592,-244],[625,-963],[483,-347],[230,-1011],[388,94],[692,-185],[902,-788],[453,-188],[663,-813],[421,-770],[658,-96],[387,-298],[1095,-395],[590,-633],[1262,250],[2197,-1322],[-95,-1408],[-232,-957],[959,-284],[642,-45],[1592,-3728],[781,-2576],[1173,-2772],[193,-2105],[304,-626],[1999,-2344]],[[269319,839363],[2770,-6486]],[[269319,839363],[2376,-2823],[235,-2671],[3480,466],[2124,-10],[1963,624],[5944,-1300]],[[285441,833649],[3918,-880],[3361,-236],[3893,-472],[5346,-620],[903,256]],[[302862,831697],[3579,1002],[2884,-191],[488,790],[5109,-228],[6932,-2247],[2244,-336],[2663,-4279],[3561,-1234],[918,247],[1616,-143],[2732,-1770],[4001,-2335],[1976,-593],[1244,-307],[1060,-376],[2046,45],[4446,1090],[-66,-3259],[1573,-262],[2270,139],[876,-1094],[2138,2540],[579,-9],[3122,2308],[986,612],[3893,1996],[2373,1364],[2312,1249],[1733,809],[2485,361],[2054,733],[298,682],[1658,777],[334,-31],[706,-679],[1538,34],[1893,-165],[544,181]],[[383660,829118],[377,296],[741,74],[1433,373],[511,-373],[2307,61],[1549,-435],[867,20],[501,-290],[993,613],[723,314],[2568,-343],[1874,319],[523,221],[1111,1065],[2884,1461],[1490,97],[292,459],[1941,994],[964,688],[121,338],[10095,10497],[622,11],[313,267],[1894,2519],[932,54],[599,263],[177,826],[-36,740],[644,670],[-5648,8211],[4501,10473],[326,207]],[[421849,869808],[5856,-1404],[370,-641],[1093,-821],[1490,-641],[652,27],[1919,-679],[3625,-325],[373,-280],[866,-208],[647,532],[948,1099],[804,463],[288,531],[1431,182],[864,889],[340,783],[1590,1334],[1146,1479],[541,1115],[191,1257],[331,332],[1569,646],[1808,-867],[586,-73],[1725,313],[1845,-109],[1945,718],[1272,345],[1828,1975],[503,653],[844,472],[76,308],[853,-72],[661,307],[316,740],[608,403],[-5,1056],[-417,671],[266,1198],[1322,2500],[326,213],[1040,1510]],[[466185,887739],[337,815],[772,480],[990,122],[486,404],[214,442],[2461,-458],[1492,161],[1217,-65],[-2,735],[220,1069],[467,725],[-225,769],[1029,342],[617,84],[321,-165],[125,-587],[662,-636],[1228,249],[255,629],[750,712],[344,-78],[595,249],[808,790],[667,42],[410,476],[705,388],[969,-155],[347,-331],[1330,-203],[525,383],[399,-319],[1163,-155],[-83,447],[269,341],[2077,-331],[731,-1067],[479,129],[1023,-219],[379,-481],[817,-34],[495,480],[379,-150],[793,64],[338,-257],[717,16],[147,-438],[821,469],[398,722],[789,-56],[378,898],[-244,496],[215,426],[-49,862],[-200,414],[204,559],[-635,277],[-191,742],[-492,861],[151,531],[-796,1677],[116,477],[-3849,3816],[273,474],[-1296,540],[-806,798],[-158,1508],[-2638,1264],[-1474,1461],[-1325,2304],[-1036,57],[-707,222],[-855,-127],[-568,588],[-1255,-146],[-626,-291],[-1537,154],[-687,-124],[-307,-383],[-183,-228],[-74,-95],[-20690,-989],[2050,5621],[8789,24092]],[[467930,943024],[3254,-2385],[2040,-830],[1910,-66],[1567,-957],[1532,-683],[378,339],[470,-415],[-24,39],[-29,119],[-29,231],[120,43],[59,770],[801,402],[549,-125],[298,20],[-15,360],[126,-2],[153,107],[1,-105],[105,8],[83,120],[15,87],[-20,29],[-37,16],[9,23],[57,-13],[10,62],[76,150],[117,-80],[380,146],[259,218],[49,379],[299,323],[216,149],[208,11],[177,177],[819,401],[6697,3277],[757,543],[404,753],[309,-57],[439,474],[223,766],[322,537],[-178,391],[176,396],[-70,305],[62,161],[-128,111],[52,66],[67,-8],[125,47],[-30,60],[6,29],[-2,21],[-4,12],[-3,11],[0,12],[32,93],[234,139],[-151,695],[-372,-90],[-58,3],[-39,64],[-113,-23],[-215,167],[-427,-3],[-428,-275],[101,1058],[232,167],[344,1004],[1597,2957],[243,139],[550,1087],[110,445],[8413,15576],[222,411],[534,183],[275,592],[508,332],[1007,253],[67,428],[563,855],[-305,352],[327,666],[443,515],[-49,493],[210,220],[27,148],[-180,212],[-209,394],[-29,262],[169,313],[-1186,1838],[501,1031],[-36,660],[178,343],[-152,811],[-618,374],[-1589,1123],[-798,-445],[-1891,2930],[404,539],[536,266],[158,431],[10490,6644],[326,-34],[80,85],[298,-7],[207,105],[24,9],[49,16],[914,252]],[[514665,996802],[-2275,-10516],[14486,-6251],[5385,-14134],[24558,-2193],[-5629,-15632],[-816,-14444],[-19134,-21224],[-6210,-4032],[5001,-19791]],[[514665,996802],[1173,696],[378,-102],[807,457],[1303,190],[1120,-121],[413,173],[359,507],[185,101],[727,-114],[525,324],[44,128],[11,23],[12,15],[42,44],[311,58],[239,-414],[609,-491],[488,216],[539,-72],[577,172],[1462,-14],[980,-100],[802,381],[1226,403],[746,-145],[657,576],[1275,163],[1041,-181],[89,-75],[75,-308],[176,-206],[198,186],[-130,139],[-55,68],[27,326],[34,44],[52,54],[62,45],[133,51],[222,-79],[859,-92],[563,-695],[1870,-279],[1053,-871],[204,-408],[306,32],[203,-38],[123,-164],[6,-37],[4,-102],[10,-47],[308,-417],[1054,450],[963,-667],[468,-1190],[608,-561],[652,-235],[859,41],[485,-4],[246,-42],[53,-13],[2,-1],[60,-18],[428,-223],[-118,-365],[426,-352],[648,59],[294,-582],[491,243],[-139,696],[770,403],[1006,152],[916,-21],[944,-500],[243,-265],[1976,-874],[41,-525],[336,-99],[291,286],[515,67],[148,-237],[93,-438],[183,-165],[162,-254],[559,-223],[-71,-768],[-657,-372],[89,-863],[917,528],[400,-13],[1601,-3550],[21,-833],[593,-531],[4120,-9139],[-35,-541],[324,-205],[290,-538],[1872,-4155],[-449,-381],[373,-458],[544,-197],[422,-936],[-262,-920],[839,-362],[440,-975],[-711,-59],[-255,-222],[-12,-639],[300,-538],[672,54],[-372,632],[504,492],[326,-723],[-639,-1244],[159,-942],[64,-1272],[657,-552],[414,-727],[169,-200],[577,-364],[86,-112],[150,-233],[227,-413],[47,-138],[360,-741],[348,-852],[176,-171],[215,-72],[104,-55],[55,-41],[72,-141],[-8,-105],[-26,-97],[-141,-420],[105,-628],[713,-1200],[-91,-600],[-354,-229],[-298,-929],[711,-570],[17,-521],[-323,-990],[500,-739],[1619,-582],[327,-1570],[-90,-177],[-114,-171],[-104,-125],[-257,-356],[-223,-466],[-133,-993],[497,-943],[-161,-1174],[42,-650],[473,-490],[871,-250],[69,-292],[-30,-562],[162,-659],[226,-209],[625,-448],[306,-576],[728,-267],[404,129],[225,531],[339,-167],[490,-708],[243,-25],[278,-72],[132,-74],[194,39],[414,-142],[377,17],[459,366],[363,-38],[333,-283],[394,538],[503,191],[1303,147],[700,-279],[315,-156],[623,-65],[13,60],[11,178],[9,69],[8,37],[537,-71],[109,-98],[35,-79],[22,-62],[-30,-349],[-471,-533],[109,-594],[550,90],[639,17],[174,-73],[222,-229],[782,-169],[214,-422],[60,-158],[114,-434],[454,-446],[474,42],[250,371],[286,218],[6959,-5098],[103,-461],[880,-365],[298,-569],[1237,-1013],[432,-621],[604,20],[4005,-10914],[-458,-834],[271,-813],[416,-278],[172,-389],[684,-644],[1317,-3589],[160,-303],[565,-319],[650,-65],[767,200],[389,413],[3221,-25],[103,-799],[754,-50],[386,499],[549,66],[790,-555],[874,358],[193,-381],[468,14],[151,564],[1586,-9],[1111,241],[2061,-16],[643,-36],[376,304],[81,1154],[785,943],[-270,978],[136,311],[510,92],[609,-557],[376,248],[402,767],[492,387],[923,440],[239,760],[305,212],[864,2],[1482,-170],[371,263],[417,128],[703,-221],[889,324],[223,939],[326,128],[617,-271],[315,89],[244,575],[18,279],[86,201],[1958,730],[557,69],[301,554],[994,-72],[191,345],[258,322],[1431,-74],[710,153],[580,506],[387,44],[674,-268],[383,102],[901,-200],[266,-402],[246,-55],[9,-208],[-492,-1190],[-394,-347],[-83,-1613],[-383,-849],[-496,-532],[-306,-579],[-6,-604],[471,-572],[84,-241],[53,-468],[316,-3],[140,-75],[156,-290],[-69,-807],[870,-858],[208,-444],[-46,-381],[-35,-67],[-117,-146],[-106,-269],[-352,-504],[-272,-650],[-2501,-2580],[-1043,-108],[-485,-582],[-51,-439],[-590,-376],[-241,-365],[-186,-1003],[358,-483],[-388,-1925],[-323,-527],[6,-161],[0,-133],[-168,-517],[-53,-97],[-44,-57],[-52,-68],[-245,-295],[112,-298],[7,-349],[-43,-148],[-126,-205],[-145,-374],[-7,-623],[-179,-522],[281,-465],[2,-13],[-40,-200],[-144,-184],[-125,-1361],[-299,-506],[-669,-563],[-98,-444],[-71,-144],[-6,-185],[-116,-377],[-359,-615],[18,-564],[418,38],[362,-499],[-138,-687],[-419,-126],[291,-508],[-305,-1517],[-211,-399],[-94,-56],[-31,1],[-28,14],[-81,353],[-262,-36],[-32,-332],[-49,-142],[-91,-97],[-227,-218],[-113,-58],[-417,-60],[-170,-375],[513,-927],[5,-355],[-149,-311],[-237,-305],[-55,-115],[-20,-32],[-74,-105],[-32,-560],[-136,-337],[0,0],[-29,5],[-90,80],[-388,-46],[9,-630],[-331,-518],[-348,444],[-343,-106],[-417,-814],[137,-847],[-394,-1192],[407,-216],[-686,-1473],[-191,-225],[-55,-21],[-45,-76],[-30,-23],[-1,35],[-46,18],[-28,-65],[17,-15],[2,-14],[-39,-19],[-867,-442],[-331,-360],[-327,-119],[-385,-571],[-242,-982],[-42,-609],[-98,86],[14,-158],[-44,-76],[-100,-76],[-192,-1079],[295,-1087],[-19,-26],[-6,-28],[-1150,-2470],[-27,-58],[-155,3],[-188,-192],[-501,12],[-252,169],[-207,318],[-282,50]],[[623190,869760],[-4625,1664],[-3213,1157]],[[615352,872581],[-821,447],[-260,931],[-318,43],[-486,-495],[-444,-1071],[-1008,-308],[-256,-979],[365,-497],[-578,-766],[-1014,-965],[-428,-282],[93,-397],[-557,-8],[-247,282],[-496,65],[-764,-1019],[-700,-78],[-443,437],[-679,-344],[122,-428],[-1291,-637],[42,-524],[420,-109],[138,-499],[324,-22],[1726,-13692],[-243,-786],[-38,-834],[170,-632],[-139,-627],[230,-511],[-203,-540],[-169,-1460],[679,-612],[457,49],[-66,-600]],[[437681,518052],[-335,-351],[-75,800],[367,45],[43,-494]],[[442060,524178],[219,117]],[[442279,524295],[2072,957],[-432,-696],[518,-518],[301,-504],[-710,-121],[-688,-556],[398,-390],[602,358],[443,536],[212,-620],[376,-14],[-83,-555],[-357,-428],[-582,263],[-210,-533],[-1104,-367],[-472,522],[-503,2549]],[[472630,541723],[30,-604],[-1229,-1077],[-192,499],[-89,741],[-354,13],[-92,-607],[-305,447],[-209,-435],[-518,313],[-321,-446],[156,-684],[-289,-819],[157,-568],[-177,-524],[-281,-192],[-193,-545],[-605,-597],[-190,170],[-847,-95],[-490,728],[-470,338],[-56,-421],[181,-761],[301,-108],[137,-474],[413,199],[253,-334],[-789,-778],[-460,-269],[-301,173],[6,-650],[-4231,-4175],[-2113,-2086],[-244,53],[-96,460],[-700,448],[-369,12],[-48,397],[-450,-26],[-537,-396],[-461,-892],[-2978,57],[286,382],[-365,222],[-1448,-574],[-2535,49],[-868,-61],[-1470,-870],[-75,-303],[-4826,-2758]],[[442060,524178],[-195,-184],[-566,165],[-333,-96],[12,-671],[-530,-103],[294,697],[-205,518],[-430,441],[-690,1815],[-61,787],[-402,242],[-433,-383],[-68,517],[-438,287],[-237,825],[-4,1132],[-430,633],[-320,1189],[-326,583],[-683,241],[8,-409],[435,0],[381,-376],[103,-896],[-144,-678],[281,-1649],[543,-377],[240,-1048],[-361,-12],[-28,-455],[337,-498],[64,-537],[-277,-172],[1,-487],[-210,-472],[157,-249],[-8,-998],[-297,-906],[-56,-499],[180,-262],[482,-204],[-349,-1144],[174,-463],[-1437,-1360],[-512,1042],[-289,397],[40,447],[-401,78],[265,-819],[-462,-1656],[-233,-217],[-149,-479],[121,-327],[-558,-529],[-474,147],[-486,441],[201,831],[-89,856],[-313,563],[-129,855],[65,1906],[-229,556],[-406,249],[-7,550],[-354,-179],[153,-460],[530,-282],[88,-396],[48,-1789],[209,-1304],[-414,-608],[-357,-734],[-64,-690],[160,-703],[-112,-167],[254,-1054],[-445,-454],[-1055,-242],[-23,447],[-329,614],[-478,-262],[-903,-1196],[-2677,-613],[102,518],[-189,978],[-281,294],[239,-1820],[-2148,-492],[-312,68],[-471,-247],[-873,-2],[-257,-257],[-1700,-338],[-505,320],[-514,-409],[269,-313],[-2765,-1966],[-2887,-2054],[-392,-51],[-217,754],[-703,32],[-72,-358],[470,-32],[277,-325],[-566,-314],[-225,-333],[-643,-127],[-465,-486],[-768,289],[-462,-263],[-686,-1259],[-185,-665],[-208,780],[-169,-192],[159,-903],[-492,-330],[-547,-180],[-385,218],[-305,-217],[-342,927],[-120,971],[-410,-652],[538,-793],[-253,-1387],[-324,-434],[-567,-243],[-236,-328],[-652,-464],[-3012,5069],[302,810],[-418,614],[-518,211],[-277,313],[-392,1010]],[[400737,509200],[-96,-168]],[[467726,536250],[-356,-352],[-244,399],[333,300],[267,-347]],[[435579,518042],[-921,-873],[0,715],[281,280],[209,473],[335,-254],[96,-341]],[[408305,503620],[-794,-565],[-224,181],[304,550],[282,140],[432,-306]],[[192415,606260],[0,8]],[[192415,606268],[22,-100]],[[192437,606168],[446,-351]],[[192883,605817],[1,-5]],[[192884,605812],[66,-25]],[[192950,605787],[1,0]],[[192951,605787],[19,0]],[[192970,605787],[2,-1]],[[192972,605786],[9,-8]],[[192981,605778],[2,-1]],[[192983,605777],[49,-169]],[[193032,605608],[-1,-2]],[[193031,605606],[-218,-407]],[[192813,605199],[61,-83]],[[192874,605116],[79,-219]],[[192953,604897],[10,-13]],[[192963,604884],[1,-2]],[[192964,604882],[26,-64]],[[192990,604818],[0,-1]],[[192990,604817],[-121,-220]],[[192869,604597],[-1,0]],[[192868,604597],[-22,-19]],[[192846,604578],[0,-19]],[[192846,604559],[2,-13]],[[192848,604546],[-2,-9]],[[192846,604537],[4,-139]],[[192850,604398],[0,-3]],[[192850,604395],[-38,-241]],[[192812,604154],[0,-4]],[[192812,604150],[-2,-15]],[[192810,604135],[-192,-111]],[[192618,604024],[0,-4]],[[192618,604020],[-1,-4]],[[192617,604016],[-2,-5]],[[192615,604011],[-7,-20]],[[192608,603991],[-24,-116]],[[192584,603875],[7,-152]],[[192591,603723],[0,-13]],[[192591,603710],[-1,-1]],[[192590,603709],[0,-18]],[[192590,603691],[0,-4]],[[192590,603687],[-1,-7]],[[192589,603680],[-1,-1]],[[192588,603679],[-9,-27]],[[192579,603652],[-25,-70]],[[192554,603582],[-25,-74]],[[192529,603508],[1,-2]],[[192530,603506],[-15,-48]],[[192515,603458],[2,-7]],[[192517,603451],[1,0]],[[192518,603451],[0,-2]],[[192518,603449],[3,-3]],[[192521,603446],[1,-1]],[[192522,603445],[6,-12]],[[192528,603433],[2,-4]],[[192530,603429],[13,-33]],[[192543,603396],[2,-18]],[[192545,603378],[22,-60]],[[192567,603318],[-50,-200]],[[192517,603118],[-13,-43]],[[192504,603075],[-7,-102]],[[192497,602973],[-142,-245]],[[192355,602728],[-1,-1]],[[192354,602727],[-98,-142]],[[192256,602585],[-3,-3]],[[192253,602582],[-3,-4]],[[192250,602578],[-3,-4]],[[192247,602574],[-7,-280]],[[192240,602294],[-4,-4]],[[192236,602290],[-28,-71]],[[192208,602219],[-2,-16]],[[192206,602203],[-81,-260]],[[192125,601943],[0,-2]],[[192125,601941],[-260,-570]],[[191865,601371],[6,-22]],[[191871,601349],[0,-1]],[[191871,601348],[-7,-16]],[[191864,601332],[-94,-120]],[[191770,601212],[-8,-9]],[[191762,601203],[-2,-2]],[[191760,601201],[-3,-4]],[[191757,601197],[-67,-220]],[[191690,600977],[-8,-10]],[[191682,600967],[-10,-66]],[[191672,600901],[-6,-47]],[[191666,600854],[-3,-281]],[[191663,600573],[5,-6]],[[191668,600567],[8,-9]],[[191676,600558],[2,-24]],[[191678,600534],[-126,-172]],[[191552,600362],[-31,-63]],[[191521,600299],[0,-14]],[[191521,600285],[107,-422]],[[191628,599863],[7,-10]],[[191635,599853],[139,-319]],[[191774,599534],[9,-11]],[[191783,599523],[3,-3]],[[191786,599520],[-18,-56]],[[191768,599464],[-208,-562]],[[191560,598902],[-5,-28]],[[191555,598874],[-26,-267]],[[191529,598607],[0,-8]],[[191529,598599],[-18,-164]],[[191511,598435],[-9,-42]],[[191502,598393],[15,-74]],[[191517,598319],[128,-181]],[[191645,598138],[47,-160]],[[191692,597978],[9,-31]],[[191701,597947],[15,-34]],[[191716,597913],[1,-2]],[[191717,597911],[0,-4]],[[191717,597907],[0,-4]],[[191717,597903],[6,-33]],[[191723,597870],[10,-33]],[[191733,597837],[-139,-208]],[[191594,597629],[-2,-4]],[[191592,597625],[-71,-445]],[[191521,597180],[-4,-8]],[[191517,597172],[-7,-12]],[[191510,597160],[-1,-2]],[[191509,597158],[-1,-1]],[[191508,597157],[0,-1]],[[191508,597156],[-23,-7]],[[191485,597149],[-47,-42]],[[191438,597107],[-108,-773]],[[191330,596334],[0,-2]],[[191330,596332],[-48,-97]],[[191282,596235],[-1,-10]],[[191281,596225],[-6,-40]],[[191275,596185],[0,-9]],[[191275,596176],[0,-5]],[[191275,596171],[0,-1]],[[191275,596170],[-153,-1890],[351,-1046],[398,-60],[368,-693],[19,-562],[240,-455],[-72,-357],[327,-443],[-50,-320],[200,-1184],[-58,-781],[-143,-310],[-41,-821],[-315,-692],[-3,-421],[-235,-342]],[[192108,585793],[11,-6]],[[192119,585787],[12,-6]],[[192131,585781],[-32,-1315],[-249,-680],[-685,-905],[-153,483],[-250,70],[-474,513],[-160,717],[-352,-142],[-143,-486],[-538,496],[-132,-261]],[[188963,584271],[1,-3]],[[188964,584268],[-141,-633],[-297,-42],[-213,303],[-578,-518],[-381,-53],[-574,235],[-354,389],[-493,141],[-362,-276],[-374,-44],[-309,-471],[-148,-624],[-266,305],[-461,90],[-3,498],[-767,127],[-223,-156],[-688,715],[-186,1380],[-284,425],[-262,-556],[-386,-185],[-262,3],[-42,-67],[-97,-8],[-38,-394],[-242,-19],[-1,0]],[[180532,584833],[279,692],[119,50],[51,6],[400,539],[-131,810],[328,688],[1,470],[-94,124],[-26,-20],[-54,-72],[-39,-65],[-68,216],[-192,357],[-514,52],[-598,-729],[-468,320],[-349,-272],[-244,260],[-449,-332],[-998,111],[-138,646],[31,555],[-189,222],[-54,690],[-313,-51],[-144,374],[-877,776],[-298,21],[-167,-549],[-643,206],[-499,-338],[-220,444],[344,404]],[[174319,591438],[207,430],[692,268],[204,894],[-263,639],[78,609],[-293,87],[160,537],[261,-62],[209,599],[-713,789],[-567,405],[-269,-313],[-239,188],[345,593],[-236,699],[116,982],[351,898],[270,217],[811,1495],[564,647],[556,53],[439,868],[239,1212],[41,839],[-258,166],[133,649],[-61,1124],[-311,402]],[[180532,584833],[-138,-98],[23,-56],[-8,-15],[0,-6],[0,-5],[1,-6],[30,-161],[-324,-128],[-53,-137],[-40,-12],[-8,5],[-18,5],[-22,6],[-6,-6],[-120,-145],[-634,305],[-315,-535],[-376,377],[-543,229],[-202,310],[-467,196],[-272,641],[-429,63],[-400,390],[-588,266],[-843,535],[-525,-82],[-181,-326],[-361,0],[-76,334],[-508,-133],[-162,361],[-879,554],[-690,-259],[-103,-461],[-309,-166],[-519,-585],[-89,586],[-321,-87],[-820,779],[-76,761],[95,1421],[-130,376],[-757,504],[-176,313],[-348,-380],[-428,-165],[-463,-626],[-423,-242],[-425,151],[-355,-503],[-353,-260],[-263,160],[-1053,268],[-200,616],[153,876],[-903,66],[-401,-336],[-928,1712],[-928,359],[-413,567],[-272,-386],[-356,105],[-1094,666],[27,452],[276,414],[138,1808],[-645,1781],[-1313,337]],[[157223,598181],[869,1461],[502,-48],[179,-329],[1390,128],[1258,-1027],[800,-274],[504,196],[292,-73],[76,-437],[306,-611],[535,-695],[644,-14],[952,-370],[967,-544],[510,-664],[352,78],[875,-171],[675,745],[262,136],[854,-519],[461,-516],[201,291],[533,-383],[116,-575],[400,-906],[1041,-115],[739,-471],[760,-830],[43,-206]],[[157223,598181],[-446,155],[-1108,150],[-388,236],[-292,894],[-1017,534],[24,453],[-515,1],[-448,-1130],[-1156,101]],[[151877,599575],[96,679],[-204,725],[474,145],[649,-182],[368,319],[314,-119],[270,503],[681,826],[833,459],[543,534],[284,-335],[480,344],[-57,576],[366,504],[-290,254],[153,498],[645,-118],[409,312],[335,673],[682,-471],[235,-593],[451,-225],[403,437],[-96,551],[-261,478],[-34,557],[347,609],[389,1034],[336,1258],[464,-257],[350,405],[273,13],[48,1312],[373,608],[252,140],[190,987],[590,318],[135,608]],[[151877,599575],[-343,-181]],[[151534,599394],[-114,402],[130,556],[-589,1312],[-439,296],[205,879],[-646,68],[-389,235],[181,428],[569,230],[374,-220],[295,346],[649,-57],[707,369],[77,539],[235,453],[-85,509],[-764,401],[-544,153],[-394,-290],[-306,69],[-314,463],[-556,257],[-601,-270],[-367,431],[-1282,-121],[-383,348],[355,538],[402,-254],[522,160],[271,578],[-441,484],[158,667],[-203,455],[-735,205],[-498,-63],[-616,1015],[-529,84],[-327,-155],[-853,1267],[-485,-286],[-362,342],[-350,674],[-557,236],[-778,1045],[-81,507],[-269,278],[20,831],[247,322],[138,606],[438,-380],[-159,1061],[247,295],[719,-163],[555,345],[360,897],[-68,706]],[[144304,619477],[588,-223],[220,158],[460,-321],[523,249],[296,-62],[467,406],[704,341],[-18,949],[173,499],[1113,1695],[-23,742],[174,689],[-151,204],[615,471],[-207,784]],[[157250,619310],[4,-7]],[[151534,599394],[-398,130],[-204,-316],[419,-583],[-126,-669]],[[151225,597956],[-317,395],[-2080,1525],[-2148,132],[-68,-641],[214,-324],[-182,-590],[-488,-669],[-416,33],[-277,470],[64,277],[-595,624],[-214,453],[-253,52],[-1233,-128],[-770,292],[-239,510],[-1861,17],[15,677],[153,587],[-377,1215],[-67,798],[-989,-153],[-616,-310],[-238,73],[-654,-173],[-451,372],[-327,597],[-617,463],[-925,1079],[-520,359],[-319,-8],[-567,855],[-908,110],[-409,-827],[-385,-273],[-622,713],[-156,7],[-1025,1292],[-529,86],[-927,851],[-664,510],[54,552],[-382,663],[-667,233],[-38,-528],[-510,41],[22,796],[-849,1410],[13,556],[-224,543],[-445,131],[-246,57],[-570,184],[-120,146]],[[124276,614068],[-79,215],[303,743],[599,689],[141,329],[783,1086],[119,300],[39,25],[36,39],[19,180],[164,292],[-23,379]],[[126377,618345],[318,-56],[-14,-511],[440,-189],[523,-437],[275,-633],[637,-453],[442,-456],[978,-1224],[284,-72],[398,-487],[358,-132],[-224,-784],[601,-561],[366,-164],[203,-352],[555,-381],[730,-925],[541,1203],[447,259],[406,-274],[247,157],[624,-175],[408,131],[598,-383],[285,-517],[323,42],[122,940],[-289,586],[-194,748],[196,491],[-312,784],[438,584],[211,1020],[398,-116],[907,931],[71,436],[-727,469],[344,287],[377,-197],[521,649],[-128,829],[-360,351],[540,697],[-62,235],[337,655],[453,-69],[827,-623],[836,153],[785,-98],[251,-370],[582,-166],[599,-401],[162,-359],[293,60]],[[126377,618345],[-126,829],[-445,1068],[73,498],[-325,338],[-46,-283],[95,-238],[-91,57],[-83,28],[-50,30],[-36,47],[-23,83],[-15,23],[-76,2],[-29,-21],[-66,-79],[-36,36],[4,40],[44,158],[-56,79],[-26,56],[-456,-114],[-39,82],[-49,83],[-34,105],[-147,188],[-69,33],[-53,-51],[-35,-5],[-165,232],[-63,150],[-35,147],[-84,174],[-149,130],[-45,3],[-41,17],[-106,83],[597,665],[699,-236],[64,-92],[39,-104],[32,-41],[67,-22],[50,-115],[82,-70],[129,-187],[144,-98],[101,19],[42,-44],[25,-57],[30,-25],[565,-88],[86,67],[22,99],[16,47],[104,102],[161,38],[120,-76],[82,-189],[97,3],[45,-193],[33,-46],[65,-41],[260,56],[72,76],[33,15],[20,56],[66,86],[170,78],[480,-296],[-11,-299],[36,-87],[1,-58],[12,-47],[-43,-134],[188,-172],[55,-5],[288,-542],[-23,-408],[125,-102],[63,-195],[-61,-90],[-74,-53],[-12,-25],[25,-29],[180,3],[359,109],[10,387],[-216,258],[-243,902],[-225,518],[-246,203],[-157,391],[-46,5],[-24,24],[-32,5],[-116,163],[-125,257],[-24,64],[0,24],[-36,23],[-21,52],[1,33],[20,146],[-98,218],[8,340],[515,926],[396,202],[492,525],[-82,56],[-74,59],[-48,28],[-52,53],[-94,230],[-246,-15],[-162,760],[153,576],[-138,625],[232,537],[1056,860],[506,-825],[671,262],[42,53],[18,34],[64,196],[-27,217],[166,366],[216,-21],[182,1032],[-321,793],[232,785],[-90,574],[-55,10],[-58,38],[-40,93],[-339,6],[-344,475],[-54,663],[281,809],[129,910],[391,223],[181,1452],[-852,194],[-226,536],[-396,-20],[-420,-273],[-830,-119],[-230,-541],[-212,41],[-173,941],[167,367],[-150,419],[-404,248],[-295,-175],[-938,466],[0,1211],[-131,267]],[[126249,641068],[9,0]],[[124276,614068],[-665,883],[-189,-269],[-704,484],[26,488],[-317,196],[-305,-167],[-572,453],[-160,564],[-514,35],[-610,1009],[-376,80],[-700,779],[-348,-390],[174,-1350],[-479,223],[-109,467],[-429,273],[-382,-166],[-487,579],[-94,524],[-367,141],[-266,729],[-332,-41],[-431,419],[-510,706],[-514,134]],[[114616,620851],[-63,1223],[366,912],[291,462],[18,846],[153,642],[388,526],[465,-277],[362,424],[-121,620],[379,281],[68,1222],[-78,598],[-526,1339],[42,539],[422,62],[60,569],[442,351],[639,1317],[77,835],[-236,197],[-243,921],[477,1100],[737,-5],[764,1510],[227,907],[338,187],[459,-96],[393,639],[167,-13],[655,1366],[713,686],[-146,544],[523,874]],[[122828,642159],[154,-744],[978,303]],[[456001,44136],[-296,395],[330,956],[685,38],[584,-1220],[56,-281],[-381,-748],[-978,860]],[[449807,49126],[-409,364],[-833,268],[-776,-173],[-358,62],[-728,1077],[-33,400],[-342,505],[-331,847],[-94,1891],[509,-1],[357,-888],[603,510],[485,-273],[1338,-559],[402,-268],[510,-53],[509,221],[573,14],[579,541],[651,930],[678,349],[1046,-659],[444,-114],[1104,-778],[516,-669],[458,-383],[607,-1067],[96,-345],[687,-566],[110,-622],[-235,-505],[-506,-444],[-243,-637],[-226,-165],[-518,219],[-223,-612],[-587,-450],[-735,-73],[-625,-714],[-434,-667],[15,-650],[-594,-184],[-203,-578],[92,-317],[442,-409],[-175,-445],[-485,-246],[-752,178],[-9,324],[516,552],[194,-38],[41,1158],[-271,639],[-320,339],[-235,612],[-783,1020],[-630,934],[-869,598]],[[461213,44442],[230,-489],[184,1122],[45,1358],[-82,1327],[-293,606],[-33,620],[213,579],[493,313],[702,742],[121,402],[723,1010],[1020,575],[851,-256],[611,-422],[1303,-592],[573,-849],[44,-736],[-113,-718],[-475,-676],[-17,-1258],[-340,-506],[-36,-358],[-332,-639],[-389,-1310],[-343,-366],[-170,-1089],[462,45],[206,-779],[-862,-394],[-182,339],[213,1095],[-577,-35],[-262,-715],[142,-363],[-263,-290],[-304,329],[-666,-188],[-574,119],[-416,-164],[-213,766],[-647,-155],[-284,335],[-397,-177],[-156,-377],[-319,276],[-176,433],[-302,1],[-805,595],[-50,611],[181,454],[576,-587],[432,18],[429,517],[324,-99]],[[471146,49126],[290,215],[288,799],[464,35],[345,-565],[299,100],[938,-644],[629,-550],[172,122],[169,639],[341,185],[467,-50],[501,135],[-72,-829],[413,445],[324,-472],[-87,-1165],[134,-298],[940,-155],[204,-366],[-85,-829],[426,-1170],[522,89],[233,319],[357,-619],[631,-45],[767,1208],[858,208],[607,-343],[655,249],[129,555],[-96,443],[-258,62],[-229,549],[-367,-198],[-111,512],[-697,543],[-100,456],[-243,246],[-868,-229],[-107,259],[-622,462],[-846,1025],[-706,1083],[-423,821],[235,991],[601,579],[487,-35],[860,690],[337,-447],[466,191],[337,-217],[346,128],[641,-618],[5,-923],[349,-1079],[310,-173],[148,-811],[434,-474],[410,-76],[163,383],[439,192],[152,486],[412,416],[231,427],[260,62],[182,-318],[876,-178],[421,-276],[345,-804],[97,-563],[-145,-1419],[-152,-204],[153,-575],[379,522],[101,885],[-217,323],[296,1167],[610,751],[794,39],[996,-255],[141,-275],[-89,-870],[562,-1138],[-75,-297],[136,-597],[-362,-329],[4,-771],[197,-364],[-29,-607],[518,-109],[607,1080],[348,-60],[-57,-654],[-217,-194],[121,-730],[-43,-502],[-296,-244],[-487,-47],[-459,158],[-624,-250],[-158,415],[-450,639],[-257,-141],[-282,-543],[-381,338],[-381,-100],[-108,265],[-714,-1001],[477,-221],[800,-112],[723,25],[405,-401],[44,-391],[-284,-231],[-687,15],[-761,594],[-499,103],[-853,-327],[-217,-281],[-738,-371],[-145,-255],[-626,-52],[-409,359],[-199,467],[-31,835],[295,206],[218,652],[32,686],[-131,754],[-379,109],[204,-946],[-407,-85],[-307,-693],[-412,-246],[-613,-968],[-102,-376],[-355,-403],[-498,-299],[-432,579],[-311,-243],[-389,-3],[-207,-574],[-831,-433],[-71,-279],[-448,110],[-304,532],[-344,-509],[-356,244],[-530,-63],[-1196,-1174],[-501,-309],[-447,-106],[-509,-397],[-415,132],[-286,-159],[-1182,493],[-350,-74],[-392,-910],[-1121,-377],[-759,839],[-406,-185],[-850,480],[-217,-33],[-469,597],[-33,887],[156,758],[551,1617],[-201,284],[-139,2207],[240,581],[244,161],[155,525],[1007,337],[126,327],[540,-27],[38,481],[384,441]],[[490312,53837],[438,-65],[308,-837],[-80,-529],[-306,-474],[-299,-105],[-345,216],[-125,366],[97,996],[312,432]],[[475639,49887],[-488,455],[184,536],[144,846],[-267,154],[9,1021],[320,435],[409,260],[465,-153],[626,40],[141,-535],[-714,-764],[-232,-691],[-149,-798],[-448,-806]],[[356706,76562],[110,411],[-151,633],[54,617],[743,57],[-178,-385],[146,-625],[-160,-512],[-564,-196]],[[371545,85132],[-302,-90],[-35,-1176],[345,-280],[539,-1927]],[[372092,81659],[-101,-690],[-1695,-20],[-61,233],[-567,295],[-277,-423],[-334,728],[-332,-606],[83,-1570],[-311,-57],[10,-1211],[216,-875],[-16,-1314],[370,-1160],[570,-256],[-287,-363],[-583,-439],[-46,-636],[-368,-595],[24,-1222]],[[368387,71478],[-791,-223],[-113,247],[-547,286],[-5,345],[-511,431],[-256,15],[-667,488],[-324,641],[-555,281],[-839,3],[-463,-260],[-952,-232],[-599,184],[-967,-128],[-673,-449],[-606,164],[-218,311],[-391,103],[-524,406],[-614,79],[-237,-543],[-282,22],[-14,648],[391,943],[404,421],[53,597],[344,202],[261,-443],[-41,-818],[466,-613],[-9,-415],[350,-355],[266,475],[150,609],[-55,405],[633,791],[441,977],[-21,842],[328,1053],[363,-491],[275,-138],[514,232],[327,558],[191,673],[-34,1022],[83,785],[-29,1238],[370,1725],[167,289],[18,546],[573,780],[266,210],[315,915],[-85,297],[275,578],[436,145],[338,-869],[-28,-786],[220,-338],[627,-307],[363,282],[358,897],[611,-484],[459,-158],[184,-294],[691,-499],[257,-26],[428,601],[424,-332],[417,255],[369,-127],[177,171],[319,-406],[106,-780]],[[392379,74097],[459,-490],[418,115],[164,402],[458,51],[855,-720],[522,-205],[434,25],[666,-166],[748,154],[626,319],[543,657],[421,-466],[1157,-281],[1501,-843],[636,-203],[417,71],[666,-188],[442,308],[835,216],[415,535],[274,22],[134,-589],[718,-400],[631,-540],[318,-37],[743,331],[619,1260],[441,1215],[32,568],[273,281],[295,607],[265,1602],[-77,319],[264,381],[-50,489],[570,823],[481,263],[312,-10],[185,281],[769,57],[323,-211],[233,123],[667,-226],[108,-1181],[450,-1597],[406,-800],[538,-242],[176,-243],[719,32],[85,-134],[731,-115],[865,683],[259,594],[651,-306],[1118,-1567]],[[419288,75121],[-137,-698],[-563,-1152],[106,-536],[-326,-779],[-25,-1949],[-102,-334],[514,-565],[-820,-1250],[-143,-331],[-316,-74],[-427,-403],[-171,-675],[293,-124],[38,-977],[-534,-202],[-604,927],[-694,748],[-360,86],[-183,389],[-614,-88],[-163,-637],[106,-989],[-250,-825],[319,-1170],[-81,-845],[487,-1126],[-119,-1298],[302,-194],[162,-399],[521,-43],[-12,-691],[290,-735],[-347,-1195],[-250,-392],[-648,438],[-413,-259],[-164,-543],[121,-733],[-384,-721],[-164,304],[-450,-553],[-530,61],[-231,177],[-415,-880],[-129,-576],[-4,-724]],[[411774,52586],[-602,134]],[[411172,52720],[38,384],[-509,414],[-72,1281],[-220,656],[122,684],[20,1138],[127,485],[21,880],[-216,-108],[-384,479],[-132,-185],[-1068,79],[-327,271],[-331,-243],[-374,857],[-225,1612],[-91,1036],[-179,348],[-425,-654],[-888,-1009],[-324,-738],[-290,748],[-884,114],[-295,-323],[166,-294],[-55,-938],[-469,-896],[-178,-96],[-282,-1249],[-288,93]],[[403160,57546],[-1295,698],[-2642,983],[-1197,282],[-358,-233],[-361,183],[-157,676],[-818,281],[-1800,222],[-594,-234],[-293,-607],[-36,-570],[-1455,582],[-682,34],[-69,504]],[[391403,60347],[7,53]],[[391410,60400],[116,287]],[[391526,60687],[35,66]],[[391561,60753],[787,-451],[-197,1093],[-285,261],[-269,-794]],[[391597,60862],[-91,192],[148,850],[-402,1599],[76,386],[-304,483],[-127,640],[-209,243],[-688,-87],[-251,987],[247,508],[4,672],[-166,584],[587,500],[339,-258],[361,50],[274,519],[494,182],[33,1006],[169,526],[-362,336],[38,1317],[295,331],[279,711],[38,958]],[[391477,60567],[27,69]],[[391504,60636],[-27,-69]],[[372092,81659],[281,27],[-155,-750],[374,118],[163,288],[454,-530],[211,327],[39,719],[-149,673],[361,129],[60,473],[231,469],[-47,1505]],[[373915,85107],[298,158],[224,447],[-156,847],[97,394],[-106,740],[265,86],[230,-277],[388,-23],[406,-669],[394,-128],[884,445],[655,-150],[443,-687],[775,-2059],[698,-513],[293,-39],[380,-344],[539,-729],[467,210],[940,675],[379,119],[150,-633],[834,-448],[894,-799],[753,-364],[514,396],[498,844],[597,103],[239,-111],[863,-1992],[549,-878],[512,-495],[232,-941],[-24,-933],[184,-1380],[494,-1285],[590,96],[33,-319],[325,-416],[586,-77],[401,621],[298,18],[449,-520]],[[391597,60862],[-93,-226]],[[391477,60567],[-254,-65],[-613,303],[-419,-434],[-501,319],[-859,-231],[-198,-394],[88,-639],[-88,-435],[-601,-406],[-817,44],[-1088,260],[-1655,489],[-247,213],[-837,305],[-1002,-27],[-158,541],[-483,353],[-878,164],[-64,455],[-825,1062],[-1923,1139],[-430,-68],[-1085,184],[-1488,526],[-1640,242],[-1180,3],[-1841,358],[-762,88],[-471,563],[-624,115],[-362,930],[56,879],[210,900],[353,-51],[118,574],[336,757],[205,114],[378,626],[-53,1130],[-255,235],[-633,195],[-500,-405]],[[391403,60347],[7,53]],[[391526,60687],[35,66]],[[410255,132907],[86,355],[482,609],[540,229],[320,355],[783,277],[411,945],[512,137],[811,704],[209,514],[-9,423],[-486,392],[171,634],[-297,1948],[-5,780],[-347,2070],[-352,798],[294,665],[142,768],[-389,1139],[402,440],[1,963],[-776,-21],[-202,252],[161,1122],[-177,217],[62,921],[201,308],[120,910],[-277,1129],[-277,-85],[-238,-573],[-194,-46],[-308,588],[-236,175],[-15,532],[508,733],[398,100],[265,567],[373,-312],[221,351],[370,-351],[397,156],[-93,964],[405,279],[359,-305],[230,1211],[621,-218],[361,790],[126,599],[392,413],[357,984],[876,390],[621,134],[-68,1441],[169,631],[199,72],[320,553],[-101,489],[998,892],[121,320],[586,231],[393,-79],[322,311],[168,490],[221,-110],[6,1440],[461,-662],[783,592],[-199,974],[139,235],[582,-143],[339,-257],[359,21],[-150,631],[254,718],[230,339],[452,-296],[566,-1498],[1413,819],[47,-593],[273,-120],[55,512],[502,-94],[530,169],[106,344],[824,243],[186,355],[323,138],[89,746],[886,-51],[407,567],[895,437],[110,290],[680,-185],[474,335],[188,411],[644,-440],[293,83],[332,574],[-22,781],[-497,647],[259,756],[361,393],[106,406],[715,386],[489,849],[286,1589],[-189,375],[174,755],[-257,434],[94,1209],[-111,220],[-639,456],[-696,1107],[432,526],[412,101],[472,-229],[293,22],[655,762],[106,279],[606,836],[779,874],[75,783],[301,444],[316,120],[682,1151],[101,601],[265,317]],[[440140,188791],[599,-194],[622,97],[366,-111],[585,600],[433,121],[408,-469],[188,-709],[-234,-565],[371,-261],[11,-344],[337,-258],[867,192],[415,-195],[538,-538],[179,131],[-26,600],[328,417],[575,-53],[188,458],[-1,540],[475,-56],[608,959],[87,272],[472,-33],[437,535],[263,-112],[423,228],[192,-525],[609,1224],[555,-581],[209,-613],[170,-1520],[292,-924],[369,-697],[144,-554],[416,-677],[-81,-905],[-719,-868],[-248,162],[-808,93],[-501,-487],[-263,-977],[-261,-143],[-454,-2026],[199,-391],[253,121],[577,-540],[21,-1191],[286,-1069],[-65,-458],[91,-797],[606,177],[451,-247],[413,580],[620,269],[90,503],[379,444],[327,14],[147,285],[549,6],[195,-642],[-449,-681],[-49,-763],[-304,-791],[133,-820],[-232,-4],[119,-1278],[188,-665],[-111,-426],[461,-624],[355,-1121],[197,-344],[142,-1542],[7,-1263],[222,-772],[911,-331],[500,-739],[380,-827],[750,-840],[154,-849],[258,-53],[438,-532],[103,-620],[484,247],[375,-561],[-736,-1295],[-105,-1043]],[[458605,158552],[-526,-826],[-240,-204],[-390,-2],[-1099,-920],[-324,114],[-474,-190],[-376,9],[-295,-2404],[-209,-1428],[-355,-1782],[-4,-365],[302,-894],[87,-680],[-99,-296],[-566,-720],[406,-1347],[-5,-466],[-228,-501],[-112,-1268],[-585,44],[-3026,-3495],[-125,-94],[-204,-39],[-154,-250],[-17,-172],[64,-286],[-10,-147],[-274,-636],[-169,-213],[-139,-120],[-149,-458],[-3,-692],[-6,-228],[-31,-207],[-51,-97],[-73,-68],[-48,-110],[-87,-321],[-125,-95],[-178,-166],[-472,-40],[-8,-606],[-195,-360],[-658,-253],[-901,-2755],[-167,-1854],[-796,-2077],[-438,-2339],[9,-574]],[[445082,125674],[-207,33],[-669,593],[-238,545],[-511,-340],[-542,211],[-301,340],[-293,901],[-208,-757],[-918,-375],[-961,-988],[-765,-415],[-732,-93],[-576,71],[-515,361],[284,687],[250,1285],[-80,1087],[-240,975],[-576,590],[-291,-233],[-814,-356],[-134,-594],[-338,-263],[-8,-358],[-296,-138],[-341,340],[-530,1042],[-22,233],[-637,1124],[-298,347],[-623,395],[-25,247],[-634,790],[-185,-933],[-305,-281],[-401,-754],[40,-435],[486,-646],[-683,-894],[-386,-269],[-1172,-1214],[-803,-639],[-330,-596],[-372,-235],[-327,64],[-112,-409],[-721,462],[-456,820],[-917,675],[-315,139],[-635,-50],[-690,-461],[-321,-510],[-850,-840],[-1442,-1764],[-502,37],[-485,192],[262,795],[121,767],[-24,1559],[-257,1917],[241,2186],[-243,1215],[-242,455],[-161,632],[-305,594],[15,638],[-434,-651],[-172,-659],[215,-462],[-547,-247],[-340,-461],[-510,-336],[-184,489],[-366,521],[-678,598],[-313,-231],[-417,181],[-595,-423],[-1162,-1033],[-977,-625],[-848,-337],[-768,584],[-418,524],[-417,293],[-568,-188],[-62,192]],[[458605,158552],[-174,-1039],[-260,-604],[-344,-494],[-206,319],[-609,-316],[-192,-624],[-276,-148],[-41,-672],[441,190],[158,-356],[341,18],[-64,-921],[457,-802],[-88,-737],[571,-1235],[52,-1544],[-85,-788],[-223,-730],[282,-238],[-221,-477],[279,-372],[515,99],[285,-233],[-261,-639],[-56,-1653],[235,-539],[75,-1186],[173,-897],[139,-158],[811,1109],[407,423],[338,-426],[1588,-213],[254,35],[397,-392],[1062,75],[1236,-419],[684,-526]],[[466285,141442],[-99,-696],[-200,-487],[24,-728],[-420,-433],[-76,950],[-661,250],[-116,-455],[-422,109],[-251,-570],[507,-189],[162,-339],[-233,-1164],[-82,-1428],[114,-918],[-110,-727],[-411,-1250],[-448,-868],[-565,47],[-8,849],[-530,730],[-24,741],[-502,-1317],[423,-830],[305,-164],[-14,-981],[925,-825],[-626,-205],[-380,-714],[169,-1017],[-414,-386],[-544,-233],[-348,-1062],[-136,-112],[-115,-790],[-158,-340],[73,-774],[-240,-706],[24,-563],[-221,-632],[-1063,-249],[-415,-251],[-330,-655],[-513,-379],[-225,-357],[-446,-72],[-472,-495],[-231,-61],[-927,-656],[-1442,-788],[-1663,-1151],[-578,-497],[-964,-576],[-1156,-997],[-948,-704],[-312,-380],[-614,-443],[-573,41],[-63,1670],[78,847],[-244,1865],[-61,1287],[189,1566],[-67,733],[-264,867],[-287,554],[-437,260],[41,1456],[-169,127],[-181,-900],[-216,-14],[-795,829],[-227,-18]],[[461549,119248],[166,728],[-231,785],[-220,386],[-257,903],[28,1000],[220,401],[136,717],[-16,1085],[211,387],[272,904],[200,1253],[606,428],[567,646],[371,96],[-12,-747],[-239,-1331],[96,-511],[504,-885],[29,-687],[-222,-61],[-246,-603],[392,-655],[-82,-609],[27,-1408],[346,-115],[-301,-812],[-326,-377],[213,-645],[140,-837],[-357,-19],[-269,-557],[-370,-166],[-107,-505],[-504,-799],[-238,212],[-177,-501],[-282,399],[-176,610],[284,996],[-157,318],[-19,576]],[[464496,122539],[-245,1287],[-280,183],[418,1819],[344,384],[161,626],[211,45],[37,-817],[-160,-1171],[-153,-625],[-32,-1318],[-301,-413]],[[410255,132907],[-144,-449],[-608,-487],[-205,632],[-68,996],[-164,822],[-431,586],[-682,-199],[-1210,-1143],[-657,-991],[-445,412],[-179,866],[-169,307],[271,555],[121,831],[-87,584],[-285,244],[63,761],[-216,745],[-581,313],[327,523],[110,1080],[-125,893],[-280,749],[-115,1560],[-274,754],[-261,321],[129,1027],[181,672],[32,844],[-177,1418],[-373,825],[-678,453],[-703,665],[-97,301],[0,894],[277,-58],[807,1183],[156,619],[81,1394],[-72,703],[345,1636],[-8,678],[-144,549],[-398,825],[-569,341],[-391,1198],[235,927],[-598,411],[-605,258],[-159,458],[-333,271],[-3,503],[-685,225],[-122,-388],[-644,551],[-203,941],[-424,477],[-941,293],[-510,-1034],[-983,535],[-474,916],[-121,703],[49,1865],[174,119],[263,-457],[708,-334],[321,97],[658,-721],[-98,769],[-991,1101],[160,766],[-1053,-271],[-674,495],[-441,83],[-268,720],[-13,1226],[-156,1199],[161,213],[-157,863],[-402,193],[-19,658],[337,446],[851,-38],[117,964],[-121,1228],[-170,392],[131,1130],[421,-263],[72,306],[-448,534],[-415,1083],[-147,1054],[-315,602],[-635,665],[-977,428],[266,982],[-32,718],[-339,1121],[179,855],[15,912],[-88,614],[-261,620],[-92,1068],[-369,613],[465,639],[302,211],[293,569],[202,791],[-12,1079],[-170,680],[-479,1348],[204,249],[353,-88],[231,481],[-258,200],[293,974],[460,921],[98,1251],[-112,499],[207,1121],[726,1011],[974,814],[221,365],[246,868],[143,902],[347,684],[81,727],[-206,798],[142,244],[903,116],[246,401],[1296,262],[423,1265],[82,-33]],[[399692,210353],[-57,-716],[-167,-676],[-425,-82],[-230,-278],[-134,-533],[126,-1008],[233,-239],[237,-702],[574,7],[246,-269],[-171,-726],[-72,-897],[19,-862],[1317,-1831],[277,-276],[75,-898],[363,-90],[557,117],[287,-325],[183,-1611],[753,-442],[384,-1106],[606,13],[306,-235],[196,-505],[-32,-486],[309,-15],[405,-1527],[170,-340],[409,167],[168,-354],[329,201],[127,-673],[315,-230],[53,-457],[427,-485],[603,-259],[402,-23],[401,309],[587,94],[187,329],[647,100],[213,399],[771,628],[191,755],[862,-1],[799,345],[580,14],[571,199],[319,321],[862,-647],[360,-119],[452,-395],[817,375],[242,-476],[76,-686],[279,2],[80,409],[773,568],[264,312],[775,-523],[619,-199],[417,107],[352,1052],[357,308],[54,396],[1404,281],[449,-20],[261,174],[-71,580],[165,337],[133,1606],[208,180],[263,1088],[-154,182],[25,690],[717,342],[407,510],[212,-72],[817,397],[103,363],[519,462],[161,-94],[1372,-81],[169,-250],[560,188],[388,-48],[626,-372],[360,676],[214,108],[344,-323],[387,-59],[135,241],[717,-393],[7,-358],[-391,-985],[-407,-252],[-20,-660],[339,-43],[876,632],[288,-704],[429,-294],[512,268],[310,-85],[860,-502],[120,-528],[269,-92],[229,-509],[1122,549],[441,-224],[139,-712],[282,-165],[70,-469],[539,301],[266,352],[958,636],[345,1291],[250,20],[660,734],[293,211],[714,37],[285,195],[676,-56],[554,-795]],[[443673,200164],[-571,-477],[126,-1721],[-336,-654],[127,-260],[-203,-776],[-364,83],[-326,-447],[-159,226],[-423,-46],[-297,-572],[-112,-641],[-402,-82],[-93,-565],[208,-201],[-37,-788],[-301,-513],[7,-634],[441,-617],[-18,-290],[-344,-631],[91,-587],[-146,-384],[-389,-267],[-12,-529]],[[400006,159911],[-454,-165],[-714,-525],[-518,-772],[-357,75],[-600,730],[274,690],[243,2322],[-40,464],[350,860],[318,-342],[320,-86],[354,295],[410,-56],[106,-353],[401,-142],[165,419],[457,-467],[120,-793],[-64,-447],[188,-698],[-943,-759],[-16,-250]],[[536709,147872],[-423,-250],[-302,515],[-85,729],[267,646],[562,-1305],[-19,-335]],[[535212,148457],[-55,385],[221,451],[167,-726],[-333,-110]],[[515498,169943],[386,1376],[209,-38],[320,622],[360,-161],[493,472],[210,30],[100,-165],[246,-108],[136,-447],[8,-856],[-277,-249],[-265,574],[-330,-449],[-465,398],[-310,-148],[-140,251],[-325,-1029],[-356,-73]],[[517609,173151],[375,92],[319,-172],[1037,116],[-109,-1004],[-482,-103],[-482,77],[-354,-310],[-47,137],[-208,109],[-98,195],[-103,577],[152,286]],[[519373,173151],[344,1017],[91,-565],[232,-406],[151,-638],[-165,-313],[-605,413],[-48,492]],[[515319,176594],[128,-151],[-51,-829],[-325,-313],[-233,64],[-261,544],[268,549],[474,136]],[[503186,194005],[-148,301],[119,708],[194,-38],[-165,-971]],[[522096,173797],[-524,996],[205,126],[602,-615],[4,-467],[-287,-40]],[[520358,174582],[93,537],[340,95],[-56,-909],[-377,277]],[[531548,151488],[-318,-467],[-205,129],[375,979],[500,709],[230,-233],[3,-444],[-503,-309],[-82,-364]],[[533993,152143],[-401,-54],[-458,217],[-149,879],[124,284],[-86,926],[55,587],[208,584],[401,97],[157,-881],[-40,-744],[354,0],[262,-411],[-93,-1083],[-334,-401]],[[528993,150475],[266,738],[373,102],[225,-694],[-144,-692],[-185,-64],[-442,-780],[-93,1390]],[[526538,157817],[292,1168],[345,386],[337,988],[454,-122],[140,-345],[554,391],[804,370],[361,-665],[169,793],[253,-45],[419,-1208],[-457,-1047],[511,-1210],[206,-70],[228,481],[-40,472],[386,486],[64,358],[460,796],[627,-726],[48,497],[412,-497],[335,30],[343,-241],[-17,-754],[-201,-409],[25,-628],[-277,-887],[-337,-110],[-43,-520],[-548,-359],[-803,1047],[-165,607],[-267,-84],[-257,-433],[-243,-2314],[-407,-257],[-339,1],[-424,241],[73,537],[459,379],[197,441],[-234,1355],[-56,818],[47,1034],[-399,98],[-226,-764],[-336,-595],[-319,-955],[-182,-866],[-611,-682],[-407,-813],[-330,71],[-273,1184],[-441,511],[-73,371],[163,1695]],[[520604,194361],[-544,-471],[-420,-220],[-229,76],[-744,-878],[-65,-449],[-259,43],[-810,1058],[-456,-87],[-166,-316],[-612,-311],[-496,-417],[-857,-472],[-637,32],[-58,-380],[-494,-228],[-264,178],[-934,-145],[94,-555],[-587,-122],[-595,135],[-574,-849],[52,-371],[-256,-689],[363,-532],[280,-52],[96,-499],[620,-560],[322,83],[103,-336],[-130,-679],[42,-537]],[[512389,185811],[-466,345],[-434,-195],[-157,-312],[-574,-33],[-337,-780],[-610,-99],[-547,675],[-899,-537],[-322,-51],[-473,792],[-451,371],[-216,-140],[-418,268],[-253,453],[-470,211],[-618,-166],[-707,-26],[-386,-319],[-272,-493],[-185,173],[-450,-243],[-716,-751],[-144,-496],[-424,-656],[-430,-1240],[-403,-540],[-361,-1052],[97,-513],[-225,-267],[-33,-921],[-152,-1162],[-554,-882],[72,-856],[-305,-550],[-40,-831],[89,-915],[169,-164],[95,-1311],[291,-892],[-194,-527],[-24,-715],[123,-1614],[415,-1147],[281,-1023],[285,-211],[253,-774],[400,-278],[106,-437],[318,-384],[373,-879],[550,629],[396,53],[435,-966],[499,-152],[436,-1193],[330,-490],[44,-1040],[-185,-372],[-36,-888],[184,-97],[471,-711],[48,-732],[341,-917],[874,751],[550,190],[218,-764],[225,-167],[894,28],[169,188],[769,-616],[510,167],[220,699],[249,327],[317,1015],[113,971],[151,461],[552,675],[151,658],[398,781],[541,453],[24,452],[469,423],[423,1303],[609,446],[355,-36],[460,966],[225,-42],[39,-730],[-128,-805],[498,-550],[510,-352],[314,94],[1089,-318],[110,-183],[620,159],[304,684],[684,-153],[211,-240],[478,803],[20,840],[104,587],[269,46],[122,398],[918,-22],[376,180],[762,-105],[405,383],[557,-345],[669,-10],[286,320],[287,-444],[398,-317],[395,-21],[464,482],[1394,260],[-490,872],[-610,39],[-719,497],[612,199],[122,389],[1099,131],[291,-105],[873,582],[162,466],[1004,-286],[324,213],[603,-151],[485,-493],[652,-433],[213,-836],[380,-526],[99,-542],[-163,-814],[14,-438],[-240,-218],[-159,-510],[-138,-1682],[-288,-550],[-376,-212],[-394,118],[-127,533],[-401,250],[-694,1017],[86,671],[-418,690],[-960,-944],[-384,5],[-731,-409],[-281,102],[-546,-255],[-168,-542],[93,-373],[-483,-983],[-314,-852],[-389,-266],[-305,-550],[-105,-1023],[-678,-466],[17,-669],[-692,-836],[-140,-568],[-474,-439],[-349,-999],[-286,-341],[-641,-373],[-721,-931],[-337,-153],[-230,200],[-992,-291],[-214,113],[-748,-964],[-651,-301],[-167,219],[-327,-244],[-421,-569],[-12,-505],[-350,-888],[-272,-1009],[-655,-915],[-916,-89],[-269,620],[-870,830],[175,414],[-240,421],[-196,-153],[-443,106],[-339,542],[-373,-318],[-100,-935],[378,-370],[-42,-640],[203,-1315],[271,679],[32,683],[272,150],[166,-865],[268,-554],[753,-757],[125,-1599],[140,-364],[467,-192],[542,-7],[193,166],[459,-565],[645,-1218],[333,-262],[96,-651],[274,-755],[502,-900],[381,-978],[249,-1190],[284,-664],[-61,-1103],[480,-476],[253,-604],[507,17],[436,-535],[-52,-648],[272,-522],[407,335],[408,-212],[276,-442],[-147,-574],[-537,-978],[208,-390],[325,-192],[593,-1114],[360,43],[381,-233],[378,-488],[-454,-123],[-141,-222],[73,-1074],[-581,646],[-441,-221]],[[521892,128823],[-598,1676],[-188,-98],[-489,678],[11,947],[-224,239],[-364,19],[-186,690],[-204,138],[-865,-9],[-387,165],[-192,299],[-394,1961],[-261,415],[-517,204],[-264,804]],[[516770,136951],[-632,2022],[-432,608],[-549,207],[-285,265],[-1073,340],[-1019,1385],[-679,514],[-765,174],[-646,310],[-1825,1399],[-653,320],[-828,188],[-437,-332],[-741,325],[-662,668],[-406,572],[-1010,1880],[-282,854],[-437,829],[-264,63],[-34,-579],[-474,-1907],[-599,420],[-822,-48],[-540,258],[-218,680],[-1045,-45],[-236,-468],[-772,-692],[-699,11]],[[497706,147172],[24,457],[315,772],[199,1118],[372,864],[-46,600],[-358,397],[-533,146],[-461,-55],[-26,738],[154,360],[-250,663],[-210,77],[39,576],[-608,949],[-94,757],[363,651],[-590,814],[-476,96],[-135,-330],[-444,-178],[-227,536],[-504,-50],[-257,511],[69,406],[555,233],[-172,521],[965,219],[85,909],[231,714],[58,714],[-222,12],[-183,1483],[-180,311],[78,676],[-53,1493]],[[495184,165332],[582,391],[102,533],[553,493],[89,1052],[491,604],[205,-372],[472,-2197],[272,-799],[386,265],[-14,934],[-160,250],[-3,1136],[-359,360],[-154,570],[65,364],[-217,435],[16,422],[-298,1240],[-39,805],[96,690],[-129,396],[193,819],[40,573],[410,1254],[-177,538],[20,568],[-779,-319],[-482,459],[-257,793],[-373,812],[590,-147],[273,315],[398,-502],[-17,-462],[290,-251],[115,-526],[395,-69],[180,221],[418,1220],[-24,1722],[-474,1010],[-454,658],[-68,331],[426,210],[138,-289],[394,33],[319,245],[-188,1030],[-392,545],[13,352],[337,410],[87,1240],[957,243],[592,654],[-105,1265],[-193,793],[224,802],[302,482],[465,-7],[491,223],[546,577],[141,734],[-62,1218],[78,522],[302,466],[638,-108],[-94,-1359],[-102,-600],[372,-240],[299,-677],[725,-214],[231,237],[359,-23],[94,-538],[353,365],[310,610],[-10,892],[322,818],[422,709],[361,-97],[328,606],[520,559],[-153,268],[48,499],[-164,300],[68,556],[361,486],[-144,626],[-16,690],[234,635],[405,147],[208,-248],[249,200],[133,479],[417,-191],[764,-544],[353,205],[969,-974],[447,-342],[282,13],[366,368],[453,-125],[394,102],[450,830],[189,-661],[-354,-333],[-115,-868],[155,-457],[582,-990],[562,-486],[556,-14],[316,-203],[213,319],[398,179],[421,-154],[891,334],[266,-180],[522,358],[249,-1023],[325,-183],[736,627],[666,-201],[216,-268],[329,-24]],[[520604,194361],[587,-316],[576,-82],[177,383],[383,-459],[695,-47],[124,321],[422,-428],[1085,-703],[425,-13],[157,-454],[370,-524],[634,-26],[219,-672],[423,-375],[782,774],[399,1005],[-209,507],[436,118],[341,-516],[709,-320],[197,193]],[[529536,192727],[51,-487],[300,-346],[384,-114],[501,-504],[263,-455],[-229,-1279],[292,-313],[452,-25],[300,-601],[325,-256],[490,20],[460,-219],[-2,-376],[442,-463],[-88,-435],[229,-285],[-264,-551],[112,-679],[-508,-1452],[-19,-523]],[[533027,183384],[-381,52],[-1006,-127],[-642,176],[-378,401],[-329,698],[-481,324],[-273,720],[-512,667],[-698,-314],[-354,82],[-628,-80],[-501,118],[-1316,-268],[-226,531],[-356,39],[80,-503],[-543,327],[-1641,19],[-191,363],[-1282,-763],[-149,197],[-975,-275],[-219,333],[-713,-216],[-1164,-516],[-749,-72],[-524,-399],[-336,467],[-360,866],[-226,331],[-394,192],[-955,-39],[-330,344],[-172,-953],[-676,-367],[-556,420],[-249,-393],[-233,45]],[[529536,192727],[483,-352],[232,120],[237,568],[333,31],[274,-541],[980,-60],[95,-153],[1550,-346],[450,281],[996,-562],[160,115],[594,-555],[696,225],[582,18],[1657,1191],[543,77],[610,920],[723,173],[289,328],[68,525],[414,1199],[-152,318],[652,559],[741,-99],[309,75],[234,360],[185,-445],[214,182],[288,938],[-229,262],[-378,51],[-317,402],[144,742],[226,414],[469,346],[691,-115],[980,1023],[488,114],[154,727],[-339,603],[192,542],[350,143],[54,327],[522,612],[120,419],[260,-149],[263,1119],[318,-368],[-118,-571],[548,-287],[594,-49],[422,100],[-315,-811],[89,-611],[795,-809],[112,-296],[-123,-660],[-247,-323],[-565,-92],[-691,-1085],[-325,-2410],[-297,-1228],[-345,-777],[-823,-1204],[-57,-479],[-617,-195],[-339,-269],[-187,-759],[-507,-23],[-105,-652],[-667,-908],[-120,-383],[74,-763],[-303,-113],[-521,-1247],[-41,-568],[-450,-689],[186,-1085],[-600,-131],[-622,-334],[-559,71],[-91,-392],[-765,-377],[-1522,-131],[-283,-348],[-675,131],[-976,-440],[-91,-237],[-648,44],[-245,-335],[-408,186],[-536,-307],[-704,75],[-477,233],[-618,-255],[-151,146]],[[549843,200602],[268,589],[280,73],[-236,-988],[-217,-247],[-412,-16],[5,435],[312,154]],[[551496,219626],[-297,301],[-44,684],[230,933],[409,69],[216,-287],[26,-463],[-458,-448],[-82,-789]],[[551429,214303],[-138,600],[206,172],[593,-226],[83,-262],[-248,-515],[-496,231]],[[565107,237250],[424,-1127],[-256,-394],[-343,237],[-323,636],[-127,789],[110,245],[515,-386]],[[563957,237696],[-212,257],[40,841],[-299,319],[-248,777],[283,329],[44,-660],[647,-783],[29,-579],[-284,-501]],[[565571,247017],[145,-562],[-185,-298],[25,-610],[549,-1363],[-496,-620],[109,-344],[-486,-564],[-237,-684],[159,-456],[-161,-1281],[-303,-423],[-864,172],[-56,546],[187,511],[480,593],[224,1060],[291,437],[-150,656],[-594,285],[-52,807],[-225,129],[213,1374],[293,696],[-129,691],[205,492],[583,-202],[475,-1042]],[[552541,233034],[-266,844],[-355,225],[-326,513],[7,980],[395,262],[530,-180],[346,-546],[422,-1162],[-60,-531],[786,-1519],[121,-755],[-326,-697],[-320,-165],[-150,467],[-421,555],[-395,12],[-130,696],[142,1001]],[[516770,136951],[-514,-391],[-364,-1213],[-205,-188],[-240,-712],[-465,-341],[-554,-568],[-667,-978],[-365,-179],[-806,-146],[-499,-845],[-286,-85],[-221,233],[-185,642],[-923,1634],[-303,1107],[107,622],[-244,507],[-1004,-961]],[[509032,135089],[288,639],[406,402],[334,635],[-138,362],[-689,352],[-901,320],[-154,172],[-542,-88],[-251,484],[-1404,-451],[-363,-513],[-601,-62],[3,-316],[-507,-934],[-171,-82],[-502,-815],[-957,-597],[-372,-597],[-814,-799],[-300,-23],[-80,-371],[305,-408],[96,-576],[298,-524],[-73,-1252],[1237,-665],[214,-1976],[-69,-516],[56,-959],[-123,-229],[2,-695],[281,-1581],[-48,-1291],[225,-218],[36,-792],[-312,-517],[-452,-1174],[-259,-1352],[249,-1227],[-55,-660],[-243,-682],[421,-567],[53,-455],[-113,-576],[33,-541],[-97,-801],[297,-396],[-72,-446],[-369,-742],[24,-396],[506,-781],[-249,-524],[261,-1475],[281,-180],[185,-549],[-438,-607],[-217,-1228],[-28,-970],[-405,36],[-378,-702],[56,-1789],[-151,-535],[89,-335],[-139,-996],[-184,-345],[433,-1151],[217,-1060],[298,-575],[373,-250],[-20,-402],[313,-1214],[281,-2059],[-248,-435],[-428,448],[-297,851],[-457,305],[-227,-378],[-639,-121],[-318,-409],[-563,-324],[-452,-15],[-1517,602],[-219,-536],[-642,-908],[-145,-451],[-316,-437],[-829,-19],[-526,322],[129,470],[-109,340],[-634,164],[-76,-618],[-302,352],[228,458],[-654,716],[-592,-572],[-213,559],[153,308],[-51,523],[-463,895],[-210,677],[17,895],[271,2218],[161,639],[37,684],[437,198],[217,618],[11,986],[449,1110],[-227,1112],[-80,1223],[-105,311],[337,456],[105,716],[176,306],[471,1389],[-136,524],[177,853],[-25,897],[381,1506],[-269,769],[181,570],[-148,264],[228,514],[-207,549],[62,492],[-124,402],[139,330],[-129,1260],[-356,492],[-420,1110],[-466,1992],[-274,697],[225,537],[24,460],[323,631],[2,735],[-351,705]],[[494440,124819],[32,634],[-138,1344],[-253,418],[115,333],[-80,861],[-483,880],[370,555],[502,-150],[638,839],[796,379],[-345,672],[-555,1848],[-220,1611],[132,660],[-308,811],[550,57],[822,-327],[334,308],[406,39],[332,342],[142,528],[-169,533],[64,583],[-491,913],[197,696],[-309,957],[256,687],[-243,539],[-472,687],[-438,288],[160,673],[-3,695],[156,636],[1077,1391],[221,-164],[471,597]],[[508542,66820],[647,37],[564,-268],[-113,-423],[-477,-93],[-445,120],[-236,264],[-333,-53],[-405,255],[-238,-70],[-133,607],[1169,-376]],[[505885,68952],[-344,430],[-122,771],[133,237],[-74,687],[362,-213],[246,-442],[523,-400],[429,-41],[-113,-741],[-856,70],[-184,-358]],[[504096,81661],[48,497],[-341,262],[-9,1022],[-114,175],[302,1303],[-155,1020],[-31,1191],[78,1746],[92,854],[338,-280],[314,-1022],[16,-742],[233,-1048],[104,-1024],[-107,-107],[-102,-1253],[-201,-1208],[129,-437],[-14,-1138],[-604,-1676],[24,1865]],[[521892,128823],[-352,-911],[73,-861],[746,-353],[162,-380],[-76,-599],[-455,876],[-510,403],[-385,-358],[21,-344],[564,-926],[-158,-413],[-148,-942],[-693,-235],[-17,-545],[493,-859],[543,-587],[543,-782],[281,162],[533,-164],[142,-708],[484,-967],[152,-535],[308,-117],[684,176],[359,-78],[1,-440],[-331,-195],[-328,-596],[-590,161],[7,-352],[530,159],[277,-377],[305,-5],[112,-481],[-128,-796],[144,-200],[-41,-797],[346,-70],[125,289],[547,-310],[346,37],[333,476],[-496,414],[-172,607],[619,12],[239,-255],[300,-940],[131,-924],[-171,-1786],[158,-1013],[-194,-603],[-297,-13],[-96,-435],[-668,613],[-602,1023],[-233,205],[-162,-465],[359,-679],[526,-391],[34,-968],[-154,-323],[-639,380],[-172,541],[-635,806],[-1017,-830],[-678,343],[-264,-371],[-499,-293],[-819,-280],[-486,69],[-548,-708],[-561,-138],[-533,-1971],[65,-1332],[620,-944],[-821,-1020],[-716,-29],[-707,244],[-497,549],[-811,-10],[-265,-294],[-279,140],[-154,556],[-351,301],[-743,265],[-400,593],[-234,788],[-137,-25],[20,1514],[73,614],[361,1584],[68,616],[-75,965],[158,885],[445,568],[61,680],[303,747],[-109,756],[17,651],[-982,655],[-444,182],[-121,-218],[-377,384],[-427,-65],[-426,782],[-199,907],[-367,140],[-11,447],[-200,422],[-688,24],[-160,571],[-522,785],[-97,326],[-558,467],[-1060,1585],[-340,723],[-137,1584],[707,1435],[308,1093],[486,360],[338,947],[-40,1035],[64,780],[197,928],[12,1027],[-164,879],[-230,387],[-533,249]],[[537970,87022],[-210,478],[167,879],[519,-453],[402,-1528],[-353,-427],[-55,869],[-470,182]],[[533503,97167],[-64,601],[133,273],[440,39],[395,-319],[205,-365],[-253,-1399],[-338,38],[-412,644],[-106,488]],[[535647,94210],[508,-719],[123,-775],[-335,75],[-209,707],[-285,375],[198,337]],[[528655,113834],[-320,281],[60,569],[-365,300],[-175,655],[159,188],[516,1654],[805,-684],[484,185],[681,-158],[387,-774],[-80,-769],[-785,-1253],[-139,-503],[-306,-338],[-438,186],[-484,461]],[[529575,122778],[-409,164],[-291,401],[261,340],[826,259],[211,-801],[-598,-363]],[[522096,123808],[-137,-235],[-491,203],[226,544],[213,51],[189,-563]],[[516857,97874],[137,678],[172,192],[-67,549],[336,91],[242,357],[-342,261],[45,454],[349,518],[71,-592],[260,-95],[216,575],[233,-31],[175,-1546],[357,280],[280,-622],[105,-542],[-184,-585],[4,-848],[-146,-460],[112,-368],[17,-1355],[-843,-262],[-178,623],[-626,769],[-491,1154],[-234,805]],[[528872,99608],[568,-731],[451,-977],[258,174],[351,-896],[-295,-573],[-677,-821],[-884,-652],[-148,544],[-277,185],[-383,-545],[-649,-440],[-230,-484],[470,-478],[-38,-763],[-713,-1364],[-177,-635],[-313,-46],[13,850],[-545,395],[-374,-942],[-287,-279],[-256,584],[-426,2044],[-48,639],[309,429],[337,-26],[165,543],[-249,435],[257,639],[58,475],[312,75],[423,1171],[283,-210],[273,203],[169,561],[-140,352],[-350,6],[-144,268],[281,828],[-112,297],[329,512],[369,2569],[-168,360],[347,860],[62,646],[-152,486],[-1,703],[-136,255],[177,665],[24,677],[151,946],[393,1010],[804,946],[511,434],[344,48],[-104,-993],[81,-416],[576,-363],[78,-486],[455,-1159],[-158,-562],[-9,-868],[339,-300],[-80,-972],[106,-1391],[-387,458],[27,795],[-419,973],[-131,538],[-243,-222],[154,-442],[-255,-349],[-348,-27],[-296,352],[-226,-420],[305,-715],[-292,-474],[126,-847],[-65,-813],[-303,-273],[-131,-759],[237,-905],[-58,-835],[-302,-709],[-208,-208],[341,-629],[497,1058],[376,11]],[[522098,105012],[651,481],[712,165],[685,802],[467,688],[257,-163],[143,372],[506,330],[185,-180],[3,-1210],[183,-515],[22,-920],[-139,-661],[106,-526],[292,-207],[-36,-770],[-407,-307],[-81,-444],[-323,-643],[-397,-359],[-170,-781],[-303,-763],[36,-1084],[453,-510],[65,-518],[-47,-866],[-399,-48],[-51,-1002],[-274,168],[-210,-460],[-197,41],[184,1730],[-136,472],[-485,-98],[187,-585],[-339,-975],[-500,80],[-278,565],[-173,-437],[-799,-69],[-111,1033],[273,692],[192,856],[-63,1176],[152,638],[614,283],[-124,829],[144,589],[-402,1582],[-319,908],[251,621]],[[494440,124819],[-192,346],[-1076,712],[-547,70],[-95,-323],[-593,-573],[-732,-88],[-296,-355],[-408,210],[-430,-203],[-353,-672],[-689,380],[-341,972],[26,351],[-335,1070],[-35,748],[158,484],[-261,1011],[81,295],[-102,670],[-456,693],[-56,495],[600,162],[207,763],[-106,631],[197,525],[166,1022],[-364,593],[-386,0],[-376,-243],[25,793],[-140,494],[240,532],[-33,878],[205,368],[193,727],[495,-942],[438,244],[268,395],[354,154],[459,703],[108,1119],[557,286],[295,436],[125,1109],[-181,914],[67,841],[222,624],[-72,607],[415,1161],[237,1920],[752,669],[406,-151],[59,748],[282,779],[-73,550],[-409,410],[40,281],[-290,1725],[346,959],[1,409],[-403,1923],[8,888],[473,711],[-322,1139],[325,1330],[371,364],[183,524],[434,399],[197,488],[205,1102],[385,926],[55,663],[236,568]],[[278577,210432],[460,481],[324,-535],[-431,-533],[-353,587]],[[274139,210955],[466,140],[220,-552],[-424,-436],[-297,439],[35,409]],[[260664,268798],[320,-34],[100,-399],[407,-235],[259,893],[430,-997],[-241,-17],[-225,-831],[-426,128],[-269,952],[-355,540]],[[259225,265450],[-149,507],[99,551],[464,-464],[2,-387],[-416,-207]],[[259940,265116],[234,-589],[-377,-176],[-94,307],[237,458]],[[280004,212655],[90,162],[627,-100],[-89,-303],[394,-582],[261,-1080],[-173,-409],[-353,116],[-841,1260],[-425,307],[509,629]],[[265472,221679],[419,155],[99,1290],[1014,69],[265,-229],[87,-645],[-383,250],[58,-578],[458,-42],[367,-295],[597,-840],[350,62],[513,-391],[-60,-639],[-207,-215],[286,-653],[764,172],[389,-460],[142,-501],[878,-574],[-47,-357],[256,-433],[628,-73],[346,-459],[66,-818],[213,-594],[-534,-531],[-321,25],[-218,295],[-216,-180],[-261,438],[-301,880],[-738,254],[-130,359],[-530,690],[-292,110],[-463,721],[-723,358],[-305,-26],[-265,-293],[-803,1009],[-458,179],[-530,741],[-161,639],[-401,154],[-66,502],[218,474]],[[289893,244338],[-561,147],[-459,-182],[-230,-485],[-317,117],[22,-1022],[-305,-92],[-178,-1668],[33,-744],[-194,-934],[-636,-670],[-127,-492],[-261,246],[-173,-329],[205,-721],[-122,-367],[-676,-810],[-340,-551],[220,-861],[173,-232],[250,-1368],[357,-271],[123,-818],[347,-290],[-212,-459],[155,-920],[514,-333],[235,-593],[-83,-488],[-327,-364],[-707,-208],[268,-906],[28,-582],[350,-578],[47,-666],[-251,-332],[-155,-592],[163,-948],[-35,-925],[503,-184],[351,-969],[472,-78],[62,-658],[-114,-667],[361,-1224],[-377,-321],[-96,-900],[85,-1015],[244,-589],[27,-713],[419,-175],[309,-1438],[-262,-2183],[-111,-278]],[[288907,211655],[-392,534],[-1606,1356],[-710,-168],[-149,-245],[-402,349],[-217,-396],[-321,345],[-229,748],[-645,1154],[-146,4290],[-366,2527],[-333,803],[-535,-12],[-220,396],[-546,140],[-354,384],[-836,1503],[-384,1954],[-338,902],[-721,341],[-229,732],[-788,1900],[-26,350],[-394,802],[-267,745],[-642,485],[-240,326],[-247,1176],[-694,761],[-607,249],[-879,-6],[-1077,-218],[-345,256],[-919,1285],[-482,907],[-699,1674],[-1289,2244],[-261,-121],[-638,1016],[-340,-13],[-2235,3880],[-1947,2690],[-53,402],[-382,-33],[-429,1350],[-679,1016],[-76,544],[-490,1504],[134,280],[-243,522],[61,607],[-285,237],[-237,851],[24,881],[-571,901],[-119,876],[-233,283],[369,1289],[-151,779],[59,261],[-173,736],[-289,420],[198,543],[450,-286],[802,875],[345,151],[468,631],[321,-162],[236,-508],[387,-9],[728,241],[829,-679],[379,-107],[950,-628],[586,-513],[26,-604],[533,-973],[1006,-1147],[246,-466],[1182,-544],[572,62],[493,-400],[853,-414],[625,420],[198,-418],[483,-166],[1221,320],[551,377],[926,427],[359,64],[375,-443],[615,199],[416,-11],[841,-450],[537,-453],[13,-669],[597,-225],[1525,841],[1285,790],[249,-188],[466,-812],[26,-403],[691,-728],[15,-525],[1619,-2248],[531,-548],[337,-47],[566,-2588],[33,-874],[368,-865],[-313,-728],[174,-435],[485,-85],[249,411],[193,-467],[382,-19],[898,-754],[77,-403],[461,-633],[84,-781],[-304,-994]],[[327195,97049],[273,52],[74,384],[1051,-802],[180,-300],[340,-50],[628,-459],[-185,-1029],[82,-441],[-410,-166],[-232,299],[-356,-110],[-308,430],[-301,698],[-699,562],[-333,390],[196,542]],[[316625,140437],[1258,1444],[860,693],[461,1040]],[[319204,143614],[366,-496],[2205,-2174],[-123,-1677],[527,352],[712,77],[561,-1155],[797,-1222],[439,-565],[488,-226],[748,245],[350,-495],[360,-230]],[[326634,136048],[189,-549],[419,-459],[33,-558],[859,-909],[108,-923],[219,-634],[348,-105],[322,-428],[650,364],[496,-209],[421,-748],[94,-965],[-29,-1154],[146,-343],[449,-406],[368,-582],[379,-276],[553,476],[441,34],[580,443],[199,-765],[714,-75],[44,-492],[652,168],[318,-63],[58,-1556],[-73,-818],[-179,-90],[-172,-606],[-452,-731],[-486,1017],[-386,368],[-135,-495],[-35,-1001],[-357,-312],[-197,-467],[-97,-1050],[-748,-444],[-315,-545],[380,-153],[222,-618],[547,-491],[486,-991],[573,-454],[452,264],[346,-250],[200,-477],[724,-78],[548,167],[386,-284],[209,-1066],[322,-708],[28,-840],[-88,-511],[1149,-439],[222,-436],[444,-442],[374,21],[927,-715],[118,-239],[613,350],[227,-75],[245,-1024],[-256,-405],[-245,-792],[438,-457],[56,-567],[716,-1356],[-21,-884],[366,-403],[275,21],[153,-835]],[[343168,104993],[-583,-111],[-103,-439],[-1007,-957],[-73,-463]],[[341402,103023],[-600,124],[-85,421],[-617,382],[-308,-142],[-247,834],[-348,327],[-236,-232],[-313,476],[-282,1127],[-1549,1961],[-468,305],[-301,361],[-530,353],[-785,337],[-213,773],[-618,859],[-211,465],[-503,490],[-311,534],[-2311,2744],[-1069,1205],[-767,1015],[23,606],[170,107],[84,778],[-596,1117],[138,468],[-279,740],[44,467],[-463,717],[-876,1105],[-1696,1415],[-256,704],[-996,905],[-1701,1979],[-923,1910],[45,249],[-356,723],[-111,652],[-712,1291],[-771,2865],[-356,484],[-1140,940],[-298,349],[-458,1027],[-621,1097]],[[319204,143614],[137,903],[-145,1306],[-462,1708],[-478,500],[-476,1096],[-95,506],[-101,1534],[14,1620],[314,-283],[281,313],[272,-571],[410,323],[591,2],[924,337],[139,-291],[640,245],[336,1002],[301,499],[987,1047],[333,539],[176,619],[-263,452],[252,817],[-282,1098],[333,680],[842,250],[385,637],[287,775],[-477,384],[0,784],[-142,762],[66,346]],[[324303,163553],[229,-82],[595,487],[136,607],[835,500],[330,-333],[154,160],[565,-480],[219,334],[433,-249],[60,-455],[256,-16],[380,380],[461,71],[193,-672],[596,-500],[69,-564],[474,72],[510,-909],[209,79],[386,-279],[575,48],[204,-396],[275,171],[204,471],[431,172],[5,252],[459,418],[-104,236],[226,535],[817,843],[341,492],[456,914],[465,1098],[805,-35],[324,170],[1328,-431],[761,-173],[166,-267],[479,455],[665,42]],[[340275,166719],[-24,-359],[586,-383],[125,-646],[477,-607],[1538,-1412],[723,-302],[887,430],[1001,-333],[474,-409],[564,-230],[428,-33],[227,-301],[524,372],[748,55],[205,323],[288,-587],[180,-1423],[-145,-1000],[236,-835],[371,-950],[-163,-2699],[195,-1389],[295,-934]],[[350015,153067],[-599,460],[-450,-108],[-233,-503],[80,-600],[-116,-384],[-1193,-90],[-1212,-692],[-374,199],[-1084,-19],[-345,445],[-362,31],[-324,-268],[-125,-440],[-275,-172],[-804,-13],[-955,-511],[-746,-905],[-116,-552],[80,-339],[-177,-1203],[-31,-1145],[371,-490],[-557,-593],[-439,-33],[-107,-460],[130,-781],[-75,-1306],[-261,19],[-487,846],[-642,744],[-291,1287],[-481,270],[-43,-529],[-357,-323],[-194,-677],[374,-511],[69,-712],[-825,-626],[-651,599],[-339,-471],[-421,250],[-515,-5],[-481,318],[-299,-839],[277,-401],[61,-413],[-302,-357],[-317,-648],[-38,-427],[-378,-696],[-472,-7],[-175,-473],[-802,-588],[-36,-519],[-227,-318],[-553,82],[-295,-359],[-375,-29],[-637,275],[-307,491],[-495,9],[-263,408],[-310,49],[-191,-273],[-81,-795],[-544,-206],[-452,-322],[-387,-656],[-200,-14]],[[343168,104993],[344,115],[87,-510],[410,-380],[-40,-1092],[628,621],[319,-557],[1058,181],[379,-296],[382,54],[330,446],[63,381],[1089,-326],[303,205],[335,820],[-85,496],[-378,503],[-80,606],[-205,394],[58,621],[437,727],[-190,2186],[174,832],[278,749],[390,279],[246,432],[638,294],[1154,1092],[207,-450],[1088,11],[360,-145],[580,214],[506,617],[670,458],[236,-117],[475,595],[476,1454],[191,741],[451,901],[137,492],[483,241],[242,-178],[366,928],[-84,665],[189,60],[139,923],[295,-205],[51,-715],[591,244],[208,-220],[-41,-537],[432,66],[341,-829],[324,-67],[256,-330],[-99,-402],[475,-586],[175,-533],[-246,-703],[346,-28],[157,-643],[450,-139],[-12,-565],[620,53],[59,324]],[[362386,115461],[393,-318],[113,-870],[-72,-1661],[102,-823],[258,-325],[87,-570],[339,-813],[49,-1225],[-190,-836],[45,-418],[233,-333],[-466,-1367],[-56,-1356],[72,-638],[256,-636],[83,-507],[-263,-308],[-188,-1273],[-16,-1290],[56,-345],[16,-1611],[-394,-1130],[25,-2596],[-129,-607],[145,-678],[-147,-1532],[-198,-512],[88,-500],[-44,-709],[-390,-1194],[-336,-370],[-53,579],[-534,340],[-501,66],[-217,441],[60,1074],[-298,447],[-28,561],[-506,-51],[-828,711],[-356,632],[-229,814],[-311,496],[-178,682],[-340,65],[-212,-352],[-48,-819],[76,-517],[-162,-500],[-207,155],[-438,-339],[385,-728],[-256,-231],[171,-796],[-417,-462],[45,-352],[430,-40],[-102,-447],[-434,-62],[-444,673],[-433,193],[-238,361],[-920,359],[-357,651],[-1253,934],[-591,1192],[-439,68],[-573,330],[-718,-428],[346,-1240],[451,-724],[359,-849],[-80,-562],[365,-658],[294,-760],[-137,-653],[338,-828],[-1436,-144],[-170,1186],[-1095,1562],[-327,844],[-500,575],[-609,444],[179,413],[-90,398],[-563,764],[-322,213],[-301,582],[-660,473],[-111,414],[-366,317],[-376,1084],[-311,218],[94,464],[-193,525],[-843,635],[333,678],[-61,378],[-315,461],[-280,137],[-264,669],[-645,566],[-285,638],[-382,401],[-436,51],[-199,371],[-403,170]],[[353486,89551],[74,-599],[-414,249],[-57,678],[397,-328]],[[324303,163553],[-253,177],[-457,-30],[-906,498],[-80,417],[-469,882],[-536,506],[-365,92],[-233,497],[-371,265],[-432,943],[-391,199],[43,431],[-260,100],[-207,216],[-32,178],[-110,-78],[-68,6],[-95,90],[-223,-14],[-293,630],[-262,86],[-171,469],[-551,390],[-147,313],[-397,84],[-413,1530],[174,217],[-107,666],[-341,407],[-530,29],[-298,-894],[-740,803],[49,426],[-330,357],[-227,566],[10,657],[-154,298],[10,743],[-115,1230],[246,409],[275,-433],[308,666],[81,809],[-244,967],[167,1026],[-280,1281],[-551,-204],[-831,1161],[-880,597],[-202,413],[-576,734],[-693,-137],[-202,-299],[-389,-92],[-620,345],[-390,344],[-721,1882],[-216,735],[-29,482],[476,757],[-260,735]],[[308494,190113],[-69,1007],[392,817],[61,2016],[-91,1224],[91,1057],[-76,408],[-664,720],[-226,1224],[-347,552],[-121,744],[3214,2616],[332,696],[-61,912],[-528,2232],[-316,672],[-272,216],[-211,528],[-46,552],[287,2255],[-136,1968],[-301,1559],[90,1823],[286,1829]],[[309782,217740],[461,-2517],[175,-359],[133,-719],[469,-969],[310,-478],[1007,-1249],[1022,-391],[362,-399],[619,-370],[772,-1352],[225,-1240],[253,-83],[-189,889],[-217,1469],[-321,550],[-345,1022],[48,1049],[225,588],[421,441],[409,216],[641,-187],[507,43],[336,-1183],[1012,-1359],[837,-710],[366,-629],[145,-620],[56,-844],[201,-1252],[139,-419],[-67,-643],[359,-1181],[241,-330],[498,-124],[585,-599],[275,-131],[527,38],[512,369],[558,102],[367,-182],[910,-1279],[688,-740],[760,-1068],[1471,-1439],[-97,-1373],[106,-404],[459,-776],[-163,-1338],[54,-524],[291,-1176],[422,-760],[663,-747],[727,-1478],[936,-875],[587,-167],[465,41],[520,244],[873,-354],[1054,47],[395,-361],[531,-1073],[481,-793],[266,-895],[486,-633],[56,-600],[-426,-256],[-578,-575],[-530,-371],[-354,-511],[-875,-473],[-402,-511],[-719,-390],[205,-454],[787,576],[442,-129],[1140,895],[450,550],[570,511],[643,243],[326,518],[210,725],[564,444],[433,107],[275,505],[766,-274],[711,-913],[992,-1093],[209,-767],[535,-219],[600,-687],[440,-1480],[71,-1474],[229,-1502],[-466,-38],[-698,-230],[-635,217],[-209,-217],[-131,-616],[-523,-298],[-214,-365],[-384,-216],[378,-381],[-965,-1256],[1086,367],[50,-169],[-497,-1074],[-129,-703],[-261,-478],[313,-334],[498,180],[177,-410],[438,-18],[192,-614],[-590,-837],[-321,-230],[-454,-19],[-317,-198],[-12,-761],[-245,-544],[-546,-357],[0,-230],[510,-185],[-205,-659],[168,-524],[707,-282],[189,-273]],[[336534,190677],[180,-95],[38,-763],[-340,31],[122,827]],[[332037,194119],[348,367],[284,1188],[600,613],[281,10],[1168,-542],[622,-384],[347,-380],[765,-1321],[754,-1563],[-56,-527],[-508,-350],[-299,102],[-750,857],[-410,301],[-176,373],[-496,531],[-735,404],[-136,387],[-622,404],[-819,-524],[-162,54]],[[337487,189264],[401,-16],[474,-685],[177,-562],[-3,-1047],[-122,-286],[-834,-169],[-343,-257],[-249,1050],[227,1513],[272,459]],[[335938,188318],[254,220],[278,-945],[-165,-374],[-367,1099]],[[331842,194301],[-429,-846],[-355,-196],[-221,-215],[-200,1284],[-185,568],[192,874],[564,89],[720,-1262],[-86,-296]],[[332349,190630],[-662,-341],[-324,70],[-844,574],[-515,709],[-53,474],[432,787],[276,-140],[403,468],[355,196],[292,471],[492,-182],[827,473],[513,-273],[120,-311],[824,-455],[574,-938],[719,-655],[361,-451],[61,-516],[-68,-1034],[-271,-502],[-246,57],[-745,1336],[-622,253],[-1899,-70]],[[330581,197724],[127,-689],[-240,-637],[-3,-381],[-229,-1038],[304,-983],[85,-991],[-418,89],[-186,-423],[-327,-83],[-619,890],[-326,320],[-337,1199],[-105,635],[113,664],[-45,757],[-366,1055],[207,810],[-12,636],[-146,424],[582,313],[238,-138],[757,-1286],[946,-1143]],[[326288,202156],[-253,904],[370,156],[1209,-530],[1126,-309],[820,-127],[905,-417],[333,-745],[-101,-351],[93,-1744],[120,-1189],[-1072,1118],[-590,1068],[-575,684],[-763,-13],[-706,293],[-531,576],[-385,626]],[[320122,207789],[146,547],[-63,779],[96,463],[576,611],[536,-419],[355,146],[293,673],[643,550],[525,-519],[211,-650],[458,-1025],[21,-616],[-326,-900],[-40,-971],[-128,-742],[-1113,-1182],[-522,89],[-1027,447],[-239,799],[-82,684],[-320,1236]],[[340953,175161],[732,-192],[3,-198],[575,-352],[208,64],[519,-671],[100,-556],[-779,-140],[-803,-589],[-691,52],[-237,479],[-446,-249],[-172,262],[208,844],[591,1182],[192,64]],[[334199,182497],[-326,310],[624,291],[64,-344],[-362,-257]],[[316625,140437],[-325,824],[-961,1582],[-181,1333],[-484,1045],[15,480],[413,709],[126,696],[-86,1339],[-114,721],[-328,847],[-375,626],[-351,990],[-594,1383],[-428,658],[-70,886],[-372,1139],[-356,740],[-25,525],[266,391],[-207,777],[-277,365],[-446,125],[-522,836],[-68,709],[-407,237],[-6,1020],[-186,384],[125,358],[310,-78],[8,484],[-246,236],[-15,467],[-266,95],[-145,1590],[-164,525],[-298,436],[-326,766],[-661,986],[-727,1207],[-335,1226],[-1207,1875],[-345,397],[-330,847],[-664,725],[-222,1318],[-404,979],[122,1047],[-225,775],[-879,1161],[-394,408],[-859,690],[-675,410],[-521,127],[-395,1227],[-497,103],[-466,-409],[-348,-6],[-158,342],[-360,42]],[[298709,182160],[670,1408],[271,234],[323,-81],[331,387],[214,772],[516,1231],[245,66],[646,629],[321,-295],[525,-45],[507,469],[297,-1015],[440,-414],[467,428],[626,-306],[775,583],[44,1056],[-491,1491],[-447,712],[-259,1033],[-274,229],[-563,941],[87,597],[490,-482],[909,23],[750,-413],[706,-505],[375,-138],[837,-711],[447,69]],[[306924,135404],[-273,580],[216,481],[3,863],[-232,762],[-167,1900],[259,159],[691,-1161],[575,-703],[434,-386],[453,-1448],[-216,-455],[-591,-594],[-29,-309],[-1163,-240],[40,551]],[[308449,135404],[68,277],[508,158],[155,-495],[568,-898],[409,-388],[374,-854],[718,-1074],[-121,-1470],[99,-379],[-841,-357],[184,-855],[285,-462],[432,-1172],[-276,-223],[-244,585],[-376,377],[31,398],[-261,205],[-262,1012],[46,724],[-319,697],[-682,687],[-382,786],[141,789],[-65,984],[-189,948]],[[299457,150163],[256,621],[229,-370],[-485,-251]],[[296075,164593],[356,-393],[142,-732],[-268,-296],[190,-439],[38,-593],[546,-644],[90,-798],[204,-250],[383,-1130],[7,-304],[390,-1633],[357,-288],[178,-446],[-150,-881],[451,-376],[4,-1045],[334,-484],[289,178],[296,-850],[-76,-710],[-426,-575],[209,-499],[-350,-160],[-570,77],[-212,-403],[-462,7],[-378,243],[-1755,1684],[-85,382],[-385,537],[98,504],[-299,961],[-557,1131],[-92,354],[-964,2079],[-56,512],[-273,435],[112,622],[361,1255],[86,685],[26,1192],[538,526],[201,-218],[539,26],[594,332],[339,425]],[[305368,142119],[-643,199],[-243,325],[-265,-70],[-627,867],[-490,226],[-207,-140],[-60,909],[-418,238],[-213,829],[424,146],[-203,590],[-46,535],[421,677],[556,-311],[457,-578],[105,-1022],[418,-1253],[272,-333],[32,-485],[383,-309],[347,-1040]],[[350015,153067],[336,-741],[130,-567],[-14,-660],[-502,-621],[-84,-1015],[193,-523],[246,81],[228,1044],[280,-105],[632,-807],[-290,-604],[262,-268],[211,139],[205,-428],[1422,-194],[201,-177],[297,-1047],[105,-1150],[-450,-1266],[-780,-997],[-373,-1094],[101,-1155],[-169,-1254],[177,-600],[192,1853],[-40,767],[466,409],[390,616],[91,797],[659,-159],[109,-660],[554,52],[526,-505],[824,-83],[843,639],[450,-448],[441,-230],[1084,-230],[1165,-140],[381,-292],[390,407],[68,-965],[-214,-1205],[54,-942],[193,-627],[293,-530],[289,-218],[554,-141],[249,128],[141,-808],[-49,-1895],[265,-869],[406,-538],[313,-187],[529,105],[1008,-445],[122,-1165],[-65,-971],[322,-1207],[-65,-691],[-951,-864],[-550,-760],[-426,-1126],[-281,-1035],[-257,-1316],[-121,-1048],[8,-754],[133,-518],[899,-601],[390,-889],[-257,-1085],[-482,-1202],[-273,-1483],[-64,-1099],[-173,-178],[-193,631],[-333,108]],[[289893,244338],[-85,-1471],[-522,-218],[-148,-888],[470,199],[728,-430],[161,-520],[717,72],[437,-561],[475,-108],[0,-314],[444,41],[209,-501],[99,-642],[556,-469],[504,-31],[204,-344],[134,-1753],[517,-186],[199,-505],[873,-591],[869,-304],[581,-592],[317,-162],[715,-809],[373,-199],[549,-542],[836,-1020],[463,-713],[536,-295],[678,-605],[23,-414],[448,-870],[333,-441],[1169,-444],[634,-567],[118,-456],[967,-1707],[149,135],[401,-857],[661,-629],[-63,-1013],[75,-708],[-131,-1133],[-297,-549],[63,-524],[495,-595],[214,367],[-296,868],[340,241],[258,-149],[291,-618],[-16,-1035],[190,-1122],[315,-379],[-202,1423],[164,1040],[423,380],[359,-97],[178,-1007],[737,-1277]],[[298709,182160],[-115,1265],[-341,310],[155,665],[5,1130],[-234,837],[-37,1033],[-130,512],[-426,527],[161,205],[-57,1059],[-468,1488],[-179,-6],[-186,1502],[-446,1973],[-157,1151],[-450,1442],[-209,973],[97,601],[-201,703],[-499,1002],[-177,1437],[202,692],[217,-113],[350,1101],[-165,712],[-369,203],[112,500],[-551,914],[-687,-505],[-273,729],[-498,959],[-1248,1987],[-338,307],[-297,-26],[-426,576],[-386,-180],[-341,71],[-80,357],[-662,735],[-468,667]],[[291689,174757],[452,-830],[307,-1302],[-170,-1011],[40,-694],[-223,-646],[-538,-73],[-124,-544],[-545,567],[-76,586],[289,712],[69,1722],[235,459],[358,261],[-74,793]],[[290726,178540],[420,119],[528,-857],[336,-700],[27,-823],[181,-978],[465,-524],[294,-735],[-40,-512],[-221,-159],[-294,383],[-761,1585],[-20,375],[-433,725],[-75,534],[-347,1017],[-60,550]],[[291897,204634],[255,-21],[90,-700],[314,-121],[248,458],[166,-390],[-632,-323],[-575,405],[134,692]],[[285349,187150],[-541,350],[-390,71],[102,558],[-303,783],[44,391],[-329,1515],[-278,583],[-1133,1556],[-741,134],[-19,487],[-370,1538],[-546,1391],[-458,926],[-44,320],[-485,459],[-619,1414],[-410,523],[331,319],[311,-395],[320,-36],[708,273],[150,444],[517,499],[226,774],[248,-484],[342,-20],[76,-402],[453,-58],[474,-1125],[810,-1607],[234,-795],[241,-307],[113,-524],[996,-495],[361,-809],[414,-684],[270,2],[184,-328],[-29,-715],[191,-471],[-410,-831],[-123,-1162],[158,-537],[-234,-804],[103,-357],[28,-1366],[-213,-454],[-445,-504],[-285,-40]],[[518464,18377],[313,-211],[-55,-1062],[-141,-351],[-426,-204],[-666,-857],[-218,-50],[-442,280],[-425,-115],[-606,556],[735,595],[742,709],[32,512],[334,390],[514,12],[309,-204]],[[528870,14022],[767,1224],[341,-55],[551,985],[433,987],[1021,652],[198,-300],[-417,-1266],[47,-287],[623,-143],[73,-586],[-446,-582],[-478,32],[-446,-582],[-461,-402],[84,-327],[-221,-696],[-261,-185],[-450,319],[-426,-230],[-152,-396],[-322,38],[-787,-153],[-233,-614],[-407,-271],[-797,3],[89,669],[-220,1275],[314,-150],[200,561],[879,150],[904,330]],[[495800,43730],[-80,761],[317,987],[-106,1053],[345,-343],[-62,-467],[299,-372],[188,200],[94,751],[782,40],[-39,-501],[-371,-177],[-140,-478],[-277,222],[-221,-683],[306,-235],[-93,-832],[-380,-157],[-130,477],[-432,-246]],[[532537,23223],[251,126],[96,-639],[369,-243],[-1100,-729],[257,-383],[-34,-1026],[-274,-250],[-355,503],[-381,-217],[-38,656],[210,504],[242,152],[384,948],[66,444],[307,154]],[[496427,27682],[103,326],[-145,473],[-787,77],[-654,185],[-571,409],[-458,-294],[-321,-563],[-353,575],[-451,205],[-443,-36],[-319,151],[-303,-192],[-1247,793],[-398,505],[-104,447],[-771,1176],[153,729],[590,1028],[458,308],[498,51],[449,536],[379,167],[224,-243],[794,525],[255,-221],[665,-170],[776,370],[575,-307],[380,361],[557,141],[520,-563],[844,-230],[352,68],[459,677],[288,231],[476,855],[161,-580],[687,-1134],[239,-624],[378,-645],[493,-186],[338,243],[349,-345],[143,-596],[52,-1068],[186,-714],[490,-19],[253,-422],[350,441],[819,269],[277,-351],[204,-774],[539,-205],[534,-1207],[64,-486],[273,-780],[269,-441],[651,-319],[566,-697],[257,-882],[-81,-946],[-550,-607],[-237,-684],[-558,-645],[-425,-103],[-121,-293],[-819,165],[-458,-409],[-148,-638],[-193,-198],[-992,1016],[-593,-139],[-467,203],[-280,-140],[-250,382],[-189,-159],[-576,956],[-673,852],[-474,1457],[-513,703],[-472,325],[-199,576],[-716,-16],[-196,457],[-557,414],[-305,443]],[[549399,37880],[-420,-79],[-338,-380],[-402,465],[-409,-10],[-300,-317],[-6,-736],[232,-852],[274,-442],[433,-1050],[78,-1055]],[[548541,33424],[-743,-975],[-195,125],[-302,-305],[-122,-461],[371,-636],[-21,-484],[-329,-468],[-570,-423],[-530,-664],[-784,-1566],[-47,-384],[-390,-492],[-361,-217],[-173,-390],[-365,-312],[-338,-537],[-370,-128],[-172,-748],[-301,-735],[-755,-818],[-353,-179],[-1173,102],[-494,115],[-198,337],[-738,-439],[-401,-959],[-378,-294],[-184,-486],[-530,-51],[-137,-306],[-490,-141],[-269,-441],[-583,-359],[-393,174],[-378,-294],[-505,255],[-642,-102],[-651,486],[-643,-562],[12,553],[332,745],[-120,746],[368,129],[79,655],[238,17],[633,500],[219,-102],[608,635],[443,267],[55,827],[-1092,447],[-658,-198],[72,432],[-98,740],[221,662],[409,81],[236,607],[-44,858],[-206,351],[368,416],[35,768],[-120,971],[475,645],[118,374],[518,384],[77,795],[309,-81],[420,317],[272,678],[352,159],[569,1206],[533,-80]],[[538537,35166],[456,-932],[547,-226],[192,497],[421,371],[421,-452],[248,-869],[-89,-764],[621,300],[212,342],[-122,526],[239,343],[-12,435],[275,543],[332,98],[232,525],[152,1901]],[[542662,37804],[522,-195],[376,368],[355,103],[1088,1373],[910,988],[320,-35],[282,379],[717,216]],[[547232,41001],[-167,-425],[60,-801],[416,-296],[1015,851],[235,666],[693,-920],[-85,-2196]],[[494231,49153],[185,-698],[401,-209],[568,-33],[-212,-544],[99,-994],[-213,-70],[-212,518],[-318,-485],[-295,-163],[-42,-684],[-151,-369],[220,-346],[-290,-433],[-377,102],[276,659],[-7,524],[-281,422],[48,754],[361,243],[121,408],[-149,378],[202,280],[-206,531],[272,209]],[[528185,49124],[360,-174],[241,203],[747,-12],[228,189],[255,-330],[-956,-698],[-427,225],[-449,-606],[-320,-1112],[-496,-344],[-191,455],[103,779],[614,574],[75,526],[216,325]],[[508542,41497],[-623,738],[-224,793],[-254,197],[-466,-154],[-137,-652],[-305,-64],[-514,372],[-462,146],[-365,697],[-618,52],[-266,-142],[-586,115],[-305,-179],[-313,128],[-547,-588],[-730,103],[-723,920],[-450,-128],[-524,-386],[-1344,-405],[-297,299],[-526,163],[-350,684],[-31,929],[120,562],[-76,1316],[302,548],[354,332],[78,609],[257,36],[518,385],[303,-184],[111,589],[309,436],[333,39],[130,-830],[308,75],[126,472],[-73,656],[363,-78],[389,1046],[384,61],[200,276],[677,43],[289,-221],[453,223],[204,588],[345,-804],[289,17],[335,323],[310,-433],[676,462],[570,-896],[384,-280],[730,141],[456,-293],[580,-6],[321,178],[349,-102],[31,-463],[344,-559],[457,-14],[289,-242],[839,-146],[222,-391],[418,-51],[473,-306],[164,-685],[366,-569],[494,-300],[451,454],[573,-857],[247,336],[289,1057],[323,-434],[12,1004],[844,-261],[337,241],[727,-242],[386,421],[265,-230],[402,42],[279,402],[378,257],[296,-214],[4,-897],[903,-90],[512,-360],[451,-835],[437,-362],[435,-146],[318,359],[337,116],[1114,130],[378,1149],[-365,575],[116,248],[409,35],[657,1224],[291,158],[497,-21],[463,384],[374,0],[160,622],[228,276],[716,157],[285,1143],[241,294],[-719,310],[-647,-494],[-397,114],[258,815],[-30,544],[507,232],[278,416],[417,-460],[598,-462],[16,-753],[218,-1305],[244,-261],[20,-553],[-549,-535],[-469,367],[-348,-864],[142,-554],[-201,-527],[-868,538],[75,-991],[407,-561],[108,-406],[-106,-629],[-497,-329],[-474,-14],[-39,-336],[-484,165],[-230,-233],[-935,-451],[-260,-626],[-746,-433],[-690,-115],[-723,64],[-329,-217],[-257,204],[-466,-128],[-153,294],[-586,26],[-391,-279],[-465,-734],[-1029,-586],[-398,53],[-322,-354],[-708,-484],[-410,89],[-481,467],[-386,-210],[-93,406],[-615,549],[-272,-167],[-1478,296],[-216,-318],[-49,-985],[-182,-482],[-280,-81],[-396,366],[-1261,-162],[-773,-711],[-436,-192],[-755,334]],[[541471,49122],[-109,666],[775,1503],[498,626],[611,217],[-54,367],[-1220,-872],[-60,811],[707,1356],[417,122],[667,-46],[36,-901],[101,-199],[852,602],[907,153],[466,-306],[867,12],[345,370],[475,-281],[224,193],[563,38],[196,-697],[249,-421],[49,-640],[-113,-320],[123,-524],[-165,-309],[-546,-250],[-1119,-28],[-666,-142],[-713,-465],[-347,-84],[-1101,168],[-376,-435],[-732,-352],[-301,373],[-269,-88],[-401,-441],[-268,235],[-568,-11]],[[532670,50302],[309,396],[-332,581],[-690,197],[238,325],[682,-166],[209,384],[546,128],[188,-146],[-265,-800],[-344,-566],[60,-354],[554,-167],[365,569],[-241,378],[288,306],[307,-70],[188,581],[446,58],[-23,383],[637,787],[217,63],[622,-682],[499,-17],[110,-584],[-751,-415],[-431,172],[-345,-348],[-216,-728],[-567,-1288],[-247,358],[-357,-262],[-575,-764],[303,-625],[-6,-466],[-520,-423],[-367,834],[-340,-212],[-314,-731],[-364,-103],[-699,863],[-217,-330],[-692,207],[126,317],[594,677],[381,914],[559,569],[475,200]],[[537232,49122],[214,235],[268,1132],[930,814],[229,-326],[-1,-575],[286,-141],[661,1336],[160,-11],[288,932],[462,600],[292,-13],[133,-799],[-234,-536],[110,-727],[-77,-298],[-488,-408],[-372,-792],[-7,-786],[-616,-1125],[-793,-245],[10,699],[-100,779],[-206,519],[-499,4],[-335,-586],[-315,318]],[[528999,49602],[-518,-100],[-41,682],[272,831],[1113,1106],[1015,178],[294,-331],[473,-194],[-245,-479],[19,-1008],[-126,-406],[-618,-121],[-123,140],[-855,-64],[-660,-234]],[[603414,50665],[179,847],[637,864],[426,64],[196,340],[-128,887],[560,57],[239,673],[318,263],[460,-530],[96,-609],[345,519],[378,-22],[-203,-593],[-1145,-767],[-451,-476],[-511,119],[-375,-254],[108,-618],[-690,-515],[-95,-317],[-344,68]],[[572813,52665],[410,502],[450,297],[489,-342],[65,-400],[-860,-525],[-294,23],[-260,445]],[[578720,52625],[138,-963],[-798,-96],[-568,196],[-117,256],[121,643],[606,-121],[296,185],[322,-100]],[[584592,52697],[408,341],[907,-46],[614,-496],[-113,-660],[-613,563],[-168,-328],[-572,197],[-463,429]],[[575237,52587],[-603,390],[-84,681],[-190,495],[410,65],[643,-205],[594,-410],[540,67],[319,-143],[650,167],[237,-506],[-457,-408],[-254,-927],[-806,192],[-111,367],[-888,175]],[[606449,61328],[180,-506],[-248,-425],[-333,-60],[-162,254],[-391,-748],[-287,-51],[6,887],[377,123],[498,406],[360,120]],[[568986,54206],[-597,61],[-95,1003],[279,343],[309,11],[157,-337],[-53,-1081]],[[562756,58676],[-398,-665],[-177,-885],[-374,-888],[-426,689],[-492,-86],[-341,287],[-1525,-146],[-453,546],[-550,30],[-687,-209],[-190,-265],[-348,60],[-212,-402],[-382,-199],[-149,-346],[-483,-284],[77,1185],[-86,916],[580,910],[-130,473],[302,141],[511,1479],[366,56],[781,-731],[216,45],[551,-341],[444,13],[434,562],[874,-102],[338,293],[450,768],[273,-141],[329,684],[651,249],[393,-63],[401,280],[217,-767],[419,-255],[393,-703],[249,140],[522,-222],[320,-877],[-344,-152],[-831,-1],[-583,-513],[-538,-220],[-392,-343]],[[594452,58141],[-121,-722],[217,-256],[-482,-1048],[-214,-962],[-347,-162],[-436,212],[-352,503],[-181,573],[-209,176],[-476,1008],[75,839],[264,466],[603,230],[851,-435],[386,0],[422,-422]],[[570513,61119],[-301,129],[-80,479],[413,326],[-60,1418],[209,86],[614,-495],[241,141],[134,-442],[-177,-634],[-630,-294],[-179,-628],[-184,-86]],[[605183,62778],[-680,-460],[-442,217],[-76,914],[713,-270],[592,20],[-107,-421]],[[607722,63627],[245,473],[335,279],[578,25],[109,557],[212,96],[11,718],[200,252],[492,-69],[-153,588],[474,1013],[374,-29],[92,255],[-101,1051],[426,119],[120,279],[743,72],[40,-933],[475,321],[44,-427],[240,-486],[-357,-168],[-485,76],[-221,-377],[53,-879],[408,-1123],[-197,-520],[155,-719],[-256,-1639],[-281,-1200],[-299,-181],[-255,-790],[-502,-318],[-195,64],[-101,-836],[-162,-368],[-309,-132],[-172,-379],[-284,-137],[-559,-1286],[161,-685],[-399,-693],[-144,302],[190,905],[-230,306],[-140,-608],[-290,-609],[-509,143],[-408,-131],[-376,100],[-4,452],[172,741],[-59,346],[-335,321],[26,406],[270,371],[352,-50],[-136,831],[43,414],[-295,629],[158,345],[464,-616],[580,47],[-697,811],[152,307],[121,856],[329,767],[67,750]],[[605234,63660],[117,817],[303,211],[706,0],[721,257],[82,-271],[-478,-761],[-590,-400],[-586,-52],[-275,199]],[[614709,68790],[198,-315],[60,-693],[-223,-498],[-430,351],[-97,713],[-357,313],[-482,51],[-762,-138],[-156,518],[339,307],[757,-14],[457,146],[504,-150],[192,-591]],[[581709,69225],[157,351],[478,542],[337,-76],[662,-685],[-117,-304],[-364,-156],[233,-460],[-218,-588],[-241,42],[-646,826],[-281,508]],[[608087,65361],[-243,583],[142,559],[251,-558],[-150,-584]],[[611490,75649],[-411,-43],[-178,-644],[224,-399],[-511,-384],[-137,602],[491,1016],[114,464],[424,-134],[-16,-478]],[[640914,76306],[146,1107],[388,85],[292,-645],[-208,-359],[-20,-773],[-195,-221],[-262,-895],[-285,-27],[-274,329],[418,1399]],[[642550,81480],[108,599],[377,28],[153,-554],[-318,-934],[-297,-1418],[-340,247],[-106,1151],[423,881]],[[636246,72356],[-145,213],[-283,949],[-484,0],[-224,319],[-172,868],[185,575],[193,1491],[83,2247],[584,63],[596,-136],[-412,906],[-417,-263],[-187,513],[-10,505],[195,1149],[-61,610],[-288,1290],[861,-666],[309,112],[294,-583],[616,-736],[226,-1380],[662,-27],[270,-653],[377,-244],[141,-1007],[-273,-268],[140,-710],[356,99],[-58,-507],[-205,-148],[-48,-523],[-483,-191],[25,-423],[-538,-742],[-249,-536],[-12,-455],[-353,-805],[-282,-76],[-723,-512],[-206,-318]],[[618456,92923],[-364,770],[374,-3],[184,-473],[-194,-294]],[[622329,92460],[106,564],[268,632],[310,-2026],[-432,-360],[6,591],[-258,599]],[[640178,93069],[-20,84],[-53,-51],[-186,154],[-202,-7],[-159,-125],[-245,235],[-33,1554],[148,302],[358,-100],[185,235],[550,-237],[47,-537],[547,-703],[-313,-307],[221,-410],[-662,-146],[-34,150],[-109,12],[-40,-103]],[[572909,127789],[389,-883],[-414,2],[-120,265],[-907,276],[-189,494],[396,489],[465,-10],[380,-633]],[[569129,118651],[-576,243],[-210,544],[197,438],[343,133],[360,-336],[-114,-1022]],[[584119,122640],[188,-467],[-317,-277],[-76,531],[205,213]],[[581279,123026],[-357,35],[-251,-239],[-105,704],[24,778],[295,325],[607,-111],[341,-325],[169,-741],[-723,-426]],[[583444,123266],[-324,418],[-214,-214],[-109,-566],[-289,598],[-150,580],[-407,326],[295,524],[375,-394],[581,-346],[94,751],[248,-303],[24,-1163],[-124,-211]],[[576307,120585],[-241,58],[-211,676],[-5,758],[192,109],[794,1126],[562,246],[583,-102],[360,341],[323,672],[475,459],[402,-256],[248,77],[69,-620],[-241,-294],[40,-397],[273,-306],[-24,-353],[-627,287],[-329,-280],[338,-460],[64,-492],[-261,-153],[-89,-396],[-461,-258],[-678,74],[567,1064],[525,551],[-89,175],[-514,-251],[-840,-761],[-173,-417],[-489,-203],[-233,-549],[-310,-125]],[[562582,120384],[-743,505],[-1252,1190],[-548,264],[-457,718],[-353,-89],[-323,630],[-131,922],[-277,416],[-402,281],[-301,506],[-56,677],[-329,578],[112,445],[-137,1047],[120,371],[-46,657],[318,725],[353,335],[1026,-876],[356,44],[118,719],[217,-26],[306,563],[489,-51],[601,348],[628,-67],[441,218],[906,55],[400,-62],[534,221],[843,-61],[1141,-1023],[152,-281],[522,64],[691,-627],[518,-837],[-278,-347],[-420,-69],[56,-951],[199,15],[74,-590],[381,-275],[283,99],[21,384],[758,-101],[436,-516],[-184,-678],[45,-2337],[-246,-1051],[-333,-261],[-555,217],[-369,-345],[-410,-76],[-526,-518],[-397,-722],[-691,-307],[-370,51],[-594,-371],[-434,-447],[-402,-115],[-530,498],[-666,358],[-285,-44]],[[573245,128979],[82,397],[599,702],[478,40],[268,-636],[-36,-831],[-437,66],[-396,-177],[-558,439]],[[575882,123925],[-280,1063],[254,1190],[196,510],[8,442],[-240,875],[-283,344],[-145,1202],[-255,595],[497,-47],[858,752],[-17,427],[1105,125],[119,994],[146,168],[-127,593],[493,1452],[702,155],[329,-220],[789,114],[458,-133],[392,363],[370,-49],[262,237],[594,-310],[656,42],[280,176],[324,-324],[498,159],[473,-251],[345,7],[1118,359],[770,724],[251,-142],[44,-1445],[186,-611],[462,-468],[242,320],[349,-168],[241,487],[1252,1076],[274,1040],[568,113],[598,-183],[393,56],[465,-526],[812,0],[366,-183],[490,-485],[221,-57],[197,-698],[359,-123],[557,-567],[405,31],[735,-631],[560,-30],[769,263],[281,-366],[460,-69],[140,321],[757,120],[486,-48],[529,-560],[29,-405],[370,-230],[242,-552],[357,17],[574,-628],[112,-870],[305,-1060],[-73,-960],[318,-1040],[1280,-100],[347,-789],[-266,-435],[169,-486],[490,-754],[48,-702],[-401,-512],[-161,-869],[137,-1189],[-121,-664],[164,-722],[-381,153],[-293,498],[-475,16],[-409,394],[-465,229],[-529,958],[-829,270],[-170,496],[-481,634],[-682,250],[-682,575],[-1380,703],[-339,496],[-764,259],[-456,878],[-4,679],[-144,429],[-472,378],[-747,-13],[-289,205],[-490,-141],[-257,294],[-465,-115],[-1510,358],[-77,-569],[506,-1123],[42,-587],[-146,-309],[-326,-45],[-1043,766],[-586,116],[-611,-64],[-977,383],[-212,307],[-353,102],[-442,358],[-273,-140],[-1149,-39],[-29,361],[371,483],[-25,1093],[-332,262],[-691,-13],[-242,-576],[-514,-216],[-521,-780],[-583,-1016],[229,-658],[-209,-256],[-835,101],[-667,-433],[-522,-1],[-510,426],[-94,508],[-585,1088],[-328,977],[-68,490],[-278,461],[-570,-127],[-237,-276],[-188,367],[101,838],[322,281],[-91,905],[-446,45],[-638,-978],[-297,-2160],[0,-1023],[-390,-696],[-240,115],[-222,-952],[-240,-500],[112,-933],[-241,-497]],[[576326,133703],[312,-276],[-373,-846],[-504,-646],[-637,21],[207,492],[92,658],[367,174],[259,426],[277,-3]],[[608237,116109],[527,-592],[-306,-259],[-287,596],[66,255]],[[607506,117395],[358,-247],[-223,-500],[-135,747]],[[609429,117949],[162,-32],[72,-908],[195,-887],[-233,-140],[-229,499],[-317,1053],[350,415]],[[637297,85944],[308,196],[184,-255],[325,330],[508,9],[341,903],[349,150],[288,476],[627,-443],[418,0],[64,-512],[225,-165],[522,-819],[374,-811],[-217,-703],[0,-1086],[-373,-1516],[-378,-486],[-553,-330],[-306,249],[132,-1471],[-229,-416],[-190,-939],[-305,48],[-222,1102],[-832,965],[-364,3],[-154,848],[-318,1043],[-242,-194],[-863,1323],[-289,-6],[-596,1566],[121,972],[555,-90],[322,-281],[136,-576],[-88,-626],[305,-422],[261,-83],[74,657],[-180,284],[260,1106]],[[621221,92264],[456,-82],[106,-430],[331,-38],[231,-704],[213,-185],[20,-837],[305,-256],[65,-972],[-129,-230],[-215,-1185],[-488,-34],[92,683],[-654,-35],[251,1426],[-191,597],[285,273],[-488,792],[-138,463],[-52,754]],[[638503,92265],[279,988],[518,46],[257,-199],[188,147],[300,-128],[50,-61],[48,45],[29,-79],[45,102],[94,-47],[116,-218],[391,-18],[614,-471],[221,-493],[-269,-402],[108,-1732],[-181,-734],[370,-257],[-546,-933],[289,-345],[-112,-614],[-430,655],[-731,-77],[-556,350],[-298,-487],[-348,-141],[-339,-909],[-519,23],[-206,-261],[-430,404],[182,984],[-353,291],[395,608],[-47,367],[411,745],[298,348],[-309,277],[-1140,226],[-411,527],[237,714],[265,-106],[490,-703],[443,194],[-65,417],[599,731],[53,226]],[[624873,92265],[54,524],[240,775],[154,1335],[179,553],[434,1999],[302,161],[374,-595],[-233,-626],[-193,-1648],[-425,-2122],[-223,-419],[-420,-297],[-314,-511],[-417,-1125],[-168,-1176],[168,-384],[-321,-537],[-310,-962],[-254,102],[188,941],[-30,636],[253,380],[311,1128],[2,545],[213,878],[410,72],[26,373]],[[557263,147439],[-8,-303],[-295,-1062],[16,-1015],[345,-1144],[386,-1611],[296,-789],[36,-462],[-226,-497],[-562,546],[-261,789],[-56,979],[-521,1326],[-228,1508],[-237,722],[20,533],[391,1147],[434,-9],[470,-658]],[[541057,147883],[213,506],[313,-71],[13,-819],[-462,144],[-77,240]],[[552101,151259],[276,-585],[309,-21],[118,363],[723,-397],[601,-89],[773,303],[1216,-14],[128,170],[1257,-43],[1056,-202],[657,118],[295,-215],[399,46],[532,-365],[-457,-245],[-250,-332],[-393,191],[-602,-371],[-771,115],[-771,-524],[-369,-51],[-403,-269],[-505,601],[-282,0],[-618,-472],[-1743,-1],[-491,-314],[-288,199],[-542,70],[-75,679],[-398,359],[-582,-199],[-27,734],[344,716],[417,77],[156,-518],[310,486]],[[572573,160154],[769,-441],[259,-294],[-67,-485],[-454,-31],[-664,519],[-401,4],[-201,-307],[-357,246],[426,1095],[356,91],[334,-397]],[[569787,156974],[591,436],[288,-21],[110,-510],[-512,-350],[-448,42],[-29,403]],[[544730,153201],[1096,-471],[592,-21],[305,-415],[579,191],[851,-1176],[582,314],[2,948],[413,-254],[317,58],[202,-350],[-235,-850],[309,-160],[314,1049],[426,-116],[54,-537],[255,-351],[-81,-856],[36,-686],[-1406,260],[-421,-35],[-262,-323],[-396,200],[-447,-250],[-3,-605],[-521,221],[-666,52],[-267,493],[-859,-362],[-122,-229],[-556,-362],[-194,-336],[-1124,-396],[-1229,-333],[-437,53],[53,393],[-182,839],[-394,782],[56,1124],[273,1106],[-33,766],[307,510],[647,-56],[510,122],[315,253],[509,10],[832,-214]],[[572160,156974],[413,650],[487,399],[676,-242],[165,188],[600,-645],[48,-359],[470,-453],[927,-160],[397,-521],[229,-630],[785,-915],[321,320],[453,-678],[72,-388],[-157,-863],[-537,-473],[-603,-12],[-447,267],[-1047,282],[-281,-224],[-1413,147],[-398,-555],[-550,44],[-84,-250],[-893,175],[-207,376],[-664,574],[-165,736],[185,735],[-87,447],[125,869],[288,709],[572,-271],[76,554],[244,167]],[[570604,189325],[78,669],[566,-13],[121,-523],[-49,-703],[-257,-576],[-220,-98],[-326,345],[-52,527],[139,372]],[[570634,182855],[-301,456],[17,457],[290,377],[322,143],[190,-634],[-205,-671],[-313,-128]],[[561136,198251],[-360,567],[292,401],[129,-454],[-61,-514]],[[578172,213636],[-353,622],[151,835],[241,454],[177,-721],[-216,-1190]],[[569804,191100],[296,741],[546,-517],[23,-806],[-153,-321],[-524,-36],[-188,939]],[[574421,212844],[58,599],[436,-85],[-74,-617],[-274,-196],[-146,299]],[[580695,210117],[-383,-61],[-424,-277],[-427,-44],[-177,831],[-221,67],[-108,1087],[58,1293],[-432,685],[562,770],[242,570],[47,745],[311,682],[556,697],[273,128],[185,596],[290,356],[580,-190],[398,1026],[218,-312],[386,-1290],[578,-627],[32,-1137],[-466,-908],[-56,-588],[121,-269],[-265,-843],[-41,-601],[-465,-1124],[24,-448],[-262,-83],[-313,-652],[-821,-79]],[[591721,175502],[-210,-251],[-239,220],[-89,530],[-511,1190],[-661,222],[67,764],[321,-626],[643,-627],[405,-518],[274,-904]],[[571220,178648],[-347,111],[99,1253],[275,-140],[247,-815],[-274,-409]],[[568755,167844],[286,865],[232,-99],[570,-715],[-113,-742],[337,-677],[-245,-189],[-526,510],[-160,-229],[-406,201],[-147,750],[172,325]],[[574568,168015],[535,-569],[446,-849],[-213,-582],[-428,-563],[-504,-135],[-804,301],[-247,487],[26,545],[-129,420],[-765,-342],[-697,-474],[-244,-346],[-255,819],[-46,608],[111,587],[225,489],[24,458],[-345,40],[-148,277],[-673,471],[-3,253],[-505,761],[-111,1160],[261,97],[191,820],[-134,506],[264,200],[494,-499],[49,-524],[333,-402],[215,347],[155,867],[477,428],[278,-18],[116,-480],[1092,-1854],[-272,-760],[-583,-844],[-77,-824],[422,-147],[84,-888],[374,-326],[201,268],[433,-51],[377,268]],[[569465,171330],[-410,-732],[-540,-136],[-326,176],[-103,1957],[189,430],[-162,1127],[281,390],[906,107],[180,-562],[-107,-805],[317,-493],[-249,-562],[140,-724],[-116,-173]],[[576307,169645],[-295,1182],[-307,457],[-11,416],[-394,1226],[-1062,710],[-643,764],[21,348],[-273,594],[359,1628],[-6,1694],[231,848],[-290,1302],[237,1787],[175,712],[-237,621],[-494,-123],[-348,246],[0,560],[-419,275],[-189,1637],[-309,494],[237,2185],[-44,501],[493,456],[378,879],[-146,733],[-498,77],[-450,320],[-300,43],[-8,568],[193,382],[-166,949],[54,423],[-222,344],[-702,-396],[-49,676],[248,487],[28,669],[-278,540],[75,608],[726,1777],[40,669],[292,475],[195,1104],[-198,1084],[340,417],[-15,691],[296,397],[-182,715],[239,886],[257,201],[899,2498],[415,361],[854,1896],[585,635],[360,789],[352,400],[108,-475],[411,268],[395,-8],[-25,-375],[-488,-1087],[-476,-659],[-217,-537],[54,-532],[-382,-484],[-255,-51],[-365,-441],[-40,-1521],[446,-480],[430,206],[249,-545],[312,-187],[306,-899],[-306,-652],[109,-965],[317,-121],[8,-905],[-238,-1611],[140,-219],[-351,-486],[63,-721],[-240,-532],[16,-332],[-586,-959],[-130,-929],[-406,40],[-364,-210],[-562,-985],[-550,-568],[-510,-262],[-266,-741],[386,-1406],[345,-79],[49,-305],[498,-777],[397,-201],[418,64],[815,1029],[99,262],[-72,1172],[86,511],[410,1045],[44,379],[855,574],[655,-19],[329,115],[273,1032],[-203,702],[-317,177],[-530,-155],[25,608],[238,71],[320,892],[351,606],[240,80],[290,429],[525,216],[453,412],[207,593],[954,789],[338,-285],[243,85],[275,467],[437,25],[668,319],[492,-241],[33,-430],[-288,-129],[-153,-588],[36,-517],[496,-1015],[122,-902],[-144,-589],[-222,-160],[99,-528],[-267,-904],[48,-1235],[-116,-739],[-614,-341],[-640,-770],[-128,-315],[-307,-55],[-586,-621],[-278,-15],[-331,-320],[-466,20],[-590,-720],[209,-449],[-554,-12],[-43,-298],[-439,-430],[450,-934],[140,122],[342,-633],[168,-601],[1225,-416],[346,-434],[516,-106],[343,-405],[1191,-230],[90,-301],[-182,-623],[166,-399],[-8,-959],[-209,-690],[253,-467],[1084,-254],[553,-539],[-297,-246],[-716,364],[-1505,571],[-373,-26],[-427,398],[-416,731],[-239,190],[-262,-157],[-391,204],[-606,-156],[-915,252],[-780,780],[-211,-143],[-742,358],[-752,26],[-336,-225],[-311,-536],[93,-568],[-374,-1323],[157,-365],[305,-154],[44,-913],[-20,-1643],[-293,-211],[0,-1521],[209,-792],[322,-745],[240,-1033],[88,-1213],[370,-1215],[289,-1367],[136,-154],[321,-1252],[458,-895],[370,-946],[233,-946],[671,-863],[252,-594],[992,-1272],[-536,-188],[-235,300],[-244,-220],[-594,497],[351,411],[-303,793],[-484,115],[-1199,675],[-652,893],[-16,463],[-261,754]],[[419288,75121],[480,-453],[410,-35],[589,-395],[711,201],[427,361],[224,-55],[618,-1582],[236,-316],[588,-165],[488,58],[510,394],[438,-94],[602,225],[534,-189],[384,136],[573,-562],[498,-91],[133,339],[410,-269],[-32,-651],[250,-765],[304,-335],[-20,-617],[-266,-777],[358,-612],[104,-1100],[350,-6],[528,397],[239,-288],[554,-1534],[-132,-134],[28,-2154],[-206,-288],[262,-505],[72,-1086],[623,-642],[466,-119],[260,-319],[391,115],[272,-153],[338,-691],[939,-728],[509,196],[306,-574],[674,-4],[331,498],[615,153],[404,491],[1080,-197],[722,-328],[414,412],[463,-443],[399,204],[212,442],[444,227],[623,-273],[400,747],[629,704],[202,-278],[416,-1235],[345,-192],[546,76],[396,200],[540,-756],[301,-173],[478,61],[811,-892],[85,-336],[-29,-833],[-417,-447],[120,-1738],[-32,-525],[-274,-791],[9,-486],[-225,-832],[81,-447],[-217,-792],[-40,-793],[-201,-1291],[217,-894],[-76,-943],[445,35],[73,-524],[341,-991],[294,289],[398,-502],[543,-169],[311,-825],[-88,-551],[-553,-453],[-572,307],[-591,170],[-449,-15],[3,1226],[-549,757],[-859,431],[-45,-799],[-768,365],[-424,97],[-613,-230],[-215,656],[-393,127],[-281,321],[-249,-295],[-558,385],[-639,996],[-409,-485],[-271,-4],[-243,374],[-435,36],[-85,571],[-717,479],[-386,-81],[-484,470],[-472,289],[-369,-291],[-266,742],[-290,460],[-480,393],[-610,217],[-627,-12],[-852,-230],[-859,-410],[-438,-1034],[-526,-282],[-515,537],[-65,-413],[-664,-269],[-335,12],[-371,-411],[-1150,658],[-1052,65],[-190,217],[-491,122],[-375,641],[-494,5],[-200,-256],[-375,271],[-783,250],[-1036,-58],[-135,241],[-696,403],[-97,-438],[-934,377],[-426,411],[-238,-83],[-31,-883],[-409,470],[-363,-764],[241,-268],[-159,-388],[-411,286],[-253,547],[-552,-100],[-96,361],[-435,-393],[-363,432],[-320,62],[38,498],[-256,146],[-233,-276],[-545,234],[-162,-167],[-623,390],[-594,-316],[-581,-139],[-12,242],[-592,251],[-443,-172],[-715,462],[-562,224]],[[435857,48256],[-863,-224],[-406,335],[287,567],[473,-125],[522,45],[-13,-598]],[[429506,89705],[-80,-630],[-415,-335],[-524,104],[-383,-112],[-152,421],[133,785],[217,104],[293,552],[397,97],[386,-256],[128,-730]],[[440644,69289],[-35,-166],[-707,8],[-729,274],[-629,92],[-201,-263],[-448,15],[-349,-620],[-217,-1006],[-194,-166],[-564,317],[-1374,120],[-1510,-214],[-60,261],[-615,-267],[-1297,451],[-727,319],[-276,236],[-827,45],[-551,-191],[-265,264],[148,828],[-323,425],[90,633],[390,-106],[494,626],[359,644],[337,873],[1580,274],[641,-37],[315,-168],[827,-51],[317,95],[1825,79],[633,-157],[1366,104],[544,118],[1114,-48],[1081,338],[835,-338],[1000,-763],[240,-657],[-324,-43],[-439,-428],[-497,25],[-237,-377],[-303,114],[-548,-677],[-141,-415],[251,-420]],[[454327,71955],[-274,-289],[-276,480],[-437,70],[4,628],[291,62],[123,374],[-69,544],[1414,-114],[698,-348],[876,-745],[161,-396],[-366,-359],[-652,551],[-488,45],[-365,265],[-499,-360],[523,-683],[-15,-427],[-475,11],[-174,691]],[[395666,159506],[23,616],[408,-145],[-431,-471]],[[392525,154955],[394,-215],[403,-777],[-428,-758],[-752,-392],[-240,177],[36,1182],[426,294],[161,489]],[[377679,134361],[580,777],[489,47],[38,-1031],[-606,-803],[-441,588],[-60,422]],[[373009,132046],[-782,179],[-196,338],[-622,467],[198,537],[546,406],[110,250],[1062,-866],[-316,-1311]],[[379981,135404],[-30,299],[324,1003],[-34,572],[185,1111],[-173,201],[299,694],[289,-80],[296,262],[411,-152],[488,335],[188,-272],[694,-329],[828,29],[465,-564],[503,-5],[189,-326],[666,-626],[314,-428],[510,-1062],[296,-1353],[-473,-922],[-40,-587],[-378,-780],[80,-690],[-345,-1049],[76,-275],[-465,-485],[-547,52],[-60,-1106],[-550,45],[-337,-449],[-116,301],[70,799],[-183,620],[-567,751],[-100,359],[-405,354],[-225,-307],[120,-502],[4,-655],[-719,-582],[-546,-50],[-610,-652],[-270,-37],[-247,541],[400,789],[-305,734],[-322,1552],[280,440],[220,944],[-818,-128],[672,976],[-2,690]],[[374418,134460],[276,659],[418,-462],[-64,-718],[-297,-13],[-333,534]],[[364104,135421],[-16,580],[-285,475],[-154,1099],[-165,429],[290,1516],[208,245],[3,520],[-280,799],[-723,479],[-309,708],[233,776],[-374,1026],[-1,1197],[-591,663],[-1299,71],[-355,679],[-485,-129],[-538,-602],[-294,132],[-525,-64],[-592,-399],[-176,205],[-322,865],[-922,100],[-223,-208],[-96,745],[50,1187],[337,421],[987,513],[919,966],[384,989],[-204,719],[-413,414],[177,652],[339,260],[745,1146],[579,-77],[646,595],[281,-1523],[715,-715],[-466,-780],[153,-562],[365,-352],[840,288],[-378,614],[-140,594],[221,569],[-278,210],[37,403],[-185,410],[32,472],[-156,351],[931,-62],[1145,350],[76,-619],[454,-20],[714,-906],[-217,-142],[-64,-601],[145,-562],[233,-294],[104,-486],[341,-722],[354,-1048],[285,-198],[109,-518],[-262,-325],[-56,-883],[136,-1227],[-64,-408],[205,-595],[-8,-371],[277,-722],[201,-869],[-16,-678],[546,-1406],[542,-888],[546,-384],[491,103],[425,-434],[876,-332],[1052,-256],[1132,-576],[-398,-309],[-586,-694],[-434,-1163],[-562,-2186],[-120,-844],[56,-524],[406,-365],[345,-38],[221,-404],[442,-26],[19,-783],[-115,-403],[-409,-94],[-845,179],[-315,-86],[-437,-439],[-278,299],[65,413],[-182,431],[-369,391],[-141,594],[-258,114],[-615,-26],[-123,471],[-335,434],[-548,124],[-487,450],[-390,-64],[-350,516],[-688,134],[-798,306]],[[349608,173265],[277,60],[249,-388],[232,0],[406,-1234],[237,-197],[-598,-1273],[-220,-896],[-29,-667],[-472,349],[-235,613],[-361,-306],[-105,-780],[-165,-479],[-220,415],[-137,1444],[-727,1038],[238,1497],[431,-22],[154,-289],[735,211],[112,585],[198,319]],[[349533,174156],[363,104],[72,-591],[-663,-62],[-74,605],[302,-56]],[[350067,178543],[340,-161],[220,576],[948,-1196],[75,-505],[290,-97],[424,-772],[211,-819],[490,-216],[121,855],[281,-33],[405,-1068],[455,-631],[-354,-401],[62,-376],[-548,-104],[-940,1101],[40,228],[-514,517],[-646,-318],[-402,-365],[-222,105],[-409,-497],[-208,366],[-745,189],[-21,789],[213,57],[324,621],[215,157],[48,1044],[-153,954]],[[348980,180450],[555,73],[506,-946],[-94,-804],[-428,745],[-422,547],[-117,385]],[[348557,184230],[810,-656],[-273,-521],[-359,307],[-180,407],[2,463]],[[350693,180393],[-476,1018],[210,620],[725,-1216],[204,-525],[571,-959],[-130,-374],[-462,729],[-642,707]],[[340290,188758],[365,54],[-274,-681],[-250,164],[159,463]],[[347339,189421],[651,-577],[-266,-340],[-385,917]],[[347341,189605],[-199,210],[-68,638],[159,223],[726,-22],[-172,-370],[150,-532],[-293,-493],[-303,346]],[[393749,216623],[-160,315],[173,352],[516,-93],[-529,-574]],[[339126,195895],[177,-264],[110,-736],[279,-315],[131,-476],[-359,-339],[-149,351],[-273,-77],[-366,671],[-14,414],[464,771]],[[344389,194915],[305,288],[-34,539],[273,282],[226,-205],[240,923],[439,-467],[190,472],[241,163],[371,-439],[93,-408],[-193,-1688],[-462,-108],[117,-583],[-413,187],[-367,-170],[-213,576],[-280,-311],[-476,482],[-57,467]],[[391348,222908],[562,894],[20,698],[491,102],[-113,-1757],[-482,-595],[-346,281],[-132,377]],[[381476,224708],[314,161],[236,-511],[-449,-115],[-101,465]],[[363075,224300],[-207,-216],[-133,-837],[-413,-186],[-229,-429],[255,-488],[-351,-303],[-273,332],[-113,572],[197,1110],[16,561],[-277,160],[197,594],[280,-396],[50,-646],[462,34],[145,290],[394,-152]],[[386805,235680],[2,-761],[-989,-143],[-145,-269],[-923,550],[327,997],[712,350],[450,-565],[185,195],[-285,680],[-377,299],[-402,-13],[-265,281],[-627,192],[-702,1655],[-16,894],[242,299],[82,438],[389,129],[255,636],[528,462],[498,916],[107,460],[311,-103],[-137,-556],[78,-832],[570,-1042],[518,-713],[1,-239],[467,-477],[-120,-620],[-255,-304],[301,-585],[12,-1026],[-462,-427],[-330,-758]],[[367222,227273],[15,-710],[-386,-422],[-305,538],[51,671],[-130,651],[382,82],[396,-516],[-23,-294]],[[366906,228363],[-90,274],[104,1160],[222,60],[31,510],[350,-128],[-150,-992],[-257,-89],[12,-1016],[-222,221]],[[339126,191510],[170,786],[270,-224],[200,-803],[449,-310],[404,-898],[-91,-503],[-444,-1223],[-544,144],[28,504],[-306,366],[-214,576],[-17,1050],[95,535]],[[343706,190416],[-106,-90],[-615,527],[-365,791],[261,478],[340,-235],[480,-891],[5,-580]],[[340759,190898],[-33,-598],[-480,825],[145,429],[368,-656]],[[344380,191267],[-206,-500],[-514,769],[-165,777],[491,-269],[388,-501],[6,-276]],[[340352,191679],[-283,24],[-464,559],[260,474],[370,-165],[117,-892]],[[346516,193035],[289,-320],[89,-822],[581,127],[389,-303],[-204,-588],[-743,-496],[-168,959],[-482,454],[23,1183],[226,-194]],[[379453,193644],[-123,560],[569,-190],[-109,-467],[-337,97]],[[344520,194026],[466,-692],[-44,-391],[-268,-374],[-797,753],[-192,383],[18,447],[323,303],[494,-429]],[[349303,193496],[400,663],[33,564],[-509,59],[-298,-678],[-381,108],[-51,-403],[-666,70],[-284,326],[-119,1086],[231,432],[848,342],[-112,524],[491,43],[291,346],[928,-514],[314,148],[229,392],[203,-187],[12,-532],[195,-477],[341,-224],[236,-1182],[-209,-673],[209,-738],[-27,-530],[-400,-343],[-33,-890],[-159,-273],[-356,76],[-572,400],[-246,827],[-315,307],[-224,931]],[[655207,160220],[-201,-82],[-653,267],[-297,542],[-916,10],[-330,-481],[-455,174],[-346,530],[49,1365],[-279,696],[-223,1905],[-261,850],[-261,275],[-755,-1313],[-688,852],[-414,711],[-392,213],[-263,-205],[-632,850],[4,515],[-330,908],[313,210],[197,-485],[482,77],[727,-403],[148,236],[685,-210],[285,68],[240,-363],[22,-408],[800,-403],[491,856],[520,-361],[362,-685],[158,-509],[1102,-896],[66,-541],[503,-754],[176,-785],[401,-429],[229,-779],[298,179],[626,89],[116,-440],[310,-391],[3,-551],[-761,-526],[-787,-240],[-69,-138]],[[642998,161075],[-333,106],[-472,1376],[-107,993],[486,713],[373,-55],[558,-472],[86,-942],[281,243],[-48,-1048],[-318,-735],[-506,-179]],[[646500,155170],[-731,217],[-266,-127],[-519,474],[472,203],[481,-100],[144,-368],[540,134],[271,271],[210,-449],[-602,-255]],[[656246,149225],[-196,397],[-1374,691],[-298,-139],[-473,510],[-397,-20],[-96,268],[-1039,953],[-384,32],[-887,734],[-556,-268],[-271,345],[-585,25],[-302,275],[-190,-223],[-550,0],[-60,580],[-297,481],[328,178],[286,-188],[789,-31],[566,-227],[442,96],[440,-211],[552,60],[504,-371],[681,294],[528,-310],[382,139],[513,-192],[150,142],[1316,-68],[169,-257],[709,-248],[619,-469],[405,-39],[412,313],[1282,-453],[412,53],[847,-108],[449,-216],[245,111],[994,-695],[-543,-512],[-442,154],[-385,-205],[-273,167],[-418,-372],[-337,-498],[-1261,64],[-105,-255],[-642,-128],[-137,204],[-490,-102],[-289,332],[-264,-64],[-462,-415],[-17,-314]],[[664920,148950],[-650,1203],[137,792],[285,300],[233,-295],[-154,-268],[-86,-495],[76,-194],[157,-135],[2,-908]],[[653689,136430],[-149,-209]],[[653540,136221],[149,209]],[[653480,136137],[-124,-173],[0,-681],[-103,-482],[-240,-417]],[[653013,134384],[-132,136],[279,480],[179,760],[-68,173],[209,204]],[[640818,135438],[-56,-572]],[[640762,134866],[-117,-152],[572,-7487],[216,-281],[9,-687],[-790,-1851]],[[640652,124408],[-1607,920],[-812,265],[-648,592],[-1119,437],[177,1060],[431,1248],[570,1060],[785,811],[157,593],[-118,1092],[687,561],[884,1124],[779,1267]],[[642587,134030],[-125,-132]],[[642462,133898],[125,132]],[[642337,133478],[30,282]],[[642367,133760],[-30,-282]],[[642592,133688],[26,141]],[[642618,133829],[-26,-141]],[[653109,133428],[-43,389]],[[653066,133817],[43,-389]],[[642555,133461],[44,131]],[[642599,133592],[-44,-131]],[[653098,133346],[-252,-591]],[[652846,132755],[252,591]],[[641939,132997],[135,241]],[[642074,133238],[-135,-241]],[[642461,133095],[139,117]],[[642600,133212],[-139,-117]],[[651525,131602],[14,44]],[[651539,131646],[58,24]],[[651597,131670],[369,282],[74,371],[588,517],[151,-163]],[[652779,132677],[-592,-335],[-241,-481],[-421,-259]],[[642455,132395],[171,103]],[[642626,132498],[-171,-103]],[[642322,132289],[97,41]],[[642419,132330],[-97,-41]],[[642271,132177],[28,50]],[[642299,132227],[-28,-50]],[[651517,131666],[150,88]],[[651667,131754],[-150,-88]],[[651270,131318],[149,404]],[[651419,131722],[-149,-404]],[[642269,131638],[11,57]],[[642280,131695],[-11,-57]],[[642264,131227],[16,34]],[[642280,131261],[-16,-34]],[[651465,131187],[-89,66]],[[651376,131253],[89,-66]],[[642260,130870],[-15,54]],[[642245,130924],[15,-54]],[[649719,129056],[279,732],[821,410],[182,371],[431,224]],[[651432,130793],[-414,-544],[-791,-448],[-508,-745]],[[642156,130539],[31,89]],[[642187,130628],[-31,-89]],[[642463,130361],[-131,63]],[[642332,130424],[131,-63]],[[642781,129222],[0,90]],[[642781,129312],[0,-90]],[[642714,129069],[-17,78]],[[642697,129147],[17,-78]],[[642753,129139],[-34,-75]],[[642719,129064],[34,75]],[[649454,127941],[244,1014]],[[649698,128955],[-244,-1014]],[[643401,128554],[-115,167],[283,-4]],[[643569,128717],[-7,-6]],[[643562,128711],[-8,-8]],[[643554,128703],[-153,-149]],[[643424,128367],[-30,16]],[[643394,128383],[-6,9]],[[643388,128392],[-33,77]],[[643355,128469],[69,-102]],[[643249,128408],[-59,55]],[[643190,128463],[59,-55]],[[644890,127196],[-500,163]],[[644390,127359],[500,-163]],[[648869,127008],[120,208]],[[648989,127216],[-120,-208]],[[644282,127310],[-247,97]],[[644035,127407],[247,-97]],[[648642,126823],[191,164]],[[648833,126987],[-191,-164]],[[647907,126765],[279,108]],[[648186,126873],[-279,-108]],[[645741,126776],[-145,62]],[[645596,126838],[145,-62]],[[645266,126703],[-247,116]],[[645019,126819],[247,-116]],[[645766,126765],[181,-67]],[[645947,126698],[-181,67]],[[646077,126683],[131,62]],[[646208,126745],[-131,-62]],[[645355,126698],[-66,12]],[[645289,126710],[66,-12]],[[647225,126496],[-121,89]],[[647104,126585],[121,-89]],[[643091,113230],[-147,96]],[[642944,113326],[147,-96]],[[642888,113328],[-162,2]],[[642726,113330],[652,1604],[483,397],[1262,3060]],[[645123,118391],[1330,2641]],[[646453,121032],[163,-170],[-1742,-3522],[-779,-1773],[-464,-738],[-743,-1501]],[[643450,112731],[-173,291]],[[643277,113022],[173,-291]],[[643668,112331],[580,-424]],[[644248,111907],[-580,424]],[[644716,111438],[-356,248]],[[644360,111686],[356,-248]],[[645185,110921],[-389,361]],[[644796,111282],[389,-361]],[[645200,110907],[660,-612],[325,-144]],[[646185,110151],[-199,0],[-786,756]],[[650102,109885],[-1421,540]],[[648681,110425],[1065,-297],[356,-243]],[[650729,109717],[224,-72]],[[650953,109645],[-224,72]],[[648367,110482],[-245,57]],[[648122,110539],[245,-57]],[[648047,110510],[-63,0]],[[647984,110510],[63,0]],[[647462,110462],[347,37]],[[647809,110499],[-347,-37]],[[647193,110407],[203,55]],[[647396,110462],[-203,-55]],[[651825,109751],[-217,-31]],[[651608,109720],[217,31]],[[652448,109749],[-401,11]],[[652047,109760],[401,-11]],[[652797,109718],[5,-2]],[[652802,109716],[-5,2]],[[651161,109597],[-183,36]],[[650978,109633],[183,-36]],[[651207,109614],[127,66]],[[651334,109680],[-127,-66]],[[653083,109561],[-128,94]],[[652955,109655],[128,-94]],[[653470,109135],[-340,377]],[[653130,109512],[340,-377]],[[654098,108311],[-434,479]],[[653664,108790],[434,-479]],[[654643,107901],[190,-156]],[[654833,107745],[-190,156]],[[655034,107630],[112,-86]],[[655146,107544],[-112,86]],[[655157,107530],[565,-406]],[[655722,107124],[-565,406]],[[655829,107192],[112,-148]],[[655941,107044],[-112,148]],[[655751,107171],[54,35]],[[655805,107206],[-54,-35]],[[656557,106857],[229,158]],[[656786,107015],[-229,-158]],[[656471,106938],[-292,67]],[[656179,107005],[292,-67]],[[656843,106965],[267,-112]],[[657110,106853],[-267,112]],[[657146,106823],[157,-97]],[[657303,106726],[-157,97]],[[657312,106722],[351,-356]],[[657663,106366],[-351,356]],[[657786,106280],[-81,37]],[[657705,106317],[81,-37]],[[657885,106249],[165,-162]],[[658050,106087],[12,-19]],[[658062,106068],[20,-33]],[[658082,106035],[-197,214]],[[658404,105797],[-37,8]],[[658367,105805],[37,-8]],[[658612,105546],[289,-226]],[[658901,105320],[-289,226]],[[659107,105137],[-98,87]],[[659009,105224],[98,-87]],[[659502,104785],[32,-28]],[[659534,104757],[-32,28]],[[661345,103878],[49,-214]],[[661394,103664],[-49,214]],[[660866,103812],[-63,38]],[[660803,103850],[63,-38]],[[662868,103785],[77,20]],[[662945,103805],[-124,-569],[368,-367]],[[663189,102869],[-550,442],[229,474]],[[662477,103783],[34,25]],[[662511,103808],[-34,-25]],[[662370,103659],[53,92]],[[662423,103751],[-53,-92]],[[661425,103653],[272,-416]],[[661697,103237],[-272,416]],[[662143,103508],[115,45]],[[662258,103553],[-115,-45]],[[664045,103011],[178,-542],[234,-21]],[[664457,102448],[-288,-120],[-124,683]],[[662051,103401],[-48,-6]],[[662003,103395],[48,6]],[[661869,103308],[124,82]],[[661993,103390],[-124,-82]],[[661778,103274],[12,22]],[[661790,103296],[-12,-22]],[[663704,103043],[238,16]],[[663942,103059],[-238,-16]],[[663191,102873],[383,133]],[[663574,103006],[-383,-133]],[[665902,102657],[6,-803],[226,-273]],[[666134,101581],[-478,303],[133,647]],[[665789,102531],[99,111]],[[665888,102642],[14,15]],[[664856,102166],[-297,199]],[[664559,102365],[297,-199]],[[665164,101884],[254,257]],[[665418,102141],[-254,-257]],[[666662,101285],[-389,375]],[[666273,101660],[389,-375]],[[666750,101243],[18,-335],[613,-597]],[[667381,100311],[-163,-164],[-602,847],[134,249]],[[667681,100324],[743,-530]],[[668424,99794],[-306,-199],[-437,729]],[[667467,100280],[117,57]],[[667584,100337],[-117,-57]],[[668793,100013],[120,-246]],[[668913,99767],[6,-12]],[[668919,99755],[-204,-162],[-76,160],[154,260]],[[669454,98610],[-125,121]],[[669329,98731],[125,-121]],[[669288,98790],[-549,316],[238,532]],[[668977,99638],[-42,-575],[353,-273]],[[669535,98564],[111,93]],[[669646,98657],[-111,-93]],[[670405,97664],[-465,555],[58,394]],[[669998,98613],[174,-165],[233,-784]],[[669833,98523],[39,22]],[[669872,98545],[-39,-22]],[[670896,97758],[-2,-810]],[[670894,96948],[-215,338],[217,472]],[[670422,97652],[302,12]],[[670724,97664],[-302,-12]],[[670926,96880],[347,-592],[270,15]],[[671543,96303],[-394,-148],[-334,403],[111,322]],[[673216,94421],[-395,129],[-835,1442],[-278,374],[432,490]],[[672140,96856],[27,-933],[687,-1279],[362,-223]],[[673526,95441],[188,-33],[-103,-1396],[155,-121]],[[673766,93891],[-380,277],[160,792],[-20,481]],[[673300,95005],[110,225]],[[673410,95230],[-110,-225]],[[674042,93586],[-396,-404],[-138,-382],[35,-1048],[137,-1079],[93,-113]],[[673773,90560],[-138,125],[-171,899],[-56,780],[205,931],[429,291]],[[674507,89976],[138,491],[680,601],[1072,435]],[[676397,91503],[-963,-680],[-927,-847]],[[675075,91224],[358,171]],[[675433,91395],[-358,-171]],[[674555,90812],[99,52]],[[674654,90864],[-99,-52]],[[674255,90812],[231,-6]],[[674486,90806],[-231,6]],[[676855,89004],[-15,13]],[[676840,89017],[15,-13]],[[675516,87770],[-78,717],[167,265],[828,145]],[[676433,88897],[368,109]],[[676801,89006],[33,-26]],[[676834,88980],[-231,-251],[-688,-199],[-309,-282],[-90,-478]],[[701060,77969],[-43,-12]],[[701017,77957],[105,812],[93,207],[210,4],[30,121],[-67,59],[-14,75],[13,86],[-88,-34],[-111,28],[-39,85],[27,128],[40,6],[-55,218],[-60,75],[-17,77],[24,176],[102,37],[82,-172],[65,-87],[75,32],[36,178],[-126,44],[23,428],[-36,172],[118,97],[92,227],[-12,6],[-17,118],[65,18],[10,106],[-63,78],[-24,152],[25,51],[38,-15]],[[701561,81550],[-13,-1]],[[701548,81549],[53,-271],[1,-6],[1,-4],[-6,-69],[-15,-29],[-23,-17],[-11,0],[-18,-4],[-14,-20],[36,-83],[117,-71],[-126,-178],[46,-363],[-20,-12],[-17,-11],[-44,-51],[-160,-189],[90,-62],[43,-46],[-7,-138],[-72,-117],[-72,56],[-14,17],[-14,20],[-134,196],[-71,-117],[23,-170],[67,-54],[109,-37],[-6,-144],[-72,-55],[-38,-15],[-12,-119],[146,-78],[89,47],[-16,-47],[-1,-100],[74,-92],[46,-25],[-73,-122],[-33,-9],[-32,-8],[-32,-4],[-126,-4],[-73,-320],[5,-25],[10,-34],[66,-190],[7,-146],[-66,-332],[-51,56],[-15,12],[-11,6],[-22,-2]],[[677441,80498],[-283,420],[-30,591]],[[677128,81509],[313,-1011]],[[677677,80221],[-106,94]],[[677571,80315],[106,-94]],[[677796,80004],[751,-1012],[700,-1167]],[[679247,77825],[-703,1146],[-748,1033]],[[700825,77850],[-4,-15]],[[700821,77835],[15,78],[151,35]],[[700987,77948],[-162,-98]],[[679526,77265],[-263,528]],[[679263,77793],[263,-528]],[[700431,76064],[-1,-1]],[[700430,76063],[11,18],[96,-27],[22,239],[4,110],[5,5],[12,127],[-69,57],[-10,52],[43,91],[56,35],[6,63],[-137,116],[14,62],[-85,52],[3,115],[62,-14],[194,92],[79,154],[69,16],[25,-59],[155,98],[-74,271],[-43,-53],[-65,62],[11,59]],[[700814,77804],[6,-68],[124,59],[1,1],[76,3],[-31,-351],[-138,-214],[-41,12],[-2,39],[4,20],[4,20],[4,19],[-11,48],[-47,19],[-83,-143],[-167,-108],[-84,1],[19,-111],[23,-12],[9,-2],[12,-6],[161,17],[64,-74],[-69,-186],[-17,-16],[-16,-8],[-23,-15],[-23,-16],[-38,-43],[-11,-82],[71,-58],[18,-1],[19,-3],[49,-8],[-32,-97],[-44,-27],[-17,-14],[-9,-12],[-11,-68],[6,-19],[16,-35],[58,-65],[12,-80],[-97,-94],[-34,4],[-25,8],[-27,11],[-32,14],[-10,1]],[[679676,77136],[-32,32]],[[679644,77168],[32,-32]],[[679732,75337],[-262,91],[-59,1028],[277,161]],[[679688,76617],[-231,-764],[275,-516]],[[680726,75938],[92,-116]],[[680818,75822],[-201,178]],[[680617,76000],[-87,138]],[[680530,76138],[196,-200]],[[700436,75444],[-18,599]],[[700418,76043],[29,-498]],[[700447,75545],[-11,-101]],[[700763,39579],[910,-710],[0,33893],[-114,49],[-43,-54],[-7,-147],[-200,235],[0,254],[-155,56],[-76,-36],[-22,140],[-102,175],[-57,130],[6,63],[74,-14],[31,39],[9,24],[-67,382],[-27,34],[-81,-60],[-40,26],[-7,141],[-147,121],[-7,253],[137,266],[-34,282],[-120,173],[-48,17],[-99,65],[-33,54]],[[700444,75430],[239,-137],[86,-54],[114,-462],[-124,-51],[-21,-215],[-41,-95],[-2,-3],[-10,-11],[-11,-8],[124,-186],[12,-128],[110,41],[78,33],[114,-319],[-58,-76],[-36,-108],[-5,-9],[-9,-14],[-9,-13],[-89,-31],[37,-97],[88,-136],[39,-103],[11,-100],[90,33],[155,-64],[3,-280],[170,-103],[69,112],[80,-2],[25,-60],[7,-24],[2,-7],[46,-40],[120,-41],[27,88],[46,100],[2,1]],[[701923,72861],[167,-32],[0,-15846],[-9,-7701],[9,-5855],[0,-4851],[-863,499],[-279,60],[-185,444]],[[680179,75155],[723,-1014],[497,-223]],[[681399,73918],[-251,-129],[-316,266],[-653,1100]],[[681284,73448],[677,143]],[[681961,73591],[-677,-143]],[[682166,73461],[-168,112]],[[681998,73573],[168,-112]],[[680532,73298],[234,88]],[[680766,73386],[-234,-88]],[[684337,71582],[-375,0],[-550,300],[-619,697]],[[682793,72579],[444,-241],[599,-627],[501,-129]],[[682851,68156],[-520,413],[-518,219],[-596,-28],[-788,514],[-770,888],[-438,671],[-519,491],[-207,723]],[[678495,72047],[721,-863],[1101,-1761],[928,-549],[654,-49],[412,-183],[540,-486]],[[684401,71743],[-565,201]],[[683836,71944],[565,-201]],[[683794,72007],[-56,87]],[[683738,72094],[56,-87]],[[684794,68669],[78,140]],[[684872,68809],[-78,-140]],[[684158,68060],[346,600]],[[684504,68660],[-147,-734],[-199,134]],[[679610,68140],[1229,-150]],[[680839,67990],[-606,-3],[-623,153]],[[682050,68023],[-358,87]],[[681692,68110],[358,-87]],[[683714,68009],[414,47]],[[684128,68056],[-414,-47]],[[683208,67951],[252,29]],[[683460,67980],[-252,-29]],[[679664,67599],[-193,356]],[[679471,67955],[193,-356]],[[682899,67473],[-428,183]],[[682471,67656],[428,-183]],[[683434,67461],[391,139],[473,-60]],[[684298,67540],[-864,-79]],[[679817,67531],[-128,54]],[[679689,67585],[128,-54]],[[680327,67187],[-431,299]],[[679896,67486],[431,-299]],[[680626,66858],[-141,192]],[[680485,67050],[141,-192]],[[681346,66274],[-699,555]],[[680647,66829],[699,-555]],[[681561,65942],[-176,286]],[[681385,66228],[176,-286]],[[681717,65559],[-114,290]],[[681603,65849],[114,-290]],[[681694,63327],[-727,1649]],[[680967,64976],[433,-695],[294,-954]],[[683810,62491],[-2,39]],[[683808,62530],[2,-39]],[[683441,63062],[-325,193],[-736,-101],[-149,237]],[[682231,63391],[891,-134],[319,-195]],[[681971,62881],[-169,242]],[[681802,63123],[169,-242]],[[682160,62728],[-128,79]],[[682032,62807],[128,-79]],[[681560,55346],[-39,1516],[68,531],[173,299],[549,433],[138,316],[103,1694],[276,731],[137,648],[378,815],[-202,170]],[[683141,62499],[337,-126],[-319,-530],[-217,-726],[0,-509],[-404,-1088],[37,-1377],[-294,-129],[-557,-536],[-144,-339],[111,-892],[-131,-901]],[[683712,61845],[7,10]],[[683719,61855],[-7,-10]],[[692887,55193],[-212,313]],[[692675,55506],[212,-313]],[[681800,57071],[74,163]],[[681874,57234],[-74,-163]],[[684771,54661],[119,1552],[158,-1239]],[[685048,54974],[-277,-313]],[[681871,56142],[7,202]],[[681878,56344],[-7,-202]],[[681868,55073],[-108,607]],[[681760,55680],[108,-607]],[[671137,55184],[66,113]],[[671203,55297],[-66,-113]],[[692515,54869],[153,431]],[[692668,55300],[-153,-431]],[[681616,55092],[-59,180]],[[681557,55272],[59,-180]],[[692826,51888],[-395,527],[-206,320],[-131,245],[-94,212],[-162,565],[257,669]],[[692095,54426],[161,137]],[[692256,54563],[506,165],[104,216]],[[692866,54944],[-31,-358],[-379,-117],[-481,-814],[34,-348],[130,-408],[288,-462],[399,-549]],[[681639,54674],[41,75]],[[681680,54749],[-41,-75]],[[680908,54543],[319,227]],[[681227,54770],[-319,-227]],[[680254,53630],[338,207],[314,702]],[[680906,54539],[-183,-774],[-469,-135]],[[681366,54317],[358,166]],[[681724,54483],[-358,-166]],[[690860,54229],[-510,58]],[[690350,54287],[510,-58]],[[691151,54167],[-267,54]],[[690884,54221],[267,-54]],[[683666,53922],[-285,-187]],[[683381,53735],[285,187]],[[681111,53515],[-3,252]],[[681108,53767],[3,-252]],[[683271,53635],[-12,58]],[[683259,53693],[12,-58]],[[681755,50109],[-131,555],[-516,914],[-103,1413],[-138,365],[-309,34],[-683,-289]],[[679875,53101],[9,126],[727,184],[275,231],[253,-831],[-17,-956],[285,-409],[413,-230],[-65,-1107]],[[679673,53594],[-136,-58]],[[679537,53536],[136,58]],[[679525,53523],[-241,-829],[-369,-691],[-768,-846],[-333,-180]],[[677814,50977],[336,219],[654,732],[721,1595]],[[679511,52956],[204,116]],[[679715,53072],[-204,-116]],[[682688,52943],[-121,-106]],[[682567,52837],[121,106]],[[682383,52721],[163,89]],[[682546,52810],[-163,-89]],[[681498,52470],[-34,48]],[[681464,52518],[34,-48]],[[682329,52148],[136,276]],[[682465,52424],[-136,-276]],[[682263,51840],[75,299]],[[682338,52139],[-75,-299]],[[669971,51992],[21,90]],[[669992,52082],[-21,-90]],[[669970,51985],[-24,-103]],[[669946,51882],[24,103]],[[678637,51342],[569,624]],[[679206,51966],[-569,-624]],[[669767,51099],[169,740]],[[669936,51839],[-169,-740]],[[681914,51479],[16,80]],[[681930,51559],[-16,-80]],[[678354,50864],[234,425]],[[678588,51289],[-234,-425]],[[681965,51307],[58,29]],[[682023,51336],[-58,-29]],[[693489,51184],[10,-11]],[[693499,51173],[-10,11]],[[678462,50964],[127,281]],[[678589,51245],[-127,-281]],[[693780,50808],[-210,280]],[[693570,51088],[210,-280]],[[669532,49477],[221,1524]],[[669753,51001],[-221,-1524]],[[677348,50127],[184,223],[268,505]],[[677800,50855],[-156,-445],[-296,-283]],[[694466,50331],[-12,-154]],[[694454,50177],[12,154]],[[679374,50140],[142,12]],[[679516,50152],[-142,-12]],[[681747,50071],[-53,-102]],[[681694,49969],[53,102]],[[672217,50025],[2493,-82]],[[674710,49943],[-987,-49],[-1345,54],[-161,77]],[[674805,49929],[387,48]],[[675192,49977],[-387,-48]],[[680799,49897],[-303,54]],[[680496,49951],[303,-54]],[[675194,49936],[250,-94]],[[675444,49842],[-250,94]],[[681397,49857],[181,26]],[[681578,49883],[-181,-26]],[[675512,49631],[27,-54]],[[675539,49577],[-27,54]],[[696398,47293],[-580,883]],[[695818,48176],[580,-883]],[[698760,42649],[-597,851],[-71,319],[-699,1444],[-153,610]],[[697240,45873],[1028,-2420],[492,-804]],[[673300,128807],[-216,1336],[-547,429],[-681,163],[-556,-55],[-1996,127],[-349,713],[-226,217],[-440,-91],[-564,144],[-319,539],[-21,300],[-529,358],[-989,-694],[-497,-645],[-557,-313],[340,-440],[-49,-237],[-739,-285],[-162,-477],[-539,-210],[-482,52],[-719,-328],[-375,-755],[-548,-382],[-244,164],[-392,-242],[-1162,692],[-548,-206],[-304,365],[-485,2],[-440,1067],[-61,1103],[-779,844],[-124,357],[92,1011],[-816,839],[-49,491],[-421,742],[-525,98],[-263,729],[-765,-222],[-125,366],[-388,-37]],[[653741,136436],[167,810],[371,297],[575,95],[885,600],[545,1267],[122,471],[-5,780],[197,875],[372,625],[-51,1248],[105,379],[479,623],[295,221],[358,-78],[552,286],[41,-546],[476,-117],[357,-249],[280,60],[315,-238],[307,419],[296,-215],[671,390],[218,512],[196,-121],[403,346],[253,-71],[371,806],[168,-63],[704,278],[148,235],[634,-192],[536,437],[405,76],[-61,596],[177,600],[-80,574],[-550,403],[-51,1103],[-172,106],[-17,184],[86,447],[290,205],[-156,441],[478,378],[168,-154],[771,857],[1205,856],[498,575],[691,575],[465,269],[402,498],[980,562],[300,-303],[157,548],[372,88],[777,-39],[338,-843],[48,-414],[-68,-1193],[309,-245],[472,514],[1441,-400],[761,-628],[796,-548],[1766,-831],[772,-204],[570,-269],[765,-968],[488,-1053],[763,-633],[282,215],[822,-264],[376,-384],[769,-464],[1606,-1439],[796,-378],[744,-576],[950,-993],[761,-533],[267,-84],[625,-690],[1004,-679],[694,42],[942,203],[752,35],[249,460],[260,6],[404,-639],[352,-153],[183,-422],[397,133],[940,-962],[257,473],[-25,506],[1043,-468],[190,-225],[959,-182],[116,233],[441,-566],[361,-15],[343,-346],[46,-402],[-460,-1342],[505,-343],[352,114],[325,359],[1087,-238],[749,266],[0,-57032],[-15,5]],[[701887,81567],[-127,19],[-107,-82],[-75,39]],[[701578,81543],[70,-29]],[[701648,81514],[25,20],[0,15854]],[[701673,97388],[0,17144],[-35,3886],[-532,-35],[-295,-291],[-252,112],[-693,-100],[-560,434],[-471,74],[-405,-373],[-417,-160],[-525,450],[-372,76],[-91,-323],[-771,656],[164,459],[-300,689],[-53,1099],[-763,-1],[-485,195],[-173,84],[-505,172],[-301,47],[-348,178],[-93,189],[-145,38],[-120,-38],[-236,534],[-154,-270],[-82,-75],[-79,171],[15,168],[-147,193],[-148,-240],[-115,-81],[-121,58],[-205,218],[11,115],[102,292],[-237,-6],[-64,-108],[-131,-69],[-74,6],[-232,45],[-39,15],[-19,91],[-140,288],[-29,94],[-71,95],[-169,-88],[-393,373],[-186,-32],[-184,129],[-52,-37],[-75,-103],[12,164],[-142,94],[-125,172],[-27,219],[-97,41],[-582,-98],[-77,-127],[-55,-169],[-133,-106],[-356,427],[-419,-154],[-81,59],[-61,87],[-131,61],[-102,72],[-1,333],[-27,92],[-73,56],[-82,-54],[-54,-163],[28,-202],[-113,-32],[-53,285],[20,109],[174,181],[-86,303],[-403,-50],[-99,256],[-170,40],[-181,3],[-272,-87],[92,-401],[-320,-146],[-564,264],[-81,428],[-192,351],[-95,-118],[-87,-128],[-361,-229],[-67,325],[-194,-69],[-283,183],[87,288],[8,480],[-220,-225],[-126,-72],[-57,130],[10,124],[-27,259],[1,258],[-43,146],[-105,-83],[-125,-29],[-272,-871],[-412,170],[-721,-580],[-446,-149],[-282,174],[-602,1086],[-601,940],[-407,-49],[-1206,-744],[-898,192],[-604,-76],[-254,177],[-514,1902],[-1079,-204],[-414,-440],[-255,-764],[-342,362],[-331,0],[-421,308]],[[676320,85471],[-19,118]],[[676301,85589],[19,-118]],[[676331,85445],[238,-570],[226,-980],[-50,-855]],[[676745,83040],[41,895],[-455,1510]],[[677010,81864],[-130,545]],[[676880,82409],[130,-545]],[[694605,49833],[-103,203]],[[694502,50036],[103,-203]],[[640652,124408],[3090,-1769],[408,-100],[2359,-1396]],[[646509,121143],[-1386,-2752]],[[642726,113330],[-426,-8],[-859,1124],[-243,580],[-476,116],[-174,297],[106,518],[265,30],[152,377],[-200,385],[127,738],[201,423],[282,97],[192,-275],[204,462],[539,-249],[133,-482],[1028,-15],[-8,590],[-322,-192],[-24,486],[-908,-154],[-601,333],[-232,-331],[-291,306],[-474,-64],[-313,-397],[-257,-741],[-289,12],[-205,-377],[-365,-198],[-298,563],[-44,581],[-321,729],[-438,45],[-353,293],[6,-847],[-279,-124],[-458,422],[-67,-255],[392,-630],[192,-517],[-196,-311],[-517,1029],[-253,7],[-422,466],[-376,999],[430,591],[-216,850],[-256,334],[-361,25],[115,-569],[-525,-441],[-165,544],[-580,-611],[-187,-518],[-257,368],[-216,685],[70,435],[-153,842],[-245,531],[-346,405],[-61,922],[-113,443],[-377,-460],[20,-1119],[-358,172],[-442,-242],[-144,390],[141,360],[-560,1528],[-293,588],[573,669],[199,389],[-251,1117],[-91,1451],[296,358],[71,452],[360,262],[345,-272],[-47,1006],[316,74],[259,565],[-52,555],[291,786],[-36,802],[-414,-278],[-159,-968],[-580,-132],[-308,-645],[-522,-781],[153,-804],[-137,-934],[153,-945],[-40,-1125],[-269,-672],[-274,102],[-538,-677],[470,-1104],[-181,-749],[-674,-575],[-404,-745],[-560,-449],[-205,-1088],[177,-754],[378,-435],[-85,-416],[-331,-351],[-267,-703],[-743,-1361],[-369,-205],[-252,-592],[-782,36],[-690,266],[-546,-214],[-272,-551],[-334,-24],[-394,339],[9,477],[-207,406],[-578,617],[37,933],[-546,1674],[-508,2012],[-30,611],[346,94],[1020,-101],[248,95],[-13,693],[117,696],[-312,1328],[-268,-192],[-245,592],[-199,1212],[261,693],[-597,666],[-366,-262],[-16,-796],[-602,309],[-265,823],[-45,604],[130,476],[-848,620],[44,642],[-475,560],[-158,358],[-629,733],[-777,577],[-156,378],[-844,258],[-835,-105],[-705,-449],[-203,787],[-268,-186],[-231,559],[138,246],[-164,500],[299,396],[80,381],[-800,96],[705,555],[457,-218],[1058,865],[-618,215],[243,301],[1485,-13],[1417,-784],[254,42],[201,461],[281,-205],[386,0],[450,-473],[328,-677],[587,-486],[203,48],[681,587],[940,1476],[558,1033],[678,1396],[940,1123],[205,-18],[717,372],[695,-399],[255,-496],[474,-619],[-29,-1710],[341,-275],[-140,1285],[296,780],[370,-320],[179,190],[332,-1219],[240,-268],[189,504],[566,646],[241,13],[269,-428],[297,-115],[-84,1079],[329,-38],[214,-850],[263,-495],[306,48],[-40,779],[-197,742],[-382,283],[-159,599],[767,185],[575,516],[417,-190],[558,96],[208,-115],[-19,520],[-308,313],[-215,669],[205,991],[-148,352],[48,970],[-141,531],[-530,51],[-313,191],[-227,-549],[-1098,-518],[-103,-408],[-261,-10],[-422,-511],[-210,744],[-356,-456],[-478,-367],[-874,121],[-156,268],[-1050,-55],[-1031,308],[-344,-52],[-387,-451],[-902,-232],[-216,-386],[-413,-381],[-530,187],[-355,448],[-592,111],[-394,-179],[-526,-658],[-579,125],[-208,263],[-242,1053],[-235,227],[-458,-68]],[[620288,144885],[93,67],[-552,2025],[-109,1281],[31,1891],[885,3942],[307,2753],[1156,3000],[27,537],[-134,361],[6030,-1763],[317,1238],[853,1914],[129,789],[458,305],[-276,1705],[-177,181],[135,1565],[235,458]],[[629696,167134],[1406,123],[724,-276],[330,376],[626,-314],[518,519],[542,-275],[139,295],[324,-280],[15,-311],[551,-790],[382,-290],[388,-503],[-334,-342],[-151,221],[-608,-1240],[71,-460],[505,-853],[6,-640],[287,-824],[412,-676],[419,-462],[233,-823],[290,-625],[206,-773],[-341,-490],[-292,-1206],[128,-692],[-82,-689],[-573,-820],[-255,-642],[-419,-156],[293,-1783],[6,-1480],[155,-158],[176,-1029],[37,-908],[-114,-458],[-267,-331],[200,-1646],[141,19],[148,-2116],[161,-383],[427,-1533],[354,-163],[464,-1167],[363,-725],[-34,-604],[205,-377],[358,-1439],[120,-804],[394,-831],[7,-537],[390,-159],[266,477],[96,639],[-253,1226],[0,778],[-217,303],[-3,642],[-144,300],[111,702],[394,723],[565,172],[530,-320],[217,-639],[48,-907],[-40,-1100],[8,-1674],[113,-488]],[[603400,177884],[194,498]],[[603594,178382],[-194,-498]],[[603714,178410],[-118,-28]],[[603596,178382],[118,28]],[[603792,178382],[-74,27]],[[603718,178409],[74,-27]],[[605898,177602],[-63,357]],[[605835,177959],[63,-357]],[[604675,178070],[-58,20]],[[604617,178090],[58,-20]],[[602704,178021],[17,-260]],[[602721,177761],[-17,260]],[[605753,177951],[-101,-76]],[[605652,177875],[101,76]],[[605149,177601],[-136,313]],[[605013,177914],[136,-313]],[[603424,177850],[-26,-13]],[[603398,177837],[26,13]],[[605391,177800],[25,30]],[[605416,177830],[-25,-30]],[[601620,177791],[-107,-112]],[[601513,177679],[107,112]],[[600869,177747],[-44,21]],[[600825,177768],[44,-21]],[[602830,177707],[-121,-70]],[[602709,177637],[121,70]],[[600965,177643],[-54,72]],[[600911,177715],[54,-72]],[[602094,177690],[-203,-87]],[[601891,177603],[203,87]],[[601278,177498],[-6,-20]],[[601272,177478],[6,20]],[[606038,177485],[-204,72]],[[605834,177557],[204,-72]],[[601342,177462],[1,71]],[[601343,177533],[-1,-71]],[[606408,177387],[-193,51]],[[606215,177438],[193,-51]],[[606101,177468],[-43,11]],[[606058,177479],[43,-11]],[[601069,177449],[-20,49]],[[601049,177498],[20,-49]],[[601119,177433],[-33,-21]],[[601086,177412],[33,21]],[[602419,177363],[-450,-151]],[[601969,177212],[450,151]],[[607013,177173],[-398,160]],[[606615,177333],[398,-160]],[[602499,177356],[-55,5]],[[602444,177361],[55,-5]],[[601849,176931],[-66,378]],[[601783,177309],[66,-378]],[[603218,176117],[-270,199],[-195,708],[-210,132]],[[602543,177156],[227,-38],[138,-581],[310,-420]],[[599625,176859],[-8,5]],[[599617,176864],[8,-5]],[[607331,176766],[-179,229]],[[607152,176995],[179,-229]],[[599073,176865],[-126,31]],[[598947,176896],[126,-31]],[[599215,176587],[-76,365]],[[599139,176952],[76,-365]],[[601895,176746],[193,199]],[[602088,176945],[-193,-199]],[[599370,176372],[338,-22]],[[599708,176350],[-338,22]],[[608017,176311],[-469,55]],[[607548,176366],[469,-55]],[[599194,176184],[97,109]],[[599291,176293],[-97,-109]],[[599021,176337],[-13,-19]],[[599008,176318],[13,19]],[[599889,176077],[5,158]],[[599894,176235],[-5,-158]],[[602164,176166],[-275,93]],[[601889,176259],[275,-93]],[[608481,175639],[-346,506]],[[608135,176145],[346,-506]],[[599149,175779],[-93,357]],[[599056,176136],[93,-357]],[[598816,175890],[-45,119]],[[598771,176009],[45,-119]],[[602301,175914],[-20,39]],[[602281,175953],[20,-39]],[[602407,175707],[-93,182]],[[602314,175889],[93,-182]],[[599618,175844],[223,-47]],[[599841,175797],[-223,47]],[[600106,175498],[-81,-39]],[[600025,175459],[81,39]],[[599409,175170],[-91,235]],[[599318,175405],[91,-235]],[[599791,175300],[-67,-243]],[[599724,175057],[67,243]],[[598104,175378],[335,-231],[570,13],[301,237]],[[599310,175397],[-252,-254],[-530,-72]],[[598528,175071],[-467,295]],[[598061,175366],[43,12]],[[598806,174872],[-172,145]],[[598634,175017],[172,-145]],[[603546,175397],[-14,-315]],[[603532,175082],[14,315]],[[608369,175122],[-31,-32]],[[608338,175090],[31,32]],[[608339,174823],[-7,261]],[[608332,175084],[7,-261]],[[599694,175035],[-49,-35]],[[599645,175000],[49,35]],[[608343,174780],[35,-87]],[[608378,174693],[-35,87]],[[599080,174559],[-14,-14]],[[599066,174545],[14,14]],[[599174,174566],[-43,4]],[[599131,174570],[43,-4]],[[599047,174542],[-55,8]],[[598992,174550],[55,-8]],[[599809,174449],[-142,30]],[[599667,174479],[142,-30]],[[600281,174496],[68,27]],[[600349,174523],[-68,-27]],[[602991,174224],[-31,84]],[[602960,174308],[31,-84]],[[604572,174272],[32,-244]],[[604604,174028],[-32,244]],[[602553,173942],[-115,96]],[[602438,174038],[115,-96]],[[602002,173846],[404,177]],[[602406,174023],[-404,-177]],[[603070,174010],[-58,-11]],[[603012,173999],[58,11]],[[604639,173917],[-37,104]],[[604602,174021],[37,-104]],[[604010,173847],[-215,47]],[[603795,173894],[215,-47]],[[603479,173794],[-67,61]],[[603412,173855],[67,-61]],[[604711,173848],[40,-38]],[[604751,173810],[-40,38]],[[604016,173772],[-5,57]],[[604011,173829],[5,-57]],[[604797,173765],[92,-125]],[[604889,173640],[-92,125]],[[608430,173753],[-49,-113]],[[608381,173640],[49,113]],[[604724,173582],[-215,8]],[[604509,173590],[215,-8]],[[601436,173574],[59,18]],[[601495,173592],[-59,-18]],[[604968,173427],[58,-157]],[[605026,173270],[-58,157]],[[601435,173574],[-60,-47]],[[601375,173527],[60,47]],[[602586,173434],[61,47]],[[602647,173481],[-61,-47]],[[601438,173386],[-26,57]],[[601412,173443],[26,-57]],[[602518,173387],[-23,-16]],[[602495,173371],[23,16]],[[605433,173266],[-16,-9]],[[605417,173257],[16,9]],[[602474,173272],[2,86]],[[602476,173358],[-2,-86]],[[619386,173214],[-275,-74]],[[619111,173140],[275,74]],[[620653,173001],[-487,33]],[[620166,173034],[487,-33]],[[619046,173097],[-60,-40]],[[618986,173057],[60,40]],[[601294,172994],[30,79]],[[601324,173073],[-30,-79]],[[621174,172959],[-324,28]],[[620850,172987],[324,-28]],[[607959,172805],[-43,224]],[[607916,173029],[43,-224]],[[622097,172788],[-82,195]],[[622015,172983],[82,-195]],[[601392,172860],[-23,-523]],[[601369,172337],[23,523]],[[621429,172923],[139,-20]],[[621568,172903],[-139,20]],[[601242,172856],[16,43]],[[601258,172899],[-16,-43]],[[601320,172844],[43,-3]],[[601363,172841],[-43,3]],[[617696,172591],[349,104]],[[618045,172695],[-349,-104]],[[602306,171814],[-390,359],[-129,-126]],[[601787,172047],[122,174],[397,-407]],[[616751,171942],[487,325]],[[617238,172267],[-487,-325]],[[601725,171996],[-227,-94],[-309,-482],[-304,-197]],[[600885,171223],[252,180],[114,442],[474,151]],[[602475,171658],[-128,118]],[[602347,171776],[128,-118]],[[600752,171633],[-30,31]],[[600722,171664],[30,-31]],[[601636,171375],[-103,-16]],[[601533,171359],[103,16]],[[624436,171262],[-4,2]],[[624432,171264],[4,-2]],[[601727,171032],[-75,-114]],[[601652,170918],[75,114]],[[601094,170762],[206,379]],[[601300,171141],[-206,-379]],[[625031,170654],[-168,271]],[[624863,170925],[168,-271]],[[602233,170732],[78,185]],[[602311,170917],[-78,-185]],[[600549,170726],[-98,-106]],[[600451,170620],[98,106]],[[625568,170611],[-98,10]],[[625470,170621],[98,-10]],[[601586,170484],[-54,-113]],[[601532,170371],[54,113]],[[601521,170373],[-86,11]],[[601435,170384],[86,-11]],[[601496,170332],[-46,19]],[[601450,170351],[46,-19]],[[626333,169894],[-65,240]],[[626268,170134],[65,-240]],[[613119,167478],[-64,-20]],[[613055,167458],[64,20]],[[613136,167484],[105,33]],[[613241,167517],[-105,-33]],[[610718,167160],[-354,37]],[[610364,167197],[354,-37]],[[629684,167138],[-1013,52]],[[628671,167190],[1013,-52]],[[610279,167156],[-136,-84]],[[610143,167072],[136,84]],[[610659,166979],[69,166]],[[610728,167145],[-69,-166]],[[611178,166913],[-154,-179],[-516,-73]],[[610508,166661],[670,252]],[[604469,166752],[76,-79]],[[604545,166673],[-76,79]],[[604282,166624],[-37,76]],[[604245,166700],[37,-76]],[[604017,166394],[-24,291]],[[603993,166685],[24,-291]],[[603952,166675],[-39,-99]],[[603913,166576],[39,99]],[[603849,166611],[-6,43]],[[603843,166654],[6,-43]],[[604731,166561],[-310,-195]],[[604421,166366],[310,195]],[[603757,166470],[-29,-116]],[[603728,166354],[29,116]],[[604066,166309],[-27,48]],[[604039,166357],[27,-48]],[[602055,166072],[103,-152]],[[602158,165920],[-103,152]],[[604164,166025],[140,227]],[[604304,166252],[-140,-227]],[[604149,166201],[-51,51]],[[604098,166252],[51,-51]],[[603486,165981],[16,241]],[[603502,166222],[-16,-241]],[[601439,166042],[-108,-5]],[[601331,166037],[108,5]],[[600567,166056],[101,153]],[[600668,166209],[-101,-153]],[[602596,166015],[-47,19]],[[602549,166034],[47,-19]],[[603680,166113],[-22,37]],[[603658,166150],[22,-37]],[[603736,166119],[18,-85]],[[603754,166034],[-18,85]],[[603714,166058],[-27,44]],[[603687,166102],[27,-44]],[[600338,165964],[-8,118]],[[600330,166082],[8,-118]],[[601514,165945],[-60,78]],[[601454,166023],[60,-78]],[[600503,165960],[48,-167]],[[600551,165793],[-48,167]],[[603205,165987],[-164,-47]],[[603041,165940],[164,47]],[[604243,165876],[-42,80]],[[604201,165956],[42,-80]],[[600241,165960],[19,-342]],[[600260,165618],[-19,342]],[[602955,165879],[-97,27]],[[602858,165906],[97,-27]],[[607847,165888],[-25,-150]],[[607822,165738],[25,150]],[[602731,165808],[-43,17]],[[602688,165825],[43,-17]],[[604295,165610],[81,143]],[[604376,165753],[-81,-143]],[[604241,165673],[-201,-158]],[[604040,165515],[201,158]],[[607895,165370],[5,133]],[[607900,165503],[-5,-133]],[[607929,165156],[78,-123]],[[608007,165033],[-78,123]],[[602973,165108],[196,10]],[[603169,165118],[-196,-10]],[[603331,165127],[73,4]],[[603404,165131],[-73,-4]],[[602972,165108],[-281,-172]],[[602691,164936],[281,172]],[[601752,164598],[760,245]],[[602512,164843],[-760,-245]],[[601735,164596],[-174,-20]],[[601561,164576],[174,20]],[[600414,164540],[-15,226]],[[600399,164766],[15,-226]],[[604080,164693],[-224,-108]],[[603856,164585],[224,108]],[[608299,164733],[102,-327]],[[608401,164406],[-102,327]],[[600998,164556],[142,84]],[[601140,164640],[-142,-84]],[[599899,164612],[-43,-45]],[[599856,164567],[43,45]],[[601346,164567],[-85,36]],[[601261,164603],[85,-36]],[[603783,164526],[-91,-73]],[[603692,164453],[91,73]],[[605841,164473],[233,-684]],[[606074,163789],[-233,684]],[[599909,164508],[-71,-45]],[[599838,164463],[71,45]],[[604780,164313],[-9,158]],[[604771,164471],[9,-158]],[[603687,164450],[-104,-84]],[[603583,164366],[104,84]],[[608318,164411],[-108,-5]],[[608210,164406],[108,5]],[[605426,164348],[-191,-96]],[[605235,164252],[191,96]],[[608141,164351],[1,-153]],[[608142,164198],[-1,153]],[[603497,164273],[-71,-17]],[[603426,164256],[71,17]],[[603380,164245],[-89,-37]],[[603291,164208],[89,37]],[[603287,164206],[-436,-183]],[[602851,164023],[436,183]],[[605117,164191],[-42,-21]],[[605075,164170],[42,21]],[[605073,164169],[-30,-15]],[[605043,164154],[30,15]],[[602830,164015],[-213,-90]],[[602617,163925],[213,90]],[[608147,163900],[-12,-116]],[[608135,163784],[12,116]],[[602674,162403],[-271,599],[-357,401],[368,419]],[[602414,163822],[-262,-444],[378,-547],[144,-428]],[[608135,163500],[0,-27]],[[608135,163473],[0,27]],[[607631,161009],[198,772],[16,986],[290,468]],[[608135,163235],[-172,-455],[0,-813],[-332,-958]],[[602782,161973],[-43,100]],[[602739,162073],[43,-100]],[[602737,162082],[0,51]],[[602737,162133],[0,-51]],[[595174,160131],[271,436]],[[595445,160567],[-271,-436]],[[594781,160174],[-622,-280],[-259,167],[-511,-219],[-97,331],[278,306]],[[593570,160479],[730,-357],[481,52]],[[603079,160241],[35,-467],[416,-552]],[[603530,159222],[-301,64],[-192,520],[42,435]],[[594387,159714],[52,-45]],[[594439,159669],[12,7]],[[594451,159676],[118,72]],[[594569,159748],[19,11]],[[594588,159759],[580,549]],[[595168,160308],[-566,-763],[-468,-129],[253,298]],[[606254,159442],[-248,-266]],[[606006,159176],[248,266]],[[605533,157458],[214,1315],[194,271]],[[605941,159044],[-408,-1586]],[[608173,157223],[7,56]],[[608180,157279],[204,3]],[[608384,157282],[309,-246],[140,484],[262,-348]],[[609095,157172],[-453,-320],[-469,371]],[[608362,157304],[-170,69]],[[608192,157373],[170,-69]],[[609120,157142],[51,-65]],[[609171,157077],[-51,65]],[[605121,156406],[-192,336],[398,370]],[[605327,157112],[-266,-291],[60,-415]],[[609637,156685],[-204,-84]],[[609433,156601],[204,84]],[[609518,156547],[-170,-197]],[[609348,156350],[170,197]],[[609342,156343],[253,-662]],[[609595,155681],[-253,662]],[[606420,156318],[610,-283]],[[607030,156035],[-610,283]],[[605425,156254],[115,-46]],[[605540,156208],[-115,46]],[[610507,155906],[-147,83]],[[610360,155989],[147,-83]],[[607214,155905],[213,-502]],[[607427,155403],[-213,502]],[[609750,155510],[308,171]],[[610058,155681],[-308,-171]],[[613180,155520],[137,-393]],[[613317,155127],[-137,393]],[[612330,154870],[173,-446],[241,-17],[343,399],[50,553]],[[613137,155359],[91,-465],[-328,-498],[-397,-147],[-173,621]],[[613781,154578],[249,165]],[[614030,154743],[-249,-165]],[[614804,154589],[-266,-227]],[[614538,154362],[266,227]],[[614514,154339],[-250,-243]],[[614264,154096],[250,243]],[[614245,152946],[-38,-280]],[[614207,152666],[38,280]],[[599152,152813],[174,-324]],[[599326,152489],[-174,324]],[[615322,152729],[37,-193]],[[615359,152536],[-37,193]],[[598419,152274],[193,237]],[[598612,152511],[-193,-237]],[[615471,152174],[-173,-375]],[[615298,151799],[173,375]],[[595759,151492],[633,538],[794,44]],[[597186,152074],[-811,-209],[-616,-373]],[[598133,152024],[-592,42]],[[597541,152066],[592,-42]],[[597254,152084],[-50,-4]],[[597204,152080],[50,4]],[[615229,151796],[-160,-70]],[[615069,151726],[160,70]],[[636096,148735],[-238,709],[89,1048],[284,389],[218,856],[292,-69],[-159,-586],[-254,-1569],[-232,-778]],[[599495,151587],[-86,90]],[[599409,151677],[86,-90]],[[599831,151211],[-318,356]],[[599513,151567],[318,-356]],[[594877,150989],[60,154],[705,247]],[[595642,151390],[-333,-290],[-432,-111]],[[594770,150830],[-173,-227]],[[594597,150603],[173,227]],[[594562,150584],[-75,-41]],[[594487,150543],[75,41]],[[594487,150543],[-421,-232]],[[594066,150311],[421,232]],[[594033,150293],[-781,-498]],[[593252,149795],[268,429],[513,69]],[[599840,150115],[184,3]],[[600024,150118],[-184,-3]],[[599811,149674],[8,172]],[[599819,149846],[-8,-172]],[[593257,149536],[-22,213]],[[593235,149749],[22,-213]],[[599596,149559],[182,84]],[[599778,149643],[-182,-84]],[[593360,149400],[160,-161]],[[593520,149239],[-160,161]],[[593712,149086],[380,-190],[391,-544]],[[594483,148352],[-771,734]],[[599362,148853],[-58,36]],[[599304,148889],[58,-36]],[[599429,148703],[-44,136]],[[599385,148839],[44,-136]],[[598915,148176],[245,-71]],[[599160,148105],[-245,71]],[[599985,148467],[-179,112]],[[599806,148579],[179,-112]],[[599942,148148],[-156,142]],[[599786,148290],[156,-142]],[[599700,148241],[73,41]],[[599773,148282],[-73,-41]],[[595327,147831],[-791,472]],[[594536,148303],[785,-332],[6,-140]],[[599682,148231],[-102,-66]],[[599580,148165],[102,66]],[[616008,147792],[102,50]],[[616110,147842],[-102,-50]],[[599564,147804],[113,172]],[[599677,147976],[-113,-172]],[[637891,145366],[-189,829],[-202,391],[258,499],[196,722],[290,103],[170,-720],[-228,-589],[-143,-932],[-152,-303]],[[616139,147701],[76,161]],[[616215,147862],[-76,-161]],[[595421,147801],[263,12]],[[595684,147813],[-263,-12]],[[598471,147781],[203,42]],[[598674,147823],[-203,-42]],[[615779,147682],[75,36]],[[615854,147718],[-75,-36]],[[596053,147718],[-82,-23]],[[595971,147695],[82,23]],[[598484,147436],[-143,252]],[[598341,147688],[143,-252]],[[595746,147670],[43,-32]],[[595789,147638],[-43,32]],[[596009,147589],[20,59]],[[596029,147648],[-20,-59]],[[596411,147605],[142,-103]],[[596553,147502],[-142,103]],[[596350,147609],[53,-21]],[[596403,147588],[-53,21]],[[596717,147564],[42,24]],[[596759,147588],[-42,-24]],[[615887,147226],[116,155]],[[616003,147381],[-116,-155]],[[598159,147051],[272,254]],[[598431,147305],[-272,-254]],[[598031,147018],[-77,-7]],[[597954,147011],[77,7]],[[615642,146989],[-44,-51]],[[615598,146938],[44,51]],[[615783,146490],[-177,374]],[[615606,146864],[177,-374]],[[615806,146440],[540,-520]],[[616346,145920],[-540,520]],[[617052,145449],[162,-130],[894,-1529],[413,-66],[1031,814],[240,73]],[[619792,144611],[-958,-806],[-612,-296],[-272,338],[-493,1015],[-405,587]],[[639902,141124],[-166,438],[-412,295],[28,365],[591,31],[-41,-1129]],[[634296,141961],[-777,34],[-285,183],[160,439],[392,78],[523,-455],[-13,-279]],[[621966,124687],[-274,346],[26,566],[-413,326],[85,470],[328,-294],[40,-361],[296,-399],[-88,-654]],[[629410,113432],[-167,-65],[-390,656],[-353,234],[-572,635],[276,130],[450,-308],[297,-498],[876,-409],[-92,-315],[-325,-60]],[[604576,178105],[-728,257]],[[603848,178362],[728,-257]],[[605632,177857],[-155,-28]],[[605477,177829],[155,28]],[[601666,177773],[180,-136]],[[601846,177637],[-180,136]],[[605253,177581],[-75,-43]],[[605178,177538],[75,43]],[[601810,176658],[134,-334]],[[601944,176324],[-134,334]],[[607519,176384],[-160,94]],[[607359,176478],[160,-94]],[[599725,176456],[110,63]],[[599835,176519],[-110,-63]],[[601813,176478],[130,-154]],[[601943,176324],[-130,154]],[[599163,175728],[-15,-33]],[[599148,175695],[15,33]],[[608499,175456],[15,-147]],[[608514,175309],[-15,147]],[[602686,175055],[120,-327]],[[602806,174728],[-120,327]],[[599466,175006],[-14,40]],[[599452,175046],[14,-40]],[[599465,174993],[176,5]],[[599641,174998],[-176,-5]],[[600729,174691],[-225,-119]],[[600504,174572],[225,119]],[[608557,174363],[48,-401]],[[608605,173962],[-48,401]],[[600994,173831],[-114,188]],[[600880,174019],[114,-188]],[[603289,173966],[101,-91]],[[603390,173875],[-101,91]],[[603508,173768],[158,-115]],[[603666,173653],[-158,115]],[[604083,173665],[385,-102]],[[604468,173563],[-385,102]],[[606205,173533],[81,55]],[[606286,173588],[-81,-55]],[[604834,173019],[-81,441]],[[604753,173460],[201,-457]],[[604954,173003],[-120,16]],[[601367,173186],[-35,-93]],[[601332,173093],[35,93]],[[605436,173074],[-38,-19]],[[605398,173055],[38,19]],[[604732,172844],[33,-96]],[[604765,172748],[-33,96]],[[602703,172267],[24,-105]],[[602727,172162],[-24,105]],[[602866,171858],[42,-47]],[[602908,171811],[-42,47]],[[601160,172118],[-18,-94]],[[601142,172024],[18,94]],[[601761,171996],[23,25]],[[601784,172021],[-23,-25]],[[601281,171980],[-48,-18]],[[601233,171962],[48,18]],[[600702,171661],[-148,-221]],[[600554,171440],[148,221]],[[616061,171154],[-111,-389]],[[615950,170765],[111,389]],[[600410,171288],[130,117]],[[600540,171405],[-130,-117]],[[601580,170624],[5,-113]],[[601585,170511],[-5,113]],[[626358,169801],[37,-55]],[[626395,169746],[-37,55]],[[627196,168974],[-191,313]],[[627005,169287],[191,-313]],[[627862,167884],[-375,614]],[[627487,168498],[375,-614]],[[614246,168495],[28,50]],[[614274,168545],[-28,-50]],[[627973,167753],[608,-558]],[[628581,167195],[-608,558]],[[613467,167626],[-166,-90]],[[613301,167536],[166,90]],[[603725,166702],[-106,163]],[[603619,166865],[106,-163]],[[603615,166703],[26,-42]],[[603641,166661],[-26,42]],[[604671,166536],[-23,10]],[[604648,166546],[23,-10]],[[603894,166527],[-33,-18]],[[603861,166509],[33,18]],[[603722,166180],[-17,79]],[[603705,166259],[17,-79]],[[601961,166161],[91,-84]],[[602052,166077],[-91,84]],[[601299,165894],[28,63]],[[601327,165957],[-28,-63]],[[602504,166052],[-47,16]],[[602457,166068],[47,-16]],[[602466,165949],[14,51]],[[602480,166000],[-14,-51]],[[602611,166009],[71,-182]],[[602682,165827],[-71,182]],[[607840,165633],[39,-84]],[[607879,165549],[-39,84]],[[604039,165485],[-580,-332]],[[603459,165153],[580,332]],[[600258,165121],[-8,-240]],[[600250,164881],[8,240]],[[608139,164885],[158,-148]],[[608297,164737],[-158,148]],[[604767,164642],[-48,127]],[[604719,164769],[48,-127]],[[600070,164612],[-43,-27]],[[600027,164585],[43,27]],[[603657,159131],[-125,91]],[[603532,159222],[125,-91]],[[602539,161537],[380,-704]],[[602919,160833],[-216,178],[-164,526]],[[607612,160970],[-415,-1287],[-613,-257]],[[606584,159426],[569,268],[459,1276]],[[602976,160399],[44,-73]],[[603020,160326],[-44,73]],[[594552,159874],[-135,-131]],[[594417,159743],[135,131]],[[606231,163674],[-86,-650],[173,-122],[-77,-811],[-277,-1453],[-32,-1208],[-270,-346]],[[605662,159084],[188,516],[-99,605],[205,636],[253,1513],[-137,842],[159,478]],[[603704,159068],[297,-397],[867,-476],[408,-362],[230,711]],[[605506,158544],[-62,-494],[-304,-409],[-237,404],[-379,211],[-379,-335],[-441,1147]],[[608629,156603],[127,-545],[-511,-659],[-721,-222]],[[607524,155177],[474,392],[344,100],[309,333],[-22,601]],[[610595,155880],[339,-32]],[[610934,155848],[-339,32]],[[610076,155744],[247,254]],[[610323,155998],[-247,-254]],[[611205,155662],[541,-524],[566,223]],[[612312,155361],[-356,-345],[-313,52],[-438,594]],[[614876,154939],[-344,-217]],[[614532,154722],[344,217]],[[613268,154680],[-43,-390],[69,-399],[478,673]],[[613772,154564],[-390,-692],[-197,-31],[-100,146],[183,693]],[[614048,154726],[138,-249]],[[614186,154477],[-138,249]],[[614215,152979],[-90,-33],[-99,506],[139,368]],[[614165,153820],[-74,-611],[124,-230]],[[614208,152618],[152,-271],[676,336]],[[615036,152683],[-229,-262],[-522,-179],[-77,376]],[[614843,151369],[-359,-593],[177,-492]],[[614661,150284],[-261,425],[443,660]],[[600072,150417],[-14,220]],[[600058,150637],[14,-220]],[[614745,150401],[39,-70]],[[614784,150331],[-39,70]],[[599401,149366],[84,80]],[[599485,149446],[-84,-80]],[[599158,149135],[176,167]],[[599334,149302],[-176,-167]],[[614765,150296],[-179,-230],[83,-744],[240,-217]],[[614909,149105],[-195,15],[-261,868],[312,308]],[[615025,148990],[19,-6]],[[615044,148984],[-19,6]],[[615052,148897],[-55,-177]],[[614997,148720],[55,177]],[[599987,148395],[-38,-244]],[[599949,148151],[38,244]],[[598756,147903],[-88,-17]],[[598668,147886],[88,17]],[[615345,147900],[-350,254],[-54,386]],[[614941,148540],[404,-640]],[[598480,147743],[31,-134]],[[598511,147609],[-31,134]],[[598509,147608],[-145,69]],[[598364,147677],[145,-69]],[[615719,147653],[-361,225]],[[615358,147878],[361,-225]],[[596776,147570],[-18,-71]],[[596758,147499],[18,71]],[[596233,147516],[-188,30]],[[596045,147546],[188,-30]],[[597617,146981],[328,29]],[[597945,147010],[-328,-29]],[[617025,145481],[-493,93],[-100,287]],[[616432,145861],[593,-380]],[[443673,200164],[412,636],[495,79],[94,222],[1012,619],[1066,-1064],[363,-236]],[[447115,200420],[346,-489],[149,-470],[832,-166],[230,-615],[-31,-689],[329,-194],[287,-606],[650,-714],[60,321],[329,372],[413,-503],[546,71],[162,-876],[340,-219],[815,229],[447,-198],[159,-723],[905,-365],[219,339],[522,-88],[516,986],[98,1103],[178,496],[433,320],[1526,529],[612,-275],[556,1090],[63,284],[656,330],[192,365],[-41,454],[600,735],[348,114],[220,725],[301,-130],[364,544],[-60,585],[396,909],[477,15],[318,1229],[260,1688],[-88,859],[132,449],[38,814],[238,215],[117,624],[-123,720],[283,244],[311,-70],[631,834],[-7,295],[-527,879],[250,684],[238,224],[738,185],[363,-382],[431,939],[24,627],[-113,918],[700,182],[273,-419],[264,-112],[198,586],[733,991],[295,-70],[456,-2086],[282,229],[286,1049],[546,314],[426,390],[720,204],[338,884],[213,252],[642,-21],[227,-162],[748,-89],[522,396],[797,-85],[157,131],[595,-946],[402,-360],[500,-92],[122,-208],[373,317],[972,-1927],[140,-791],[862,-318],[477,1003],[393,113],[289,-230],[264,615],[218,62]],[[480203,215793],[262,-1078],[371,-116],[235,-389],[55,-781],[-689,-1182],[-874,-274],[-394,243],[-867,102],[-4,-1259],[373,-479],[711,-518],[-148,-249],[-502,-193],[-98,-271],[331,-872],[-33,-767],[462,-1323],[258,-281],[1192,-505],[-112,-563],[687,-1335],[380,-184],[141,-294],[723,-807],[1524,-1070],[26,-675],[229,-658],[682,-366],[135,-218],[427,4],[886,-1201],[539,-531],[533,-805],[-14,-476],[303,-776],[306,-258],[51,-697],[384,220],[676,-134],[382,-523],[13,-562],[-213,-689],[-467,-496],[-318,-591],[-242,86],[-570,-1100],[-385,-4],[-473,323],[-310,456],[-549,-175],[-280,-514],[-417,-19],[-1054,469],[-569,-572],[-332,142],[-59,421],[-321,183],[-1077,306],[-1301,557],[-94,568],[-395,251],[-198,624],[-80,857],[-803,971],[-81,-269],[852,-1189],[80,-690],[-161,-153],[82,-621],[316,-695],[179,-829],[11,-737],[-496,-114],[-449,433],[-76,404],[-302,31],[-798,-559],[-415,-451],[-451,-912],[-93,-1278],[-354,-119],[-382,-1558],[-271,-414],[60,-822],[-454,-721],[-215,-1073],[-261,-778],[81,-601],[-197,-607],[36,-1206],[-305,-117],[-57,-627],[426,-511],[-128,-332],[180,-500],[-395,-733],[-322,-1617],[-270,-663],[86,-788],[183,-377],[78,-814],[231,334],[502,-407],[132,-1293],[575,535],[248,-288],[-261,-792],[-690,-349],[556,-200],[-67,-973],[-264,-399],[159,-360],[-90,-425],[-328,1],[36,-555],[-569,-240],[471,-531],[232,179],[487,-120],[175,-575],[-486,-148],[-149,-410],[-565,39],[-204,300],[-454,-786],[258,-769],[-324,36],[-251,676],[-234,-281],[-48,-589],[-270,-78],[-188,705],[-401,-64],[-205,-736],[-699,-587],[-550,-1093],[-195,-639],[-470,-927],[-245,-283],[-232,-937],[-647,-803],[-407,-303],[-747,-123],[38,1069],[-302,24],[43,561],[-169,687],[-395,498],[-248,-384],[431,-546],[164,-450],[-218,-492],[328,-440],[-183,-589],[48,-943],[-394,-454],[-1276,-753],[-436,-497],[-166,-459],[198,-702],[106,-1029],[-677,-653],[-394,-76],[-586,-487],[-591,-319],[-450,-555],[-273,-660],[157,-446],[1027,724],[731,-97],[5,-506],[-330,-972],[398,-792],[-36,-959],[71,-842],[-139,-468],[-751,-505],[216,-285],[-56,-1095],[245,-314],[482,243],[482,448],[405,-182],[-72,-371],[484,-26],[-166,-2009],[-243,-1336]],[[447115,200420],[209,311],[243,830],[-63,455],[101,685],[326,222],[601,1257],[68,869],[-132,521],[4,886],[374,762],[409,-323],[276,621],[387,120],[225,273],[-283,467],[319,1292],[-247,252],[-483,-327],[-136,545],[176,621],[-291,677],[179,1580],[628,374],[405,-230],[577,608],[-171,408],[128,647],[320,-211],[261,251],[243,610],[423,-33],[199,796],[272,308],[551,-18],[391,454],[1,338],[-629,1184],[-562,-334],[-250,503],[277,469],[-145,1047],[380,448],[12,894],[-274,471],[358,597],[-10,563],[572,718],[383,168],[346,1238],[364,-545],[45,-474],[673,-32],[307,587],[522,38],[351,595],[-56,533],[232,754],[253,441],[-380,259],[62,820],[-145,302],[208,1548],[349,922],[282,396],[300,119],[-226,872],[37,487],[-368,1003],[30,2114],[376,1456],[-13,509],[-343,188],[-123,507],[116,316],[339,-57],[325,774],[45,628],[221,936],[-35,377]],[[457811,241657],[146,907],[176,389],[229,-77],[337,864],[584,-187],[360,1290],[134,1050],[292,15],[200,-568],[266,63],[762,-457],[33,-527],[385,-284],[391,954],[411,49],[83,669],[761,-112],[104,-216],[848,420],[420,-418],[392,-595],[79,-562],[333,236],[515,665],[68,432],[246,214],[486,-198],[72,-621],[860,60],[220,148],[203,602],[430,-750],[654,-50],[326,463],[720,-340],[753,11],[517,-189],[443,318],[436,-279],[442,587],[449,-891],[771,-456],[417,-568],[284,-854],[332,-342],[508,-147],[558,242]],[[476247,242617],[-597,-1130],[-721,344],[-194,-490],[411,-205],[725,-1001],[51,-422],[434,-824],[363,-305],[406,-33],[-71,-478],[329,-327],[393,187],[777,-950],[1,-1634],[-517,-177],[-249,-703],[-241,-13],[-546,-383],[-652,129],[-360,279],[-438,596],[-224,-269],[238,-733],[-275,-309],[-843,627],[-209,38],[-1044,-383],[-1132,421],[-755,-114],[297,-397],[177,167],[787,-167],[196,-224],[-329,-856],[281,-870],[839,-530],[362,0],[908,-524],[-1,-1113],[651,-358],[97,-574],[-732,-141],[-453,-339],[-173,-338],[-683,-268],[219,-699],[408,211],[280,-336],[239,208],[358,-471],[-221,-1329],[1027,198],[214,-322],[468,117],[12,-505],[-538,-805],[1016,321],[205,-641],[-1068,-345],[201,-309],[566,-165],[559,27],[-57,-460],[-362,-102],[-506,-976],[820,-209],[620,-463],[211,-417],[-49,-908],[81,-459],[915,-1519],[474,-1025],[580,-647]],[[476418,225840],[-346,-500],[-146,350],[492,150]],[[473282,233651],[225,-504],[567,74],[638,-479],[88,-407],[658,-141],[117,-210],[-357,-761],[-257,331],[-811,256],[-422,300],[-197,-121],[-738,167],[-286,658],[350,786],[425,51]],[[476528,228597],[-732,1037],[-245,807],[63,505],[242,356],[667,15],[519,-547],[-189,-1842],[7,-511],[-332,180]],[[476754,242025],[274,87],[821,-1289],[-286,-1127],[-448,-308],[-612,602],[-181,1260],[432,775]],[[477200,242434],[2058,5],[254,-550],[-191,-1310],[-449,-129],[-434,563],[-409,287],[-829,1134]],[[476515,231916],[-642,-141],[24,839],[592,-430],[26,-268]],[[478994,231898],[-194,-318],[-715,716],[-181,441],[117,569],[348,234],[416,-752],[209,-890]],[[475435,232321],[-591,209],[38,459],[561,-90],[397,-264],[-104,-396],[-301,82]],[[411172,52720],[-352,138],[-802,-53],[-1048,771],[-715,242],[-942,497],[-581,452],[-385,664],[-1091,536],[-1141,969],[-955,610]],[[371545,85132],[202,-225],[1044,-230],[277,327],[847,103]],[[567555,817520],[-11,-428],[131,-456],[-86,-217],[-505,-328],[-140,-529],[-650,64],[-180,-260],[161,-775],[426,-520],[591,-149],[-163,-613],[546,-1462],[619,-422],[-137,-375],[249,-1312],[830,-639],[867,-149],[319,179],[222,537],[651,353],[498,-421],[51,-1096]],[[571844,808502],[-102,-720],[-843,-916],[-108,-622],[207,-1580],[-121,-405],[-945,-729],[-375,-162],[-348,-502],[-254,-1146],[-793,-205],[-543,-601],[-589,-430],[16,-1018],[-573,-695],[-358,-1560]],[[566115,797211],[-204,-617],[-610,-652],[-121,-601],[-819,-490],[-209,-417],[-423,-145],[-905,-848],[-96,-728],[-699,-209],[-391,-465],[-415,-55],[-418,364]],[[560805,792348],[-412,249],[-948,128],[-749,499],[-568,873],[-642,724],[-329,571],[-474,60],[-488,286],[-618,-286],[-653,575],[-587,354],[-672,729],[107,643],[-471,592],[110,1142],[201,567],[-204,818],[-522,0],[-385,647],[-380,247],[-462,349]],[[570192,782954],[749,36],[-413,-628],[102,-244],[871,-120],[-683,-476],[-300,-551],[62,-1092],[673,-801],[317,242],[422,-440],[287,135],[681,-252],[356,-413],[570,27],[264,316],[577,-1390],[458,-916],[996,-1177],[527,-767],[442,33],[632,-559],[611,-1037],[344,-275],[601,-134],[703,-657],[42,-930]],[[580083,770884],[-446,-501],[-18,-1145],[-292,-1131],[-638,-929],[-1267,-922],[-429,-188],[-2304,-159],[-453,483],[-2716,-452],[-914,346],[-2024,-165],[-594,-262],[-570,-470],[-627,-830]],[[566791,764559],[-253,-661]],[[566538,763898],[-100,20]],[[566438,763918],[-179,487],[-343,140]],[[565916,764545],[-164,330]],[[565752,764875],[108,673],[-399,808],[-466,383],[-602,1262],[-313,1274],[126,924],[-298,524],[180,550],[567,204],[396,439],[667,1487],[35,1483],[431,417],[455,30],[439,601],[78,537],[-399,852],[41,478]],[[566798,777801],[125,834],[586,413],[94,252],[-386,574]],[[567217,779874],[164,252],[-123,746],[543,222],[155,1308],[485,669],[444,-86],[795,90],[512,-121]],[[550072,771489],[-199,-662],[-580,56]],[[549293,770883],[227,479],[552,127]],[[553274,776897],[261,-1096]],[[553535,775801],[-175,-834],[-586,-401],[8,-571],[353,-255],[150,-878],[367,-422],[113,-963]],[[553765,771477],[-251,-17]],[[553514,771460],[-193,549],[-502,518],[-325,84],[-502,441],[-119,-408],[-339,-232],[-964,-229],[-610,331],[-157,383],[-779,835],[126,1164],[267,936],[397,809]],[[549814,776641],[340,-522],[252,123],[740,-163],[140,242],[-57,826],[909,-127],[285,371],[310,-621],[541,127]],[[599528,831979],[569,-22],[-191,-493],[294,-320]],[[600200,831144],[24,0]],[[600224,831144],[266,272],[-160,519]],[[600330,831935],[20,42]],[[600350,831977],[501,147]],[[600851,832124],[-469,-147],[149,-619],[-429,-603],[-35,-787],[-241,-731],[-1456,-282],[25,-964],[-402,-892],[-413,-161],[-649,506],[-481,-390],[-137,-702],[328,-704],[714,-482],[452,253]],[[597807,825419],[-63,-684],[-591,-555],[-425,-65],[-322,-447],[-107,-569],[-302,-6],[-317,-518],[-125,-1052],[-635,-118],[-304,-1801],[-1049,-599],[-184,-1044],[-333,-236],[-363,-1508],[-187,-326],[16,-959],[290,-760],[482,-346],[346,-494],[260,-11],[-5,-728],[-602,-1381],[94,-405],[-190,-452],[96,-1529],[-122,-950],[167,-973],[240,-414],[-42,-513],[-384,-1111],[-1068,154],[-418,-127],[-425,-627],[-868,-204],[-851,-678],[-337,-907],[-294,466],[-626,-230],[-206,-1145],[-258,-740]],[[587795,800827],[-935,415],[-54,908],[-765,1005],[-30,789],[-361,801],[-38,460],[241,345],[-192,682],[591,1372],[-113,1330]],[[586139,808934],[175,395],[-156,1168],[383,911],[-18,426],[-576,1423],[-64,733],[190,690],[666,857],[-13,652],[-557,848],[-624,200],[252,575],[-177,516],[-115,1069],[30,626],[-501,56],[-346,1086],[-280,435],[715,8],[173,754],[624,218],[488,1005],[-41,696]],[[589564,828984],[15,0]],[[591267,828758],[14,0]],[[593399,831184],[-5,13]],[[593893,833070],[15,0]],[[598198,836634],[18,9]],[[600868,831544],[-2,462]],[[600866,832006],[2,-462]],[[601485,830117],[-296,164],[-288,1189]],[[600901,831470],[272,-1094],[312,-259]],[[601807,829321],[-363,18],[-166,326],[216,382]],[[601494,830047],[-41,-665],[354,-61]],[[566538,763898],[-39,-82],[52,-59]],[[566551,763757],[3,-4]],[[566554,763753],[-74,69],[-42,96]],[[565752,764875],[108,-217]],[[565860,764658],[-896,-97],[-333,-223],[-392,385],[-945,-48],[-91,-523],[348,-657],[-467,-129],[-583,74],[-153,-560],[-475,-655],[-25,-295],[-764,-226]],[[561084,761704],[-78,532],[137,605],[-164,515],[381,324],[-110,639],[-1293,784],[-680,-145],[-421,-443],[-305,77],[-492,-507],[-290,260],[-366,-230],[-680,-115],[-150,183],[-188,976],[-390,358],[-225,711],[-322,-200],[-570,635],[-385,145],[192,434],[-249,533],[-26,1171],[-330,614],[-88,1461],[-227,456]],[[553535,775801],[637,180],[376,-83],[341,-662],[442,329],[656,-456],[380,370],[281,-125],[318,577],[-56,950],[941,-127],[528,-745],[145,274],[731,265],[375,-39],[297,-405],[581,-72],[559,-359]],[[561067,775673],[780,-348],[311,353],[-209,835],[353,269],[541,-426],[506,-128],[356,294],[-426,1052],[-522,929],[-8,682],[945,-366],[678,174],[393,-358],[659,-255],[492,-524],[399,-222],[483,167]],[[566367,763356],[25,94],[2,0]],[[566394,763450],[-5,-10]],[[566389,763440],[-8,-62],[-10,-18]],[[566371,763360],[-4,-4]],[[565640,762320],[4,111]],[[565644,762431],[0,-6]],[[565644,762425],[-4,-105]],[[565589,762045],[30,199]],[[565619,762244],[-22,-186]],[[565597,762058],[-8,-13]],[[565409,761864],[128,59]],[[565537,761923],[-128,-59]],[[565321,761719],[68,113]],[[565389,761832],[-21,-34]],[[565368,761798],[-47,-79]],[[565273,761587],[-3,-5]],[[565270,761582],[9,65],[31,53]],[[565310,761700],[-6,-18]],[[565304,761682],[-31,-95]],[[561227,761250],[-1,76]],[[561226,761326],[1,-76]],[[564882,761159],[41,122]],[[564923,761281],[-41,-122]],[[563827,760354],[-31,402],[366,-69]],[[564162,760687],[-9,-5]],[[564153,760682],[-326,-328]],[[563967,760070],[-112,190]],[[563855,760260],[4,0]],[[563859,760260],[118,-165]],[[563977,760095],[-10,-25]],[[560805,792348],[-163,-926],[252,-525],[-22,-447],[-926,-609],[-1577,-516],[-348,69],[-533,592],[-160,-524],[-972,-1210],[-420,-73],[-303,-848],[-399,-392],[-849,-515],[-572,76],[-539,-528],[-322,-105]],[[552952,785867],[-132,56],[-274,-268],[-216,-26],[-474,192],[-538,-562],[-571,-384],[-867,728],[-35,519],[-528,-545],[-378,-89],[-264,729],[-253,223],[-995,82],[-764,763],[-1285,957],[-302,-697],[141,-312],[-166,-547],[-774,-692],[-295,329],[309,710],[-635,845],[92,582],[-385,158],[209,539],[-512,90],[-593,396],[-434,-179],[-201,611],[-570,552],[360,720],[-47,752]],[[540149,788914],[242,1797],[337,-206],[-112,-652],[-467,-939]],[[552917,785856],[-135,-58]],[[552782,785798],[135,58]],[[552750,785765],[-119,-118]],[[552631,785647],[119,118]],[[553274,776897],[33,908],[757,741],[-262,477],[43,694],[-180,507],[110,311],[793,520],[291,-30],[370,-660],[437,-250],[265,302],[301,-279],[378,202],[456,-481],[977,310],[190,-630],[458,12],[243,-370],[669,-56],[121,-1005],[380,-456],[479,-111],[498,-1338],[-14,-542]],[[586139,808934],[-205,352],[-1205,861],[-386,-157],[-570,106],[-693,-831],[-94,-532],[-431,-311],[-399,-801],[-1272,-175],[-93,-217],[45,-1193],[-211,-427],[-249,-1320],[-287,-618],[-246,-1006],[-865,-988],[-557,-873],[-374,-81],[-573,605],[-996,-324],[-276,-333],[-442,-958],[-1247,-1091],[-530,-34],[10,818],[397,652],[-6,716],[172,511],[-608,132],[-118,1104],[-369,294],[-525,1163],[-225,1142],[873,899],[297,553],[-257,674],[484,221],[338,422],[185,903],[-126,558],[-945,294],[-439,-268],[-126,-673],[-418,-345],[-733,144]],[[587795,800827],[-817,-1407],[-378,64],[-691,-408],[-578,-857],[-450,-422],[-1021,-515],[-304,18],[-722,-320],[-294,-736],[414,-501],[28,-483],[-275,-404],[-371,104],[-486,-365],[-286,-466],[-434,13],[-232,-461],[-723,-89],[-691,-972],[-285,608],[-346,-140],[25,-474],[-771,-179],[-277,211],[-707,-25],[-426,371],[-658,-1113],[-503,-223],[-183,-552],[14,-545],[-260,-277],[-702,37],[96,-428],[-744,-57],[-365,-658],[-285,377],[-478,-550],[-265,-57],[-506,-907],[-183,-1133],[234,-485],[476,-178],[66,-420],[-513,-1070],[33,-1200],[-740,-585],[-277,208],[-762,-222]],[[567217,779874],[-1009,308],[112,511],[-219,426],[-624,-187],[-190,558],[-284,85],[-557,-277],[-409,516],[0,383],[423,1534],[-51,345],[-533,614],[-37,694],[351,413],[-108,951],[517,737],[-337,571],[375,745],[176,754],[257,247],[656,222],[956,-128],[364,-507],[254,315],[477,30],[294,754],[-433,1023],[-123,878],[313,208],[-72,418],[781,831],[155,311],[-184,596],[-474,209],[-80,1555],[-474,550],[-587,187],[-778,-43]],[[572243,782451],[188,-1009],[-441,20],[253,989]],[[550072,771489],[580,-219],[147,379],[390,306],[669,-110],[427,262],[410,-455],[398,326],[421,-518]],[[561084,761704],[142,-378]],[[561227,761250],[-150,-208],[51,-832]],[[561128,760210],[-48,-556],[-812,-322],[-358,-378],[-319,258],[-840,-420],[137,-573],[-37,-715],[-576,172],[-344,906],[-13,665],[-346,-162],[-359,609],[-289,-882],[-553,173],[-62,409],[-442,793],[-534,559],[157,540],[-474,332],[-799,186],[-349,-46],[-455,314],[-315,-292],[380,-585],[457,-344],[311,370],[140,-1425],[-507,-43],[-249,-557],[135,-520],[-299,-203],[131,-621],[-681,169],[-461,-205],[-246,-628],[-482,142],[-554,-353],[172,1109],[495,633],[509,-32],[-36,495],[346,615],[-423,63],[-188,512],[-361,-601],[318,-526],[-872,-164],[-506,-205],[20,671],[-162,355],[-421,22],[-514,-459],[-544,-90],[-484,178],[-200,397],[-534,89],[-310,284],[374,498],[573,247],[121,-309],[595,-95],[-454,1056],[85,362],[667,191],[314,-233],[480,632],[-843,243],[-425,-64],[-863,-417],[-498,167],[-1009,711],[-297,-281],[-763,-155],[-1061,359],[1284,730],[648,1080],[112,1148],[-192,484],[356,415],[408,1013],[615,581],[137,386],[-147,515],[0,745],[703,-689],[129,380],[490,207],[-79,1374],[355,-721]],[[549814,776641],[-88,135],[447,858],[253,237],[-10,671],[239,855],[851,1297],[232,797],[-215,979],[-236,67],[-304,1265],[442,429],[188,813],[443,470],[575,133]],[[552750,785765],[32,33]],[[552917,785856],[35,11]],[[580083,770884],[400,-786],[251,-1042],[317,-615],[-4,-459],[417,-742],[624,-1948],[452,-1148],[-14,-507],[574,-927],[108,-378],[495,-694],[18,-262],[1333,-2570],[1085,-1394],[674,-996],[-112,-627],[612,-784],[191,-1172],[586,-792],[237,-799],[404,-360],[147,-860],[562,-640],[176,-1022],[-32,-639],[281,-934],[504,-706],[-158,-520],[68,-622],[-21,-1551],[530,-1824],[-74,-1219],[-239,-345],[-240,-826]],[[590235,740174],[-642,-67],[-561,680],[-140,1152],[112,1356],[-1134,338],[-678,1183],[157,1880],[-514,-257],[-1726,560],[-752,488],[-438,-428],[-24,-1057],[-1019,402]],[[582876,746404],[-1367,796],[-845,-160],[-340,807],[-839,-243],[227,1149],[-1261,420],[-1476,-797],[-486,1034],[-673,-494],[-282,-1099],[-752,52],[83,741],[-2043,-533]],[[572822,748077],[1545,4169],[18,689],[596,927],[-2070,1297],[-738,177],[162,1122],[-180,1747],[798,750],[50,622],[-1169,1039],[-510,1720],[-821,-52],[-672,400],[-59,836],[-1097,-987],[-911,708],[-446,926],[-527,392]],[[572822,748077],[-861,-1795],[-485,-73],[-837,-1453],[-1162,-550]],[[569477,744206],[-1244,719],[-801,-437],[-830,119]],[[566602,744607],[-1193,1086],[200,1003],[-997,115],[-302,1044],[-202,120],[-429,1988],[497,114],[795,-587],[290,1107],[-860,162],[-89,1141]],[[564312,751900],[691,958],[-917,1672],[-913,-41]],[[563173,754489],[-438,889],[-284,2261],[764,-11],[159,189],[428,-533],[-157,-953],[225,-89],[1245,-984],[586,-602]],[[565701,754656],[-718,-132],[470,-1137],[754,-737],[2158,434],[457,1082],[-734,342],[83,808],[-330,1189],[-647,-55],[-550,-979],[-877,-762]],[[565767,754709],[-828,868],[-1089,953],[145,562],[-112,1702],[68,356]],[[563951,759150],[-19,217]],[[563932,759367],[1,18]],[[563933,759385],[33,684]],[[563966,760069],[11,26]],[[563859,760260],[-14,1]],[[563845,760261],[-19,60]],[[563826,760321],[1,32]],[[563827,760353],[0,1]],[[564153,760682],[12,7]],[[564165,760689],[717,470]],[[564923,761281],[14,28]],[[564937,761309],[21,39]],[[564958,761348],[121,16]],[[565079,761364],[25,7]],[[565104,761371],[13,2]],[[565117,761373],[21,6]],[[565138,761379],[126,126]],[[565264,761505],[6,44]],[[565270,761549],[-3,29]],[[565267,761578],[6,9]],[[565304,761682],[8,21]],[[565312,761703],[9,16]],[[565368,761798],[30,50]],[[565398,761848],[11,16]],[[565537,761923],[-1,25]],[[565536,761948],[-1,18]],[[565535,761966],[37,35]],[[565572,762001],[17,43]],[[565589,762044],[8,14]],[[565619,762244],[21,76]],[[565644,762425],[0,6]],[[565644,762431],[15,4]],[[565659,762435],[7,-3]],[[565666,762432],[9,18]],[[565675,762450],[5,9]],[[565680,762459],[15,62]],[[565695,762521],[6,19]],[[565701,762540],[6,28]],[[565707,762568],[3,20]],[[565710,762588],[1,1]],[[565711,762589],[10,5]],[[565721,762594],[1,13]],[[565722,762607],[-20,18]],[[565702,762625],[-2,7]],[[565700,762632],[12,74]],[[565712,762706],[-3,12]],[[565709,762718],[8,15]],[[565717,762733],[1,18]],[[565718,762751],[8,12]],[[565726,762763],[20,26]],[[565746,762789],[3,7]],[[565749,762796],[1,3]],[[565750,762799],[1,39]],[[565751,762838],[16,26]],[[565767,762864],[3,28]],[[565770,762892],[12,11]],[[565782,762903],[1,19]],[[565783,762922],[1,5]],[[565784,762927],[5,10]],[[565789,762937],[3,7]],[[565792,762944],[11,18]],[[565803,762962],[21,19]],[[565824,762981],[7,6]],[[565831,762987],[200,100]],[[566031,763087],[19,30]],[[566050,763117],[138,98]],[[566188,763215],[18,15]],[[566206,763230],[160,125]],[[566366,763355],[5,5]],[[566389,763440],[5,10]],[[566394,763450],[236,247]],[[566630,763697],[-50,34]],[[566580,763731],[-18,13]],[[566562,763744],[-11,13]],[[562228,755218],[-942,79],[63,764],[-458,1031],[5,1017],[536,599],[927,-1124],[-51,-557],[124,-1379],[-204,-430]],[[569477,744206],[765,-1751],[-895,-1822]],[[569347,740633],[-1371,699],[-225,-795],[30,-2323],[644,-722],[657,230]],[[569082,737722],[691,-1474],[249,-1947],[1285,883],[312,1284]],[[571619,736468],[-159,-2621],[892,-269],[170,-1513],[415,-888]],[[572937,731177],[-462,-560],[-1336,-91],[-906,1705],[-2163,-652],[-475,1179],[-1777,-550]],[[565818,732208],[-88,-27]],[[565730,732181],[-527,-664]],[[565203,731517],[-39,-62]],[[565164,731455],[-4,-5]],[[565160,731450],[-1021,-644],[-186,27],[-939,1898],[-525,1362],[353,1319],[-702,1756],[-414,2646],[204,221],[-316,466],[-176,-492],[-1909,1372],[-397,764],[-537,360],[955,1610],[1022,-742],[536,702],[160,766],[-429,1244],[617,106],[499,-1217],[767,205],[68,742],[1428,35],[662,-480],[292,-639],[133,-1181],[212,-845],[537,525],[-430,726],[978,545]],[[561241,737762],[-608,-295],[-7,524],[-259,1657],[438,423],[436,-2309]],[[564312,751900],[-1235,906],[108,720],[-12,963]],[[562762,753953],[-1164,-1431],[-824,680],[654,480],[474,22],[257,491],[603,-242]],[[572937,731177],[1298,-833],[1194,493]],[[575429,730837],[395,-868],[-45,-977]],[[575779,728992],[-446,-811],[-942,-484],[-610,-1040],[-746,-3262],[247,-135],[323,-1948],[-683,-1683]],[[572922,719629],[-1166,866],[-631,-646],[-1326,-111],[-310,272],[-1296,-261],[-867,2207],[-547,-702],[-452,796],[-638,422],[-730,-487],[-384,-1388],[-592,-395],[-1155,-196],[131,1390],[-911,-210]],[[562048,721186],[-684,244],[645,1976],[504,64],[282,282],[345,-129],[8,754],[-233,128],[-656,-226],[-419,918],[1249,1139],[603,1211],[1183,7],[-817,729],[231,693],[-1051,64],[28,803],[-315,4],[-591,424],[2065,216],[488,627],[773,499],[132,595]],[[565730,732181],[-124,-505],[-403,-159]],[[565164,731455],[-4,-5]],[[562025,721180],[-233,-53]],[[561792,721127],[233,53]],[[561682,721101],[-120,-27]],[[561562,721074],[120,27]],[[572922,719629],[284,-1847],[1371,-2284],[43,-219]],[[574620,715279],[-1470,-1441],[-343,78],[-109,-456],[416,-719],[603,225],[658,-181],[-196,-851],[19,-580],[-441,-244],[-264,396],[-583,-645],[170,-537],[-214,-390],[-379,44],[122,1515],[-656,1955],[-446,-444],[-665,-296],[153,-269],[-474,-651],[85,-659],[1191,-1692],[-516,-538],[-531,383],[-467,-366],[450,-1093],[-224,-324],[-393,-51],[-100,-577],[-891,1564],[362,1275],[934,1047],[-240,132],[-61,681],[-354,77],[-249,-384],[-329,499],[-379,-972],[-641,1],[-133,-327],[-871,-837],[-369,-806],[60,-479],[-619,-1163],[-366,-441],[-732,273],[-19,1521],[-369,590],[-193,-293],[79,-705],[-219,-248],[-241,-1087],[-904,-556],[40,-612],[-168,-654],[-430,34],[-281,-320],[-112,945],[-339,413],[327,386],[-298,288],[47,1136],[190,743],[-1204,-148],[-205,550],[-374,-209],[-519,1117],[185,1653],[290,-7],[405,-1273],[236,824],[677,-278],[121,-632],[503,178],[-301,608],[-1005,290],[-49,573],[805,269],[-157,235],[-683,-363],[298,997],[-200,1635],[358,615],[-490,418],[-369,990],[643,-132],[328,219],[-690,1517],[-33,1274],[744,1562]],[[561682,721101],[110,26]],[[562025,721180],[23,6]],[[566832,719048],[-497,243],[-1071,-315],[264,-754],[1120,-534],[379,659],[-195,701]],[[574623,715266],[76,-385]],[[574699,714881],[-76,385]],[[560979,707621],[-253,-1029],[-871,-710],[-529,-305],[-726,601],[-151,560],[709,932],[830,618],[664,13],[327,-680]],[[564696,704790],[-311,-304],[-832,776],[80,847],[657,-213],[406,-1106]],[[575779,728992],[498,-918],[1530,-515],[889,-1358],[30,-1416],[1163,-40],[782,-474],[780,274],[1085,-818],[710,135],[975,-344],[1183,932],[925,-176]],[[586329,724274],[-56,-1618],[594,-119],[1383,-1443],[558,-821]],[[588808,720273],[-107,-1117],[-548,-1237]],[[588153,717919],[-1008,1620],[-792,-501],[-461,-1594]],[[585892,717444],[-339,-614],[-547,-166],[-68,249],[-799,70],[-455,-198],[-436,212],[-286,478],[-458,192],[-93,-671],[-1469,-90],[472,-1350],[-520,-554],[-145,-447],[56,-1575],[-977,512],[70,986],[-390,-70],[-338,-331],[-232,433],[-394,-51],[1,-704],[-820,474],[-499,51],[-222,560],[83,801],[-700,-539],[-83,200],[-751,-491],[-85,-225],[-769,295]],[[574623,715266],[-3,13]],[[577190,710940],[-1015,17],[-92,619],[-526,-453],[-235,89],[-358,2164],[676,0],[118,-502],[484,-449],[897,-88],[51,-1397]],[[583671,713109],[-588,-606],[-121,-613],[-395,-714],[-404,402],[80,1239],[-593,-162],[-333,721],[816,556],[1163,1243],[240,-818],[-233,-697],[368,-551]],[[588153,717919],[-782,-272],[-1064,-1015],[-415,812]],[[586329,724274],[689,587],[179,739],[742,249],[666,-278],[398,-788],[897,210],[771,-239]],[[590671,724754],[-27,-970],[-128,-640],[-956,-779],[146,-661],[-207,-854],[-202,-320],[-489,-257]],[[590235,740174],[-24,-413],[225,-510],[118,-941],[-127,-186],[33,-856],[-538,-1457],[-57,-1215],[112,-1028],[301,-1697],[-417,-361],[100,-364],[460,-482],[557,348],[498,723],[397,-768],[-610,-1471],[84,-206],[-333,-2362],[-497,-1786],[154,-388]],[[575429,730837],[477,253],[397,1085],[-35,874],[670,186],[-110,800],[-710,55],[-1139,1117],[281,2301],[271,569],[-850,960],[605,1515],[846,863],[726,306],[302,902],[669,298],[731,-290],[342,853],[1000,-1091],[807,433],[-53,902],[435,961],[1785,1715]],[[583754,728405],[202,443],[-157,1379],[-509,640],[-1123,-149],[-919,-2636],[782,-912],[348,532],[869,-228],[507,931]],[[604587,754314],[-87,-1135],[-780,345],[133,521],[734,269]],[[566426,691768],[-214,-209],[-166,-717],[-308,-454],[-349,-918],[-562,-38],[-151,-240],[-1119,-374],[-374,-418],[-228,60],[-1086,-243],[-560,256],[-322,-159],[-586,82],[-310,-613],[-1094,1115],[324,1570],[470,536],[535,829],[1344,526],[434,357],[297,-141],[642,352],[1866,416],[822,-499],[401,-367],[-97,-406],[391,-303]],[[565701,754656],[66,53]],[[569082,737722],[1287,350]],[[570369,738072],[474,-924],[660,2],[116,-682]],[[569347,740633],[-335,-1693],[1442,123],[-85,-991]],[[344298,199061],[224,-539]],[[344522,198522],[-745,-681],[-358,67],[-446,562]],[[342973,198470],[318,767]],[[343291,199237],[260,-206],[93,486]],[[343644,199517],[310,-370],[344,-86]],[[344298,199061],[176,738]],[[344474,199799],[813,47],[320,-434],[-142,-547],[-943,-343]],[[343644,199517],[374,879]],[[344018,200396],[529,-371],[-73,-226]],[[345989,200414],[74,-596],[-256,-176],[-235,726],[417,46]],[[343291,199237],[-166,630],[-328,440]],[[342797,200307],[90,278],[474,458],[490,-170],[167,-477]],[[342519,200213],[-179,319]],[[342340,200532],[179,-319]],[[342973,198470],[-179,-392],[-718,-417],[-464,736],[551,2008],[177,127]],[[342519,200213],[278,94]],[[324096,470619],[-57,-546],[70,-852],[-82,-1213],[454,-642],[52,-580],[-457,-1809],[10,-465],[-744,-2202],[-252,-440],[-485,66],[-403,-979],[-358,-373],[-423,-1177],[-497,-157],[-376,-763],[-380,-1125],[-60,-515],[333,-1115],[25,-1116],[-131,-1145],[413,-806],[151,54],[120,187],[98,-85],[2,-287],[132,-115],[350,94],[-139,-526],[129,-214],[109,115]],[[321700,451888],[8,-85],[13,-123],[130,-69],[65,-279],[-246,43],[-683,-650],[-134,106],[-637,-943],[-503,-479],[-374,-134],[-405,-724],[-341,-1031],[-521,-193],[70,-404],[-205,-457],[-780,537],[-565,834],[-520,224]],[[316072,448061],[230,730],[-14,731],[176,507],[-12,491],[-196,250]],[[316256,450770],[193,554],[-77,560],[287,123],[59,473],[-142,505],[663,503],[271,394],[47,753],[601,996],[-221,914],[303,1343],[-465,711],[367,1248],[-931,619]],[[317211,460466],[-321,707],[376,789],[117,670],[338,104],[95,370],[335,124],[-13,794],[415,174],[461,997],[-380,478],[40,603],[201,772],[-119,1226],[491,826],[-42,579],[413,354],[192,722],[-947,1121],[-116,875],[139,760],[-307,1216],[27,523],[-239,82],[-181,767],[273,490],[-45,642],[517,-43],[156,1719],[-710,348],[-81,-433],[-727,-75],[-91,204],[-745,657],[-1190,-21],[-286,-319],[-645,-1249],[-357,-492],[-370,418],[-868,561],[-412,-145],[-263,-738],[-940,747]],[[311402,478370],[79,455],[-127,543],[-337,340],[-146,581],[174,520],[-379,444]],[[310666,481253],[107,739],[197,112]],[[310970,482104],[344,-328],[1021,291],[53,422],[198,-118],[178,45],[204,114],[174,-54],[90,14],[130,95],[288,292],[150,243],[383,339]],[[314183,483459],[214,302],[174,115],[308,-381],[56,-8],[250,93],[467,-114],[633,-381],[13,-181],[42,-80],[158,-15],[202,161],[265,-128],[271,420],[291,322],[128,52],[66,-60],[121,-306],[145,-196],[894,-580],[391,241],[280,-39],[244,-168],[298,29],[93,86],[173,-7],[317,85],[524,-107],[395,154],[301,-93],[198,139],[176,-32],[96,33],[6,248],[-159,17],[-12,134],[115,106],[290,101],[486,598],[116,212],[138,90]],[[323347,484321],[61,-289],[41,-471],[386,-248],[16,-696],[-116,-753],[-218,-464],[188,-1735],[393,353],[-37,-1094],[180,-637],[-132,-869],[252,-709],[667,-559],[-446,-660],[-385,-1551],[129,-598],[-121,-1034],[-109,-1688]],[[367822,400079],[-15,62],[-144,157],[85,709],[-74,871],[-452,541],[-6,863],[-174,543],[-480,252],[-338,1069],[165,188],[-74,645],[414,1145],[299,531],[350,181],[60,510],[345,446],[662,-298],[267,-424],[660,472],[152,-42],[-233,-2581],[298,-504],[670,-39],[248,-413],[329,364],[370,-63],[217,304],[-101,539],[309,628],[725,816],[161,398],[-1,1518],[-329,909],[-283,326],[-352,-239],[-530,145]],[[371022,410608],[467,344],[233,562],[111,847],[226,-240],[49,185],[12,251],[443,191],[385,-176],[541,-457],[1526,513],[256,341],[856,51],[632,-507],[79,-407],[290,-456],[583,-537],[208,-12],[276,566],[479,223],[263,-1341],[282,-59],[147,-773],[-146,-503]],[[379220,409214],[-431,-273],[-66,-516],[214,-673],[619,-654],[294,-140],[106,-367],[-730,-1097],[355,-1190],[-55,-609]],[[310970,482104],[40,683],[192,335],[372,205],[176,499],[-22,495],[337,1477],[176,1027],[12,584],[52,312],[0,50],[-2,143],[-244,77],[-84,-183],[-137,-296],[-201,114],[-68,158],[-102,233],[-105,171],[-132,151],[-35,17],[-83,83],[18,184],[14,137],[-73,144],[-160,132],[-130,107],[-339,946],[-36,250],[-33,224],[-22,148],[-142,47],[-38,349],[-7,10],[-223,291],[-8,10],[-167,58],[-63,-34],[-74,-41],[-73,16],[-184,38],[-218,-219],[-10,-79],[-27,-204],[-183,-187],[-89,-634],[-212,-51],[-144,-68],[-119,-109],[-4,-195],[36,-629],[-110,-26],[-113,22],[-219,42],[-23,5],[-99,19],[-209,291],[-9,98],[42,257],[36,224],[-46,314],[-75,278]],[[307577,490604],[-7,242],[369,683],[-48,434],[144,513],[51,704],[277,1590],[191,676],[351,830],[252,474],[346,453],[401,161],[174,194],[175,405],[14,14],[88,33],[134,61],[321,1],[710,-250],[703,109],[434,329]],[[312657,498260],[151,-37],[26,-182],[211,-325],[121,-92],[338,26],[225,-266],[230,-960],[445,-516],[272,-669],[5,-692],[200,-498],[-111,-534],[101,-439],[267,-76],[738,154],[72,-387],[331,-358],[181,-1411],[114,-370],[485,-601],[466,-91],[394,254],[547,-135]],[[318466,490055],[301,-964],[23,-1391],[-301,-372],[-19,-367],[-448,-365],[-426,193],[-524,626],[-584,-442],[-202,-508],[98,-297],[-912,-950],[-533,101],[-819,-188],[-354,-565],[385,-549],[32,-558]],[[347110,455014],[-178,330],[-142,206],[-116,224],[-121,182],[-56,104],[-33,62],[-150,282],[-464,1657],[-583,1272],[-71,220],[-87,137],[-70,110],[-192,37],[-408,-323],[-202,-334],[-137,-123],[-188,-62],[-66,128],[-38,187],[-18,88],[-90,263],[-387,230],[-93,1],[-85,1],[-204,-49],[-77,63],[-492,2],[-204,272],[-176,212],[-69,83],[-46,60],[-56,63],[-332,245],[-114,3],[-217,5],[-64,65],[-122,122],[-249,122],[-646,-11],[-287,261],[-231,100],[-873,-225],[-167,-146],[-60,-161],[-49,-134],[-363,-529],[64,-518],[349,-185],[85,-317]],[[338535,459296],[-16,-34],[-151,-125],[-380,-148],[-701,-406],[-163,-401],[-14,-162],[14,-80],[34,-186],[1,-136],[-63,-324],[-124,-200],[-58,-54],[-176,-150],[-86,-98]],[[336652,456792],[-328,580],[-195,-126],[28,-204],[-58,-287],[-187,-212],[-111,10],[-151,268],[-3,262],[58,163],[136,214],[32,313],[-299,64],[-88,846],[-427,79],[-397,536]],[[334662,459298],[-13,1082],[-519,1038],[-298,957]],[[333832,462375],[372,233],[2654,11],[734,204],[721,30],[1570,-992],[398,-124],[96,870],[-965,785],[392,246],[587,913],[69,1461],[-213,187],[30,516],[-149,436],[204,731],[-130,568],[192,577],[383,-32],[170,321],[357,-465],[950,-973],[421,-152],[371,-549],[455,521],[627,290]],[[344128,467988],[826,-353],[562,-398],[787,-406],[422,539],[183,952],[493,90],[-140,621],[473,331],[173,538],[-134,383],[59,794],[220,694]],[[348052,471773],[1120,-1108],[459,-890],[453,252],[328,-327],[532,-1127],[1612,-1678],[1030,-329],[511,135],[463,-676],[545,50],[577,-630],[546,148],[259,-321],[110,-564],[250,-253],[-85,-598]],[[356762,463857],[-604,-1932],[799,-2427],[322,-324],[120,-631]],[[357399,458543],[-66,-1495],[-765,-981],[-195,-84],[-296,-1495],[-547,-808],[-1062,460],[-215,-182],[-558,809],[-340,197],[-400,900],[-610,473],[-510,666],[-1307,1084],[-395,-69],[-78,-342],[-533,14],[-309,-392],[-57,-718],[-345,-1029],[-710,-1880],[-196,-706],[33,-255],[-26,-74]],[[347912,452636],[-35,134],[-27,104],[-87,328],[-70,267],[-70,221],[-92,385],[-44,183],[-106,292],[-29,78],[-242,386]],[[356843,398622],[174,-192],[342,395],[289,-120],[391,681],[367,-166],[678,572],[684,1373],[214,544],[71,1117],[-139,673],[105,194],[-146,1158],[-3,718],[381,678],[-82,329],[326,465],[-188,421],[598,846],[-445,323],[-252,575],[-317,379],[2,344],[-322,198],[-127,525],[64,687],[631,1145],[493,294],[-142,786],[-697,-115],[-10,26],[1,37],[-2,7],[-1,3],[-54,14],[-85,113],[-146,116],[-54,185],[229,565],[320,134],[133,-20],[334,187],[174,313]],[[360632,415129],[688,514],[438,-320],[394,258],[970,-198],[858,146],[395,-124],[201,291],[355,-112],[355,191],[437,-710],[-364,-451],[-32,-537],[447,-478],[158,-602],[222,-110],[345,393],[164,433],[905,852],[590,281]],[[368158,414846],[371,52],[394,-671],[91,-416],[262,-242],[777,-205],[1156,-1257],[128,-649],[-414,-654],[99,-196]],[[346829,480666],[119,552],[-246,593],[9,456],[272,780],[-363,177],[-788,-20],[-195,234],[-209,-730],[-457,-229],[-120,-158],[-157,-271],[-92,133],[10,92],[-168,352],[4,97],[-103,157],[-373,231],[121,410],[-126,404],[-35,897],[-709,1007],[-338,41],[-777,-717],[62,-823],[-177,-248],[-385,2],[-1435,-836],[-779,349],[-125,-258],[-368,457],[-336,163],[-211,-207],[-476,236],[-209,346],[-694,-240]],[[336975,484095],[-102,454],[92,577],[-123,824],[426,1124],[-550,748],[227,565],[388,351],[-2,279],[493,828],[175,457],[-134,702],[87,728],[-410,189],[-347,529],[559,838],[-147,956],[181,380],[-29,1411],[663,515],[389,487],[369,-124],[341,404]],[[339521,497317],[393,170],[211,494],[454,-1082],[859,-146],[1310,-1144],[-57,882],[785,2038],[565,302],[258,390],[207,-102],[1180,176],[165,457],[450,530],[449,-344],[383,36],[694,-585],[172,140],[495,-675],[379,-907],[1086,-895],[111,-782],[278,-242],[271,311],[372,-606],[340,-46],[128,-306],[-40,-682]],[[351419,494699],[-2353,-2015],[468,-1476],[595,-20],[422,376],[498,216],[280,611],[309,186],[490,-954],[-836,-710],[71,-1613],[2838,-1276],[540,-1220],[-75,-550],[-360,-396]],[[354306,485858],[-265,-573],[-40,-469],[-542,-584],[-139,-1193],[27,-767],[-377,-179],[-404,-604],[-317,9],[-765,-1994],[-307,214],[-411,-306],[-585,154],[-162,462],[-598,263],[-69,441],[-694,-172],[-71,-78],[-34,-114],[-310,294],[-704,153],[-379,-186],[-229,-21],[-102,58]],[[357399,458543],[731,-34],[-74,-391],[856,-1075],[452,733],[438,-302],[501,-1597],[279,-582],[14,-352],[559,-545]],[[361155,454398],[-250,-1491],[618,-830],[88,-808],[920,-1624],[849,-790],[319,-767],[1907,-3380],[345,-494],[1106,-1037],[174,635],[284,-32],[129,-1153],[940,-2126],[67,-703]],[[368651,439798],[-828,-354],[-519,359],[-616,124],[-196,582],[-276,236],[-468,98],[-206,-700],[-967,-65],[-443,-141],[-541,133],[-354,-100],[-602,463],[-148,323],[-1255,284],[-173,-675],[95,-368],[-533,-12],[-957,805],[-299,21],[-771,-431],[-1086,-479],[-429,72],[-168,635],[-392,398],[-617,-616],[-450,-22],[-403,523],[-266,-436],[-372,360],[-379,-477],[-675,222],[-7,-713],[-368,-263],[16,-520],[480,-827],[-589,-467],[-270,161],[-95,448],[-68,68],[-69,-198]],[[352387,438249],[-57,1172],[355,1116],[339,1284],[46,1221],[-24,1951],[-75,464],[-503,903],[-126,344],[-55,280],[-166,299],[-336,313],[-179,187],[-368,386],[-77,-25],[-1078,890],[-381,491],[-394,867],[-586,1520],[-194,222],[-95,33],[-148,52],[-69,24],[-304,393]],[[323711,502865],[145,-231],[-109,-900],[-285,-415],[-85,-499],[-598,-262],[-342,-673],[-367,-337],[319,-489],[-352,-344],[-723,-100],[-564,-1527],[-353,-501],[710,-447],[278,-640],[207,8],[261,-1408],[-77,-1058],[-257,-588],[-237,-145],[-313,-1200],[-196,-252],[-1602,-599],[-608,53],[-97,-256]],[[312657,498260],[218,417],[113,124],[-77,274],[-13,7],[-713,-280],[-6,-2],[-6,-11],[-12,-36],[-26,-44],[-144,-49],[-211,69],[-123,200],[151,1142],[97,214],[144,168],[25,257],[-64,312],[455,70],[416,511],[51,511],[216,352],[185,713],[28,59],[25,22],[87,137],[18,525],[9,117],[217,1369],[36,69],[59,13],[86,-41],[15,-9],[30,-12],[69,-48],[88,-28],[189,-146],[269,-60],[359,170],[270,364],[68,284],[84,75],[116,-32],[27,111],[131,9],[281,341],[451,91],[227,306],[178,359],[25,148],[186,260],[125,70],[112,-12],[42,19],[361,647],[252,334],[28,11],[29,0],[3,0],[20,9],[33,44],[-27,86],[-9,61],[-2,16],[-17,95],[-9,74],[-43,219]],[[323347,484321],[228,-51],[325,14],[597,195],[706,621],[291,581],[421,452],[655,-61],[108,93],[82,186],[269,189],[372,128],[6,191],[98,323],[422,464],[3,728],[-573,995],[362,1175],[-372,476],[423,2351],[473,1497],[463,189],[628,822],[70,996],[-161,945],[224,895],[-465,711],[-103,426]],[[328899,499852],[221,155],[267,-450],[567,-175],[305,73],[51,-929],[262,-283],[409,324],[335,653],[503,489],[420,168],[535,649],[412,137],[97,150],[268,148],[37,733],[255,600],[-33,426],[497,-248],[774,163]],[[335081,502635],[192,-228],[102,-603],[616,-266],[835,-2392],[460,177],[469,-270]],[[337755,499053],[112,-645],[1654,-1091]],[[336975,484095],[-353,-774],[-733,-222],[-577,-445],[-217,-548],[55,-703],[-167,-439],[-565,-32],[-220,-803],[-373,-341],[-155,-561],[-574,-184],[-310,-744],[-264,-187],[-224,-546],[231,-308],[-190,-501],[736,-1373],[133,-648]],[[333208,474736],[-573,-388],[-357,-459]],[[332278,473889],[-438,-381],[-525,165],[-368,310],[-40,436],[-587,824],[42,503],[-532,-230],[-424,309],[-493,-225],[-154,300],[-287,-254],[-702,669],[-257,-189],[-318,169],[-353,-335],[78,-824],[-444,-505],[-155,-470],[-412,-178],[-4,-516],[-274,-1001],[-344,-715],[-453,-62],[-151,-642],[-389,-121],[-112,-234],[-86,-73]],[[324492,503939],[289,-423],[857,-495],[523,-194],[362,-537],[92,-518],[345,-611],[533,-361],[412,196],[469,-177],[410,-539],[115,-428]],[[327792,521204],[601,-1559],[1792,-1868],[236,-714],[265,-422],[195,-972],[1111,-1069],[443,-1950],[102,-1889],[561,6],[272,232],[617,952],[-87,1572],[330,45],[78,-675],[-29,-1181],[285,-141],[835,374],[240,-2114],[-737,-1459],[205,-779],[-455,-1390],[152,-2014],[310,-1295],[-33,-259]],[[360632,415129],[19,61],[45,301],[49,495],[-87,494],[301,780],[95,1521],[-374,950],[-611,371],[-109,125],[-67,18],[-12,32],[-33,86],[-121,16],[-51,-51],[-178,-180],[-111,-84],[-272,140],[-134,522],[-281,296],[-465,1742],[319,917],[168,144],[47,-18],[188,-69],[77,76]],[[359034,423814],[200,-97],[405,311],[129,-348],[415,-238],[748,-133],[284,-432],[480,-297],[322,84],[451,-423],[724,200],[362,-368],[84,377],[418,336],[457,622],[497,-227],[447,-23],[36,394],[515,386],[-266,629],[98,593],[-82,1045],[127,211],[462,-1],[225,324],[565,-185],[191,-951],[250,25],[139,451],[459,-149],[315,248],[589,124],[286,499],[427,74],[280,-269],[480,125],[250,280],[-80,475],[13,1005],[222,560],[625,-253],[239,383],[447,289],[-35,830],[-216,313]],[[372018,430613],[-16,498],[345,165],[216,688],[241,323],[487,-472],[-41,-1640],[280,-563],[336,-214],[65,-592],[1186,-142]],[[375117,428664],[608,-774],[-96,-540],[-23,-114],[28,-39],[-2,-134],[13,-20],[7,-112],[-6,-17],[8,-54]],[[375654,426860],[-623,-990],[-14,-405],[-233,-285],[-249,-125],[-63,-92],[-146,-37],[-170,-158],[-385,13],[-9,-203],[-445,-76],[-547,321],[-312,-412],[-287,-998],[-344,-483],[-111,-465],[-332,-531],[-44,-535],[-503,-963],[610,-946],[-330,-312],[294,-637],[-286,-602],[71,-812],[-688,132],[-170,-274],[-805,-207],[-452,150],[-129,-543],[-241,-95],[-701,304],[-250,-142],[-287,-1056],[230,-308],[455,-242]],[[368651,439798],[405,-619],[690,-4],[125,-125],[43,-4251],[352,-1344],[561,-402],[150,-551],[-147,-431],[361,-1330],[380,-267],[447,139]],[[359034,423814],[-15,238],[-27,26],[-124,126],[-420,70],[-96,116],[-407,20],[-135,144],[-995,244],[-940,556],[-360,103]],[[355515,425457],[-189,183],[-285,1414],[39,642],[-358,544]],[[354722,428240],[-551,889],[-246,89],[-313,863],[-17,425],[-295,578],[-600,541],[-316,698],[85,1411],[178,799],[-32,757],[-213,1019]],[[352402,436309],[211,554],[-226,1386]],[[336652,456792],[-43,-41],[-28,-23],[-117,-119],[-107,-802],[7,-832],[-299,-614],[-319,-91],[-385,423],[-293,-35],[-737,-424],[-466,-533],[-36,-1],[-124,-2],[-159,-154],[-53,-204],[-38,-147],[-50,-102],[-247,-245],[-144,-32],[-93,-21],[-32,-8],[-69,-15],[-163,-131],[-88,-204],[181,-556],[-301,-230],[-176,267],[-44,67],[-86,77],[-89,1],[-162,1],[-133,50],[-59,209],[39,182],[40,108],[66,178],[86,425],[2,510],[-90,213],[-96,84],[-161,56],[-4,1],[-87,32],[-144,50],[-894,29],[0,0],[-403,304],[-145,170],[-150,223],[-74,82],[-39,44],[-232,259],[-105,78],[-212,51],[-184,44],[-1102,1457],[-202,840],[-209,60],[-85,147],[-278,-37]],[[327037,457911],[-163,101],[-418,-336],[-17,-88],[-64,-316],[-18,-164],[-89,-168]],[[326268,456940],[29,600],[2,313],[-65,524],[261,1419],[-176,1147],[710,-307],[165,702],[441,-23],[475,-214],[276,-605],[136,-662],[298,-353],[304,74],[621,-429],[377,276],[190,-290],[451,5],[204,-857],[339,-43],[62,77],[38,179],[178,-66],[59,-597],[360,20],[336,922],[344,-151],[512,322],[190,465],[475,-205],[129,175],[673,-60]],[[332278,473889],[158,-440],[-397,-948],[-268,-1065],[-259,-286],[-217,-1633],[435,-156],[380,-718],[-196,-610],[79,-628],[-378,-950],[118,-448],[-51,-944],[120,-77],[166,-340],[98,-130],[215,152],[6,-199],[134,-480],[73,-363],[173,-457],[108,-416],[92,-520],[122,-127],[843,269]],[[326268,456940],[-295,-406],[-116,-38],[-383,-572],[-61,-194],[-37,-67],[-10,-22],[-11,-23],[-40,-59],[-112,-237],[-77,-215],[-312,-37],[-487,490],[-291,65],[-73,101],[-195,-267],[-355,-1623],[42,-314],[-94,-246],[-127,-144],[-61,98],[-35,58],[-108,-9],[-690,-273],[-60,-103],[-6,-189],[-81,-272],[-90,-123],[-67,36],[-52,221],[-111,-26],[-47,-354],[-126,-308]],[[333208,474736],[74,13],[155,-327],[510,-355],[123,-362],[682,-685],[257,117],[743,-99],[508,-436],[390,-544],[333,137],[721,-453],[616,165],[1148,149],[162,-250],[279,476],[552,-94],[490,-536],[185,-478],[536,79],[149,-252],[570,-59],[697,-345],[76,-329],[836,91],[317,-524],[-79,-1643],[-110,-204]],[[375654,426860],[462,-697],[436,48],[399,-293],[620,-1005],[160,-21],[844,401],[170,-959]],[[378745,424334],[-460,-1941],[-571,-116],[-1349,-929],[59,-705],[-95,-479],[257,-119],[345,-671],[-10,-852],[667,-612],[544,-1631],[464,55],[563,-462],[307,-914],[693,-157]],[[380159,414801],[159,-2766],[-183,-2394],[-305,-587],[-415,321],[-195,-161]],[[346829,480666],[-54,-150],[-21,-302],[-431,-86],[-296,214],[-87,-912],[716,-1866],[-708,-1357],[-848,-403],[-609,-710],[-305,-183],[805,-1047],[1132,-224],[630,-609],[300,-25],[149,-410],[850,-823]],[[263429,944040],[-78,-908],[-442,-1248],[-384,-749],[142,-1327],[334,-1525],[206,-561],[449,-508],[448,-209],[1451,-1380],[-610,-1899],[-521,-481],[-326,-639],[-367,-1672],[-107,-2535],[-236,-577],[-503,-432],[-1163,2],[-855,-727],[-1014,-1017],[-890,-306],[-1487,-39],[-1551,-124],[-180,621],[-2032,-1],[-1580,330],[-1220,606],[-1059,154],[-950,-834],[-787,-417],[-1531,-523],[-499,-490],[-203,-461],[-166,-1256],[-865,-317],[-623,-364],[-809,-934]],[[243421,921293],[-895,234],[-613,383],[-503,815],[-495,1168],[-385,367],[-705,270],[-916,-140],[-922,-949],[-1077,-29],[-1000,518],[-1702,368],[-2319,22],[-611,2041],[-570,435],[-1211,35],[-362,641],[-125,1176],[80,997],[-1171,-141],[-857,-261],[-614,-394],[-674,-877],[-468,-790],[-917,-1054],[-1123,-1038]],[[223266,925090],[-232,1856],[-297,995],[-519,1035],[-1017,771],[-991,981],[-244,1033],[-561,1333],[-300,1083],[-354,481],[-437,165],[-742,-122],[-771,621],[-571,1239],[-188,828],[-823,1696],[-1326,1310],[-1221,792],[-566,1003],[-472,2009],[-461,912],[-539,336]],[[210634,945447],[-237,817],[616,473],[947,384],[818,21],[397,195],[322,501],[619,579],[586,65],[325,480],[718,233],[1112,-446],[554,446],[-235,1066],[1280,619],[692,-7],[-77,853],[642,322],[662,88],[1208,-195],[1259,760],[896,-132],[642,725],[42,635],[684,481],[1164,45],[52,886],[580,703],[1331,669],[1100,-231],[1002,-337],[967,152],[945,354],[346,493],[-101,549],[311,419],[-143,800],[448,113],[429,-430],[-10,-384],[711,-689],[989,66],[330,-438],[-109,-633],[427,-234],[777,169],[340,428],[-56,483],[408,497],[2023,-232],[134,-368],[-24,-852],[-482,-712]],[[238995,955696],[301,-667]],[[239296,955029],[535,-76],[625,-500],[325,204],[696,-30],[1004,193],[629,372],[572,-53],[849,-441],[883,73],[647,-317],[1470,228],[824,-170],[511,227],[352,-126],[2008,-135],[428,-244],[214,-722],[355,-493],[435,-4278],[337,-336],[557,-32],[395,-260],[15,-482],[606,-835],[279,-791],[578,27],[826,272],[2290,-162],[178,-977],[628,-270],[1127,37],[987,-114],[1201,-6],[767,-772]],[[220387,894689],[85,460],[553,-124],[1366,-629],[436,-381],[335,-907],[299,-480],[748,-199],[416,166],[866,929],[2000,43],[924,337],[526,982],[-1613,1034],[-1197,874],[-1462,1335],[-288,467],[-114,1138],[256,1714],[-195,1173],[-888,804],[-643,1171],[-504,509],[237,1945],[-201,1104],[-590,951],[-87,1430],[-712,457],[-216,470],[-151,880],[-713,2089],[-403,796],[-537,606],[-311,785],[-331,2355],[-5,1164],[135,993],[-171,1734],[-163,546],[-774,1174],[196,206],[703,-61],[686,-239],[593,-37],[989,453],[905,658],[533,168],[556,-144],[805,-498]],[[243421,921293],[515,-905],[20,-988],[-608,-2257],[-231,-544],[-1507,-1827],[-571,-514],[829,-1568],[1166,-1326],[1100,-910],[1070,-1013]],[[245204,909441],[-722,-1444],[973,-654],[441,-418],[614,-901],[227,-573],[378,-441],[706,-409],[1216,-495],[421,-684],[162,-836],[532,-1594],[562,-1138],[586,-1519],[395,-749],[563,-684],[637,-518],[-1223,-822],[-1120,-342],[-1831,-93],[-587,-358],[-553,-861],[-580,-700],[-337,-653],[-1022,957],[-1353,352],[337,-1183],[597,-1295],[183,-721],[-202,-1119],[-736,-1743],[-623,-1090],[-628,-1980],[-311,-2346],[-547,-532],[-1922,-1334],[-339,-620],[-25,-761],[231,-1009],[444,-1406],[34,-760],[-4,-3550],[197,-1591],[395,-2064]],[[263429,944040],[246,-154],[398,721],[896,305],[1260,-2],[-294,811],[781,399],[667,-326],[500,-775],[487,495],[624,100],[232,-319],[886,-16],[596,-176],[844,-1094],[667,-436],[355,196],[582,819],[333,8],[494,-1016],[1057,788],[296,-324],[756,54],[311,-236],[1415,-113],[113,-843],[1144,-278],[43,-394]],[[279118,942234],[-44,-630],[-492,-1527],[-1376,-1608],[-573,-543],[76,-895],[-56,-1255],[557,-671],[875,-568],[888,-952],[554,-902],[1411,227],[1615,-236],[703,-241],[1378,-784],[666,-547],[819,-866],[355,-132],[1653,-188],[455,53],[1146,419],[1159,14],[667,-243],[525,-614],[718,-426],[1831,1188],[273,328],[233,964],[404,211],[1301,-67],[1368,124],[315,-775],[128,-2081],[535,-2584],[-360,-580],[-733,-1533],[-299,-1400],[260,-1810],[-12,-1070],[-216,-706]],[[297825,919328],[-1111,-334],[-898,-482],[-1547,-617],[-440,-632],[-802,-663],[-697,-298],[-1652,62],[-465,-149],[-450,-405],[-352,-1086],[105,-1146],[-113,-947],[-212,-751],[-8,-1025],[153,-503],[618,-825],[498,-309],[1035,-342]],[[291487,908876],[-305,-1359],[-1029,-1255],[2,-1198],[-266,-1537],[-540,-629],[-713,-541],[-554,-245],[-896,214],[-540,-82],[-389,-424],[-88,-959],[-208,-517],[-566,-660],[-373,-785],[-119,-1743],[-382,-1661],[-494,-1038],[-722,-1184]],[[283305,893273],[-765,180],[-599,590],[-329,694],[-419,-276],[-1001,-1084],[-731,-456],[-1574,204],[-649,191],[-196,1277],[-931,1734],[-390,444],[-479,1148],[-515,446],[-826,-143],[-915,-647],[-1488,-787],[-436,1501],[-159,1150],[89,1390],[-218,1186],[-328,590],[-1193,1392],[-808,177],[-1052,1061],[-1115,744],[-470,103],[-1525,1241],[-626,345],[-2300,444],[-856,-38],[-1243,-326],[-422,1295],[-540,456],[-1700,295],[-1339,-96],[-1464,172],[-1785,827],[-800,677],[-644,72],[-2779,-1061],[-1771,-539],[-810,-405]],[[332219,951757],[432,-258],[378,223],[303,-446],[675,-369],[186,-353],[442,-26],[466,-380],[810,14],[757,190],[412,-196],[284,406],[591,-162],[370,-568],[-255,-542],[238,-252],[-177,-618],[364,-107],[1260,395],[862,-193],[415,-558],[493,-286],[730,-17],[502,210],[618,-76],[446,704],[422,-325],[413,20],[629,-420],[1368,-146],[543,536],[785,391],[244,668],[575,283]],[[348800,949499],[810,-714],[725,-1024],[260,-745],[71,-792],[577,-620],[-156,-239],[-816,-172],[11,-1328],[176,-623],[370,-528],[1077,-1226],[463,-841],[-585,-620],[-11,-1598],[-288,-1665],[-452,-1056],[-726,-3965]],[[350306,931743],[-728,348],[-979,-128],[-568,-601],[-1739,622],[-1246,-1280],[10,-864],[2571,-542],[1316,-721]],[[348943,928577],[885,-855],[712,-838],[-278,-862],[128,-1638]],[[350390,924384],[95,-1352],[-40,-1817],[-352,-1031],[-937,-822],[-339,-645],[-347,-1020],[-392,-706],[869,-1249],[143,-1133],[978,-504],[2015,-165],[-120,-756],[76,-1201],[589,-2386],[-2245,-127],[-394,-825],[-1513,-76],[-428,-176],[-1244,-897],[-844,-866],[400,-963],[509,-567],[90,-585],[-239,-497]],[[346720,904018],[-1887,-511],[-826,-108],[-775,95],[-1039,-203]],[[342193,903291],[-166,1344],[-645,702],[-1861,1701],[-555,801],[-823,1660],[-483,668],[-667,337],[-464,29],[-538,1177],[-195,669],[-1197,605],[-457,721],[-84,1131],[-253,1148],[-732,1447],[-957,1211],[-1466,225],[-1070,1014],[-107,860],[-381,692],[-772,736],[-382,2995],[-372,1371],[-279,682],[-793,-513],[-503,-83],[-349,200],[-305,704],[-463,439],[-716,138],[-469,308],[-767,853],[-120,289]],[[322802,929552],[-301,1674],[74,899],[338,957],[467,628],[770,259],[447,740],[1213,1137],[570,240],[2350,658],[617,331],[805,843],[390,749],[307,893],[375,388],[1249,-41],[1113,823],[-619,659],[-1565,847],[-693,212],[-1244,607],[-791,252],[-1324,693],[-293,391],[-29,492],[272,657],[820,1031],[304,577],[1064,1159],[561,1764],[794,831],[1376,855]],[[383660,829118],[12,2651],[226,1745],[75,2295],[175,1086],[-229,3767],[-573,1488],[-134,1399],[53,2261],[190,1975],[-41,963],[-850,2870],[-311,1800],[-334,1426],[-415,1058],[-979,2137],[-64,912],[376,2979]],[[380837,861930],[278,290],[482,1299],[319,1670],[411,1540],[1718,127],[2209,28],[1625,119],[7,853],[206,1325],[483,789],[924,355],[645,94],[-219,624],[-921,3157],[-165,1153],[-274,1171],[-211,1296],[238,2483],[432,2106],[217,799]],[[389241,883208],[463,1062],[138,1128],[488,1515],[834,849],[699,961],[749,1258],[480,1243]],[[393092,891224],[1247,-1022],[273,-355],[505,-1594],[791,-1054],[903,-511],[1459,-40],[1221,-364],[463,417],[1142,688],[805,804],[406,546],[784,1865],[130,518],[-225,2145],[391,412],[913,-311],[360,-367],[559,-1056],[683,-948],[983,-1171],[1221,-2371],[465,-1749],[2923,-630],[862,-50],[183,456],[1363,1476],[473,702]],[[414375,887660],[1919,-898],[1010,-695],[1007,-509],[476,-617],[541,-1434],[253,-1198],[89,-2343],[-301,-2998],[684,-650],[513,-1264],[860,-1230],[258,-828],[-139,-1215],[304,-1973]],[[368009,918729],[2265,-468],[2023,-516],[548,-266],[577,-26],[1748,689],[458,-946],[490,-634],[596,-1028],[889,-1092],[1705,-600],[420,-382],[46,-470],[-231,-1006],[-408,-2539],[-947,-230],[-1309,40],[-517,242],[-1081,965],[-752,219],[-985,38],[-1128,-216],[-1441,-152],[-1368,531],[-218,630],[-1,1203],[-293,990],[-371,573],[-79,2008],[-636,2443]],[[388375,913641],[-160,-992],[-62,-1192],[370,-470],[-167,-635],[-661,-1019],[49,-1106]],[[387744,908227],[-1456,8],[-527,2528],[132,1272],[321,740],[698,734],[285,473],[1178,-341]],[[377725,905338],[1390,518],[361,-592],[202,-877],[-812,-145],[-511,-343],[-630,1439]],[[389241,883208],[-1307,-104],[-1090,251],[-953,753],[-636,1605],[-318,1352],[455,1299],[454,899],[-137,947],[-681,1295],[0,945],[727,1539],[-1226,595],[-1095,1403]],[[383434,895987],[439,281],[1089,276],[849,11],[1483,-320],[1182,-157],[1533,793],[691,437],[464,530],[594,1307]],[[391758,899145],[581,-888],[358,-925],[661,-472],[141,-775],[-293,-1378],[-49,-891],[105,-856],[-30,-1201],[-140,-535]],[[414375,887660],[352,859],[425,1371],[132,1266],[-220,1022],[-52,1297],[276,1183],[373,647],[896,949],[-133,1114],[213,1293],[305,695],[328,2188],[638,1506],[324,469],[1062,969],[1113,782],[2650,-976],[-185,1135],[26,1547],[235,1574],[391,783],[545,428],[1150,653],[1125,745],[1175,391],[1573,73]],[[429092,911623],[71,-897],[404,-2464],[780,340],[1198,258],[831,-203],[1262,-563],[4394,-745],[519,-29],[1414,-755],[1431,-1495],[929,-625],[993,-1031],[1646,-988],[1323,-976],[-531,-2097],[-88,-1083],[75,-925],[356,-851],[1026,-941],[888,-563],[509,-548],[525,-923],[1316,-1718],[1903,478],[1613,243],[3092,-31],[819,414],[945,233],[3735,46],[964,-147],[562,-543],[2189,-4755]],[[283305,893273],[831,-1025],[-116,-461],[178,-955],[388,-1018],[399,-1371],[398,-439],[836,-553],[955,-1133],[670,-582],[1614,-1780],[139,-896],[1173,-1147],[570,-829],[406,-2013],[210,-1353],[11,-2003],[-62,-1064],[-226,-1178],[-432,-1635],[-571,-1461],[-600,-1234],[-557,-1390],[-142,-1132],[160,-1439],[1,-1227],[-236,-1506],[-488,-1482],[-366,-607],[-441,-383],[-857,-320],[-355,-782],[-38,-758],[17,-2822],[267,-2138],[-296,-2010],[-161,-2350],[11,-1521],[-386,-1012],[-1,-948],[-133,-724],[-727,-1432],[-252,-1245],[26,-1376],[333,-2215],[-14,-4675]],[[350306,931743],[402,-986],[18,-680],[-883,-892],[-900,-608]],[[297825,919328],[1440,-817],[408,-117],[806,76],[3130,690],[459,326],[264,538],[329,1219],[36,989],[1142,-372],[1536,-947],[455,-163],[679,67],[278,356],[40,665],[714,474],[1797,276],[-886,1315],[-211,548],[-30,634],[176,897],[557,1460],[555,710],[890,385],[530,412],[-400,551],[-1182,599],[1319,1212],[354,454],[510,1502],[1772,-1142],[612,-233],[1917,-1005],[1384,-625],[628,-576],[865,-280],[869,-34],[1235,180]],[[342193,903291],[-331,-461],[-487,-304],[-708,-211],[-1634,-9],[-1104,173],[-543,226],[-899,1121],[-424,373],[-746,196],[-1109,712],[-677,100],[-626,579],[-651,-463],[155,-873],[586,-737],[-66,-785],[-429,-799],[-808,-709],[-290,-778],[-125,-1138],[-322,-801],[-433,-346],[-464,314],[-945,1040],[-388,132],[-1296,-242],[-453,-252],[-1067,-240],[-562,-244],[-448,-457],[-343,-725],[-694,-352],[-1416,-171],[-1495,-27],[-879,-92],[-907,-261]],[[319165,896780],[-558,12],[-503,349],[-947,-354],[-834,-6],[-1437,181],[-819,-124],[-618,105],[-663,1190],[-350,388],[-1235,577],[-233,485],[-161,1048],[31,845],[227,780],[-2184,-737],[-1288,-354],[-1405,-831],[-213,1239],[17,800],[-188,929],[-60,1452],[-261,899],[-954,1344],[-99,404],[-2,1540],[-897,-267],[-1752,-357],[-706,-351],[-646,-990],[-799,-473],[-457,-101],[-1542,17],[-780,260],[-329,470],[-804,616],[-374,729],[-183,1023],[-50,999],[-2036,-339],[-936,-517],[-650,-784]],[[319165,896780],[510,-889],[662,-1504],[837,-1382],[-157,-628],[418,-1053],[-257,-1365],[-50,-2942],[-376,-766],[-1077,-863],[-436,-683],[-96,-730],[16,-1074],[324,-1633],[23,-742],[-245,-1184],[-526,-992],[-8,-1033],[-891,-1479],[-111,-1036],[-26,-3769],[90,-908],[685,-1432],[604,-412],[1192,-415],[491,-505],[994,-652],[374,-755],[-392,-618],[-178,-1315],[98,-830],[549,-993],[396,-1229],[553,-2279],[156,-1167],[514,-2438],[346,-904]],[[324171,854181],[-588,-825],[-824,-249],[-1781,-923],[-1408,-937],[-1067,-296],[-856,-67],[-4981,8],[-2155,-327],[-949,193],[-437,276],[-1158,1448],[-1157,1596],[-661,386],[-691,690],[-504,341],[-740,238],[-702,-88],[-821,-286],[-718,-113],[-665,-458],[-180,-833],[323,-2866],[-21,-4233],[206,-3242],[193,-2020],[364,-2889],[460,-2621],[198,-2011],[11,-2376]],[[380837,861930],[-1875,-900],[-455,-79],[-1271,389],[-2167,-604],[-1578,-319],[-1268,-379],[-2059,-1240],[-724,-642],[-1226,-585],[-813,-808],[-584,-292],[-970,-254],[-1219,-12],[-702,387],[-1512,1506],[-325,604],[-317,1180],[-1353,2221],[-602,1716],[-1268,205],[-2404,-62],[-1096,-262],[-610,-24],[-846,160],[-916,298],[-482,274],[-1548,334],[-1370,409],[-861,456],[-411,411],[-420,872],[-381,1652],[-292,1672],[-571,1658],[-975,-332],[-2163,-175]],[[343203,871365],[-29,1137],[144,1554],[-179,357],[-410,135],[-883,1448],[-199,896],[-23,1333],[225,702],[949,1022],[643,330],[889,-125],[1513,63],[500,293],[271,530],[173,1134],[377,1441],[652,1107],[460,1304],[844,-103],[913,39],[733,523],[552,1534],[277,1925]],[[351595,889944],[2172,2021],[849,1200],[2499,-987],[585,-370],[1060,-968],[764,1556],[916,1278],[858,1321],[1016,345],[867,-207],[591,-644],[795,-481],[1021,-339],[567,-747],[5161,-33],[1296,-321],[606,-378],[1374,-1462],[599,-429],[2308,156],[721,196],[981,433],[321,289],[494,810],[721,413],[821,121],[517,335],[152,354],[236,2377],[971,204]],[[324171,854181],[1316,580],[1047,369],[3060,641],[918,54],[3749,-11],[1382,33],[-515,1432],[-118,601],[338,1198],[525,788],[292,729],[512,1876],[1064,2251],[285,996],[779,412],[405,982],[1710,961],[681,652],[884,1119],[656,1150],[62,371]],[[346720,904018],[4,-919],[145,-902],[260,-659],[1337,-1466],[243,-656],[-70,-1411],[-443,-138],[-638,-683],[861,-1253],[452,-911],[209,-839],[15,-1478],[360,-768],[1248,-947],[892,-1044]],[[350390,924384],[2383,-1036],[2299,-813],[439,31],[1035,608],[796,177],[2363,1319],[-481,1720],[1112,858],[870,346],[1773,462],[1260,-324],[530,-581],[59,-635],[-363,-1173],[771,-621],[991,603],[1181,-724],[1493,-769],[285,-437],[906,-472],[1197,-208],[617,245],[1096,1028],[1003,9],[944,227],[717,-6],[421,-194],[566,-678],[1157,385],[1644,725],[496,-72],[596,423],[722,2175],[-120,830],[-882,511],[-423,463],[-506,967],[686,697],[696,523],[1153,321],[1097,-31],[821,-325],[914,-681],[747,782],[607,395],[1028,443],[1791,147]],[[388877,932024],[297,-392],[1790,-1909],[359,-644],[767,-1770],[187,-1018],[417,-1240],[329,-1792],[813,-3157],[-21,-772],[-320,-853],[-510,-668],[-356,-1349],[-349,-580],[-845,-603],[-989,-1029],[-1275,-654],[-796,47]],[[387744,908227],[-177,-1072],[716,-1557],[454,-742],[324,-1088],[544,-984],[621,-2014],[659,-930],[873,-695]],[[429092,911623],[-827,2084],[-477,1546],[-245,2143],[-210,1167],[63,1124],[170,598],[17,993],[-247,930],[-504,881],[-1044,2220],[-556,976],[-544,1652],[32,556],[504,1352],[-142,651],[-574,963],[-196,617],[-109,1466],[-194,1255],[-168,297],[-1471,1036]],[[422370,936130],[1908,844],[866,594],[1143,277],[751,296],[462,-43],[559,-88],[123,-51],[94,17],[766,-121],[832,77],[621,283],[1039,876],[929,361],[1046,2104],[636,1407],[1370,896],[1093,613],[140,573],[1220,216],[355,196],[858,1113],[1328,501],[2889,2118],[1545,609],[1269,-686],[561,-102],[854,219],[800,-43],[1262,-293],[1624,-877],[662,-932],[110,-341],[1162,-1199],[777,-607],[769,-392],[1407,-508],[994,-104],[700,-218],[598,23],[2236,1269],[927,665],[1587,348],[993,-573],[1392,-560],[1355,-413],[948,-1450]],[[348800,949499],[323,755],[343,-95],[818,168],[390,-163],[891,269],[469,657],[609,-408],[479,10],[625,525],[128,499],[727,-59],[413,-260],[1079,46],[752,331],[967,930],[473,61],[762,-490],[950,212],[807,-449],[928,-36],[1340,215],[530,-423],[863,49],[828,-406],[107,-858],[183,43],[165,-10],[589,60],[754,-637],[1290,337],[507,-79],[603,404],[785,-44],[2160,-618],[1578,-1369],[195,-726],[481,-742],[214,-688],[1340,-1051],[1332,-2],[326,-326],[2080,-133],[816,232],[441,-34],[636,-760],[1567,119],[79,-471],[-450,-533],[239,-343],[-71,-519],[299,-1292],[-322,-362],[328,-868],[424,186],[376,-758],[1058,-855],[706,-331],[670,-127],[437,-995],[70,-600],[668,-221],[51,-635],[833,-758],[520,130]],[[389358,935203],[-344,-1612],[-137,-1567]],[[362728,932137],[966,-361],[1506,-171],[522,287],[968,790],[1324,295],[317,-479],[784,-533],[1256,-502],[1903,681],[-33,1177],[-140,856],[182,1626],[-1,1537],[-196,592],[-544,558],[-964,514],[-1120,413],[-346,-576],[-585,-585],[-427,-92],[-796,222],[-1572,942],[-769,262],[271,837],[542,667],[928,2716],[-1111,549],[-672,-2115],[-1185,-918],[-704,-700],[-10,-1239],[516,-1520],[3,-1205],[-434,-3026],[-379,-1499]],[[279118,942234],[448,-203],[495,-512],[801,130],[418,459],[617,-10],[855,521],[92,298],[585,374],[57,376],[-305,608],[586,229],[881,553],[712,29],[469,-805],[629,92],[-251,445],[280,398],[398,-66],[414,602],[847,224],[-61,559],[547,464],[-101,477],[697,411],[-124,670],[568,526],[247,905],[515,426],[-332,1342],[534,1007],[-529,956],[-1225,564],[-646,550],[-615,798],[-236,1074],[-195,259],[-92,870],[695,891],[-340,176],[-1350,1279],[-288,905],[353,410],[281,1249],[370,1014],[286,1273],[-82,895],[611,848],[320,932],[732,323],[971,-160],[51,145],[233,635],[-213,550],[131,760],[261,291],[504,1163],[495,735],[712,-50],[665,642],[1486,696],[869,845],[162,1022],[212,222],[19,1005],[336,510],[151,1066],[521,327],[560,-107],[272,-860],[279,-319],[437,58],[586,-696],[396,175],[607,-351],[381,91],[284,-937],[1858,-94],[210,259],[1013,-1160],[1696,349],[177,-1038],[617,-1317],[781,-306],[971,-130],[367,324],[940,-177],[1481,-23],[861,-223],[577,354],[301,-202],[1455,-387],[511,-514],[1839,-1094],[581,91],[264,-649],[818,134],[394,-907],[437,27],[523,393],[398,-603],[544,-289],[284,-513],[661,-2],[202,544],[392,184],[1175,-521],[36,-415],[1186,202],[664,-527],[731,-303],[332,238],[417,-369],[573,-41],[900,-435],[473,-1171],[-519,-81],[-57,-655],[237,-935],[-143,-574],[267,-1252],[506,-273],[265,-1064],[-129,-615],[223,-201],[-286,-677],[-14,-855],[816,-568],[443,-728],[-366,-778],[1424,-1020],[726,-317],[275,-593],[-68,-447],[604,-309],[63,-814],[258,-663]],[[189409,932851],[920,-70],[652,150],[284,663],[844,458],[608,554],[-81,1084],[-391,440],[632,414],[-187,408],[540,529],[719,-135],[380,347],[726,1],[326,-322],[481,-10],[1014,471],[712,-563],[568,-211],[774,94],[299,-238],[345,542],[-69,1083],[524,-86],[51,-404],[484,-810],[503,339],[385,-24],[1225,605],[290,422],[-392,538],[-25,693],[510,201],[1140,-927],[692,773],[261,464],[907,313],[349,-54],[703,294],[550,417],[-50,888],[-817,338],[91,562],[-260,286],[187,871],[987,424],[1438,78],[893,286],[503,420]],[[389358,935203],[353,-59],[511,281],[359,-206],[1194,154],[529,-132],[706,158],[1088,-297],[1040,434],[1493,-363],[613,-440],[1037,-962],[596,-261],[1116,74],[643,-85],[320,-45],[757,-238],[475,62],[2268,-634],[733,-121],[1144,684],[487,679],[896,-670],[1099,-186],[900,-285],[1308,170],[1860,876],[2732,1191],[765,627],[1346,-531],[209,34],[1360,842],[892,55],[406,-158],[1235,30],[542,249]],[[319073,223001],[360,1071],[369,413],[87,-498],[-257,-726],[-559,-260]],[[322407,236405],[322,-651],[337,-336],[353,71],[407,-635],[117,-556],[299,-626],[-83,-687],[-198,-52],[-220,-581],[214,-1178],[-252,-918],[206,-227],[470,-1003],[825,-530]],[[325204,228496],[209,-117],[143,-544],[-32,-745],[147,-247],[-123,-501],[193,-1288],[-221,-131],[-626,-2407],[-1266,39],[102,-2554],[-528,-1563]],[[323202,218438],[-552,488],[-499,166],[-1084,767],[-196,275],[-217,742],[-422,849],[-361,65],[-679,415],[-20,496],[316,487],[285,-83],[203,906],[-101,1526],[-89,439],[-401,831],[-96,1686],[-97,410],[-482,702],[-40,423],[-687,645],[-317,824],[-372,728],[-367,1471],[-209,486],[-927,1079],[-468,875],[-771,710],[208,743]],[[314760,237589],[524,59],[433,239],[91,-564],[276,-87],[-81,-471],[572,152],[535,-711],[73,-295],[379,77],[627,-226],[333,-270],[223,103],[94,-741],[822,324],[15,449],[-146,973],[358,288],[234,-501],[467,-270],[225,-572],[576,-599],[601,754],[-5,668],[421,37]],[[322438,226674],[193,-199],[152,-601],[-137,-396],[208,-275],[759,206],[17,812],[-155,446],[205,912],[-260,550],[-700,48],[-368,-585],[-38,-690],[124,-228]],[[322943,222724],[261,748],[-100,718],[-255,-86],[94,-1380]],[[330736,210899],[357,141],[45,659],[-460,256],[-117,371],[232,275],[-23,571],[229,1045],[-25,435],[253,565],[510,296]],[[331737,215513],[43,672],[207,302],[-55,1296],[293,673],[-128,425],[143,789],[531,2311]],[[332771,221981],[982,-501],[462,-970],[1187,-2170],[1720,-1090],[1323,827],[624,209],[599,-511],[300,-77],[244,-411],[1323,-1044],[276,414],[-215,696],[-116,853],[200,273],[-76,726],[170,201]],[[341774,219406],[259,40],[565,-504],[367,-146],[528,-694],[242,-1017],[-196,-303],[210,-850],[691,-1342],[466,-549],[-68,-303],[228,-603],[-185,-224],[73,-626],[512,-1073],[282,-986],[703,-1741],[-146,-798],[197,-718],[207,-143],[387,-873],[286,-1433],[318,-694],[129,-579],[-66,-782],[284,-699],[-121,-295],[213,-733],[-147,-206],[-27,-1009],[-305,77],[-178,-316],[-778,-106],[-344,690],[-73,412],[-409,515],[177,253],[-369,447],[-66,896],[-251,619],[-327,-169],[324,-528],[-14,-1573],[-337,-300],[-809,162],[-159,444],[-654,360],[-310,-495],[-337,30],[-121,305],[-693,-1113],[-173,-605],[-263,-344],[-518,211],[-277,-607],[-173,-722],[-591,866],[-249,1045],[-112,779],[-402,1432],[-189,288],[-730,626],[-948,613],[-1004,1100],[-610,447],[-611,231],[-465,562],[-73,409],[-426,511],[-658,359],[-912,107],[-337,946],[-891,1420],[76,376],[-660,716]],[[346711,221679],[190,347],[-129,459],[258,408],[421,-1881],[-96,-654],[-482,-52],[-381,467],[-33,518],[252,388]],[[330736,210899],[-842,461],[-217,-39],[-465,434],[-563,320],[-683,550],[-426,-13],[-228,632],[-522,614],[-181,684],[-842,675]],[[325767,215217],[710,434],[219,587],[189,-157],[505,148],[357,629],[542,-499],[429,-111],[362,316],[492,161],[644,-502],[1521,-710]],[[325204,228496],[579,220],[55,-487],[611,-210],[175,-916],[344,391],[448,77],[136,-266],[914,-480],[1310,-470],[544,-1085],[370,-594],[1755,-1834],[276,-232],[50,-629]],[[325767,215217],[-395,629],[-353,-141],[-366,109],[-96,869],[-209,537],[-265,306],[-7,550],[-382,505],[-492,-143]],[[457811,241657],[-314,522],[5,1498],[283,768],[-114,603],[-696,458],[50,960],[-308,917],[198,453],[-99,748],[-243,406],[137,624],[406,672],[303,1294],[215,359],[-33,1004],[-294,1124],[-9,636],[-266,379],[-742,-469],[-468,71],[-192,234]],[[455630,254918],[124,446],[497,349],[355,708],[52,970],[348,744],[-767,326],[-636,509],[-432,667],[-423,377],[141,773],[-50,383],[189,366],[384,205],[761,1312],[398,454],[300,724],[171,669],[183,-98],[-147,-882],[537,-380],[948,-182],[432,111],[500,365],[243,342],[198,1326],[32,1057],[133,262],[637,425],[529,712],[137,668],[-132,390],[139,874],[306,570],[285,112],[-20,1286],[-192,398],[558,382],[506,1558],[443,226],[365,-358],[-114,928],[171,276],[330,-114],[240,1328],[1342,1478],[201,953],[348,680],[331,933],[380,292],[281,901],[-154,817],[209,534],[-67,761],[397,433],[365,1102],[68,540],[344,368],[342,-729],[265,-149],[249,-1173],[-354,-48],[314,-972],[65,-706],[-402,-677],[-265,-984],[-314,-550],[-40,-677],[253,-365],[462,19],[286,191],[44,568],[355,519],[319,214],[512,601],[-77,559],[180,574],[200,163],[106,546],[250,300],[52,524],[-227,262],[31,870],[647,710],[474,154],[358,-722],[496,-274],[139,-748],[-41,-409],[-333,-697],[253,-939],[386,-626],[-177,-640],[261,-1016],[393,-115],[225,205],[381,-339],[149,-531],[502,-44],[502,1070],[77,-495],[398,-1028],[361,-333],[256,51],[564,-615],[493,-695],[-169,-498],[-68,-736],[165,-632],[-128,-865],[-129,-246],[-370,232],[-844,-1059],[266,-184],[201,-937],[272,-724],[-297,-563],[533,-322],[29,-469],[-758,-915],[288,-173],[390,184],[613,-176],[343,107],[-24,553],[628,-71],[432,129],[201,501],[479,646],[326,688],[457,-521],[-1,-429],[361,-659],[-148,-510],[360,-393],[366,-864],[-448,-457],[-455,-294],[-164,186],[-623,-161],[-490,14],[78,-893],[270,-440],[-35,-483],[526,30],[663,613],[204,-357],[318,137],[62,-501],[292,194],[-205,657],[357,340],[-130,783],[696,335],[131,273],[426,-303],[453,-105],[216,181],[406,-509],[699,-568],[836,-956],[-203,-467],[-32,-856],[313,-448],[269,-83],[100,820],[257,253],[291,-276],[456,-877],[467,-493],[629,-466],[316,-420],[910,-732],[686,-382],[351,-81],[470,165],[111,368],[425,211],[377,-257],[460,-707],[200,-1170],[-166,-695],[213,-469],[-53,-439],[-357,-768],[-612,-774],[-648,-390],[-923,-282],[-916,-448],[-377,-523],[-563,-180],[-547,-536],[-601,-13],[-216,-226],[-760,335],[-402,38],[-269,-453],[-449,-25],[-199,393],[-107,730],[-594,409],[-482,64],[-193,-626],[-310,-437],[-174,150],[-515,-218],[-237,-683],[-535,-633],[75,-502],[319,-74],[244,-433],[21,-653],[317,-889],[366,-658],[385,-142],[23,-344],[616,-61],[341,-705],[289,284],[504,-570],[-155,-781],[181,-480],[386,634],[398,-34],[493,-724],[193,-490],[-459,-602],[-419,-768],[-459,137],[-731,-255],[-127,-256],[-484,320],[-290,-314],[-787,-150],[-505,-380],[-691,-77],[-510,-532],[-695,-452],[-771,447],[-409,-89],[-266,703],[-991,901],[-322,109],[-289,352],[-340,743],[-216,37],[-350,-333],[-294,-28],[338,-724],[292,-216],[-68,-818],[194,10],[100,-585],[-394,-568],[-228,-664]],[[477024,242612],[-388,664],[515,677],[700,-105],[292,-583],[421,-389],[542,-142],[152,-282],[-2060,0],[-174,160]],[[486437,246280],[102,556],[-267,490],[523,108],[64,-242],[531,-215],[-229,-377],[-297,115],[-427,-435]],[[483350,249938],[285,194],[483,-123],[511,640],[360,-628],[566,-188],[-394,-755],[-313,308],[-1052,473],[-446,79]],[[474478,280905],[293,325],[-390,311],[205,590],[564,-30],[329,-1239],[-236,-419],[-804,-377],[-520,278],[-143,536],[702,25]],[[469198,289080],[305,1239],[380,53],[583,492],[336,-36],[-61,-707],[-376,-106],[-433,-537],[-196,225],[-403,-316],[-135,-307]],[[471157,287880],[81,316],[-128,647],[151,1067],[-80,467],[583,333],[291,526],[769,177],[398,-186],[104,-268],[-207,-804],[110,-832],[-592,-502],[-247,1],[-963,-847],[-270,-95]],[[451221,253122],[271,177],[33,-976],[305,-374]],[[452787,253460],[36,416],[374,303],[48,532],[338,-232],[88,-514],[390,-75],[276,-281],[509,79],[234,304],[283,881],[267,45]],[[399692,210353],[105,-725],[-98,-1163],[48,-602],[623,-1118],[1332,-812],[279,-536],[-109,-288],[1032,-709],[307,184],[1110,3],[1364,205],[310,-347],[198,294],[-60,452],[154,788],[240,-446],[39,-721],[158,-307],[466,-215],[353,823],[381,-305],[-171,-914],[307,-372],[129,-558],[926,34],[455,-484],[504,-178],[425,-621],[10,718],[415,256],[707,-627],[563,-189],[507,-535],[267,-673],[362,-569],[1140,-362],[-517,684],[-458,230],[-190,298],[-200,769],[-341,274],[-54,679],[215,1184],[276,453],[256,-71],[501,415],[-222,767],[11,984],[657,2202],[19,463],[385,1598],[422,658],[-442,269],[-321,-193],[-156,317],[298,501],[316,793],[-349,54],[88,1908],[106,508],[317,410],[182,-271],[656,-400],[19,-345],[283,-497],[290,434],[485,187],[-273,787],[57,933],[-172,1142],[226,1113],[71,912],[364,274],[270,510],[944,672],[439,751],[311,-204],[168,237],[1365,447],[1372,226],[1968,713],[1034,529],[2119,660],[796,51],[298,335],[1554,717],[597,135],[795,354],[718,630],[281,357],[482,1095],[-127,484],[614,624],[281,438],[314,978],[771,969],[315,615],[44,626],[495,715],[654,1810],[69,518],[919,964],[1497,1939],[807,1374],[553,1457],[496,882],[677,1518],[237,936],[-85,205],[268,869],[89,695],[-72,797],[-223,872],[51,324],[980,-79],[831,-210],[297,-482]],[[416095,214896],[-26,509],[-399,487],[90,1088],[-84,700],[-113,1892],[16,1138],[205,517],[305,-25],[278,-614],[104,-1882],[-64,-706],[22,-1363],[164,-410],[163,-1277],[-661,-54]],[[326770,273487],[181,766],[293,-404],[851,-319],[377,220],[894,-631],[266,-629],[730,-2601],[313,-881],[482,-744]],[[331157,268264],[-460,-884],[-543,-701],[-443,-1076],[15,-639],[136,-306],[37,-961],[-230,-413],[196,-1236],[-156,-465],[417,-608],[-141,-1149],[-24,-1706],[444,-206],[660,-889],[-253,-506],[183,-776],[-196,-509],[115,-337],[23,-766],[640,-448],[337,-462],[325,-155],[-42,-385],[218,-638],[-105,-309]],[[332310,251734],[-454,314],[-141,-663],[112,-589],[-667,-193],[-343,-296],[-508,684],[-653,21],[-80,-448],[-523,-740],[-443,388],[-710,-358],[-216,551],[-473,710],[-93,630],[-624,-404],[-480,265],[-486,67],[24,-682],[-131,-815],[-265,-764],[-181,103],[-46,872],[-389,198],[-60,545],[-207,47],[-68,550],[-373,-278],[-3,-1080],[-87,-748],[-885,-437],[-205,-558],[-635,6],[-341,303],[-183,426],[-475,-77],[-331,-343],[-201,441],[-507,114]],[[319979,249496],[-290,1456],[442,152],[-136,626],[219,207],[180,559],[-146,339],[329,389],[198,482],[-91,1042],[-191,203],[343,911],[45,647],[182,204],[-29,986],[321,928],[-59,279],[798,1481],[275,322],[507,-375],[616,388],[105,1846],[-70,540],[-432,-141],[-397,343],[304,986],[-287,366],[33,872],[339,519],[-39,763]],[[323048,266816],[600,644],[383,-712],[251,46],[164,547],[360,215],[61,436],[357,173],[259,451],[-129,564],[116,1102],[586,1060],[469,434],[393,1041],[-148,670]],[[331157,268264],[600,-568],[340,-471],[289,-647],[640,-1025],[604,-618],[460,-718],[743,-718],[551,-198],[1273,-1924],[409,-846],[367,-1154],[-13,-207],[498,-1424],[723,-2247],[1121,-3131],[96,-375],[-99,-566],[212,-836],[-72,-938],[339,-1636],[-253,-406],[-39,-514],[102,-1130],[352,-1017],[-166,-991],[-220,-223],[-105,-734]],[[339909,243002],[-1184,-125],[34,-525],[-165,-616],[159,-1005],[126,-1322],[-91,-426],[-423,45],[-91,815],[-291,616],[-348,290],[-376,-181],[-491,869],[-542,426],[-707,217],[-531,-362],[-314,598],[246,552],[-137,589],[199,443],[6,571],[690,1213],[194,670],[-450,968],[-548,-199],[-394,118],[-222,308],[-211,805],[405,480],[0,561],[-251,805],[-246,254],[-302,-127],[-662,217],[-490,480],[-191,710]],[[322407,236405],[-340,345],[76,1232],[-247,326],[-23,1562],[-113,602],[136,684],[-393,662],[-164,-130],[-208,667],[109,716],[-406,98],[-127,1545],[-232,418],[109,705],[-471,331],[-188,-217],[-315,585],[233,787],[256,276],[-267,493],[-65,570],[212,834]],[[339909,243002],[-192,-327],[-115,-672],[-227,-410],[116,-1017],[325,-1042],[-316,-80],[-277,-658],[-29,-785],[60,-1019],[-268,34],[-157,-557],[-30,-600],[416,-1417],[751,-1503],[-56,-512],[329,80],[-438,-1583],[-58,-912],[224,-2315],[15,-1329],[-136,-934],[-30,-1929],[141,-768],[210,-596],[590,-1182],[1017,-1563]],[[304526,273934],[265,735],[323,-1010],[-271,-179],[-317,454]],[[303373,277287],[167,-181],[366,167],[817,-265],[241,521],[321,-62],[426,-522],[209,-1223],[-335,-286],[-340,152],[-371,-120],[-314,-601],[-387,-38],[-129,1188],[-623,116],[-104,449],[56,705]],[[316370,267192],[-453,-259],[294,-545],[-97,-1148],[-438,-647],[193,-325],[-77,-957],[-276,-470],[-164,102],[-203,-599],[-52,-873],[-232,-883],[-331,-463],[-613,-17],[-141,-756],[-366,-347],[-305,-973],[-305,-294],[-102,-461],[-649,-865],[-372,291],[-187,570]],[[311494,257273],[560,145],[-258,3397],[45,2719],[-43,266],[-1101,123],[-151,197],[-510,-35]],[[310036,264085],[-23,1317],[335,121],[-209,454],[170,1182],[0,768],[-105,817],[-80,1458],[-328,1329],[-267,431],[-247,1299],[-214,596],[-397,620]],[[308671,274477],[106,653],[1109,2029],[390,342],[116,1002],[-89,338]],[[310303,278841],[1226,-273],[283,-521],[369,119],[521,-541],[429,-135],[742,630],[133,-526],[223,69],[350,-308],[88,-1278],[192,-875]],[[314859,275202],[601,-1044],[133,220],[639,471],[296,-491],[766,209],[312,-1040],[-494,-335],[-161,-446],[582,-418],[-180,-994],[63,-910],[-194,-1219],[-480,110],[-263,-672],[21,-553],[-262,-436],[132,-462]],[[308671,274477],[-285,558],[-436,2054]],[[307950,277089],[330,856],[-51,1176],[286,243],[-126,527],[100,717],[-39,622],[273,479]],[[308723,281709],[229,-501],[589,252],[154,-635],[193,-48],[-88,-946],[335,-471],[168,-519]],[[314760,237589],[-62,204],[-522,-167],[-401,282],[-256,959],[35,887],[875,141],[-329,434],[40,959],[-377,499],[-197,505],[-298,243],[-598,19],[-273,1929],[-258,321],[222,705],[28,887],[258,117],[62,1217],[235,417],[-506,977],[112,552],[534,543],[-105,215],[-496,-252],[-175,1209],[307,234],[204,509],[-626,0],[-151,564],[-26,829],[-310,146],[-35,366],[-330,216],[-185,-216],[-348,667],[23,578],[-261,275],[-197,741],[214,875]],[[310587,257175],[907,98]],[[316370,267192],[345,-639],[323,-149],[496,-889],[161,-881],[763,746],[33,399],[400,369],[-99,784],[255,750],[645,-35],[278,332],[240,636],[565,-77],[451,343]],[[321226,268881],[368,449],[394,235],[781,-1007],[-44,-795],[323,-947]],[[310587,257175],[271,774],[-47,1650],[-145,946],[-381,824],[168,1035],[-80,1087],[-337,594]],[[308470,262541],[260,-242],[484,341],[525,-302],[-1,-373],[331,-266],[-218,-369],[-126,-979],[-340,-925],[-475,172],[-244,448],[-52,1016],[45,710],[-165,173],[-24,596]],[[453160,260312],[439,865],[235,-1610],[-631,-7],[-229,160],[186,592]],[[48704,284058],[45,51],[35,127],[9,-165],[-53,-46],[-36,33]],[[48088,281862],[85,290],[44,-14],[-129,-276]],[[47528,275182],[11,60],[16,7],[-16,-50],[-11,-17]],[[52543,261982],[40,-281],[-24,0],[-8,128],[-49,141],[41,12]],[[46334,268412],[-56,102],[32,64],[24,-166]],[[46488,253378],[75,11],[-68,-269],[-7,258]],[[46092,246557],[-26,61],[43,26],[-17,-87]],[[46772,220537],[-29,19],[57,76],[24,-12],[-52,-83]],[[45563,225566],[-52,-6],[-32,103],[68,-7],[16,-90]],[[50028,215060],[-23,0],[-1,307],[49,-14],[-24,-127],[-1,-166]],[[47385,169659],[-76,-196],[163,-354],[-51,-146],[-163,512],[127,184]],[[51595,242976],[0,2],[0,-2],[0,0]],[[53707,231484],[-24,-12],[0,102],[24,-90]],[[959600,312298],[-127,-55],[114,207],[13,-152]],[[938528,356640],[4,71],[-22,81],[-43,67],[14,23],[52,-83],[27,-123],[-32,-36]],[[971937,332426],[-61,-72],[-28,83],[36,19],[53,-30]],[[964570,297475],[-50,-4],[31,26],[19,-22]],[[971430,294952],[-94,90],[115,-25],[-21,-65]],[[981145,338157],[-60,95],[52,84],[44,-96],[-36,-83]],[[997010,285824],[17,1],[65,36],[44,5],[23,22],[65,6],[13,-15],[-95,-11],[-87,-51],[-45,7]],[[992610,306037],[26,-2],[11,-60],[-37,62]],[[969356,249052],[-125,-190],[-109,-101],[-176,-76],[-133,56],[-51,79],[17,69],[61,-117],[65,-50],[104,-1],[120,68],[109,93],[17,60],[101,110]],[[894314,328394],[18,9],[63,-26],[57,1],[48,-13],[16,-20],[-171,34],[-31,15]],[[971607,297261],[-56,38],[8,128],[48,-13],[0,-153]],[[945505,315398],[-92,7],[39,153],[53,-160]],[[993463,286815],[60,50],[87,10],[-119,-54],[-28,-6]],[[989819,336052],[-20,28],[0,115],[33,-94],[-13,-49]],[[963153,264304],[-59,36],[41,58],[18,-94]],[[940531,315457],[-48,49],[46,14],[2,-63]],[[979895,350696],[77,89],[32,-77],[-109,-12]],[[942943,334443],[-105,104],[64,35],[41,-139]],[[977634,267357],[-7,-38],[-56,12],[-48,65],[111,-39]],[[998131,271754],[-110,37],[99,200],[103,-224],[-92,-13]],[[989593,315030],[-115,-130],[56,194],[59,-64]],[[983630,323724],[99,-2],[29,-94],[-36,-207],[-47,-15],[4,263],[-49,55]],[[674817,325010],[-354,-524],[-110,352],[-466,-820],[4,750],[286,645],[640,-403]],[[804412,290944],[-257,-146],[39,515],[191,228],[27,-597]],[[806943,292738],[-590,-150],[71,449],[519,-299]],[[868847,283827],[-277,-882],[-486,-287],[-377,254],[-288,-48],[-232,497],[-18,920],[-333,284],[286,651],[326,-213],[18,671],[857,-352],[122,-543],[398,-57],[4,-895]],[[914278,260061],[-289,-763],[-904,210],[-41,419],[341,260],[250,576],[488,126],[-31,-704],[186,-124]],[[639129,293301],[164,-2]],[[639293,293299],[155,-255]],[[639448,293044],[169,-239],[24,-543]],[[639641,292262],[-360,-196]],[[639281,292066],[-358,646],[206,589]],[[639390,293203],[33,-78]],[[639423,293125],[-33,78]],[[639641,292262],[132,131]],[[639773,292393],[357,-178]],[[640130,292215],[-136,-680],[-390,-340],[-259,235],[-64,636]],[[635889,284590],[-182,-392],[-69,501],[251,-109]],[[606724,224571],[-40,0],[-8,114],[80,-12],[-32,-102]],[[638620,290433],[85,-409],[-234,12],[-66,-307],[-238,-323],[201,654],[257,191],[-5,182]],[[640173,294109],[204,3]],[[640377,294112],[206,-546],[-129,-230]],[[640454,293336],[-426,308]],[[640028,293644],[145,465]],[[640520,296402],[60,36]],[[640580,296438],[85,-866],[-90,-887]],[[640575,294685],[-345,85]],[[640230,294770],[-5,530]],[[640225,295300],[310,460],[-15,642]],[[640520,296402],[-222,483],[210,158],[72,-605]],[[640230,294770],[-38,-292]],[[640192,294478],[-568,94]],[[639624,294572],[130,477],[288,372],[183,-121]],[[640028,293644],[-186,-588]],[[639842,293056],[-268,571]],[[639574,293627],[-292,47],[-24,476],[366,422]],[[640192,294478],[-19,-369]],[[639129,293301],[164,-2]],[[639448,293044],[126,583]],[[639842,293056],[-69,-663]],[[639390,293203],[33,-78]],[[640454,293336],[-320,-782],[-4,-339]],[[640575,294685],[-198,-573]],[[636828,286388],[162,-371],[-396,-383],[-17,407],[251,347]],[[617346,260111],[-79,191],[81,9],[-2,-200]],[[641340,302334],[9,153],[-40,153],[57,42],[18,-231],[-44,-117]],[[835003,94313],[357,-440],[879,-287],[498,51],[293,-288],[213,275],[923,-2735],[351,-541],[-70,-649],[221,-1002],[314,25],[755,-997],[124,-479],[378,77],[253,-582],[204,-141],[28,-817],[482,-1522],[293,-364],[560,-159],[83,-468],[337,-177],[326,158],[357,-158],[185,-576],[209,-38],[477,-1017],[639,-441],[60,-441],[374,-864],[52,-401],[613,-780],[-43,-1303],[418,-1304],[-158,-1056],[-390,382],[-263,-588],[-299,318],[-379,-199],[-753,-1080],[-296,-655],[-393,405],[-299,-176],[-1085,401],[-590,540],[-530,637],[-638,543],[-451,925],[-382,443],[-811,1548],[260,46],[180,455],[185,1034],[-163,1022],[98,336],[-188,653],[-339,434],[-618,132],[-573,324],[-227,390],[-573,541],[9,835],[-375,824],[-564,409],[-501,497],[-169,554],[-337,327],[-276,685],[153,756],[-241,1090],[-280,814],[233,613],[-49,831],[272,1019],[178,118],[-29,772],[-513,1002],[-322,289],[306,410],[385,-255],[269,-633],[383,-327]],[[833695,100435],[-15,-1001],[352,-329],[3,-809],[-235,-1639],[52,-497],[-133,-822],[-218,-284],[-480,255],[-27,582],[-223,505],[-227,1307],[-49,741],[189,120],[-112,1189],[129,154],[-140,1003],[473,780],[419,-117],[242,-1138]],[[756346,59431],[955,-988],[-194,-1243],[219,-710],[361,384],[189,-780],[260,-216],[335,130],[271,501],[449,-77],[549,-575]],[[759740,55857],[3655,-5684],[803,443],[1887,-3068],[-2147,-2939],[377,-118],[-186,-724],[437,-572],[121,-704],[476,-608],[-98,-573],[843,-313],[20,-259],[552,-856],[137,-786],[223,-265],[59,-890],[291,-76],[234,248],[337,-88],[184,-526],[112,-900],[441,-681],[100,203],[487,-74],[190,-315],[-27,-620],[192,-400],[268,-14],[241,-610],[48,-685],[-437,-745],[657,-1254],[598,-485],[127,102],[620,-801],[-20,-430],[395,-799],[423,176],[227,-270],[382,79],[194,374],[669,-563],[264,-370],[18,-542],[391,-82],[40,-405],[271,-91],[247,-460],[392,88],[768,-868],[436,-122],[225,262],[211,-642],[290,37],[301,655],[760,8],[432,312],[-5,629],[-328,525],[-9,876],[205,414]],[[778741,29011],[268,-572],[559,-227],[142,436],[455,341],[598,-677],[347,-13],[363,-701],[294,111],[413,-606],[-233,-1028],[977,0],[10,-477],[476,238],[58,-630],[385,-15],[382,-569],[1205,4],[1,-4756]],[[785441,19870],[-655,-106],[-1010,73],[-759,356],[-95,420],[-390,256],[-332,-487],[-517,145],[-291,296],[-627,296],[-98,199],[-816,247],[-811,-327],[-356,-509],[-300,518],[-580,297],[-620,-67],[-615,111],[-64,1005],[-408,276],[-383,-592],[-962,260],[-479,-459],[-660,38],[-403,-118],[-108,288],[-456,174],[-49,593],[-325,145],[-274,-172],[-532,693],[-454,107],[-632,-765],[-486,-58],[-255,134],[-208,-429],[-365,259],[-378,751],[-366,-65],[84,492],[-290,374],[-255,-490],[-545,296],[-705,-361],[-97,1001],[-637,265],[-500,712],[-55,310],[-686,1095],[72,712],[-361,1113],[-614,811],[-118,540],[-493,798],[-637,1289],[53,162]],[[762538,32772],[35,574],[-94,982],[-610,331],[-235,439],[-341,-54],[-629,-567],[-206,-722],[378,-557]],[[760836,33198],[-362,107],[-466,1190],[-145,23],[-127,1311],[-107,258],[-683,565],[-148,568],[69,936],[144,698],[-376,-120],[-551,352],[-349,518],[-415,41],[-708,328],[-354,46],[-437,501],[-248,861],[77,241],[-255,605],[142,507],[209,-97],[184,431],[-646,1120],[-152,744],[-881,1534],[-441,335]],[[753810,46801],[0,5914],[0,4424],[923,38],[353,413],[45,573],[584,710],[325,30],[306,528]],[[740734,89890],[564,-79],[502,-671],[276,-605]],[[742076,88535],[-474,-2041],[147,-1240],[482,-766],[643,0],[163,-2486],[-227,-558],[-313,-117],[-171,-343],[-136,-867],[-666,17],[-431,322],[-444,-43],[-180,-240],[-165,-1821],[1124,-511],[964,-1789],[1124,0],[322,-767],[-496,-2166]],[[743342,73119],[-1059,1110],[-187,-694],[-389,350],[-225,-95],[-221,368],[-858,162],[-680,881],[-341,294],[-182,-543],[-637,234],[-415,493],[-459,-118]],[[737689,75561],[-152,141],[-351,207],[-153,256],[-95,-65],[-241,116],[-179,6],[-377,380],[151,399],[-112,344],[-199,304],[-282,118],[-474,-11],[-190,71],[-131,299],[109,228],[-61,596],[16,156],[186,449],[359,234],[699,184],[-33,844]],[[736179,80817],[451,-488],[450,1484],[339,115],[115,652],[262,0],[-33,975],[244,169],[-157,1117],[222,226],[-221,468],[-286,10],[58,637],[282,70],[182,594],[276,14],[289,440],[22,790],[-257,896],[244,391],[79,551],[528,-572],[407,51],[840,577],[219,-94]],[[796148,85376],[-1713,2433],[0,2637],[270,283],[1235,-121],[204,-380],[944,552],[207,-116],[564,512],[-189,1073],[350,539],[524,-552],[161,525],[249,34],[482,506],[140,613],[595,195],[341,849],[-115,202],[-607,95],[-211,222],[1013,3328],[905,2258],[897,1061],[2642,0],[-515,779]],[[804521,102903],[374,966],[-44,824],[-236,713],[44,2042],[-92,441],[-333,660],[84,753],[-72,632],[-452,920],[-384,395],[14,715],[-247,496],[8,510],[-193,933],[669,346],[475,-161],[205,109],[1017,-250],[321,65],[634,-192],[173,-385],[-112,-452],[473,-706],[583,-336],[337,320],[438,849],[-471,957],[185,200],[538,-256],[719,32],[185,870],[185,204],[299,-464],[214,-654],[-192,-545],[-236,612],[-191,-28],[-68,-613],[274,-1011],[349,172],[510,-646],[571,2],[667,280],[-151,-1084],[-262,-337],[53,-326],[-282,-951],[35,-415],[326,-737],[52,-1137],[-88,-1844],[-166,-186],[-244,-1091],[-321,-363],[-170,-644],[-265,-242],[-249,-563],[-346,3],[-268,-235],[-646,120],[-260,202],[-875,-132],[-185,-415],[156,-651],[-232,-800],[62,-743],[393,-564],[644,-701],[268,-710],[396,-641],[82,-743],[-108,-428],[-445,-905],[-190,94],[-696,-636],[-257,-477],[-415,-125],[-296,-372],[-692,-571],[-500,377],[-278,687],[-663,108],[-386,-852],[-290,483],[-1175,195],[-251,-764],[125,-901],[541,-152],[-24,-514],[-202,-287],[-365,109],[-447,-508],[-99,-819],[-207,-579],[-700,-549],[-799,-1053],[-80,-338],[-345,-401],[-145,176],[-824,-337],[-303,-680],[-614,86],[-982,-81],[-537,-406],[-83,270],[-417,-224],[97,-542]],[[736355,117199],[8,-9053],[-2998,-3576],[-2121,-2529],[-693,-302]],[[730551,101739],[-2986,-1024],[-3416,-1171],[-857,650],[-557,-448],[-477,540],[-568,-32],[-249,-424],[-436,198],[-867,1024],[-375,262],[-704,170],[-280,-219]],[[718779,101265],[-245,20],[-90,427],[-506,397],[-362,-185],[-320,185],[-277,-195],[-1123,671],[-184,-574],[-424,-92],[-228,461],[-327,159]],[[714693,102539],[-6,5271],[-3395,4],[-6086,1],[-1,5431],[3643,4042],[287,143],[151,-158],[-107,-185],[-184,-151],[27,-188],[288,68],[146,-43],[109,-280],[203,102],[-71,-478],[4257,2],[2737,1],[0,2301],[963,0],[0,1734],[-250,1335],[88,386],[-216,260],[230,628],[-60,1433],[305,292],[-97,348],[0,937],[304,-217],[389,70],[101,371],[415,296],[269,-98],[382,-844],[526,-104],[858,-433],[649,-747],[212,396],[233,-169],[-1,2679]],[[721991,126975],[737,61],[586,-307],[105,-204],[562,-89],[627,-243],[489,0],[579,-435],[530,-90],[349,-479],[97,-472],[437,-761],[675,-333],[442,-498],[498,-153],[409,-408],[97,-500],[618,-268],[269,-301],[177,-626],[309,-492],[275,-77],[1423,166],[-299,-397],[206,-316],[389,-48],[520,-466],[168,585],[254,121],[48,174],[140,36],[-224,288],[996,36],[1248,-351],[315,-255],[95,-1075],[-105,-587],[57,-524],[266,-488]],[[742076,88535],[567,316],[399,-28],[191,-735],[878,745],[152,-743],[498,-1076],[844,-132],[361,1056],[843,-191],[81,-865],[1566,0],[168,-348]],[[748624,86534],[368,-431],[-10,-307],[416,-496],[266,-58],[157,-380],[1617,-1461],[-1052,-7605],[-465,-538],[179,-596],[34,-711],[162,-300],[-97,-943],[-438,-813],[-320,-395],[-185,-1977],[-416,289],[-124,-305],[-456,468],[-218,-210],[-299,-708],[-432,-93]],[[747311,68964],[-3969,4155]],[[730551,101739],[269,-550],[351,-377],[624,-135],[183,-322],[-35,-417],[411,-918],[293,-306],[530,-127]],[[733177,98587],[-101,-408],[161,-669],[-90,-885],[-117,-239],[-838,144],[-218,-623],[-715,-344],[-57,-751],[-409,-280],[10,-764],[-119,-548],[440,-697],[-136,-365],[298,-1762],[-760,-495],[-120,-369],[-531,372],[-292,-734],[-679,153],[-152,-436],[388,-1468]],[[729140,87419],[-1125,592],[-1815,-1159],[-1252,1192]],[[724948,88044],[-426,406],[-844,1845],[-4899,2590],[0,8380]],[[753810,46801],[-334,623],[-438,1062],[-333,1054],[25,688],[-229,729],[27,414],[-287,539],[-931,878],[-301,609],[78,367],[-298,663],[-764,563],[-1398,257],[-205,127],[-513,922],[38,487],[-351,-47],[-221,-265],[-595,-19],[-143,241],[-420,115],[-1279,-193],[-570,79],[-220,728],[-633,592],[-887,-7],[-303,872],[-212,-525],[-781,377],[-335,-228],[-240,231],[-444,-57],[-162,424],[-407,366],[8,462],[-51,149],[31,224],[25,58],[-63,60],[-244,-80],[-295,257],[-164,597],[-9,1089],[-316,515],[-14,285],[184,512],[-187,-109],[-97,132],[-176,-46],[-271,-163],[-167,977],[-274,20],[-209,-413],[-430,1062],[-283,-148],[-271,294],[-45,-234],[-502,118],[134,-544],[-326,20],[-57,514],[-168,219],[-123,658],[-106,189],[-402,-283],[-285,86],[-352,-213],[-344,265],[-493,-296],[-92,96],[-116,-388],[-20,-570],[126,-495],[-251,-1453],[54,-783],[-209,-218],[-188,-605],[-253,594],[-182,-295],[-356,702],[63,-426],[-22,-795],[286,-769],[275,-413],[-88,-600],[-178,-270],[-297,77],[-338,414],[-453,29],[-568,564],[-697,141],[-783,926],[-582,1959],[-324,236],[120,-1230],[754,-1905],[186,-852],[-43,-576],[252,-891],[253,-577],[374,-1309]],[[730105,56018],[-8916,14887],[0,3059]],[[721189,73964],[6190,9],[2984,4],[5285,1153],[1895,382],[146,49]],[[747311,68964],[3474,-3662],[161,-2224],[321,-383],[2771,-831],[2308,-2433]],[[739722,60335],[-46,-247],[46,-171],[-49,-336],[-408,16],[200,702],[193,86],[64,-50]],[[735229,60239],[92,-534],[527,-854],[-185,-166],[-303,338],[-397,958],[266,258]],[[732570,61486],[137,-564],[553,-664],[-254,-407],[-362,60],[-484,946],[-39,552],[148,131],[169,301],[132,-355]],[[734897,60756],[-294,-1138],[-305,690],[200,627],[-188,688],[340,260],[275,-506],[-28,-621]],[[733241,62071],[305,-703],[-356,-167],[51,870]],[[732998,60902],[-102,862],[216,3],[42,-580],[-156,-285]],[[733702,62310],[419,-223],[4,-750],[277,-251],[-155,-377],[-349,559],[-196,1042]],[[736257,62765],[137,-10],[190,-460],[-238,-685],[-212,910],[123,245]],[[737081,62952],[137,-1350],[-357,-452],[-443,296],[56,492],[139,362],[-8,305],[128,174],[348,173]],[[735188,62932],[266,-193],[-11,-554],[196,-599],[429,-620],[-237,-320],[-445,1170],[-257,389],[59,727]],[[738548,63540],[107,-129],[-47,-247],[25,-510],[276,-584],[-135,-1227],[-353,-187],[-352,349],[188,914],[-29,693],[-150,255],[312,677],[158,-4]],[[735747,63439],[110,-1124],[-362,-239],[99,672],[-450,261],[-40,469],[643,-39]],[[733790,63106],[-23,-678],[-592,614],[197,563],[418,-499]],[[734573,64086],[290,-1169],[-328,-72],[-51,586],[-214,616],[303,39]],[[737239,63120],[-494,-154],[-85,516],[225,604],[354,-966]],[[734937,63977],[223,-364],[-304,-378],[-152,596],[233,146]],[[733906,64063],[449,-717],[74,-713],[197,-664],[-329,-275],[-154,504],[-317,284],[-2,1435],[82,146]],[[733818,63230],[-460,510],[435,121],[25,-631]],[[737816,64187],[114,-349],[-202,-587],[-188,709],[276,227]],[[736399,64208],[59,-685],[-259,-548],[-191,222],[391,1011]],[[737244,64345],[148,-486],[-241,-200],[-209,438],[302,248]],[[736619,63398],[-259,1027],[357,-61],[-98,-966]],[[737076,64821],[-175,-622],[-305,324],[-13,456],[289,-166],[204,8]],[[733537,65273],[0,-283],[143,-228],[403,-376],[-546,-196],[-286,937],[286,146]],[[734006,65776],[192,-93],[513,168],[21,-761],[-203,-301],[-508,-179],[-313,172],[-135,255],[4,388],[-178,-106],[-157,190],[674,454],[90,-187]],[[735340,65967],[83,-420],[-39,-489],[248,-489],[203,-76],[298,-656],[-682,-244],[58,495],[-360,181],[127,472],[-512,287],[99,778],[477,161]],[[724948,88044],[33,-2530],[-103,-445],[-7,-1229],[-321,280],[-1763,-34],[3,-2140],[-1022,-5],[328,-555],[-5,-573],[-1822,1862],[-2644,1259]],[[717625,83934],[0,3983],[-969,764],[-21,242],[-4455,5662],[37,545],[237,640],[275,321]],[[712729,96091],[521,759],[595,80],[250,-186],[426,205],[-16,994],[138,1062],[-332,952],[20,490],[278,85],[84,2007]],[[736179,80817],[-1810,1933]],[[734369,82750],[1120,1221],[-5,2727],[-177,-238],[-612,63],[-96,-475],[-698,139],[-328,1030],[-88,528],[69,656],[315,523],[635,502],[-112,831],[255,177],[1026,-207],[142,1193],[-517,165],[-14,2309],[-1544,14],[-14,795],[438,1629],[303,499],[-351,453],[-581,1004]],[[733535,98288],[424,3],[1759,-958],[385,-313],[211,-880],[587,-252],[1328,-1793],[-1,-508],[442,-136],[280,-613],[619,-551],[-42,-305],[883,-262],[-41,-859],[365,-971]],[[733535,98288],[-358,299]],[[736355,117199],[276,-222],[494,74],[149,-203],[1064,-777],[752,-685],[-154,-479],[71,-557],[204,-235],[357,117],[256,-605],[381,-401],[-47,-605],[361,-498],[889,-804],[638,-34],[160,-321],[910,379],[399,-54],[551,-939],[704,-699],[507,-836],[134,-450],[282,-122],[531,-1485],[712,-1221],[465,-537],[501,-350],[314,-513],[-200,-792],[-8,-1099],[249,-1202],[-117,-597],[71,-1106],[-91,-482],[173,-237],[-334,-710],[-249,-958],[56,-678],[-264,-868],[249,-882],[268,-288],[651,332],[161,-307],[417,-63],[182,348],[497,54],[132,-390],[724,-140],[421,-454],[494,-32],[193,-371],[761,-179],[186,-358],[539,345],[562,-667],[586,168],[141,-529],[486,-275],[418,-563],[128,-409],[655,-603],[518,-214],[453,-453],[177,-483]],[[757501,88995],[-2580,-2463],[-4261,1],[-2036,1]],[[760733,98648],[306,-550],[368,-216],[94,-775],[228,-568],[-60,-505],[161,-384],[-636,-281],[-156,-293],[-281,146],[-402,648],[-668,596],[94,472],[-152,642],[78,385],[376,119],[650,564]],[[752569,104800],[-257,-336],[-294,273],[17,489],[387,247],[147,-673]],[[750682,108240],[56,-1039],[-239,-1078],[-754,-489],[-343,-43],[-385,556],[-70,1133],[233,827],[582,945],[263,128],[480,-492],[177,-448]],[[740817,116696],[422,-563],[-94,-601],[-429,-259],[-285,211],[-30,975],[416,237]],[[767613,144186],[193,-462],[373,-352],[-175,-503],[-412,-337],[-425,316],[158,864],[288,474]],[[763935,147458],[-166,-286],[43,-485],[-874,36],[198,559],[273,-204],[526,380]],[[759318,148356],[1014,-229],[196,153],[358,-332],[322,167],[1139,-565],[266,-585],[-411,-1403],[-586,-806],[-436,160],[-330,315],[-503,-493],[-556,129],[-365,-265],[-539,130],[-569,322],[-147,-101],[-1205,765],[7,-750],[-637,-264],[-106,295],[-360,66],[-443,-1076],[-457,734],[17,754],[241,564],[607,-177],[63,663],[-357,642],[7,771],[375,-465],[161,663],[168,180],[562,-459],[1421,717],[346,-194],[737,-26]],[[778741,29011],[36,541],[469,416],[268,-442],[3740,1789]],[[783254,31315],[1164,-78],[493,-318],[285,286],[493,-152],[665,254],[503,-405],[315,77],[227,-331],[847,22],[255,194],[680,-887],[-86,-509],[-1064,-589],[-413,-33],[-165,-240],[-1119,-197],[-424,-296],[130,-720],[282,-733],[452,-142],[211,-773],[984,-1540],[723,-396],[434,128],[417,-141],[305,-511],[430,472],[374,-664],[361,-13],[482,-817],[1261,-397],[349,147],[542,-428],[137,332],[434,-63],[268,-1000],[454,-75],[394,333],[355,77],[376,-192],[-143,-391],[-1616,-891],[-180,176],[-1104,539],[-629,-107],[-318,-232],[-150,-1018],[798,-147],[1206,-754],[642,-319],[356,-39],[390,-1292],[-326,-339],[-406,124],[-599,-805],[-561,203],[-280,-113],[-79,-465],[-643,-523],[-672,581],[-159,-465],[-533,-174],[-752,228],[173,431],[-532,-47],[-170,-329],[-256,538],[-572,413],[-182,532],[-259,-114],[-774,650],[73,289],[456,140],[122,-192],[418,154],[372,652],[569,-10],[-33,453],[-454,-310],[-353,16],[-695,505],[-249,-756],[-151,0],[-398,1046],[-777,750],[-375,238],[-819,47]],[[820345,4214],[581,-620],[1217,-760],[2100,-938],[157,-481],[622,-879],[-794,-309],[-258,-227],[-285,349],[-317,-124],[-751,175],[-203,432],[-862,646],[-85,-272],[-496,103],[-199,838],[-332,422],[-317,149],[-96,412],[-336,-39],[-438,982],[-9,410],[394,268],[409,-537],[298,0]],[[829169,5313],[617,-684],[136,-862],[-298,-367],[-530,382],[-813,-197],[-245,-281],[-596,140],[-439,783],[596,-51],[723,242],[-209,691],[940,76],[118,128]],[[818705,7017],[1189,-1193],[-189,-213],[-369,73],[-767,732],[136,601]],[[815576,15748],[801,-753],[-494,-520],[-563,-16],[-311,-299],[-516,298],[-336,368],[-933,313],[-82,631],[1299,-716],[1135,694]],[[798542,16175],[358,-163],[-337,-1170],[-299,472],[-562,56],[-200,502],[403,216],[373,-95],[264,182]],[[797292,16702],[-342,-991],[-182,118],[-480,813],[445,4],[408,223],[151,-167]],[[795990,29541],[654,-531],[51,-619],[606,-403],[409,-602],[166,-529],[313,-434],[456,-237],[-76,-690],[163,-425],[754,-597],[197,147],[19,681],[302,558],[599,556],[292,-16],[174,-373],[33,-617],[-225,-750],[-33,-593],[-605,-1481],[-626,493],[-240,-83],[-483,428],[-961,82],[-85,1013],[289,617],[-765,-62],[-268,714],[-29,1045],[-343,861],[-452,570],[-301,68],[-112,930],[127,279]],[[793512,35377],[387,-450],[540,-215],[338,-679],[404,-241],[557,152],[340,384],[241,-203],[549,-1241],[378,-418],[-129,-1103],[203,0],[78,-588],[281,-363],[-261,-577],[-167,252],[-443,-469],[63,653],[-476,66],[-129,-344],[-358,337],[-587,-154],[-608,218],[-177,281],[-494,217],[-636,-50],[-361,-213],[-233,379],[93,362],[767,646],[10,363],[-889,1500],[-55,908],[522,652],[252,-62]],[[791029,37275],[297,-156],[560,-801],[256,-1206],[215,-568],[-367,-671],[-138,-535],[305,-123],[-244,-705],[-802,534],[-148,505],[-447,4],[-347,382],[-493,930],[-115,872],[227,790],[350,588],[441,319],[450,-159]],[[814402,40477],[650,-410],[438,337],[443,-412],[38,-647],[807,45],[299,-296],[-46,-516],[530,-329],[-199,-821],[-268,216],[-259,-145],[101,-452],[-366,-356],[-864,-91],[-61,308],[-426,162],[-379,-68],[-411,210],[-92,261],[421,300],[-53,369],[-907,975],[-381,268],[-284,407],[-560,206],[229,518],[1037,204],[563,-243]],[[797977,47514],[-326,-32],[-120,376],[279,628],[209,-223],[-42,-749]],[[799476,49616],[62,-317],[-49,-1015],[-135,-387],[349,-469],[-20,-835],[-247,-502],[-2,-871],[-177,-991],[-389,99],[-176,379],[493,800],[394,1098],[-523,875],[-288,-114],[-456,118],[-95,221],[269,1117],[592,776],[398,18]],[[757501,88995],[277,-343],[338,318],[327,5],[351,-291],[278,-722],[633,-537],[403,422],[301,-300],[60,-403],[682,38],[555,-90],[514,643],[554,-297],[297,229],[253,-453],[703,-223],[479,-521],[31,-278],[694,-557],[543,-888],[72,-485],[373,-561],[-8,-479],[229,-622],[334,-454],[409,-128],[375,-611],[-56,-337],[248,-388],[205,-813],[-206,-1628],[220,-836],[36,-810],[-475,-691],[-579,-250],[-801,174],[-829,-182],[-166,-575],[-384,12],[-1287,397],[-453,-428],[-804,236],[-580,-91],[-464,527],[-671,-30],[-387,-432],[-701,-196],[-212,-1222],[48,-1006],[-48,-1180],[267,-196],[102,-558],[514,-460],[331,-999],[-170,-547],[374,-337],[260,-481],[183,-673],[-151,-810],[73,-550],[462,-1438],[24,-600],[657,-241],[479,-482],[472,66],[255,-251],[129,-793],[424,79],[122,-717],[247,140],[384,-608],[-174,-428],[161,-408],[646,-109],[-31,-754],[626,-790],[233,318],[253,-578],[33,-1180],[107,-416],[607,-377],[241,358],[449,-346],[290,230],[602,-728],[236,-138]],[[768929,55856],[-3697,0],[-2962,1],[-602,-640],[-241,640],[-1687,0]],[[767681,94737],[180,-61],[607,-976],[595,-50],[399,-332],[392,-519],[337,-740],[-249,-1918],[-593,-1050],[-129,411],[-447,506],[-311,-4],[-488,597],[36,534],[-646,744],[-313,706],[-98,1230],[219,945],[509,-23]],[[770215,94979],[-354,352],[171,825],[363,-252],[57,-639],[-237,-286]],[[765458,97492],[327,-441],[-293,-512],[-413,273],[25,476],[354,204]],[[762538,32772],[-475,233],[142,-645],[-428,222],[-532,815],[-252,600],[-175,-301],[18,-498]],[[823927,115696],[-355,-585],[-533,618],[229,686],[393,498],[266,-1217]],[[819747,125698],[157,-793],[-397,78],[-169,295],[182,538],[227,-118]],[[814047,131889],[-12,-1190],[238,-32],[-125,-1314],[-239,-301],[-966,2069],[309,606],[225,168],[570,-6]],[[797196,133962],[499,-330],[131,-601],[-758,-106],[-650,374],[555,614],[223,49]],[[807620,135068],[376,-958],[484,-225],[171,-675],[-216,-598],[-298,37],[-205,402],[-80,832],[-437,286],[19,663],[186,236]],[[807472,136952],[337,-316],[153,-387],[-7,-899],[-367,-105],[-204,-402],[-316,394],[52,836],[161,211],[-248,662],[439,6]],[[807825,138739],[336,-584],[-253,-479],[-536,89],[46,526],[407,448]],[[797601,137833],[198,-494],[799,-185],[230,-723],[634,-550],[295,65],[319,-441],[-48,-640],[422,-505],[683,179],[313,-153],[136,-447],[675,76],[403,-453],[328,-658],[490,-358],[225,37],[673,-705],[394,-78],[349,-1055],[416,-395],[460,-800],[538,113],[240,-245],[542,-6],[131,-540],[361,113],[361,-300],[474,-881],[443,-550],[433,-1124],[318,-544],[838,-786],[330,-154],[353,-532],[-88,-428],[416,-393],[255,-915],[349,31],[369,269],[220,-976],[291,-792],[-141,-395],[281,-458],[304,-217],[242,103],[1228,-1087],[378,460],[348,-55],[58,-1134],[373,-754],[760,-204],[-7,-542],[599,-941],[247,-1214],[272,-537],[342,-185],[203,-694],[-134,-1023],[116,-700],[-594,-692],[-247,-716],[5,-406],[328,-974],[-13,-546],[-415,-581],[-490,-1695],[-696,-618],[-160,-418],[-252,722],[-184,6],[-574,1337],[-491,361],[-88,1178],[-330,425],[-8,828],[-249,629],[233,445],[112,1163],[-64,175],[56,2369],[-699,1529],[-111,877],[-365,1204],[-305,396],[-323,1141],[-503,446],[-197,577],[-804,1509],[28,603],[-476,495],[-289,737],[-326,164],[-201,397],[-653,742],[-245,-112],[-763,282],[-377,429],[-247,-133],[-640,343],[-1037,1340],[-747,546],[-302,711],[-726,1266],[-224,232],[-1227,702],[-339,890],[-368,264],[-476,563],[-301,82],[-746,656],[-620,838],[-250,-57],[-375,894],[-763,330],[-244,454],[-843,404],[-975,-311],[-849,544],[-189,288],[267,394],[566,-454],[13,327],[611,724],[-643,860],[88,907],[177,-115],[313,-716],[209,-13],[297,-510],[283,-158]],[[790556,142300],[256,-386],[295,-83],[187,-363],[348,-65],[555,-581],[684,-315],[-8,-528],[220,-398],[-211,-1242],[65,-475],[-921,-299],[-1029,174],[-389,-44],[-304,-267],[-726,961],[-365,1327],[-264,301],[-514,51],[-37,434],[740,933],[273,224],[815,179],[330,462]],[[784939,157818],[617,-557],[285,-1237],[339,-679],[-533,-423],[-355,362],[-222,-77],[-484,520],[-269,511],[-318,155],[-122,393],[228,745],[181,175],[-47,602],[361,-20],[339,-470]],[[768929,55856],[302,-1115],[257,205],[386,-77],[640,73],[223,-1140],[225,-729],[-32,-434],[425,-1598],[-15,-1317],[295,-904],[-127,-221],[-64,-881],[309,-978],[362,-358],[573,-60],[499,-675],[391,-282],[361,-928],[-5,-1282],[159,-997],[306,-389],[32,-1298],[138,-316],[721,-1087],[256,104],[682,-350],[505,-110],[637,403],[594,157],[83,468],[360,-172],[197,154],[638,-89],[364,71],[513,770],[296,-356],[1034,339],[371,-221],[315,-799],[-53,-1325],[-578,-294],[-225,-720],[7,-710],[-210,-780],[-287,-203],[-83,-447],[55,-662],[309,-1105],[303,-456],[1063,-206],[240,-476],[296,-71],[282,-667]],[[721189,73964],[-3564,0],[-1,6791],[1,3179]],[[729140,87419],[578,-307],[0,-1261],[1108,682],[3543,-3783]],[[796148,85376],[-365,-660],[-1076,-525],[-642,7],[-346,-700],[-260,-155],[-367,-646],[-561,-315],[-506,148],[-521,-92],[-537,-271],[-174,468],[-559,227],[-764,-752],[-188,580],[-209,109],[-329,-685],[-218,1],[-231,441],[-466,-242],[-404,85],[-245,-299],[-898,264],[-1402,-322],[-532,710],[-633,1618],[-198,211],[2,495],[-828,260],[-388,324],[-575,34],[-526,-604],[-755,15],[-467,-947],[-400,270],[-90,692],[-446,500],[275,233],[-1185,532],[-430,465],[21,300],[-543,697],[-413,6],[-103,509],[-408,73],[-184,332],[-584,112],[-308,591],[-339,-502],[-474,307],[-264,419],[-394,29],[-813,600],[-435,880],[-113,836],[170,555],[2,823],[280,1151],[554,436],[750,-434],[251,-384],[2,-414],[293,-199],[382,160],[562,704],[374,-122],[353,128],[234,-147],[448,-621],[561,207],[179,446],[578,203],[327,254],[425,-139],[429,-464],[1381,-711],[145,-614],[843,319],[554,66],[193,-180],[298,472],[152,-255],[662,6],[154,335],[694,592],[385,-102],[505,198],[4,-704],[536,26],[469,230],[50,449],[503,-90],[415,-339],[698,917],[201,876],[-387,271],[-223,773],[571,1067],[334,81],[16,384],[240,456],[-247,750],[287,1001],[-96,691],[169,534],[803,107],[651,-720],[-111,-597],[-939,-586],[-225,-736],[216,-666],[-24,-618],[-584,-429],[379,-672],[-47,-564],[279,-481],[209,-1284],[-97,-491],[592,-593],[678,167],[607,-280],[314,645],[362,495],[379,309],[159,433],[568,157],[454,-142],[243,-422],[346,-275],[97,-735],[360,-292],[465,53],[462,432],[347,1029],[566,-24],[187,-530],[628,33],[430,500],[608,1256],[4,1046],[264,595],[-23,353],[491,1440],[755,868],[932,1611],[855,619],[-45,390],[532,-12],[698,-486],[418,422],[658,-664],[610,561]],[[780578,103898],[105,-443],[-332,-416],[-264,617],[491,242]],[[784242,106302],[-355,124],[287,664],[68,-788]],[[712729,96091],[-2789,1490],[-4715,2519],[-3308,1768]],[[701917,101868],[0,5589],[-4,7211],[4,3698],[16,6430],[10,4140],[-18,3241],[11,5289],[-16,1118],[544,-18],[402,-357],[506,-180],[490,114],[313,-407],[327,-86],[677,-772],[795,-281],[843,-536],[1020,-921],[378,-225],[1090,-890],[440,-163],[631,-997],[1068,192],[785,-742],[-2,-736],[148,-135],[497,131],[403,-462],[586,-105],[595,-382],[406,-7],[141,-388],[1026,-690],[700,-652],[786,-166],[1101,-678],[657,-204],[619,-397],[442,-49],[410,-244],[346,52],[289,-205],[612,-23]],[[701548,81549],[14,1]],[[701562,81550],[16,-7]],[[701887,81567],[30,-28],[-1,6873],[1,8697],[0,4759]],[[730105,56018],[-357,-161],[-306,-783],[-1238,94],[-278,311],[-700,470],[-395,50],[-463,-289],[-488,129],[-225,273],[-73,663],[-329,515],[-408,-418],[64,-827],[285,-575],[250,-53],[272,-906],[690,-382],[603,-832],[129,-537],[-69,-476],[-287,-115],[-500,84],[-1810,-170],[-539,-366],[-569,-52],[-1572,-547],[-735,-438],[-294,34],[-514,455],[-407,-316],[-416,440],[-520,321],[-937,158],[-795,-389],[-664,-616],[-664,217],[-270,388],[-120,1433],[-117,301],[-516,454],[-456,-225],[-367,141],[-219,-588],[1191,203],[287,-1027],[62,-728],[162,-632],[402,-500],[651,-26],[393,434],[844,474],[691,-139],[384,50],[379,-512],[755,-562],[521,-576],[675,-230],[964,-191],[1522,-1937],[875,-1904],[512,-854],[74,-2240],[99,-918],[-395,-589],[-436,-333],[-647,93],[-390,-250],[-523,-123],[-350,-436],[-1172,-455],[-769,-1046],[-681,-637],[-1183,-961],[-335,-478],[-658,-432],[-704,162],[-512,713],[-547,606],[-426,258],[-877,332],[-1018,759],[-875,-188],[-433,-290],[-250,167],[-646,-174],[-268,105],[-276,-351],[-464,-103],[-947,324],[-1513,-489],[-260,214],[-635,0],[-686,780],[-417,163],[-905,-36],[-306,-566],[-435,-482],[-627,-424],[-539,27],[-1021,1643],[-1,22498],[8,5243],[6,3219],[1,1100],[4,2187],[-62,24],[-131,14]],[[700444,75430],[-9,6]],[[700435,75436],[12,109]],[[700418,76043],[10,18]],[[700428,76061],[3,3]],[[700814,77804],[4,24]],[[700818,77828],[7,22]],[[700987,77948],[23,7]],[[701010,77955],[50,14]],[[723833,38834],[-144,-481],[-213,-89],[-368,359],[447,410],[278,-199]],[[727406,45552],[-177,-664],[-324,676],[-393,384],[-432,191],[-328,380],[-766,517],[-401,787],[-831,541],[-811,1011],[444,113],[474,-779],[980,-257],[955,-715],[711,-1067],[899,-1118]],[[726571,50318],[96,-562],[-220,-610],[-217,-55],[-455,374],[-414,-192],[-559,213],[-600,674],[181,325],[433,-320],[410,128],[1345,25]],[[728104,52910],[-6,-372],[-535,-326],[-436,34],[60,781],[336,-88],[385,205],[196,-234]],[[726651,54250],[-923,439],[-226,840],[-255,15],[-278,506],[-78,789],[451,-46],[75,-701],[411,-648],[442,-165],[381,-1029]],[[509007,561076],[508,100],[198,-598],[523,-375],[408,-31],[-35,-566],[669,-678],[765,-553],[-26,-464],[190,-540],[346,-509],[183,-1091],[292,-32]],[[513028,555739],[-51,-1026],[-530,-655],[-242,-623]],[[512205,553435],[-566,-53]],[[511639,553382],[36,262],[-505,868],[-393,-140],[-446,117],[-495,-181],[-90,882],[199,524],[-85,350],[-638,487],[-305,472],[-26,559],[-370,11]],[[508521,557593],[178,473],[620,980],[-727,609]],[[508592,559655],[24,352],[391,1069]],[[511639,553382],[-261,-831],[-401,-34],[-476,-338],[-181,-357],[-469,-215],[-367,-385],[-295,533],[-669,167],[-123,-597],[-193,-180],[-665,-26],[-251,378],[-428,167],[-684,645],[-636,1090]],[[505540,553399],[239,366],[338,886],[388,1337],[289,94],[259,736],[462,98],[467,1014]],[[507982,557930],[254,94],[285,-431]],[[499227,580600],[279,390],[-32,-301],[-247,-89]],[[483128,553176],[-100,771],[227,223],[610,-441],[339,984],[349,-268],[142,-787],[-74,-580],[-512,261],[-524,-246],[-197,-483],[-260,566]],[[500974,539274],[681,-214],[1731,1881],[975,128],[319,-622],[428,-193],[620,175],[702,-376],[120,640]],[[506550,540693],[230,57],[682,-431],[-163,-769],[296,-998],[753,69],[387,-95]],[[508735,538526],[-460,-180],[-581,-577],[-235,-745],[-743,-759],[-342,-206],[-183,-371],[-484,171],[-48,-410],[145,-680]],[[505804,534769],[-947,-110],[-349,337],[34,1111],[-174,879],[-607,676],[-887,-181],[-616,-533],[-742,-1155],[-790,654]],[[500726,536447],[274,445],[-100,1483],[74,899]],[[503257,538919],[97,-369],[925,-279],[135,336],[-591,665],[-566,-353]],[[513028,555739],[239,223],[307,1028],[194,8]],[[513768,556998],[544,222],[559,628],[-8,891],[356,334],[552,235],[410,473],[297,23],[299,662],[380,76],[75,638],[1163,644],[58,-79]],[[518453,561745],[-380,-211],[-875,-1530],[-175,-1447],[192,-1530],[330,-1497],[3,-716],[-279,-156],[61,-631],[-481,-741],[-118,-886],[-259,-919]],[[516472,551481],[-1124,606],[-413,-456],[-989,236],[-456,402]],[[513490,552269],[-136,276],[-618,-226],[-84,319],[-358,140],[-89,657]],[[506550,540693],[-161,167],[-434,-189],[-386,397],[171,573],[-73,589],[161,658],[-150,494]],[[505678,543382],[253,115],[-461,738],[178,1271],[-80,388],[478,985]],[[506046,546879],[627,-182],[259,106],[424,933],[292,837],[723,-262],[292,314],[254,-168],[376,599],[358,-18],[529,661],[264,-25],[1158,720],[242,-206],[603,-94]],[[512447,550094],[-169,-425],[-362,-349],[-60,-577],[335,-294],[67,-483],[-386,-474],[-221,-944],[131,-267],[13,-1033],[-344,-1034],[-106,-845],[123,-1173],[-266,-1658],[-579,-212],[-26,-891],[-790,-212],[-286,-625],[119,-359],[-350,-239]],[[509290,538000],[-155,414],[-400,112]],[[505678,543382],[-857,231],[-391,-16],[-748,460],[-719,-108]],[[502963,543949],[-811,263],[674,2301],[261,761],[337,239],[238,625],[-414,151],[496,812],[187,2],[330,549]],[[504261,549652],[76,-41]],[[504337,549611],[97,-184]],[[504434,549427],[119,-623],[211,-356],[645,-212],[154,-1120],[483,-237]],[[507839,528918],[38,-401],[334,-260],[-187,-1268],[-830,-433],[-352,-915],[-209,-1196],[234,-925],[-118,-501],[241,-139],[125,-488],[-328,-221],[-116,-550],[401,-335],[-67,-567],[192,-492],[658,-716],[282,252]],[[508137,519763],[-55,-798],[27,-2199],[69,-251],[-246,-539],[-281,-175],[-222,-811],[-378,145],[-690,-154],[44,587],[-290,835],[204,518],[88,681],[-128,390],[-159,1129],[-355,775],[-66,738],[-481,944],[-453,512],[-887,752],[-270,734]],[[503608,523576],[-27,366],[192,670],[-64,1534],[185,825],[-12,843],[142,911],[814,-32],[502,684],[382,186],[306,-429],[280,368],[475,-254],[229,-451],[438,477],[389,-356]],[[507839,528918],[-230,593],[-191,1213],[565,1133],[-100,383],[195,773],[-57,667],[311,1295],[532,663],[553,245]],[[509417,535883],[265,-99],[267,-886],[440,-148],[102,-334],[478,35],[219,-900],[357,-209],[146,-422],[499,102],[82,594],[500,2246],[445,986],[-218,388],[442,885],[480,-129]],[[513921,537992],[-177,-599],[-150,-1251],[-334,-538],[-141,-953],[-164,-299],[111,-479],[-51,-567],[-369,-530],[-263,-1142],[-527,-1146],[-294,-907],[-488,-421],[-140,-384],[137,-589],[-259,-591],[-484,-617],[-394,-267],[-534,-637],[-176,-1049],[-257,-383],[-344,-1638],[-514,-1991],[28,-1251]],[[514012,517300],[592,-15],[38,-1249],[-601,806],[-29,458]],[[516472,551481],[-164,-823],[-673,-811],[-88,-885],[-344,-707],[-117,-670],[294,-787],[-376,-712],[-103,-1591],[-246,-872],[9,-636],[-226,-647],[36,-299],[-225,-1122],[-36,-731],[-227,-891],[99,-564],[-164,-741]],[[509417,535883],[197,432],[-587,691],[373,547],[-110,447]],[[512447,550094],[359,867],[412,444],[272,864]],[[495093,539685],[280,-299],[277,86],[-121,625],[178,231],[732,-41],[-676,-738],[-121,-371],[-256,156],[-293,351]],[[500974,539274],[-124,480],[43,1530],[187,525],[99,813],[-101,340],[181,613],[391,529],[1049,-295],[264,140]],[[507982,557930],[233,216],[112,717],[-79,373],[344,419]],[[516888,564082],[-128,-353],[-319,-36],[63,-810],[-332,-58],[-756,692],[-231,632],[492,246],[252,313]],[[515929,564708],[33,-180],[955,-252],[-29,-194]],[[504434,549427],[33,166],[-447,334],[254,875],[214,116],[103,555],[302,415],[389,1082],[258,429]],[[504261,549652],[76,-41]],[[509007,561076],[272,504],[234,837],[617,590],[646,297],[420,365],[682,128]],[[511878,563797],[621,-725],[494,-337],[-136,-952],[-560,-126],[-56,-1191],[224,-212],[126,-714],[558,-65],[327,-754],[-253,-360],[258,-871],[287,-492]],[[511878,563797],[438,108],[882,609],[-48,481],[350,832],[847,696],[369,51],[365,-301],[408,-1041],[440,-524]],[[516888,564082],[625,-202],[524,16],[-88,-589],[320,-1004],[570,-138],[-386,-420]],[[513548,563676],[482,-572],[-228,-559],[463,-401],[280,-679],[395,-61],[-57,712],[356,280],[-155,385],[115,577],[-433,1362],[-302,308],[-476,-373],[-440,-979]],[[505804,534769],[-168,-760],[-186,-182],[-404,-1100],[-685,-963],[-405,-378],[-436,-1344],[-375,28],[-256,-447],[-641,240],[-270,-164],[-621,417],[-157,-141]],[[501200,529975],[-260,1161],[-937,1021],[-155,728],[470,341],[-149,867],[380,1097],[-109,575],[286,682]],[[503608,523576],[-254,-216],[-598,678],[-151,493],[-683,1623],[102,605],[-474,1615],[-350,1601]],[[340587,426998],[161,124],[90,230],[94,-94],[118,21],[24,-208],[174,-43],[161,4],[166,56],[-59,221],[126,-55],[69,-85],[78,-252],[94,-30],[115,124],[80,-60],[56,107],[-80,119],[75,119],[216,89],[212,-25],[82,-42],[63,183],[45,298],[194,310],[-38,508],[-252,384],[-225,809],[1060,1232],[541,110],[514,-392],[557,-119],[602,63],[46,-778],[294,281],[924,592],[160,-188],[527,-15]],[[347651,430596],[721,335],[86,-1922],[271,-93]],[[348729,428916],[-54,-520],[-257,-524],[-498,-286],[-378,-1065],[-519,-379],[-295,-465],[-278,-115],[-217,-456],[214,-575],[-102,-852],[-791,-14],[64,-784],[-173,-676],[206,-282],[-95,-41],[10,-199],[-82,-49],[15,-141],[-99,-179],[1,-169],[-62,-77],[-28,-254],[337,24],[588,429],[148,-292],[198,-83],[54,-213],[-108,-284],[4,-723],[3,-249],[88,72],[124,-160],[29,-137],[80,-28],[131,-330],[27,-442],[271,-564],[-624,-333],[-116,-225]],[[346545,417276],[-481,-456],[-286,-767],[-546,-844],[-54,-136],[-45,-268]],[[345133,414805],[-89,293],[-361,-34],[-343,286],[-115,443],[-246,-175],[-70,81],[-281,-64],[-40,-128],[-455,-217],[-1304,213],[-311,251],[-415,-85],[-246,-324],[-854,111],[-441,-137]],[[339562,415319],[144,150],[201,826],[-150,490],[-431,-115],[-586,657],[-204,426],[252,933],[289,698],[822,235],[193,1891],[356,1449],[-134,618],[29,946],[-142,405],[-24,843],[410,1227]],[[311402,478370],[-106,-245],[118,-662],[845,-317],[-206,-609],[-310,-371],[-38,-524],[204,-409],[650,-157],[56,-256],[-131,-1018],[145,-533],[88,-1069],[-104,-614],[-356,-153],[-201,-469],[5,-554],[-415,354],[-259,13],[-316,-797],[452,-149],[-165,-629],[-711,-73],[-159,-765],[-462,-1359]],[[310026,467005],[-376,186],[-1300,-39],[-98,282],[-421,-402]],[[307831,467032],[-239,295],[-170,676],[-292,409],[-451,157],[-410,488],[-210,447],[-510,446],[-439,156],[-141,575],[-313,165],[-742,2811],[-40,1130],[70,378],[-212,1399]],[[303732,476564],[391,318],[1202,260],[391,247],[284,-392],[-118,-596],[156,-524],[257,17],[490,652],[412,144],[286,-183],[305,648],[233,17],[233,784],[75,779],[183,632],[331,353],[453,-17],[506,218],[239,604],[405,316],[220,412]],[[297967,422230],[386,412],[730,437],[732,-678],[899,257],[963,-198],[273,396],[459,-153],[617,-570],[211,-929],[196,-477],[717,566],[313,1001],[-2,490],[629,1517],[281,333],[163,242],[105,115],[104,201],[38,741],[455,1500],[-62,528],[107,537],[412,639]],[[306693,429137],[188,-192],[195,-1031],[-69,-622],[216,-711],[349,-307],[26,-443],[300,-720],[78,-656],[388,-1181],[511,-498],[686,-179],[5,294],[107,183],[656,-72],[412,-226],[496,141],[388,-116],[929,427],[699,-77],[447,-260],[324,0]],[[314024,422891],[67,-605],[240,-115],[118,-447],[-96,-755],[404,-1921],[-134,-290],[150,-554],[-316,-562],[-37,-516],[-439,-515],[-107,-362]],[[313874,416249],[118,-588],[-81,-375],[-1737,-2518],[-282,-635],[-37,-499],[-396,-507],[-107,-912],[-338,-673]],[[311014,409542],[-752,529],[-150,924],[-385,192]],[[309727,411187],[-164,856],[-228,481],[-158,705],[-344,761],[-375,273],[-544,784],[-209,-17],[-399,24]],[[307306,415054],[-120,483],[-423,383],[-436,593],[-391,-43],[-410,733],[-122,1147],[-392,-176],[-479,260],[-190,465],[-533,132],[-319,-205],[-369,-494],[-369,-200],[-279,-558],[-334,-309],[-415,28],[-487,689],[-425,157],[-137,650],[-362,438],[-339,18],[-198,374],[-284,79],[-291,675],[-319,245],[-492,6]],[[298391,420624],[3,320],[-345,450],[-82,836]],[[326802,449162],[551,-39],[325,528],[207,-244],[911,-69],[374,400],[165,-1984],[233,-442],[280,-1341],[474,-1476],[-19,-912],[505,69],[428,-360],[528,29],[-734,-709],[-73,-471],[126,-652],[-46,-657],[524,-961],[555,-535],[542,-241]],[[332658,439095],[-52,-457],[-495,-1742],[-91,-780],[-32,-183],[-65,-171],[-353,-76],[-134,-77],[-69,43],[-316,426],[-488,128],[-399,-158],[-192,60],[-172,170],[-80,200],[-40,-68],[-397,198],[-251,649],[-332,411],[-270,-35],[-341,-439],[-411,28],[-149,250],[-824,61]],[[326705,437533],[-363,973],[484,418],[249,379],[420,264],[-409,605],[-209,737],[-1071,631],[-313,916],[350,592],[30,558],[401,716],[-72,695],[-281,477],[-8,724],[870,9],[511,536],[126,444],[-85,553],[-533,1402]],[[314929,385290],[181,39],[113,1019],[238,92],[186,605],[347,595],[-35,461],[-916,531]],[[315043,388632],[474,1435],[275,366],[-349,528],[115,1493]],[[315558,392454],[0,231]],[[315558,392685],[1251,236],[927,-126]],[[317736,392795],[175,-611],[-168,-833],[232,-351],[544,405],[214,-235],[498,128],[982,-366],[1422,-1095],[147,-401],[332,541],[348,-315],[466,-183],[182,524],[495,268],[356,-434],[268,-844],[495,73],[204,-299],[-8,-554],[356,-588],[-59,-703],[688,26]],[[325905,386948],[102,-1338],[-509,-277],[16,-622],[311,-571],[152,-1042]],[[325977,383098],[-452,-692],[-359,-196],[-147,-707],[-353,106],[-897,-899],[-469,-137]],[[323300,380573],[-21,329],[-314,844],[-377,609],[-787,682],[-271,899],[-428,404],[-468,-68],[-300,661],[-421,-9],[-522,742],[-141,541],[-372,277],[-541,170],[-437,315],[-656,-596],[-318,-13],[-26,-612],[-341,-534],[-403,-162]],[[316156,385052],[-571,28],[-656,210]],[[338000,398456],[-10,1125],[147,665],[-284,1286],[22,831],[203,392],[367,1721],[-45,529],[239,721],[317,261],[573,983],[259,761],[24,532],[-154,423],[170,1307],[-125,1735],[239,930],[250,377],[297,103],[-38,105],[65,151],[-211,133],[-68,-18],[-51,419],[-100,-166],[-148,135],[-25,-198],[-51,-108],[-318,-235],[-410,564],[-199,-149],[-111,21],[-119,-296],[-216,-272],[-173,292],[-206,-92],[-315,154],[-370,685],[-211,-237],[-64,484],[-153,428],[-203,-155],[-163,431],[-1,85],[96,223],[44,296],[-36,182]],[[336734,416000],[1355,-522],[121,-317],[756,-276],[596,434]],[[345133,414805],[77,-9],[140,81],[144,17],[238,-128],[177,-222],[150,-537],[-372,-336],[-241,-631],[-380,-490],[126,-562],[-188,-810],[249,-396],[65,-988],[176,-729],[-203,-328],[-447,-1108],[-351,-1180],[120,-400],[611,-337],[174,-503],[-35,-754],[498,-997],[94,-524],[-255,-1755],[204,-1185],[-166,-967],[5,-506]],[[320334,408618],[-150,711],[-180,286],[-374,72],[-597,337],[88,903],[-51,1440],[208,883]],[[319278,413250],[432,-240],[303,-387],[141,-537],[354,-166],[1328,583],[597,759],[972,596],[816,691],[696,-30],[142,703],[635,779],[-148,819],[132,502],[385,388],[293,892],[454,-474],[62,17],[246,187],[91,277],[56,38],[32,243],[102,81],[40,179],[-3,166],[164,422],[283,260],[611,213],[24,205],[56,161],[257,103],[161,128],[104,204],[153,-39]],[[329249,420973],[535,-1197],[340,-532],[340,243],[528,145],[407,-239],[540,264],[469,-183],[281,187],[367,-877],[262,34],[310,-393]],[[333628,418425],[-61,-280],[164,-1189],[321,-554],[594,107],[463,-154],[212,-511],[356,-13],[166,-388],[-56,-145],[-126,-119],[-61,-147],[-59,97],[-135,-78],[-40,-247],[-120,47],[-32,-72],[8,-243],[-25,-84],[381,-223],[-180,-729],[78,-2019],[-375,-183],[-230,115],[-568,-375],[-789,-1317],[88,-345],[-337,-1027],[-426,-460],[-795,-213],[-621,-21],[-99,-865],[275,-895],[-425,-251],[-297,25],[-196,392],[-460,247],[77,-643],[367,-826],[56,-929],[215,-580],[-244,-1274],[134,-1095],[589,-707],[219,-771],[-80,-452],[209,-511],[-35,-601],[244,-520],[-330,-992],[107,-848]],[[331749,395559],[-532,-426],[-3,-499],[-286,-17],[-156,869],[-420,-38],[-819,256],[-426,-158],[-166,-307],[-286,209],[-469,13],[-278,703],[-236,-256],[-51,-524],[-444,102]],[[327177,395486],[-391,252],[-423,622],[-723,848],[-115,554],[367,924],[-260,439],[-340,-324],[-262,511],[-263,-430],[-589,-38],[-433,-218],[-121,-541],[-359,635],[-463,550],[-324,554],[-302,179],[-573,-192],[-562,550],[-231,-60],[-219,-537],[-262,32]],[[320329,399796],[-1270,1246],[-334,-404]],[[318725,400638],[-557,979],[293,726],[-137,1491],[-141,361],[123,677],[724,-417],[610,716],[129,507],[897,780],[88,775],[-420,1385]],[[300155,443419],[226,-30],[527,-997],[476,400],[140,529],[-6,596],[190,290],[-50,695],[-343,328],[51,558],[-311,686],[70,545],[217,422],[-201,511],[45,511],[319,94],[-37,618],[249,469],[-46,830]],[[301671,450474],[278,635],[464,571],[482,149],[599,-306],[779,-1108],[402,941],[217,162],[857,103]],[[305749,451621],[305,-478],[-30,-413],[429,-622],[99,-618],[-67,-681],[-434,-750],[367,-814],[310,-307],[380,-954],[-350,-367],[158,-1397],[-472,-1116],[164,-508],[-27,-762]],[[306581,441834],[-608,-13],[89,-699],[763,-1159],[1153,-1137],[-42,-1206],[-479,102],[-397,-98],[-107,-558],[-699,119],[-203,-1256],[-380,-401],[45,-341],[380,-123],[59,-341],[-329,-213]],[[305826,434510],[-477,750],[-1622,-52],[-1266,1245],[-94,613],[-490,520],[-1154,-362],[-281,349]],[[300442,437573],[-364,503],[-289,128],[-107,656],[177,716],[-70,643],[415,780],[-78,451],[29,1969]],[[299077,381071],[509,-467],[80,-426],[533,307],[10,519],[247,460],[679,-575],[753,-208],[294,315],[466,-124],[621,132],[276,350],[3,771],[340,601],[551,323],[945,-72]],[[305384,382977],[-32,-907],[356,-499],[99,588],[461,219]],[[306268,382378],[-55,-361],[461,-607],[233,-638],[486,-439],[8,-1204],[276,-480],[-532,-1212],[-253,-1635],[-114,-257],[-323,-1415],[-134,-1801]],[[306321,372329],[-358,-140],[-713,-38],[-239,105],[-556,-736],[-803,-34],[-790,-554],[-133,354],[-590,302],[-908,-129]],[[301231,371459],[-294,534],[-472,421],[-142,397],[-369,215],[-54,506],[-550,421],[14,643],[-113,561],[-358,671],[-120,1240],[219,221],[-265,910],[-466,422],[-193,436],[317,700],[64,1340],[442,-196],[186,170]],[[319278,413250],[357,557],[335,1044],[21,1427],[-102,946],[156,1313],[150,562],[-75,481],[-509,375],[-147,537],[56,1104],[455,775],[134,916],[-420,341],[-177,839],[8,835],[222,1449],[-64,256],[260,592],[-220,307],[169,417],[107,972],[348,627],[-99,174],[715,1181],[-55,652],[400,361],[-147,498],[10,520],[212,235],[-110,673],[490,38],[434,507],[297,-332],[567,17],[354,-456],[207,212]],[[323617,434202],[257,-309],[821,105],[463,-311],[410,0],[182,-276],[172,-761],[332,-164],[74,-540],[416,-431],[1045,206],[302,-80],[284,-484],[468,-352],[1027,4],[600,-769],[-107,-703],[-306,-946],[-77,-592],[-595,-1286],[-203,-610],[-618,-941],[321,-418],[902,-686],[34,-164],[-125,-151],[-54,-222],[16,-162],[-109,-264],[26,-196],[-77,-311],[-107,-268],[-81,-124],[-93,-285],[-11,-290],[56,-349],[-13,-99]],[[314024,422891],[174,733],[-316,503],[-453,370],[-621,192],[91,924],[-51,473],[129,516],[388,750],[120,507],[-299,1421]],[[313186,429280],[289,552],[40,477],[302,85],[381,469],[597,1159],[96,494],[-78,575],[169,733],[182,289],[351,47],[35,703],[-193,1223],[418,98],[415,848],[230,136],[249,601],[361,-11]],[[317030,437758],[284,-27],[235,434],[105,1049],[-59,558],[428,213],[244,694],[348,328],[394,-464],[334,-30],[932,176],[359,-277],[205,339],[219,-377],[453,-236],[97,-843],[584,63],[203,537],[289,-294],[284,-954],[351,-861],[-46,-1120],[-269,-455],[367,-675],[607,141]],[[323978,435677],[83,-472],[-238,-719],[-206,-284]],[[319278,413250],[-430,523],[-53,805],[-560,256],[-669,-145],[-308,452],[-375,-13],[-297,477],[-455,422],[-903,-273],[-425,196],[-731,141],[-198,158]],[[306678,328869],[578,-158],[194,-378],[68,-994],[-110,-338],[-678,424],[-333,973],[281,471]],[[292394,321286],[394,729],[415,141],[155,-311],[517,77],[-99,1154],[244,-64],[230,767],[450,895],[224,132],[-227,1001]],[[294697,325807],[230,465],[40,758],[260,17],[565,358],[139,286],[552,-47],[918,140],[198,461],[861,539]],[[298460,328784],[91,-989],[230,-1224],[352,-752],[-13,-413],[339,-1441],[547,-1080],[-368,-763],[-416,-340],[45,-1255],[469,-649],[280,230],[747,-664],[394,281],[474,-115],[285,441],[152,589],[288,312],[584,-294],[385,550],[282,38],[141,371],[348,-256],[435,103]],[[304531,321464],[-185,-480],[45,-1044],[-257,-979],[413,-675],[48,-966],[-308,47],[-6,-460],[-211,-822],[-271,-26],[-2,-550],[-715,-370],[-319,149],[-254,-571],[-48,-443],[-271,-47],[-64,-1892],[-273,-400],[5,-380],[-401,-460],[3,-609],[-348,-507],[-873,-763],[-426,341],[70,-1065],[-303,-579],[-161,-682],[252,-746]],[[299671,306485],[-803,-307],[-600,444],[-516,72],[-292,-452],[-404,-161],[-544,140],[-233,-217],[-147,605],[-64,1218],[160,520],[-241,801],[442,703],[-324,729],[-423,520],[-501,25],[-171,354],[-310,38],[-153,-601],[-201,-81]],[[294346,310835],[-575,235],[-375,-311],[-297,85],[-354,413],[546,955],[49,1048],[-348,217],[-284,741],[-431,507],[-391,86],[-11,1082],[576,477],[-231,550],[-24,1832],[116,669],[297,805],[-22,907],[-193,153]],[[305973,325273],[620,290],[467,-419],[556,173],[-329,-990],[167,-497],[-424,-327],[-123,-404],[-491,-241],[-263,229],[-44,1923],[-136,263]],[[346545,417276],[189,-938],[538,-865],[412,-1167],[589,-512],[426,-12],[629,-797]],[[349328,412985],[420,-345],[1181,-328],[163,226],[597,-5],[177,-268],[126,-34],[24,-85],[-78,-192],[32,-124],[228,-319],[-78,-294],[188,17],[99,-34],[8,-162],[-102,-213],[-179,-158],[-205,57],[100,-1246],[-88,-434],[83,-1082],[348,-520],[310,-43],[458,-439],[188,-669],[-180,-490],[498,-1525],[287,-264],[208,-784],[-380,187],[-270,-430],[-182,-1235],[286,-465],[126,-626],[-211,-469],[415,-158],[119,-625]],[[338535,459296],[-28,-454],[-353,-188],[1359,-4234]],[[339513,454420],[-109,-938],[192,-485],[-85,-411]],[[339511,452586],[-530,-211],[-279,-350],[-498,789],[-693,-618],[-193,-635],[-486,514],[-215,411],[-667,136],[-399,-746],[-501,1031],[-481,9],[-3,-388],[-367,-856],[166,-516],[-21,-720],[-244,-618],[-525,-456],[-45,-528],[-415,-345],[-260,162],[-474,-247],[-375,409],[-99,1065],[-757,1027],[-640,-9],[-265,584],[67,256],[-346,460],[-163,779],[-519,563],[-107,324],[-828,792],[-565,205],[-286,-350],[-407,1083],[-214,-60],[-292,454]],[[326585,455986],[147,931],[335,473],[-30,521]],[[315043,388632],[-702,302],[-752,4],[-112,-937],[-413,252],[-401,-280],[-331,234],[96,257],[-692,-298],[33,-943],[-241,-260],[-308,268],[-158,-253],[55,-1305]],[[311117,385673],[-428,-164]],[[310689,385509],[-25,643],[-217,635],[-96,674],[-246,307],[-143,624],[-5,609]],[[309957,389001],[-50,1275]],[[309907,390276],[1657,-59],[75,342],[348,416],[231,1558]],[[312218,392533],[61,50],[652,-358],[464,-4],[-28,-226],[634,34],[385,201],[1172,224]],[[332658,439095],[39,787],[635,-98],[690,-784],[24,-1614],[437,93],[661,-630],[412,115],[680,635],[514,355]],[[336750,437954],[204,-436],[-139,-435],[72,-468],[474,588],[176,-503],[-120,-882],[-171,-230],[51,-1270],[-70,-493]],[[337227,433825],[-16,-534],[-262,-294],[-78,-541],[-286,-550],[-488,-336],[-324,-490],[-610,-243],[-24,-111],[43,-294],[83,-89],[-24,-294],[-153,-137],[-21,-192],[-172,-272],[-206,-677],[-364,-435],[-126,-379],[220,-2267],[-132,-507],[115,-596],[196,-60],[238,-716],[-88,-950],[340,-1082],[-46,-588],[102,-469]],[[335144,420722],[-436,-268],[-91,-290],[-22,-1265],[-211,-533],[-439,-230],[-317,289]],[[323978,435677],[800,486],[892,834],[297,-156],[148,459],[294,-177],[296,410]],[[326585,455986],[-43,-697],[-308,-933],[148,-1419],[157,-456],[-21,-524],[-276,-1308],[105,-929],[455,-558]],[[317030,437758],[-24,431],[-316,1274],[257,284],[-71,736],[142,500],[-15,655],[300,1031],[-230,690],[-359,158],[-476,822],[-782,4],[59,946],[-70,712],[-201,456],[217,379],[8,443],[236,268],[-24,489],[391,25]],[[318725,400638],[-370,-1270],[41,-337],[-461,-430],[-375,554],[-335,-22],[-457,-413],[16,-451],[-273,-358],[-592,-462]],[[315919,397449],[-579,-433],[0,497],[-660,-467]],[[314680,397046],[-22,1065],[-359,85],[78,980],[-289,396],[56,1108],[-166,358],[180,307],[13,554],[-174,162],[-613,-98],[-378,-265],[-492,73],[-260,762],[217,806]],[[312471,403339],[179,656],[884,707],[601,792],[624,66],[625,-432],[257,-447],[302,89],[303,520],[-22,422],[458,481],[594,150],[3058,2275]],[[307306,415054],[-297,-442],[311,-455],[124,-703],[-253,-567],[-444,234],[-643,9],[-439,-154],[-243,269],[-988,251],[-423,-677],[364,-1700],[527,-1338],[-147,-430],[-541,-486],[-158,-388],[49,-456]],[[304105,408021],[-747,507],[-209,-147],[50,-715],[-503,176],[-669,529],[-715,72],[-257,656],[-839,561],[-346,-1159]],[[299870,408501],[-279,-130],[-219,345],[-399,229],[-233,-161],[-365,541],[-535,-168],[-283,85],[-78,132],[-101,3],[-84,87],[-106,235],[28,148],[-117,275],[5,958],[-136,312]],[[296968,411392],[211,376],[93,925],[273,1645],[232,438],[-84,692],[167,662],[-236,524],[-43,457],[409,425],[238,715],[17,815],[188,711],[-42,847]],[[294697,325807],[-193,409],[-648,422],[-324,1563],[517,1205],[381,520],[-14,362],[587,875],[306,-215],[284,847],[260,30],[356,592],[-42,319],[-544,427],[135,713],[256,687],[0,641],[131,1176],[455,595],[67,315],[-158,639],[-337,498],[91,929],[552,806],[-137,285],[222,707],[-345,1002],[-375,430],[212,826],[-394,545]],[[295998,343957],[284,360],[470,139],[467,616],[-132,830],[252,913],[511,-259],[260,909],[381,259]],[[298491,347724],[58,-349],[1208,-776],[428,158],[819,-204],[720,681],[196,-133]],[[301920,347101],[-29,-973],[149,-352],[-116,-444],[-563,-40],[-267,-1629],[-324,-891],[-584,-582],[-363,-1027],[-104,-936],[-324,-167],[61,-569],[-153,-229],[148,-485],[391,-551],[23,-658],[-437,-326],[-262,389],[-459,-76],[-186,-375],[124,-818],[368,-392],[247,-713],[-318,-119],[-188,-879],[-222,-554],[44,-667],[288,-483],[-300,-736],[96,-741],[48,-1310],[-262,-528],[14,-456]],[[340587,426998],[-185,145],[-316,-285],[-308,647],[-5,200],[-67,567],[-490,443],[-107,580],[-784,456],[-563,-230],[-326,59],[-65,494],[183,431],[-204,1039],[195,844],[-144,797],[190,549],[-364,91]],[[336750,437954],[295,701],[725,-93],[121,162],[482,-205],[182,-285],[423,-60],[522,-341],[509,-613],[302,587],[19,861],[241,558],[-38,699],[257,541],[429,379],[315,-119],[392,-763]],[[341926,439963],[104,-421],[321,127],[573,-754],[281,-208],[-29,-529],[142,-549],[334,-277],[115,-380],[632,-588],[351,-524],[142,601],[613,635],[496,-372]],[[346001,436724],[583,-1166],[230,-827],[284,-579],[-40,-763],[559,-1436],[34,-1357]],[[313186,429280],[-836,1237],[-214,1462],[-399,243],[-583,-162],[-319,153],[-779,-264],[-270,294],[-257,-217],[-272,97],[-109,9],[-75,959],[-253,28],[-625,-710],[-340,-583],[-800,-262]],[[307055,431564],[-252,918],[-846,422],[-267,847],[136,759]],[[306581,441834],[305,234],[107,-251],[201,183],[206,4],[206,39],[753,379],[232,-243],[579,660],[94,286],[-137,822],[59,631],[369,349],[838,286],[675,596],[961,-268],[305,162],[322,775],[307,93],[441,762],[433,249],[299,498],[295,835],[318,196],[356,963],[616,-187],[535,883]],[[292394,321286],[-211,26],[-268,524],[-340,239],[-293,-171]],[[291282,321904],[40,806],[201,126],[121,551],[64,947],[265,715],[336,-52],[309,277],[-335,766],[160,829],[277,353],[153,537],[-427,383],[-56,409],[278,146],[-100,1037],[101,429],[339,274],[214,441],[-4,735],[354,908],[191,779],[169,233],[452,1864],[197,1138],[161,370],[10,1049]],[[294752,337954],[256,753],[253,396],[100,627],[-86,1128],[-365,577],[192,977],[674,1457],[222,88]],[[339511,452586],[-206,-509],[-6,-1236],[265,-362],[-99,-699],[38,-1257],[-680,-524],[-356,-997],[-201,-988],[214,-827],[-444,-1052],[265,-810],[607,-178],[630,-529],[548,122],[667,-539],[270,-439],[271,76],[409,-843],[300,-166],[-77,-866]],[[339513,454420],[244,-119],[495,507],[-10,468],[334,350],[276,-30],[391,-371],[380,-618],[19,-417],[514,-486],[117,128],[480,-567],[353,-89],[-120,-507],[779,-73],[519,-341],[536,-1073],[420,98],[158,301]],[[345398,451581],[16,-480],[511,-631],[-32,-1274],[-302,-157],[184,-861],[-163,-392],[21,-498],[-251,-755],[375,-1227],[439,-225],[398,63],[306,456],[527,-89],[859,260],[1018,-22],[-43,-826],[166,-456],[29,-920],[115,-622],[-404,-955],[-13,-801],[-380,-471],[2,-539],[335,-279],[-77,-441],[-630,-498],[-112,-550],[-619,-647]],[[347673,437744],[-511,-252],[-321,171],[-324,-115],[-193,-759],[-323,-65]],[[303732,476564],[-318,518],[-91,614],[-321,-47],[-244,-554],[-150,-1065],[137,-631],[-33,-945],[-444,-1978],[235,-459],[-237,-768],[-501,-219],[-162,-472],[-626,-587]],[[300977,469971],[-194,769],[-556,1073],[-196,1130],[63,474],[329,606],[-258,1343],[165,225],[-225,1099],[70,228],[-236,633],[266,628],[-528,1168],[-3,679],[476,678],[461,400],[56,746],[431,1010],[-230,290],[-54,502],[340,409],[-5,605],[327,277],[704,-221],[254,-720],[345,779],[33,652],[-354,226],[-500,575],[32,350],[551,426],[16,217],[-501,346]],[[302056,487573],[232,-6],[225,867],[-356,445],[-304,1691],[-351,309],[18,434],[365,-96],[186,-311],[416,-112],[527,-396],[332,152],[337,-377],[475,520],[745,-226],[273,563],[241,1079],[574,71],[359,278],[311,-662],[634,-356],[282,-836]],[[296968,411392],[-233,735],[-271,432],[-91,68],[-228,77],[-53,51],[-273,843],[-314,567],[-302,805],[-276,337],[-61,464],[-415,350],[101,277],[-685,1747],[-183,251],[-834,269]],[[292850,418665],[-94,463],[182,1285],[312,1591],[-150,704],[224,776],[-99,543],[-351,454],[63,349],[367,-52],[544,328],[32,800],[458,100],[863,-428],[474,475],[99,511],[-89,677],[459,564],[153,837],[-144,126],[172,801],[-349,867],[-497,-9],[-132,-521],[-510,-686],[-349,-208],[-274,-934],[-228,181],[-124,1245],[-252,978],[196,470],[-419,783],[-384,1743],[-462,313],[-103,726],[-495,674],[209,885],[518,571],[-455,224],[252,571],[-325,964],[-61,523],[-393,931],[-463,361],[-412,-192],[-645,1040],[-319,1414],[-403,627],[-362,211],[-601,1144],[50,739],[-612,667],[-557,1269],[-633,432],[-111,416]],[[286620,447988],[573,32],[192,337],[568,324],[634,507],[833,21],[343,545],[624,213]],[[290387,449967],[-362,-511],[-69,-1176],[468,-264],[171,-652],[-117,-1120],[209,-299],[-220,-549],[174,-290],[131,-707],[-53,-490],[671,-737],[217,-51],[434,328],[857,260],[75,924],[-193,128],[142,1078],[-321,703],[29,648],[150,549],[541,286],[195,558],[-155,924],[353,452],[70,554],[477,315]],[[294261,450828],[196,-405],[20,-179],[173,-172],[23,-225],[-136,-124],[-316,-202],[-146,-304],[194,-1613],[-8,-883],[-222,-470],[7,-135],[68,-117],[15,-204],[82,105],[4,128],[206,307],[320,137],[250,358],[467,315],[407,-313],[396,626]],[[296261,447458],[246,-968],[819,13],[-163,-754],[302,-519],[656,-478],[652,-307],[494,976],[468,-217],[-18,-626],[438,-1159]],[[300442,437573],[-163,-515],[13,-499],[-308,-524],[6,-976],[-113,-187],[-96,-277],[-21,-294],[-199,-192],[-107,-537],[121,-916],[-292,-536],[-477,-98],[-91,-294],[-506,-482],[-589,73],[-655,-109],[339,-627],[-36,-721],[243,-155],[93,-624],[-23,-1178],[304,-600],[-113,-1318],[390,-500],[84,-430],[-234,-385],[-169,-1317],[208,-418],[-84,-707]],[[309957,389001],[-424,-125],[-179,-455],[-264,-138],[-257,193],[-332,29],[-660,-150],[85,-388],[-500,-30]],[[307426,387937],[-122,551],[-317,300],[-52,610],[-408,-554],[-286,528],[134,1330],[-80,1039],[-209,507],[-496,179]],[[305590,392427],[-232,678],[-268,115],[-204,596],[43,409]],[[304929,394225],[592,0],[597,852],[439,426],[468,-98],[220,77],[412,4],[356,-12],[284,-47],[580,572]],[[308877,395999],[628,-244],[-63,-536]],[[309442,395219],[-149,-1017],[-17,-952],[346,-532],[-214,-774],[499,-1668]],[[294261,450828],[10,86],[289,-82],[220,81],[779,-656],[423,209],[273,1402],[-578,2313],[-372,0],[-134,776],[219,941],[-56,1014],[-198,397],[-86,1146],[-680,609],[-182,81],[-282,182],[347,480],[-209,450],[114,805],[166,342],[154,51],[169,-204],[211,69],[77,170],[107,89],[116,-3],[80,161],[83,11],[10,132],[194,174],[69,90],[26,134],[136,35],[20,146],[144,11],[354,371],[422,878],[114,153],[69,44],[96,171],[185,720],[442,-149],[209,345],[365,56],[178,294],[458,128],[64,-333],[383,-554],[-35,-886],[918,-950]],[[300142,462758],[-29,-439],[-694,-290],[-112,-536],[-324,-495],[-305,-741],[-185,-814],[-219,-94],[-220,-596],[-616,-85],[-192,-200],[112,-725],[308,-1031],[56,-1265],[300,-942],[-32,-588],[174,-533],[222,-153],[474,-831],[-720,-852],[166,-379],[-431,-750],[-145,-571],[-139,-1129],[-368,-60],[-264,397],[-765,109],[-246,-492],[276,-570],[37,-645]],[[334830,357337],[-32,830],[-378,1214],[-900,1815],[81,729],[-153,357],[-146,950],[-891,1231],[-220,920],[-467,445],[-299,-413],[-9,-1327],[288,-539],[-368,-76],[-113,740],[-539,487],[-226,412],[-594,73],[-521,476],[-226,-230],[-391,303],[96,498],[-225,470],[518,406],[454,786],[-195,339]],[[329374,368233],[234,308],[-448,620],[220,629],[-219,861],[18,456],[233,477],[377,220],[19,1084],[498,916],[597,322]],[[329643,362582],[-81,-562],[-544,113],[-188,636],[56,485],[-363,1253],[122,268],[515,-113],[267,-341],[279,-868],[453,-999],[-26,-469],[-490,597]],[[331378,358914],[438,-1268],[74,-487],[-133,-647],[-196,-237],[-422,1067],[4,569],[235,1003]],[[299077,381071],[37,290],[-194,1056],[180,746],[-69,469],[93,599],[-24,866],[-207,636],[74,507],[-137,666],[-124,1490],[12,683]],[[298718,389079],[329,25],[549,630],[410,0],[281,-276],[1095,409],[268,353],[415,-609],[361,-55],[391,592],[934,409],[712,-145],[413,34],[190,767],[123,17],[75,170],[209,946],[117,81]],[[307426,387937],[20,-439],[-279,-635],[-56,-1185]],[[307111,385678],[-265,51],[-308,-255],[-431,234],[-72,90],[-131,-90],[-220,-895],[40,-409],[-203,-596],[-137,-831]],[[348729,428916],[379,328],[1093,-111],[120,-367],[332,-38],[370,-1031],[447,-516],[270,418],[420,-409],[865,-175],[108,-138]],[[353133,426877],[-70,-526],[-1152,-282],[-677,-260],[-506,-634],[-581,-1875],[-375,-716],[-40,-993],[-203,-426],[-137,-1427],[163,-588],[6,-805],[201,-511],[460,-226],[88,-418]],[[350310,417190],[-249,-400],[-800,-47],[-262,-1367],[32,-452],[-30,-201],[295,-413],[75,-17],[85,179],[56,-98],[-10,-720],[-94,-132],[-80,-537]],[[310026,467005],[190,-357],[24,-529],[279,-92],[-347,-1007],[503,-724],[-150,-192],[-65,-762],[188,-554],[80,-669],[763,55],[375,-243],[107,-907],[-198,-771],[-212,-307],[-72,-554],[137,-426],[-249,-605],[-279,-1406],[-517,-253],[-23,-734],[163,-1037]],[[310723,454931],[-453,-596],[43,-810],[-254,-528],[-482,950],[-514,-64],[-439,-750],[-643,-703],[-570,-315],[-626,-34],[-156,-443],[-361,-354],[-519,337]],[[301671,450474],[-236,-421],[-241,38],[-412,-418],[-278,69],[-359,779],[38,639],[457,-8],[530,1099],[854,1449],[509,558],[439,950],[410,-196],[120,243],[562,396],[156,541],[227,222],[35,549],[471,1057],[512,831],[457,277],[525,1406],[348,311],[134,588],[324,711],[91,968],[549,285],[15,457],[-200,441],[122,612],[-140,945],[267,839],[-126,341]],[[314859,275202],[458,-122],[345,400],[-14,1330],[142,524],[472,524],[415,30],[275,1052],[207,38],[278,746],[-78,631]],[[317359,280355],[423,-516],[552,-166],[308,136],[375,584],[334,-277],[-24,-452],[241,-660],[1033,396],[215,-119],[562,426],[364,-805],[441,189]],[[322183,279091],[148,-257],[-651,-1121],[-58,-324],[-999,-349],[-249,-1615],[-97,-1440],[-238,-307],[204,-716],[321,-336],[163,-763],[273,-264],[115,-639],[-77,-648],[176,-558],[12,-873]],[[310723,454931],[625,106],[420,-92],[224,-74],[56,273],[220,22],[58,135],[100,-61],[201,154],[143,-91],[76,7],[236,-85],[127,93],[43,-95],[172,-219],[717,19],[499,891],[264,-31],[293,599],[-21,302],[383,295],[47,1267],[1605,2120]],[[335037,395863],[-554,-245],[-514,230],[-538,-413],[-445,-136],[-361,149],[-284,-111],[-225,294],[-367,-72]],[[335144,420722],[592,-1346],[-321,-623],[368,-492],[360,-999],[356,-380],[-143,-558],[378,-324]],[[307055,431564],[-281,-1272],[-241,-618],[160,-537]],[[300142,462758],[314,763],[48,558],[-287,128],[185,562],[-110,392],[340,1466],[-152,835],[352,512],[-2,1038],[-117,733],[264,226]],[[309442,395219],[491,106],[136,-257]],[[310069,395068],[-119,-763],[214,-984],[1038,-476],[243,-407],[773,95]],[[347110,455014],[-189,-411],[-471,-38],[134,-669],[-3,-767],[-292,-631],[-682,1134],[-330,-337],[-110,-737],[287,-750],[-56,-227]],[[322183,279091],[69,431],[-280,193],[130,448],[399,168],[293,-354],[145,-602],[436,18]],[[323375,279393],[864,-1868],[570,-438],[651,-1187],[1205,-1463],[218,-147],[-113,-803]],[[350310,417190],[262,-134],[370,264],[-29,567],[436,790],[76,487],[1006,-482],[1148,-1247],[309,52],[351,447],[21,513],[-359,187],[97,1606],[532,511],[69,1025],[560,1828],[-177,657],[533,1196]],[[306321,372329],[3,-719],[168,-921],[63,-1498],[141,-375],[38,-985],[-236,-1013],[24,-279],[375,-841],[-105,-503],[-286,-351],[-104,-855],[-240,-192],[-686,-1210],[-248,-580],[-293,-1242],[146,-480],[-230,-358],[-136,-1249],[-611,-977],[-849,-2531],[-106,-720],[-443,-1697],[-254,-628],[-23,-898],[238,-931],[-341,149],[-427,-561],[-112,-409],[28,-901],[132,-607],[-27,-866]],[[298491,347724],[145,59],[306,772],[372,455],[-41,331],[292,532],[85,686],[586,1065],[-117,492],[530,858],[328,244],[-73,1121],[512,489],[262,701],[-152,651],[90,514],[469,339],[438,-174],[239,546],[140,688],[357,395],[125,1226],[-226,133],[-61,520],[-316,498],[-87,879],[121,713],[-521,364],[-38,787],[214,446],[83,715],[-458,99],[-210,-267],[-200,376],[197,538],[-229,683],[106,662],[-199,133],[-269,868],[112,969],[-429,827],[187,666],[70,1136]],[[308723,281709],[64,371],[-185,546],[263,1218],[-284,648],[-659,336],[-393,695],[-129,993],[-206,366]],[[307194,286882],[-152,434]],[[307042,287316],[396,691],[795,673],[294,-47],[466,367],[503,98],[105,391],[359,128],[158,580],[531,-226]],[[310649,289971],[147,-1566],[438,-102],[284,-329],[570,90],[661,644],[401,-1044],[663,-1430],[309,-548],[429,-478],[385,112],[818,-1111],[631,-531],[590,-89]],[[316975,283589],[-194,-716],[-48,-835],[275,-1479],[351,-204]],[[308700,297743],[-323,362],[-384,100]],[[307993,298205],[165,1037],[503,384],[426,140],[452,409],[447,19]],[[309986,300194],[290,-2168],[500,-3249],[470,-2546],[395,-1441],[271,-729],[421,-764],[-261,-402],[-498,741],[-506,125],[-151,438],[-65,1202],[-191,289],[42,423],[-92,1170],[62,254],[-120,972],[-367,272],[-344,-18],[-299,-925],[-222,217],[-8,433],[224,547],[270,160],[44,816],[-166,1491],[-256,717],[-259,-304],[-470,-172]],[[291687,302680],[-6,-407],[-421,-1351],[59,-550],[224,-613],[-281,-801],[-449,-388],[-263,-841],[-176,503],[-64,768],[-184,229],[216,639],[-316,214],[204,412],[-70,448],[142,690],[-174,185],[-3,557],[250,230],[15,831],[-136,741],[488,-345],[159,-902],[392,-461],[394,212]],[[308980,405388],[407,141],[225,-222],[305,230],[270,-498],[683,-580],[163,13],[311,-76]],[[311344,404396],[372,-597]],[[311716,403799],[21,-379],[-144,-1181],[-129,-289],[185,-1031],[-35,-575],[-324,-346],[-131,90],[-147,47],[-148,-47],[-34,162],[-89,852],[-789,-294],[-348,115],[-410,-183]],[[309194,400740],[-353,366],[-199,737],[215,533],[-132,358],[198,460],[-101,456],[-27,1385],[185,353]],[[307194,286882],[-458,-55],[-776,1214],[-220,-916],[-375,-102],[-278,528],[-158,596],[-343,-285],[-338,22]],[[304248,287884],[-276,135],[-369,-204],[-113,780],[-522,255],[-200,-654],[-194,743],[-393,755],[172,875],[-289,1],[-68,619],[-347,-900],[-695,312],[-564,1100],[88,970],[-245,915],[-60,582],[-193,306],[-160,691],[-245,415],[54,457]],[[299629,296037],[395,380],[362,1014],[-466,1466],[525,989],[-78,489]],[[300367,300375],[295,-72],[369,-784],[621,38],[380,-294],[284,111],[86,482],[439,694],[107,388],[1167,209],[204,-239],[-70,-907],[-110,-248],[143,-793]],[[304282,298960],[139,-698],[281,-737],[80,-886],[206,-303],[-179,-575],[-30,-720],[322,-741],[-30,-409],[294,-575],[276,-1044],[32,-584],[201,-639],[335,-597],[-57,-690],[274,-1248],[616,-1198]],[[301445,289830],[-774,-532],[8,664],[545,23],[221,-155]],[[304105,408021],[479,-38],[996,-601],[238,43],[718,-230],[441,76],[206,252],[-53,400],[80,158],[46,0],[615,-281],[287,-401],[626,528]],[[308784,407927],[-187,-481],[350,-229],[17,-700],[-193,-626],[209,-503]],[[309194,400740],[56,-703],[236,-690],[-75,-1015],[-220,-796],[16,-776],[-330,-761]],[[304929,394225],[-40,333],[-316,187],[-112,1069],[546,840],[59,3042],[-89,558],[94,1023],[581,434],[19,273],[-429,605],[244,251],[-238,529],[-557,272],[-490,780],[-576,1074],[-460,93],[-319,-277],[-458,192],[-125,-869],[-343,-669],[-393,-98],[-242,473],[158,371],[-297,460],[-466,-145],[-409,976],[-328,84],[-206,579],[401,178],[-17,1274],[-251,384]],[[311014,409542],[180,-1333],[-273,-712],[150,-941],[278,-482],[70,-1078],[-75,-600]],[[308784,407927],[482,-72],[418,703],[-393,533],[337,409],[5,234],[-91,-9],[-70,209],[-42,311],[297,942]],[[307111,385678],[402,-784],[84,-385]],[[307597,384509],[-467,-500],[-46,-361],[-309,-480],[-499,-485],[-8,-305]],[[323059,379995],[-72,-277],[262,-1249],[289,-128],[-48,-660],[121,-541],[423,-132],[91,-609],[227,-81],[38,-865],[-115,-904],[-252,-1149]],[[324023,373400],[4,-25]],[[324027,373375],[-61,-115]],[[323966,373260],[-372,196],[-573,-211],[-518,-775],[-369,155],[-484,-371],[-932,26],[-374,-520],[-819,653],[-946,410],[-1169,194],[-1108,-355]],[[316302,372662],[-67,553],[166,1569],[375,392],[185,805],[302,371],[-8,1235],[-227,409],[355,431],[507,-218],[152,848],[201,94],[803,-511],[452,400],[643,-831],[452,380],[249,-192],[324,545],[563,64],[425,899],[378,384],[527,-294]],[[317736,392795],[-72,415],[482,231],[381,678],[447,85],[431,-107],[131,226],[-289,1223],[835,1027],[91,788],[525,-158],[546,171],[110,669],[-337,865],[-474,336],[-214,552]],[[327177,395486],[-1272,-8538]],[[314680,397046],[-2093,-1691],[-518,-261],[13,-109],[-214,133],[-62,80],[-342,-240],[-1395,110]],[[311716,403799],[340,-324],[415,-136]],[[304282,298960],[452,167],[203,384],[937,55],[410,234],[549,-409],[69,-426],[335,-524],[756,-236]],[[308700,297743],[-547,-673],[51,-1388],[321,-1869],[377,-508],[310,-1082],[561,-1129],[210,1450],[494,-414],[72,-1062],[306,-416],[-206,-681]],[[294346,310835],[-155,-886],[-370,-260],[-2,-626],[121,-777],[-181,-872]],[[293759,307414],[44,-140]],[[293803,307274],[-100,-215]],[[293703,307059],[-317,223],[-929,-1037],[-339,384],[-232,-1181],[98,-827],[-303,-807],[-576,-444],[-88,626],[-346,90],[-441,338],[-8,596],[-273,1905],[-458,2734],[337,614],[-88,536],[136,423],[-100,1245],[181,225],[112,1098],[-16,589],[349,645],[206,1055],[658,-396],[-154,1276],[-352,-311],[-184,491],[320,879],[-47,604],[-306,986],[490,181],[-216,410],[224,455],[241,1240]],[[293053,302418],[299,-504],[-59,-802],[97,-420],[-130,-776],[-190,-14],[-125,745],[217,806],[-325,312],[-205,634],[421,19]],[[293591,303670],[-116,-851],[-373,-45],[196,814],[293,82]],[[290674,317882],[-306,-736],[-491,-82],[32,1453],[110,585],[253,22],[316,-740],[86,-502]],[[316975,283589],[993,102],[730,191],[254,327],[373,-275],[526,-97],[197,377],[795,-204],[961,-575],[654,-1794],[100,-93],[817,-2155]],[[315919,397449],[-47,-532],[-316,-240],[2,-3992]],[[304531,321464],[353,-307],[296,78],[72,-610],[327,-682],[-30,-1198],[324,-634],[73,-1547],[-2,-1602],[163,-1491],[197,-2610],[291,-889],[380,-288],[311,-883],[299,-1188],[608,-606],[281,77],[-141,862],[267,652],[222,-581],[394,-1758],[359,-2228],[411,-3837]],[[300367,300375],[91,772],[-152,579],[-308,422],[-150,652],[168,379],[-93,473],[268,876],[-35,1220],[-485,737]],[[354722,428240],[-749,-718],[-110,-328],[-730,-317]],[[347673,437744],[4729,-1435]],[[299629,296037],[-645,496],[-232,537],[-495,631],[-176,-246],[67,-702],[-256,-246],[-367,157],[-203,865],[209,1176],[369,831],[73,524],[-592,-498],[-265,781],[-281,-64],[-252,829],[161,153],[-174,870],[-567,-543],[-429,-154],[-344,511],[-366,-95],[-217,562],[153,882],[-169,345],[112,370],[-135,729],[-193,281],[-56,972],[-526,-345],[-302,-7],[129,1030],[273,485],[-174,260]],[[293803,307274],[-100,-215]],[[297891,294322],[279,-770],[-392,-5],[-343,1195],[-5,1055],[453,-717],[8,-758]],[[297974,296343],[252,-9],[136,-584],[-351,-230],[-505,399],[8,458],[460,-34]],[[323300,380573],[-241,-578]],[[316302,372662],[-261,-348],[-29,-575],[-330,244],[41,525],[-643,320],[-273,664],[56,614],[550,262],[157,581],[-297,1125],[-257,453],[722,1554],[-40,332],[-465,908],[31,282],[450,945],[97,780],[-153,831],[-211,405],[251,579],[398,96],[197,504],[-169,869],[32,440]],[[290387,449967],[-600,337],[-284,814],[337,826],[-179,490],[-281,209],[-402,929],[-487,464],[-190,546],[75,980],[345,605],[-249,750],[51,924],[-171,422],[286,1133],[-184,213],[48,546],[428,549],[153,618],[417,320],[-484,396],[-436,814],[29,1082],[-182,550],[131,375],[-32,1031],[-276,1376],[420,1632],[-147,1086],[236,643],[-172,584],[314,435],[69,592],[506,256],[380,-345],[780,-1547],[176,-166],[670,-39],[463,-362],[150,490],[514,-162],[800,260],[316,371],[8,933],[-241,613],[-367,580],[206,456],[41,652],[-57,1150],[-115,247],[38,1099],[107,537],[-327,639],[-241,1411],[-578,673],[-229,611]],[[291970,480595],[505,341],[353,-509],[329,524],[180,-102],[614,655],[378,260],[659,-237],[157,312],[520,511],[590,-695],[383,109],[619,404],[180,926],[-102,978],[201,448],[-118,381],[179,385],[-66,579],[320,996],[316,-33],[477,519],[510,-28],[347,-285],[289,64],[640,-176],[319,-234],[502,3],[508,297],[297,585]],[[310689,385509],[-756,-103],[-532,409],[-278,-601],[-1526,-705]],[[314929,385290],[-322,140],[-1248,294],[-395,161],[-426,486],[-194,-500],[-1227,-198]],[[329374,368233],[-82,-538],[-467,-280],[-196,735],[266,256],[-443,370],[61,-1514],[-321,361],[-589,1058],[-341,227],[-403,884],[-422,151],[23,303],[-437,582],[-532,-56],[-408,541],[-341,1131],[-719,956]],[[325977,383098],[145,-747],[236,-328],[-6,-1517],[166,-128],[396,366],[338,98],[348,729],[286,132],[201,-609],[495,-115],[142,490],[699,1032]],[[324027,373375],[-61,-115]],[[298718,389079],[-439,723],[-129,1828],[-301,36],[-311,706],[-228,73],[-215,1134],[-256,207],[-42,766],[-459,417],[-190,-51],[-631,1000],[-560,458],[-688,785],[-717,961],[-325,183],[-464,1613],[-239,345],[-291,1224],[-320,-45],[-23,660],[-218,585],[-534,607],[-200,579],[-312,244],[-355,1028],[-431,884],[112,486],[-266,420],[204,394],[-412,1012]],[[289478,408341],[44,589],[210,351],[-510,999],[67,531],[229,534],[-94,899]],[[289424,412244],[585,33],[411,1149],[525,-363],[399,-546],[142,184],[-161,782],[166,739],[480,120],[220,312],[460,-346],[221,-514],[194,649],[47,1402],[-313,2002],[50,818]],[[286620,447988],[-50,258],[-527,620],[-559,852],[-299,854],[100,220],[-397,736],[-271,282],[-117,250],[-2,4],[-2,5],[-1,10],[17,53],[-175,490],[-29,212],[141,632],[438,462],[46,424],[-563,2016],[-22,698],[-597,1009],[-22,401],[265,468],[-52,227],[-70,180],[-5,29],[-29,54],[-3,7],[-3,7],[-3,6],[-2,7],[-8,20],[-9,17],[-267,223],[-316,107],[-85,-73],[-138,-714],[-139,-206],[-47,-36],[-1,0],[-15,-8],[-22,-20],[-55,-45],[-13,-8],[-42,17],[-556,1118],[-20,303],[87,234],[3,55],[-81,334],[-167,103],[-214,625],[-141,763],[-411,739],[-23,461],[133,230],[55,-48]],[[281335,463652],[625,-694],[152,-732],[449,231],[446,-267],[138,565],[518,115],[440,611],[554,-75],[224,223],[321,-133],[73,1805],[-198,637],[111,308],[-233,1094],[22,818],[-427,351],[-302,510],[686,608],[-9,968],[289,34],[39,473],[632,297],[84,837],[-4,1092],[-579,691],[455,568],[-287,767],[32,526],[221,832],[443,865],[-173,542],[70,693]],[[286147,478812],[280,-9],[787,387],[94,603],[413,-45],[182,264],[-152,518],[79,1202],[-32,575],[480,90],[171,-580],[327,244],[310,-265],[245,-507],[434,-461],[102,-482],[759,339],[610,83],[734,-173]],[[307950,277089],[-219,1109],[-23,492],[-349,-201],[-419,475],[-290,722],[-397,-59],[157,716],[-117,570],[-305,51],[-32,677],[-390,45],[-309,786],[-325,-45],[-117,633],[-838,717],[-259,517],[-123,2205],[653,1385]],[[298921,279164],[48,259],[419,7],[-134,-530],[-333,264]],[[303799,278733],[-322,-405],[-195,578],[-411,804],[443,1267],[-8,856],[399,-748],[-41,-1030],[136,-256],[-1,-1066]],[[538537,35166],[1020,791],[309,715],[1085,565],[100,209],[550,2],[433,395],[628,-39]],[[552681,46362],[110,28]],[[552791,46390],[1079,349],[333,250],[389,-79]],[[554592,46910],[597,-1555],[-163,-1177],[-333,-648]],[[554693,43530],[-352,-43]],[[554341,43487],[106,539],[-517,-84],[-395,-249],[-115,-426],[-551,-460],[-443,147]],[[552426,42954],[-274,710],[262,803],[-97,352],[399,181],[74,485],[-109,877]],[[554341,43487],[-249,-1571],[-548,-259],[-629,-822],[215,-499],[22,-509],[741,-929],[180,-382],[115,-714],[228,-307]],[[554416,37495],[-394,-67],[-629,180],[-439,-465],[-417,-115],[-610,-494],[-261,26],[-508,-406]],[[551158,36154],[-224,543],[-88,794]],[[550846,37491],[226,478],[-236,479],[358,333],[-274,880],[473,299],[518,688]],[[551911,40648],[170,319],[345,1131],[0,856]],[[564228,49516],[422,-1385],[0,-510],[339,-622],[56,-700],[-538,-906],[-181,-143]],[[564326,45250],[-1086,167],[-716,343],[-678,29],[-368,-538],[-454,205],[-800,-132],[-489,294],[-277,-179]],[[559458,45439],[-224,936],[74,441],[-216,1304]],[[559092,48120],[533,7],[1184,1166],[539,176],[542,-447],[320,-116],[466,-464],[1470,951],[82,123]],[[547232,41001],[344,655],[184,946],[329,510],[273,60],[273,572],[-60,713]],[[548575,44457],[870,-143]],[[549445,44314],[535,-313],[368,-744],[211,-1077],[433,-367],[90,-861],[218,-245],[611,-59]],[[550846,37491],[-329,191],[-333,-377],[-785,575]],[[551158,36154],[-478,-492],[-273,-531],[-192,-61],[-507,-875],[-702,-163],[-465,-608]],[[552791,46390],[70,1187]],[[552861,47577],[700,-114],[175,291],[605,-151],[523,163],[802,540]],[[555666,48306],[190,-392],[-744,-886],[-520,-118]],[[549445,44314],[356,260],[623,159],[695,852],[247,-10],[788,781],[527,6]],[[564228,49516],[489,-162],[747,461],[1136,1012],[390,61],[594,-631],[595,-59],[531,511],[160,-35],[346,-648],[628,-245],[26,-551],[-691,-761],[-219,-459],[-932,-1016],[-949,-1680],[-525,53],[-687,-627],[-334,-456],[-295,-114],[-568,200],[-199,-149]],[[564471,44221],[-145,1029]],[[548575,44457],[65,796],[240,750],[851,535],[824,56],[135,204],[1032,416],[275,-148],[571,218],[293,293]],[[555666,48306],[242,244],[1305,-204],[306,-357],[717,-130],[267,242],[589,19]],[[559458,45439],[-482,-193],[-523,54],[-632,-1180],[-3,-426],[387,-901],[56,-1125],[380,-470],[108,-594]],[[558749,40604],[-713,-851]],[[558036,39753],[-462,831],[-336,63],[-149,558],[-735,313],[-190,260],[-168,655],[-404,832],[-352,230],[-547,35]],[[558036,39753],[-824,-928],[-505,-393],[-791,164],[-354,-415],[-225,66],[-647,-325],[-274,-427]],[[564471,44221],[-744,-189],[-448,-510],[-245,46],[-470,-775],[-452,-1251],[-166,-234],[-641,5],[-1044,-547],[-735,112],[-420,-43],[-357,-231]],[[356673,345919],[312,-1177],[1187,-1222],[23,-1403],[330,-1031],[1370,-434],[535,-1623],[-754,-1845]],[[359676,337184],[-470,-723],[-644,-278],[-652,292],[-900,-1435],[756,-913],[2460,-3575],[-1977,-3317],[562,-934]],[[358811,326301],[-799,-753],[-517,-2433],[-590,473],[-1485,1787],[-564,315],[-1426,-318]],[[353430,325372],[266,2476],[329,1394],[486,286],[779,1304],[257,256],[462,32],[-361,1600],[-745,836],[-1194,173],[-576,1446],[-458,358],[-626,-358],[-449,-796],[-470,123],[-181,1283],[-205,783],[-643,1060],[193,43],[61,613],[245,622]],[[345925,337522],[76,-1803],[-369,-1774],[19,-1521],[-389,329],[-207,2200],[-287,1002],[-819,934],[-196,805],[887,-227],[128,151],[392,1177],[765,-1273]],[[378957,342964],[517,-2695]],[[379474,340269],[-1074,-1179],[-493,13],[-448,-202],[-814,-1193],[-304,372],[-373,160],[-957,-1301],[-105,785],[238,113],[197,735],[-342,-95],[-269,300],[-313,665],[-821,-161],[-125,-1489],[-351,-199],[-53,531],[-357,-224],[-583,850],[-397,1078]],[[371730,339828],[-454,1294],[-1540,229],[-645,1271],[515,1280],[-65,1619],[-927,649],[-98,909],[571,2137],[-390,372],[-625,1960],[76,1024],[729,1942]],[[368877,354514],[1152,-690],[59,-1387],[770,-262],[900,1387],[363,-1066],[1605,-547],[-477,-1728],[474,-1309],[-381,-1350],[-948,0],[-424,-569],[991,-2475],[-220,-1033],[-1144,-993],[238,-715],[1219,-530],[873,-967],[626,1735],[814,146],[110,768],[550,411],[873,-583],[474,-755],[745,1536],[838,-574]],[[372198,338104],[-177,307]],[[372021,338411],[177,-307]],[[370467,504664],[-956,165],[-782,-711],[-430,-927],[34,-884],[-392,-1260],[-1293,-390],[-156,-352]],[[366492,500305],[-393,598],[-1232,23]],[[364867,500926],[-16,1171],[-590,252],[21,2131],[399,341],[-406,1189]],[[364275,506010],[529,1267],[582,-310],[270,989],[-7,1850],[1172,163]],[[366821,509969],[92,-1566],[831,-231],[1286,-1089],[731,862],[863,2150],[1090,32],[1641,-741],[561,-1577],[756,-63],[522,-1384]],[[375194,506362],[-534,-578],[137,-929],[-412,-743],[-1034,84],[-206,-533],[-2299,611],[-379,390]],[[364275,506010],[-1115,757]],[[363160,506767],[-1392,1357],[-471,918],[-751,580]],[[360546,509622],[-649,1277],[232,1431],[-157,843],[489,2267],[-958,1998],[234,707],[-554,1585],[696,1720],[39,628],[724,1509],[-587,2104]],[[360055,525691],[1336,1289],[770,217],[237,-599],[-310,-1273],[551,-1240],[1132,-824],[1399,1219],[502,-796],[98,-1686],[659,-116]],[[366429,521882],[420,-876],[242,-1490],[-174,-1486],[-483,-896],[-678,-241],[18,-2011],[244,-913],[-49,-1464],[1289,-897],[-437,-1639]],[[358811,326301],[1422,-280],[0,-2331],[1453,-996],[727,392],[466,-1192],[131,-1284]],[[363010,320610],[-3395,-2301],[-425,-820],[-951,-2861],[-423,-895],[-766,-823],[-230,392],[-310,-109],[-168,-319],[-200,26],[-467,384],[-991,-685],[-17,-358],[-381,-339],[-667,-38],[-128,652],[353,-89],[309,287],[-88,857],[-889,-537],[-227,514],[160,1199],[-16,2083],[85,287],[-68,2129],[120,933],[72,2453],[128,2740]],[[357022,312879],[-1044,-1542],[-1735,-1177],[-970,-34],[-617,395],[650,857],[-181,365],[1000,45],[145,51],[410,345],[28,364],[975,697],[539,-435],[160,25],[282,397],[358,-353]],[[370968,335826],[-212,45]],[[370756,335871],[212,-45]],[[368905,336468],[624,-485],[1542,-678],[836,-767],[223,-87],[-13,-1163],[-524,-666],[-293,-71],[-416,-779],[4,-325],[-932,319],[626,-793],[426,-102],[166,-567],[-124,-466],[-336,-522],[-560,105],[-689,1118],[-802,728],[-676,792],[-662,914],[-490,1099],[-422,582],[-181,-338],[623,-1209],[430,-454],[566,-836],[1418,-2230],[337,-755],[0,-422],[338,-390],[224,-840],[-96,-904],[-321,-857],[-486,-428],[-852,25],[-1245,1356],[-1562,2014]],[[365606,328386],[-599,838]],[[365007,329224],[-501,1193],[-775,1105],[-579,320]],[[363152,331842],[-533,894],[-1080,1326]],[[361539,334062],[327,1213],[931,-653],[922,569],[-159,994],[821,715],[512,-415],[404,-226],[1257,434],[1800,43],[551,-268]],[[368917,330897],[420,-397],[550,-876],[-172,-313],[-506,844],[-410,447],[118,295]],[[370157,336001],[248,-54]],[[370405,335947],[-248,54]],[[370597,335906],[117,-25]],[[370714,335881],[-117,25]],[[370766,312037],[-565,-831],[-185,396],[166,346],[584,89]],[[378603,392500],[1359,1436],[719,994],[356,1855],[1363,221],[618,897],[1045,-483],[872,795],[462,977],[1665,708],[1079,1809],[1792,1002],[541,-767],[621,717],[667,204],[184,938],[1121,461],[1156,-786]],[[394223,403478],[24,-1852],[193,-805],[305,-762],[-24,-1003],[618,-1495],[83,-802],[-106,-348],[175,-585],[-380,55],[60,-608],[345,-294],[409,-1277],[17,-1573],[454,-1309],[-65,-1136],[-363,-102],[110,655],[-160,1201],[-281,-728],[261,-914],[-291,-316],[121,-1140]],[[395728,388340],[-609,15],[-703,-1292],[-862,-883],[-1475,479],[-564,273],[-541,-461],[-36,-1025],[559,-126],[140,-1658],[677,-1696],[-351,-1453],[-753,-490],[-46,-1239],[-822,-900],[-1369,651],[-615,1901],[-1465,3095],[-2064,1032],[-848,-657],[-1809,341],[-1203,-483],[-877,-937]],[[380092,382827],[155,670]],[[376252,366969],[286,-950],[102,-2790],[967,-893],[762,-1969],[-318,-1330],[-1102,-648],[-220,-1278],[506,-1466],[1174,-615],[528,-1647],[427,-641],[-34,-1265],[-872,-1891],[85,-568],[-492,-1045],[1203,-728],[283,-2639],[-580,-1642]],[[368877,354514],[396,1656],[-390,1379]],[[379607,374816],[656,110],[2480,-711],[1577,-2316],[-975,-498],[502,-1575],[-356,-1015],[1448,-1198],[197,-846],[-389,-632],[281,-789],[1147,-136],[938,795],[577,77],[761,766],[1305,-150],[675,830]],[[390431,367528],[445,-2460],[-343,-734],[177,-854],[-317,-954],[-260,-2469],[357,-2775],[-1128,-646],[44,-900],[672,-234],[386,-1255],[539,-112],[362,-1360],[579,-581]],[[391944,352194],[-500,-214],[-236,-376],[-133,-766],[-286,-874],[-521,246],[-675,-141],[-257,-332],[-338,-90],[-204,-300],[-389,-1218],[-748,-411],[-381,-339],[-64,-431],[-647,-611],[-578,166],[-514,-345],[-619,-127],[-245,-326],[-393,-1291],[-169,-1240],[-271,-510],[-954,273],[-578,-230],[-765,-1023],[-576,-178],[-988,-754],[-441,-483]],[[359676,337184],[1004,-842],[859,-2280]],[[363152,331842],[-180,-108],[1109,-1547],[610,-997],[538,-1061],[498,-1469],[651,-1369],[249,-946],[-73,-702],[-365,-735],[285,-147],[-13,-474],[-320,-351],[-346,-63],[-1157,-622],[-1628,-641]],[[365606,328386],[-253,172],[-346,666]],[[367036,325796],[365,-580],[-184,-481],[-441,-191],[-254,773],[-450,869],[-297,985],[-337,780],[117,172],[630,-1412],[481,-781],[370,-134]],[[370417,525150],[-64,-704],[-164,-472],[-3,-583],[26,-92],[-5,-21],[-2,-4],[-5,-10],[-3,-5],[-39,-18],[-10,-59],[-98,63],[-106,-225],[229,-971],[-975,-941],[-1126,201],[-1063,1285],[-580,-712]],[[360055,525691],[-285,55],[-500,2014],[-1317,1209],[-78,1044],[717,1143],[1107,607],[234,1185],[446,199],[-74,917],[-567,374],[-450,1139]],[[378745,424334],[839,-263],[581,781],[1102,-951],[843,947],[406,645],[247,1414],[2150,-126],[819,380]],[[385732,427161],[-352,-354],[-269,-978],[394,-627],[426,-37],[335,-305],[520,-1645],[333,-518],[576,-616],[232,-1129],[722,-1981],[739,-1662],[554,-1047],[-48,-730],[406,-274],[301,83],[417,-619]],[[391018,414722],[-1644,-1044],[-1860,-404],[-232,-434],[141,-1358],[-531,-2213],[-687,536],[-182,-1438],[-707,-7],[-1340,1103],[387,1604],[-735,667],[-1737,400],[-332,1031],[-1400,1636]],[[380085,382802],[7,25]],[[395728,388340],[-3,-595],[327,-788],[-114,-995],[34,-629],[-319,-541],[54,-505],[545,-1560],[-258,-369],[497,-314],[-23,-1207],[-108,-633],[87,-418],[748,-1845],[709,-1568],[-636,-787]],[[397268,375586],[-1873,-301],[-819,-1166],[-1923,-1086],[-341,-3260],[-1047,483],[-550,-616],[-297,-1012],[13,-1100]],[[329124,524376],[671,-1403],[18,-775],[615,-850],[619,-1503],[458,-3],[1638,-1751],[325,-875],[696,-405],[824,235],[296,-601],[1523,679],[659,-19],[627,-557],[699,1519],[687,-18],[150,-815],[876,-1806]],[[340505,515428],[-156,-1020],[1055,-3013],[-649,-2599],[-671,-615],[-256,-1068],[-914,-78],[441,-1328],[531,-673],[-5,-1533],[-526,-1962],[-859,601],[30,-1746],[-337,-1297],[-434,-44]],[[359873,346490],[713,-918],[243,-879],[1497,-2435],[737,-577],[811,-1495],[1683,-243],[-22,763],[1707,-186],[618,-1010],[71,-729],[818,-289],[-119,-746],[1171,25],[873,789],[583,-19],[244,575]],[[371501,339116],[185,133],[335,-838]],[[372198,338104],[2,-924],[-243,-1148],[-773,399],[-153,-78],[-96,-179],[-956,205],[-217,166],[-857,-77]],[[370756,335871],[-42,10]],[[370597,335906],[-192,41]],[[370157,336001],[417,238],[313,-142],[225,270],[185,-180],[433,-243],[126,-388],[-888,270]],[[360546,509622],[-561,-720],[-1518,-256],[-662,824],[-263,1193],[-539,672],[-746,173]],[[356257,511508],[-266,372],[213,1356],[-1171,2051],[-421,1192],[-746,659],[-386,1694],[-796,-280],[-444,1337],[-927,245],[-362,-305],[-93,1480],[-1005,1156],[-121,1212],[-356,408],[424,1233],[-1045,1283]],[[362785,493686],[552,1302],[1945,1017]],[[365282,496005],[433,-1358],[472,144],[550,-1179],[73,-969],[328,-884],[563,-186],[1347,-1438],[990,217],[114,-148]],[[370152,490204],[-32,-421],[-707,-984],[-388,-337],[-639,-8],[-450,-831],[-1595,-2614],[-869,-172],[-550,455]],[[364922,485292],[369,1029],[-1010,-193],[-2121,1503],[-1968,2348],[-49,402]],[[360143,490381],[557,100],[809,-749],[563,479],[281,1550],[1107,-345],[-117,1076],[-558,1194]],[[364867,500926],[-689,-1458],[344,-602],[-153,-1116],[913,-1745]],[[362785,493686],[-290,744],[-679,409],[29,1577],[-253,1354],[-530,350],[-494,2068],[-682,822],[-1098,-311],[-361,2788],[468,558],[217,1138],[643,-237],[255,-1459],[554,-438],[806,469],[1616,-722],[231,1091],[-643,1201],[586,1679]],[[356762,463857],[673,522],[1210,-746],[575,463],[841,-805],[1401,288],[503,1378]],[[361965,464957],[443,68],[1027,-2637],[526,-680],[857,-1765],[921,-1290],[405,63],[862,-842],[805,-1215],[0,-384],[686,-141],[298,-1221],[689,-884]],[[369484,454029],[-546,-56],[-1081,500],[-1012,-945],[-825,-147],[-1013,612],[188,578],[-793,1013],[-693,422],[-495,-994],[-1117,0],[-344,-742],[-598,128]],[[370467,504664],[-79,-1342],[-338,-608],[1586,-849],[-196,-905]],[[371440,500960],[-24,-108]],[[371416,500852],[-17,-80]],[[371399,500772],[-625,253],[-217,-90],[182,-710],[250,-172]],[[370989,500053],[-410,-609]],[[370579,499444],[-18,-27]],[[370561,499417],[-199,-296],[-137,-1648],[-437,-656],[-566,109],[-573,-536]],[[368649,496390],[-1197,-461],[-953,1893],[-7,2483]],[[378880,510585],[83,-785],[487,-112],[133,317],[1384,0],[733,574],[948,-297],[767,-1399],[706,81],[30,-700],[-701,-349],[-234,762],[-316,11],[-675,-268],[-418,-448],[-315,-1012],[-1147,-867],[-201,-564],[-1453,-130],[-281,-1172],[-402,-971],[-8,-588],[-346,-908],[185,-754],[-257,-358],[-1032,-57],[-442,-870],[-532,-26],[-729,882],[-394,-101],[-46,-380],[-310,-147],[-723,496],[-507,-1319],[-357,378],[-422,301],[478,491],[-419,396],[-707,268]],[[375194,506362],[927,474],[1367,268],[-590,2103],[1949,1471]],[[371416,500852],[-17,-80]],[[370989,500053],[830,-217],[93,-696],[-631,-314],[-72,-191],[-273,205],[-306,25],[12,326],[-63,253]],[[370561,499417],[17,-494],[53,-84],[313,-51],[205,-211],[204,147],[430,-325],[144,-640],[-128,-601],[133,-479],[308,-238],[-662,-605],[-313,-601],[-591,-231]],[[370674,495004],[-257,207]],[[370417,495211],[-32,25]],[[370385,495236],[-925,-244],[-811,1398]],[[372373,499593],[406,-479],[149,-646],[-647,352],[-161,729],[253,44]],[[379117,502549],[-256,19],[273,1746],[653,-988],[-321,-499],[-349,-278]],[[378843,503439],[-133,-1521],[-788,-649],[41,714],[285,685],[1,805],[317,211],[277,-245]],[[379574,500993],[0,-460],[-358,-1131],[-498,-230],[-241,268],[486,556],[16,549],[362,537],[233,-89]],[[360143,490381],[-405,574],[-1432,374],[-1122,976],[-445,848],[-1052,786],[-1154,85],[-189,708],[-800,632]],[[353544,495364],[323,1586],[1321,-334],[429,972],[-224,1473],[-434,406],[-887,1673],[277,906],[-346,745],[10,1419],[-303,1288]],[[353710,505498],[849,1754],[-328,772],[269,2443],[1757,1041]],[[370385,495236],[281,-350],[-514,-1127],[233,-1598],[-233,-1957]],[[370674,495004],[-257,207]],[[397268,375586],[-274,-329],[168,-1177],[527,-1258],[108,-1349],[-257,-26],[-80,1381],[-611,-26],[338,627],[-225,831],[-586,-115],[-338,-691],[-421,-453],[-205,-608],[-24,-984],[342,-35],[99,-924],[484,-863],[50,-511],[352,-253],[-461,-900],[-384,866],[-647,824],[-184,-524],[96,-319],[317,-96],[24,-921],[326,-441],[-294,-338],[-64,-755],[213,-1258],[-295,-1161],[763,-2084],[-549,-344],[20,758],[-629,-1068],[-190,121],[-209,-830],[181,-518],[495,-101],[524,-1240],[-320,-357],[-587,-1970],[-855,134],[-216,-446],[-286,-1802],[80,-1369],[-441,-595],[-401,-115],[-350,543],[-448,-323]],[[391018,414722],[583,-78],[293,-313],[489,-858],[158,-1866],[51,-1749],[211,-1348],[336,-1260],[1056,-3360],[28,-412]],[[340839,525026],[542,-961],[-377,-845],[580,-1049],[1170,50],[404,-367],[247,-1428],[1446,-2830],[297,-2086],[-849,-1729],[771,-1643],[-505,-737]],[[344565,511401],[-456,-222],[-702,721],[-849,1896],[-619,1972],[-1203,403],[-231,-743]],[[353710,505498],[-799,209],[-1970,1308],[-693,-990],[-794,115],[-1000,860],[-268,903],[560,2332],[-1004,577],[-415,-440],[-2408,520],[-354,509]],[[371730,339828],[-229,-712]],[[354306,485858],[767,-999],[1487,-326],[263,-738],[-667,-840],[57,-1186],[388,-871],[921,-715],[-2,-1674],[289,-755],[2375,-1309],[942,-855],[323,-680],[1280,-476]],[[362729,474434],[-733,-1341],[-10,-1556],[-870,-78],[-366,-1939],[453,-1261],[437,-317],[741,-2919],[-416,-66]],[[369484,454029],[-606,-1780],[102,-864],[569,-1866],[330,-672],[425,-1195],[547,-1291],[558,-1004],[554,-855],[2386,-2914],[948,-962],[-39,-950],[571,-1355],[647,-1054],[1486,-1929]],[[377962,435338],[-1095,-2620],[-605,202],[-1266,-617],[776,-2138],[-449,-464],[-206,-1037]],[[353544,495364],[-774,-1297],[-391,-87],[-960,719]],[[364922,485292],[-737,-1248],[-4,-454],[-205,-1029],[-72,-792],[-328,-727],[-243,-14],[-273,-772],[-670,-4017],[339,-1805]],[[377962,435338],[1165,-1394],[-462,-249],[389,-569],[234,52],[473,-486],[740,-439],[-190,-348],[254,-427],[251,401],[1431,-2222],[-285,70],[-60,-889],[301,-453],[699,-166],[181,198],[57,955],[540,-567],[545,-136],[244,-1384],[345,154],[918,-278]],[[224510,525208],[924,-3034],[-99,-101],[-893,545],[-392,1301],[460,1289]],[[222853,546717],[-576,-837],[-53,-2592],[-191,-471],[-432,-6],[-152,-558],[80,-1382],[475,-1252],[683,-2215],[173,-852],[-60,-340],[325,-1242],[11,-1060],[214,-1014],[475,-709],[192,383],[-303,1152],[82,1387],[343,219],[716,-1055],[-117,-528],[427,-1447],[69,-978],[143,-324],[614,-597],[191,545],[776,207],[805,1147],[184,1271],[-444,1945],[1086,2465],[508,25],[33,502],[247,382],[-46,776],[-318,2186],[171,285],[357,-64],[106,-428],[387,-366],[330,-20],[83,498],[238,213],[96,570],[467,142],[112,-500],[254,-23],[587,290]],[[232201,542447],[254,-663],[-177,-588],[200,-290],[170,-985],[204,-1923],[135,-70],[91,-887],[235,-317],[-121,-401],[154,-641],[-295,-913],[100,-1015],[-51,-779],[184,-310],[69,-1549],[-114,-722],[406,-383],[447,-1123],[201,-1442],[241,-145],[180,-995],[173,-2801],[178,-1808],[201,-1113],[45,-1154],[187,-804],[7,-677],[-322,-181],[268,-831],[-96,-369],[135,-973]],[[235490,515595],[232,-1331],[-161,-578],[-114,-2285],[191,-2930]],[[235638,508471],[-533,-2266],[-107,339],[-453,-127],[-307,-341],[-258,200],[-246,1014],[-422,715],[-359,-212],[-138,-703],[-577,119],[-172,-1088],[-503,-464],[178,-769],[27,-654],[-459,-979],[501,-792],[388,-851]],[[232198,501612],[-595,-1383],[-237,853],[-791,1438],[-265,591],[-204,1065],[-9,1085],[-257,907],[-658,1333],[225,228],[297,881],[-233,423],[-285,-684],[-425,269],[-81,2115],[140,243],[-60,1425],[261,2294],[-200,2064],[-1399,3654],[-112,1400],[-105,525],[-519,1483],[-176,247],[-1872,3739],[-1513,126],[-1456,901],[-1014,-629],[-443,-3707],[-521,707],[-505,474],[-915,1877],[-328,1759],[-1422,2169],[17,1296],[117,352],[-178,533],[41,623]],[[216518,534288],[142,639]],[[216660,534927],[121,685],[-261,887],[-189,317]],[[216331,536816],[-209,815]],[[216122,537631],[-3,109]],[[216119,537740],[867,1308],[-100,2561],[914,2765],[1414,353],[1384,3156],[-214,1617],[1692,900]],[[222076,550400],[921,-195],[-144,-3488]],[[221329,521791],[125,-3108],[-1249,-855],[323,1084],[134,775],[7,2845],[583,-368],[77,-373]],[[216052,532198],[241,1082]],[[216293,533280],[75,-644],[-316,-438]],[[216518,534288],[142,639]],[[216331,536816],[-209,815]],[[216119,537740],[-17,1671],[-232,-273],[39,-1017],[-122,-298],[-564,47],[-367,-201],[-593,457]],[[214263,538126],[-382,272],[-567,7],[-743,372],[-591,745],[-525,884],[-185,-167],[-247,86],[-348,492],[-158,786],[111,562],[-394,445],[-781,29],[-628,315],[-193,-123],[306,-1304],[344,-669],[1211,-732],[295,-261],[274,-181],[160,-166],[-139,-581],[104,-559],[239,-313],[89,-56],[59,-46],[190,-176],[568,-137],[710,228],[1201,-1015],[78,-456],[255,-260],[330,23],[738,-426],[491,-502],[145,-594],[-388,-1009],[-375,-642],[-344,-1039],[-809,-222]],[[214364,531736],[-717,-761],[-2119,719],[-1685,-2910]],[[209843,528784],[-2574,4206],[-927,3865],[45,1681],[-1568,3153],[-1144,766],[-485,2864]],[[203190,545319],[1756,-816],[653,-1061],[2780,-382],[-729,3207],[788,862],[-20,3834],[-583,2381],[600,2203]],[[208435,555547],[804,2244],[2423,153],[93,-2165],[1006,-1437],[636,-3321],[1602,941],[1775,-538],[53,2035],[2211,2263],[2837,757]],[[221875,556479],[408,-1639],[-207,-4440]],[[216052,532198],[-345,123],[169,439],[417,520]],[[209965,541734],[-11,514],[588,-35],[-168,-998],[70,-355],[195,-433],[-154,26],[-709,398],[-207,-74],[-411,1030],[-131,649],[65,26],[42,-2],[47,-5],[631,-273],[153,-468]],[[211594,539544],[284,-131],[228,-460],[614,-768],[-548,-115],[-701,594],[123,880]],[[214263,538126],[-400,-416],[-665,556],[394,131],[671,-271]],[[216488,535326],[-682,598],[249,435],[433,-1033]],[[212062,537987],[-529,34],[-81,74],[-46,74],[-25,51],[5,78],[43,235],[94,-16],[539,-530]],[[215003,537372],[674,113],[359,-356],[13,-729],[-545,104],[-606,-196],[-178,308],[-155,926],[438,-170]],[[208435,555547],[181,1768],[-1513,4424],[111,1234]],[[207214,562973],[1450,4374]],[[208664,567347],[112,-804],[333,-137],[378,323],[532,-95],[165,-256],[732,-396],[531,-517],[579,-50],[415,-262],[662,-156],[1515,-777],[663,438],[1130,2],[355,103],[301,-310],[433,-17],[281,366],[485,-292],[858,-23],[663,146]],[[219787,564633],[245,-3992],[1297,-631],[546,-3531]],[[203190,545319],[-1583,787],[-1127,2550],[-1611,37],[-728,679]],[[198141,549372],[86,1207],[-289,841],[-1181,69],[-266,-99],[-626,329],[-135,349],[-75,38],[-314,260],[-284,84],[-2694,2212],[-411,703],[-26,109],[-4,10],[-16,45],[-17,60],[-130,329],[-177,374],[-281,850],[390,579],[70,404],[1498,3059],[258,-203],[152,-707],[652,-146]],[[194321,560128],[3,1]],[[194324,560129],[-1,305]],[[194323,560434],[-1,-1]],[[194322,560433],[-105,284],[333,547]],[[194550,561264],[2,2]],[[194552,561266],[349,263],[477,869],[-88,461],[62,907],[175,386],[-120,809],[813,85],[233,-282]],[[196453,564764],[0,-2]],[[196453,564762],[20,-36]],[[196473,564726],[-1,-1]],[[196472,564725],[644,412]],[[197116,565137],[1,1]],[[197117,565138],[485,-46]],[[197602,565092],[0,3]],[[197602,565095],[381,74],[193,-333],[617,-210],[267,316]],[[199060,564942],[1,1]],[[199061,564943],[475,-195],[702,22],[28,783],[282,535]],[[200548,566088],[1937,-752],[624,-1688],[2935,-1204],[1170,529]],[[200548,566088],[267,427],[-898,258],[-88,394]],[[199829,567167],[1,1]],[[199830,567168],[-169,8],[-488,673],[-5,1108],[-280,895]],[[198888,569852],[0,2]],[[198888,569854],[-111,225],[-1228,-766],[-701,464]],[[196848,569777],[1,-1]],[[196849,569776],[-13,-9]],[[196836,569767],[-1,0]],[[196835,569767],[-412,155],[-404,448],[-577,1225]],[[195442,571595],[1,4]],[[195443,571599],[26,578],[-485,123],[-455,759],[-869,946],[-165,454],[-987,-533],[-211,301],[-379,1837],[233,257],[182,963],[402,563],[2,704],[470,1340],[148,209],[1067,490],[449,1573],[682,668],[255,-22]],[[195808,582809],[-2,10]],[[195806,582819],[191,526],[-129,700],[-312,443],[-1265,408],[181,281],[232,1073],[3138,-3774],[-328,-697],[283,-141],[871,380],[310,-172],[-50,-585],[250,-362],[269,686],[814,-451],[52,-97],[142,-11],[441,-245],[441,544],[-563,633],[-244,699],[-274,1405],[1275,-750],[477,-3391],[240,-440]],[[202248,579481],[171,-132],[952,-1324],[521,-179],[195,-272]],[[204087,577574],[-2,2]],[[204085,577576],[-9,-12]],[[204076,577564],[1,-3]],[[204077,577561],[416,78],[1238,-427],[373,-402],[277,252],[-31,772]],[[206350,577834],[0,7]],[[206350,577841],[457,464],[34,265],[976,1195],[191,-691]],[[208008,579074],[740,-2625],[-66,-1743],[-74,-154],[64,-112],[-41,-1078],[457,-1204],[-267,-3233],[-121,-689]],[[208700,568236],[-36,-889]],[[219787,564633],[2067,457],[578,-59],[1181,-442],[382,58],[549,-557],[371,176],[870,38],[408,-395],[502,246],[87,290],[1354,256],[998,112],[347,-180],[267,270],[614,-45],[560,-400],[28,-258],[523,-262],[381,-446],[762,-388],[241,163],[285,-497],[605,-314]],[[233747,562456],[-34,-987],[184,31],[147,-1278],[-1132,-83],[-382,568],[-507,-108],[-42,-1041],[294,-201],[93,-578],[-841,-2948],[-146,-1144],[-201,34]],[[231180,554721],[-77,-450],[80,-1129],[-1217,-665],[-330,205],[-147,-462],[-585,-315],[27,-1864],[-1142,-33],[-485,306],[-77,-322],[-951,-83],[-196,-1706],[-332,-91],[-1651,583],[-483,-408],[22,-325],[-783,-1245]],[[209843,528784],[123,-2455],[-575,-7257]],[[209391,519072],[-209,367],[-56,613],[88,665],[-168,114],[-217,-805],[-24,-486],[329,-575],[94,-787],[-148,-812],[-327,-542],[180,-186],[184,-1433],[21,-863],[-285,-556],[-486,-300],[-803,-115],[-414,274],[16,320],[-389,1182],[-546,-26],[-699,1268],[-197,-45],[290,-999],[-24,-793],[-254,71],[-264,-1023],[223,-752],[-1139,339],[293,1071],[-225,116],[-285,-224],[-197,-351],[-225,-1137],[-261,-366],[-461,-108],[-218,409],[-24,448],[-416,-249],[-539,2343],[16,911],[-225,703],[-255,404]],[[201145,517157],[-35,323],[532,789],[-10,165],[-567,1411],[-16,107],[-36,21],[-210,522],[120,1],[10,-1],[10,0],[8,0],[14,29],[-3,44],[-86,140],[-34,89],[-7,12],[-7,7],[-27,38],[-11,2311],[-602,2976],[119,641],[-364,569],[212,778],[172,77],[101,724],[-184,457]],[[200244,529387],[0,9]],[[200244,529396],[-371,79],[-398,1102],[29,2314],[425,416],[106,525],[562,601],[-2482,947],[440,2760],[-127,530],[-1812,3527],[882,2566],[786,752],[-75,900],[199,345],[-241,156],[78,618],[-142,139],[-79,949],[258,298],[-141,452]],[[207247,512271],[-623,185],[3,587],[-453,524],[-148,613],[232,746],[447,183],[252,-531],[-217,-633],[454,-835],[242,-239],[-189,-600]],[[206498,512494],[-560,166],[-93,647],[89,370],[583,-693],[-19,-490]],[[203960,513027],[-237,534],[50,270],[403,408],[-216,-1212]],[[203473,512140],[-434,-789],[-188,631],[99,205],[523,-47]],[[214364,531736],[-50,-384],[436,-279],[571,-580],[152,-729],[-299,-347],[-386,304],[-129,-1376],[82,-784],[495,-722],[56,-1459],[-67,-399],[583,-571],[367,-1174],[-112,-766],[378,-671],[-223,-1331],[-155,-459],[-538,-777],[-127,-485],[-781,-1553],[-486,237],[-506,-614],[-258,-959],[-96,-677],[-419,-1599],[-273,-443],[-394,-227],[-757,256],[-807,850],[24,1240],[458,421],[-177,231],[-349,-84],[-469,416],[-717,2830]],[[216506,515933],[-201,1469],[108,1347],[401,713],[153,1610],[-95,616],[-1,1496],[-22,137],[-20,165],[-22,327],[-27,585],[-460,216],[-420,1879],[911,967],[353,-1509],[513,-732],[53,-618],[204,-566],[793,-1353],[-269,-1347],[53,-883],[-214,-2162],[-1791,-2357]],[[216561,523536],[-199,889],[267,28],[-68,-917]],[[214670,531469],[1410,-1231],[-281,-419],[-239,1],[-95,440],[-243,484],[-442,396],[-110,329]],[[216868,528746],[-269,-386],[-505,66],[-509,-281],[-499,830],[419,651],[1031,-305],[332,-575]],[[216487,528199],[-884,-1270],[-100,831],[334,451],[72,12],[107,24],[64,12],[64,18],[68,9],[275,-87]],[[215555,518027],[-235,-869],[-203,198],[438,671]],[[213851,516536],[281,755],[322,-149],[-603,-606]],[[215461,526902],[-317,539],[70,626],[242,-23],[-81,-678],[86,-464]],[[256813,421507],[-99,-790],[-654,173],[-100,398],[402,597],[266,1026],[409,-913],[-224,-491]],[[258576,421568],[387,-182],[-75,-407],[-369,-466],[-107,76],[-7,1072],[171,-93]],[[260865,421824],[-73,183],[403,1283],[-14,1147],[493,850],[205,-688],[-24,-852],[-643,-1670],[-347,-253]],[[256782,423737],[-69,258],[259,772],[136,-646],[-326,-384]],[[259756,426181],[-120,-471],[-376,-497],[-204,-899],[161,-715],[-160,-1907],[-437,-115],[-206,124],[-65,-177],[36,-598],[-29,-275],[72,-244],[-357,-396],[-927,347],[-157,1253],[108,704],[-272,738],[496,942],[434,352],[-7,334],[-171,440],[325,182],[207,792],[571,-48],[29,466],[308,331],[70,482],[81,86],[65,280],[93,103],[37,155],[111,66],[121,414],[382,-803],[-299,-427],[176,-659],[-96,-360]],[[255113,425626],[-391,-809],[-252,-836],[-604,-206],[-295,-298],[-104,-538],[-271,-235],[-208,-729],[-273,446],[-161,1239],[76,340],[734,452],[509,1296],[653,1301],[302,427],[363,12],[162,-418],[-240,-1444]],[[260319,425679],[-57,-420],[44,-786],[-62,-68],[-409,209],[-406,-195],[222,834],[549,513],[119,-87]],[[254310,446588],[216,-477],[633,-528],[239,-585],[236,-32],[311,-460],[333,1200],[414,939],[-163,1126],[-18,1565],[138,355],[297,77],[372,576],[72,736],[-80,677],[160,564],[-54,754],[-333,383],[-287,1088],[217,539],[298,365],[102,416],[-281,947],[396,477],[83,356],[-299,483],[143,433],[-13,591],[-306,296],[-281,698]],[[256855,460147],[405,757],[589,267],[126,404],[649,-1079],[309,-197],[373,143],[333,952],[-119,673],[164,396],[718,-572],[-29,-647],[51,-225],[232,-283],[429,-373],[-40,-499],[739,-843],[120,-470],[330,-364],[294,-134],[82,-144],[-232,-786],[339,-1315],[198,-684],[93,-175],[22,-1390],[-64,-282],[285,-617],[-119,-629],[154,-497],[-45,-258],[-282,-276],[-241,-359],[3,-294],[309,-557],[380,-539],[435,-126],[324,-470],[333,250],[590,-611],[-8,-554],[568,-1114]],[[265652,446626],[-446,-551],[-146,-725],[-467,-114],[-79,-599],[634,6],[236,-767],[-174,-1028],[207,-435],[343,-40],[353,-463],[0,-302],[500,-1353],[-143,-342],[433,-577],[14,-347],[-275,-798],[95,-592],[-110,-297],[275,-707],[66,-1519],[-289,-178],[-168,-600],[-15,-259],[122,-210],[-118,-441],[155,-690],[342,-27],[65,-414],[-510,-696]],[[266552,431561],[-104,-573],[420,-19],[0,-415],[168,-243],[389,-235],[89,-238],[-238,-699],[-10,-537],[-174,-933],[-455,-818],[-610,-832],[-382,-146],[-65,-432],[-304,-654],[-72,-855],[-429,-1117],[-1313,-2026],[-479,-844],[-569,-365],[-765,-91],[-406,291],[101,411],[-148,536],[38,888],[331,892],[346,570],[127,884],[-45,947],[-260,691],[376,951],[54,755],[-483,-329],[-227,-761],[216,-822],[-191,-120],[-355,-795],[-1,-668],[-293,-771],[-214,-1227],[112,-900],[-497,-449],[-573,488],[-35,1421],[168,1315],[-47,807],[498,-171],[108,101],[25,246],[-52,622],[297,418],[-803,122],[107,740],[-165,713],[248,304],[-133,501],[90,400],[-298,450],[-91,-495],[-157,-419],[-92,-52],[-10,-111],[-118,-187],[-44,-203],[-105,-91],[-71,-494],[-344,-367],[33,-392],[-587,57],[-241,-823],[-227,-57],[-80,-258],[189,-581],[-337,-314],[-33,708],[-187,849],[255,1100],[-121,54],[-316,-1208],[90,-390],[-469,-1458],[80,-228],[-439,-793],[-390,-1063],[-378,-179],[-347,317],[-370,778],[127,336],[411,277],[654,1176],[-49,741],[-385,-1048],[28,-207],[-1057,-966],[-252,464],[306,312],[662,1419],[217,777],[74,969],[-217,1100],[228,620],[58,674],[187,407],[-11,945],[-155,795],[310,223],[178,1127],[291,501],[-140,144],[-10,145],[-158,12],[-80,260],[-156,215],[-44,-152],[146,-92],[29,-179],[-284,-94],[-92,-1023],[-256,-422],[154,-1429],[-29,-811],[-231,179],[-86,9],[-83,-116],[-350,-1107],[52,-497],[-392,-377],[-310,443],[-231,97],[98,-766],[-111,-237],[32,-716],[-928,-1860],[-474,-64],[-221,-530],[-439,-302],[-486,-765],[-418,1204],[7,1746],[194,433],[34,1160],[129,339],[-118,623],[149,713],[274,2122],[-153,589],[283,107],[203,-333],[397,876],[-196,390],[224,346],[126,811],[-60,753],[433,1045],[-263,1406],[415,215],[177,364],[259,1281],[-129,694],[386,959],[-403,628],[-49,388],[639,-332],[233,409],[-361,460],[-30,699],[151,575],[565,177],[20,1286],[-113,284],[22,924]],[[261688,425795],[-196,506],[122,409],[458,473],[-19,-682],[-365,-706]],[[254014,427069],[-128,1020],[251,70],[152,-407],[-275,-683]],[[255344,429149],[-250,-807],[-256,220],[-18,440],[524,147]],[[267127,427450],[171,1174],[-8,467],[223,633],[205,-528],[-65,-1220],[-428,-786],[-98,260]],[[267532,427236],[354,1432],[-28,657],[260,580],[747,-668],[62,-462],[-757,-1238],[-638,-301]],[[256028,433589],[74,-35],[98,-1],[10,-159],[126,-136],[-310,-498],[-133,-970],[-346,-289],[-136,523],[214,382],[34,988],[369,195]],[[255176,429181],[-305,11],[270,825],[244,-193],[-100,-142],[-109,-501]],[[267828,429311],[-150,398],[73,90],[-81,203],[5,188],[206,23],[231,-245],[-284,-657]],[[235490,515595],[453,622],[251,-54],[34,1404],[130,525],[368,-43],[1239,-1208],[10,-484],[492,-680],[371,770],[231,-487],[262,-170],[-90,932],[237,802],[360,-37],[-195,765],[104,833],[590,-16],[175,-423],[323,355],[-180,764],[341,0],[229,299],[-140,1273],[-18,1210],[-456,440],[-30,557],[-238,504],[33,533],[232,346],[-37,484],[-258,375],[-140,1029],[132,574],[-98,907],[508,1880],[-262,1200],[48,624],[792,51],[315,-623],[516,15],[434,919],[388,1836],[11,691],[-141,616],[19,787],[296,1040],[-97,431],[58,1254],[222,562],[95,872],[-109,710],[182,555],[-260,504],[-159,697],[-66,1911],[73,624],[-264,192],[-315,820],[-66,944]],[[242425,547408],[171,790],[609,-333],[619,-1742],[419,-338],[388,519],[291,-252],[212,175],[126,583],[1339,-96],[389,-1083],[193,-139],[787,408],[330,-29],[256,-310],[513,-28],[326,-600],[468,-22],[192,-681],[237,-101]],[[250290,544129],[-48,-928],[152,-539],[-152,-283],[121,-453],[-209,-398],[-96,-1660],[-379,-267],[-374,519],[-230,-491],[107,-253],[90,-1424],[-68,-725],[-252,-207],[68,-1239],[-105,-551],[-433,-526],[-81,-620],[297,-839],[0,-538],[265,-501],[-37,-1149],[-107,-550],[210,-638],[57,-803],[-288,-342],[200,-904],[-3,-527]],[[248995,527293],[396,-2016],[-312,-157],[3,-428],[298,-1784],[97,-222],[-380,-1078],[189,-1720],[36,-1515],[-340,-1145],[106,-1306],[-350,-1095],[241,-3129],[347,-750],[571,-523],[157,-986],[-214,-247],[-63,-1413],[-416,-1779],[93,-196],[-476,-561],[132,-250],[711,-71],[8,-1007],[247,-691],[-88,-911],[-419,-1030],[-615,-1247],[268,-1118],[257,-444],[-181,-470],[117,-536],[311,-660],[-354,-925],[-551,-109],[-98,-208],[-901,-412],[-219,126]],[[247603,495280],[-219,575],[95,338],[-295,1029],[-519,-192],[-192,1107],[-485,1287],[-622,-37],[-11,-772],[-205,-564],[-54,-742],[253,-453],[13,-466],[-483,52],[-591,-256],[-370,534],[-730,-186],[-146,605],[-662,-152],[-100,455],[-315,4],[-336,285],[37,318],[-375,316],[-468,-117],[-251,1315],[73,622],[-185,1320],[82,471],[-808,-384],[-391,142],[-216,404],[-560,254],[-585,-629],[-513,360],[-268,959],[-4,477],[-439,133],[-263,838],[-156,52],[-289,935],[-323,1997],[-89,957]],[[250290,544129],[139,202],[126,1031],[195,281],[113,738],[351,817],[164,707],[54,1275],[161,117],[136,907],[293,712],[-2,792],[275,92],[575,1570],[-112,692],[266,-10],[292,1362],[524,349],[299,757],[23,957],[589,167],[236,673],[-82,340],[127,829],[513,862],[164,569],[-69,499],[438,1102],[24,728],[-100,815],[-1227,728],[-288,490],[82,792],[468,1424],[31,588],[212,138],[150,616]],[[255430,568837],[84,301],[1169,407],[401,1076],[653,698],[208,929],[1006,1140],[57,908],[-133,197],[-203,1273],[379,601],[367,215],[673,1174],[256,708],[-202,296],[-438,120],[31,1320],[193,391],[-165,535],[36,2118],[-541,1344],[396,703],[-59,366],[431,653],[-51,398],[328,493],[297,129],[209,478]],[[260812,587808],[235,-415],[440,-67],[335,356],[906,415],[397,600],[334,1059],[326,375],[244,-271],[389,-33],[228,901],[353,456],[458,-362],[280,292],[206,1146],[336,623],[708,-9],[688,583],[84,379],[588,1188],[106,449],[600,582],[628,412],[300,33],[415,433],[428,-69],[342,308],[740,-142],[372,278],[809,-62],[99,-180],[682,762],[154,429],[1415,-169],[460,-143],[569,-1247],[286,-221],[-276,-881],[352,-306],[568,-119],[522,-360],[555,-718]],[[278473,594093],[-156,-555],[-619,-496],[-421,324],[-1101,-1],[-385,-212],[-454,128],[-209,-579],[-219,-132],[-480,230],[-586,-149],[-158,-243],[-423,213],[-974,-187],[-185,347],[-724,194],[-256,-473],[-508,-90],[-87,-431],[624,14],[74,-386],[-668,-635],[-132,-294],[162,-1048],[-372,-162],[-122,-520],[-902,-481],[-200,-1128],[460,-252],[67,-628],[442,-1076],[-171,-421],[-1184,-48],[-335,-132],[77,-566],[-143,-866],[281,-133],[213,-452],[332,-95],[129,-607],[-192,-922],[527,-620],[-138,-579],[343,-227],[50,-1106],[207,-506],[-227,-673],[-341,-116],[-141,-1789],[172,-903],[-86,-497],[499,-589],[304,-50],[138,-360],[-66,-846],[-261,-467],[-629,-383],[-162,166],[-294,-717],[-951,787],[-123,-283],[66,-1697],[-41,-2543],[136,-687],[187,-260],[11,-884],[456,-855],[324,-1113],[-53,-1372],[-378,-746],[-226,67],[48,784],[239,170],[93,702],[-431,158],[36,-790],[-433,-378],[-484,-2],[-339,-482],[-407,-32],[-147,-303],[595,-919],[-105,-870],[396,-1184],[16,-663],[332,54],[205,-461],[511,-191],[159,291],[383,-102],[294,-809],[-125,-484],[199,-381],[603,-625],[68,-756],[864,648],[244,-235],[350,217],[367,-86],[594,410],[405,-410],[200,-455],[258,191],[486,-454],[159,213],[363,-378],[125,-589],[-540,-337],[96,-439],[-333,-334],[83,-413],[312,-30],[-70,-724],[-253,-331],[63,-372],[793,-842],[43,-190]],[[274586,549082],[-344,-183],[-666,140],[-377,-824],[-602,-5],[-642,-1118],[382,-486],[376,315],[349,-147],[39,-864],[173,-1053],[292,-405],[-409,-1585],[-743,-880],[-4,-930],[-186,-156],[-245,-839]],[[271979,540062],[-275,716],[-468,395],[-335,-175],[-291,-842],[-350,207],[-742,20],[48,439],[-201,285],[146,650],[-265,29],[-286,-428],[118,-93],[-75,-367],[-310,-81],[-163,-251],[-216,-886],[-23,-505],[-384,325],[-31,-1110],[-421,-378],[-184,-1007],[443,-905],[-195,-470],[278,-510],[-65,-400],[70,-848],[203,-103],[127,-853],[-196,-1396],[58,-741],[-121,-564],[-16,-793],[34,-1901],[-145,-237],[-199,-16],[-274,-199],[58,-500],[-54,-258],[124,-320],[190,-212],[70,-531],[278,-549],[215,-619],[-183,-282],[-154,-524],[75,-581],[-103,-333],[60,-560],[444,-932],[-4,-335],[-231,27],[-14,-318],[42,-1597],[53,-959],[274,-994],[-86,-653],[106,-402],[-238,-1465],[-82,-186],[-515,-268],[-246,115],[-387,622],[-431,85],[-316,221],[-1996,23],[-617,-227],[-280,-307],[-657,-1320],[-226,-156],[178,-429],[-105,-374],[-214,-169],[-176,-341],[-47,-919],[-224,-1060]],[[261854,509482],[-115,156],[-101,666],[-207,369],[-532,322],[7,609],[-360,387],[-52,406],[-374,661],[15,390],[-287,151],[-131,176],[-571,-312],[-679,-162],[-625,127],[-656,476],[-670,-253],[-369,-298],[-860,679],[-699,-532],[-459,-3],[32,-705],[-459,-80],[-354,495],[-490,305],[156,1951],[-146,337],[248,718],[-131,664],[-49,900],[-340,-298],[-820,528],[-247,595],[-247,1688],[217,222],[-65,1260],[194,664],[-50,746],[-301,1174],[-294,638],[-190,837],[-208,418],[-542,147],[-86,986],[-484,-490],[-478,96]],[[289441,548270],[-807,-154],[-767,-320],[-534,-593],[-849,-299],[-553,-801],[-669,-415],[-40,-325],[-356,-246],[-222,-520],[-659,-32],[-309,-599],[-1260,-84],[-84,-580],[-561,-642],[-346,98],[-658,-627],[-345,122],[-858,-633],[-569,-96],[-308,-473],[-712,152],[-102,798],[-435,245],[-640,118],[-1043,357],[117,645],[560,30],[304,923],[-168,576],[-251,71],[-102,1025],[262,705],[-160,363],[-520,-171],[-293,-294],[-765,68],[233,450],[-157,1494],[-229,476]],[[278473,594093],[502,175],[190,-186],[245,777],[-670,1076],[-37,343],[-348,488],[-236,580],[-295,217],[-336,880],[-17,394],[-569,839],[235,858],[-179,985],[-187,452],[247,237],[183,584],[469,110],[345,1071],[411,188],[261,-207],[97,765],[558,446],[754,1033],[116,275],[492,245],[205,-410],[402,-190],[176,243],[-140,1039],[270,759],[-595,1207],[-91,801],[334,617],[-102,538]],[[282296,612170],[6,15]],[[281335,463652],[-2,118],[-10,56],[-2,2],[-2,0],[-4,0],[-4,0],[-4,-2],[-11,-27],[-142,302],[-70,395],[-275,621],[-1264,-63],[-518,302],[-215,-188],[-180,759],[-375,1025],[-177,903],[-294,291],[64,588],[-356,405],[-213,798],[101,334],[-220,502],[193,285],[-190,545],[-396,674],[-388,379],[-76,664],[-209,558],[23,1068],[116,128]],[[276235,475074],[178,-321],[320,398],[27,566],[685,648],[-232,678],[-598,709],[242,764],[459,479],[74,389],[603,621],[-12,561],[332,23],[426,342],[328,8],[-115,547],[350,441],[-177,302],[124,518],[-58,1077],[156,808],[-122,477],[625,37],[121,-1254],[427,-256],[469,162],[350,694],[328,149],[135,-576],[456,-578],[429,115],[356,-357],[183,-486],[440,-42],[-293,-1034],[-3,-480],[621,-875],[331,-23],[438,-229],[669,64],[201,-244],[541,-35],[-27,-580],[125,-469]],[[289424,412244],[23,383],[-200,724],[-432,330],[-231,823],[-464,1117],[-282,872],[-286,391],[-294,799],[-286,274],[-454,1004],[-329,57],[50,759],[-115,1500],[-255,618],[-17,639],[175,352],[-149,612],[92,638],[218,171],[-155,738],[-353,859],[556,271],[352,-190],[377,270],[798,-37],[318,-388],[596,542],[30,610],[-479,756],[28,334],[-361,708],[-474,307],[-140,1542],[-182,-216],[-438,96],[-94,391],[-463,397],[-113,1019]],[[285991,432316],[-455,-419],[-494,676],[-461,175]],[[284581,432748],[-48,454],[-391,-147]],[[284142,433055],[-138,746],[-270,177]],[[283734,433978],[-388,1000],[-109,1001],[-463,267],[48,525],[-256,122],[-162,651],[38,725],[-329,659],[367,1192],[-58,397],[137,543],[246,233],[-256,886],[102,552],[-187,844],[191,121],[-51,581],[-480,992],[-35,890],[-160,426],[139,875],[-408,414],[-177,451],[-136,1330],[-437,-1044],[-411,-6],[-365,-969],[-191,-9]],[[279943,447627],[-209,217],[75,1057],[-328,601],[-146,912],[357,948],[-78,704],[-660,1756],[13,653],[532,1291],[200,1253],[-665,835],[149,618],[-214,902],[-319,181],[-352,-223],[-146,1042],[-418,33],[-283,832],[147,650],[71,1212],[-62,497],[-381,1003],[-724,-215],[-449,-565],[-334,38],[-547,430],[-282,-475],[-434,741],[-220,731],[-408,636],[-109,749],[603,108],[-64,599],[-328,594],[166,647],[362,-93],[182,418],[-317,257],[-498,-193],[-115,1544],[-596,802],[27,657],[296,744],[-455,389],[-326,1736],[-17,507],[-493,813],[239,483],[-415,557]],[[271970,477240],[1048,245],[236,-288],[366,30],[475,-699],[194,335]],[[274289,476863],[36,424],[308,493]],[[274633,477780],[292,-885],[654,-315],[346,-427],[310,-1079]],[[261854,509482],[-21,-360],[-139,-376],[-53,-365],[104,-427],[-113,-337],[-440,-27],[17,-472],[-873,-1177],[-136,-418],[-316,143],[-1005,-728],[-135,-58],[-255,-616],[-1316,-534],[-171,-742],[-86,-1219],[81,-798],[-44,-1158],[121,-505],[278,-117],[56,-468],[592,-246],[774,95],[190,-486],[-14,-1265],[-259,-108],[39,-1059],[-251,-416],[84,-442],[300,-183],[63,-917],[412,757],[915,763],[337,-170],[921,1221],[345,-416],[528,169],[671,895],[1003,-157],[268,-735],[-134,-887],[-139,-235],[56,-594],[356,-389],[487,-63],[469,-665],[174,-721],[-91,-267],[308,-912],[20,-408],[-260,-281],[133,-1051]],[[265705,489550],[148,-29]],[[265853,489521],[49,-167]],[[265902,489354],[283,-970]],[[266185,488384],[59,-552]],[[266244,487832],[353,-315]],[[266597,487517],[-13,-233]],[[266584,487284],[-320,-636]],[[266264,486648],[38,-387]],[[266302,486261],[-1,-1]],[[266301,486260],[-318,-1342]],[[265983,484918],[172,-143]],[[266155,484775],[78,-402]],[[266233,484373],[-85,-465],[113,-117]],[[266261,483791],[113,-410]],[[266374,483381],[-55,-246]],[[266319,483135],[160,-308]],[[266479,482827],[-43,-330]],[[266436,482497],[0,-1]],[[266436,482496],[-261,-86]],[[266175,482410],[-32,-507]],[[266143,481903],[-135,-178]],[[266008,481725],[-91,-121]],[[265917,481604],[161,-606]],[[266078,480998],[-33,-112]],[[266045,480886],[-143,-496]],[[265902,480390],[-128,-257]],[[265774,480133],[-37,-55]],[[265737,480078],[-311,-470]],[[265426,479608],[154,-195]],[[265580,479413],[-54,-829]],[[265526,478584],[86,-173]],[[265612,478411],[105,-212]],[[265717,478199],[-123,-221]],[[265594,477978],[155,-478],[469,-479]],[[266218,477021],[185,-405],[7,-684],[390,-992],[24,-993],[-332,-942],[-139,-645],[-771,521],[-376,-85],[-740,-442],[-371,294],[-644,169],[-328,-287],[-189,254],[-309,-103],[-456,-1150],[-175,-193],[-388,153],[-420,-473],[112,-1023],[-1035,-598],[-306,-495],[86,-699],[-163,-286],[-536,-30],[-213,-486],[-330,527],[-61,446],[-585,666],[-504,-29],[-698,668],[-202,-154],[-664,101],[-448,-271]],[[255639,469355],[-280,839],[187,338],[-316,736],[-526,665],[-72,313],[-545,-34],[-456,1249],[-17,813],[438,171],[-51,750],[-270,790],[-506,677],[-149,643],[-280,227],[-561,1078],[62,844],[-671,3249],[311,394],[-154,1046],[-270,112],[-617,2006],[71,670],[-392,311],[-112,885],[-226,264],[-121,1291],[-187,131],[-227,652],[-584,1111],[-312,1372],[-180,412],[-269,83],[-125,537],[-359,-202],[-425,64],[132,599],[-149,313],[172,526]],[[271979,540062],[-338,-318],[-179,-548],[-279,-230],[-116,-796],[-467,-706],[-307,-1051],[-263,341],[-240,-381],[318,-441],[-151,-421],[53,-670],[-167,-821],[-182,-243],[11,-591],[411,-524],[-21,-623],[417,-505],[948,-144],[943,275],[791,476],[256,-410],[878,-764],[453,135],[324,-385],[-397,-1048],[-70,-651],[-557,-516],[-620,228],[-278,-381],[-618,-312],[-650,246],[-270,-363],[-787,233],[-662,-854],[291,-680],[54,-827],[556,-1015],[-77,-679],[403,-381],[-109,-772],[42,-1201],[126,-135],[691,-39],[122,-488],[305,-507],[268,-1074],[28,-1172],[614,-202],[158,-398],[715,-35],[166,-335],[581,10],[331,-449],[82,-960],[117,-69],[441,-976],[122,-519],[436,-1107],[205,-1247],[-435,-29],[-291,387],[-523,-772],[-275,-173],[-177,320],[-351,-214],[-469,-1022],[-516,-760],[-494,-150],[-1147,-531],[-750,-65],[83,-887],[-524,-392],[89,-1252],[266,-1115],[120,-1047],[280,-387],[116,-609],[-1073,-120],[-459,-518],[113,-700],[-180,-367],[52,-859],[208,-72],[322,-562],[250,5],[880,-585],[372,208],[59,-383],[337,-236],[372,287],[150,-530],[258,96],[229,-332],[-136,-701],[43,-662],[-822,-203],[-144,-392],[-107,-1380],[301,-686],[548,-181],[55,-1152],[-556,-341],[-233,-758],[97,-1240],[183,-236],[28,-596],[184,-345],[301,-1090],[-217,-175]],[[273248,488538],[-191,-262]],[[273057,488276],[-934,1296],[-1066,815],[-882,-499],[-264,-738],[-443,470],[-515,-117],[-756,431],[-434,-446],[-106,-913],[-781,344],[-423,1117],[-627,-510]],[[265826,489526],[-121,24]],[[271970,477240],[-527,57]],[[271443,477297],[1575,189]],[[273018,477486],[697,-212],[365,-574],[209,163]],[[266244,487832],[-58,545]],[[266186,488377],[66,-457],[345,-403]],[[266033,484876],[-50,42]],[[266301,486260],[-268,-1384]],[[266233,484373],[-38,193]],[[266195,484566],[28,-54],[123,-1028]],[[266346,483484],[-85,307]],[[266008,481725],[64,-706]],[[266072,481019],[-155,585]],[[265902,480390],[143,496]],[[266045,480886],[-99,-494],[-172,-259]],[[265576,479418],[-150,190]],[[265737,480078],[-161,-660]],[[265526,478584],[46,710]],[[265572,479294],[40,-883]],[[265594,477978],[59,106]],[[265653,478084],[390,-884],[510,-202],[297,-210],[322,93],[141,357]],[[267313,477238],[-131,-554]],[[267182,476684],[-225,-15],[-395,301],[-344,51]],[[272904,488050],[-264,-372]],[[272640,487678],[264,372]],[[272246,485622],[-145,19]],[[272101,485641],[199,26]],[[272300,485667],[-54,-45]],[[273526,482554],[-261,505]],[[273265,483059],[261,-505]],[[273185,483161],[76,-97]],[[273261,483064],[-685,-54]],[[272576,483010],[609,151]],[[266175,482410],[28,10]],[[266203,482420],[-34,-98]],[[266169,482322],[6,88]],[[274502,480613],[-431,-489]],[[274071,480124],[431,489]],[[274406,480850],[-129,250]],[[274277,481100],[129,-250]],[[273471,479349],[241,368]],[[273712,479717],[-241,-368]],[[274461,478742],[-493,61]],[[273968,478803],[493,-61]],[[270063,477367],[-187,53]],[[269876,477420],[50,118]],[[269926,477538],[513,-163]],[[270439,477375],[-376,-8]],[[269621,476832],[171,396]],[[269792,477228],[-171,-396]],[[266021,488946],[-119,408]],[[265902,489354],[119,-408]],[[272511,487495],[-65,-94]],[[272446,487401],[336,-1018],[-78,-215]],[[272704,486168],[-259,1234],[66,93]],[[266264,486648],[289,575]],[[266553,487223],[-251,-961]],[[266302,486262],[-38,386]],[[272225,484378],[343,-726]],[[272568,483652],[-343,726]],[[266381,483015],[-62,120]],[[266319,483135],[34,151]],[[266353,483286],[28,-271]],[[273920,478829],[-342,138]],[[273578,478967],[1,1]],[[273579,478968],[228,-21]],[[273807,478947],[113,-118]],[[267936,477276],[-595,-27]],[[267341,477249],[327,108],[1044,-289],[749,-596]],[[269461,476472],[-20,-99]],[[269441,476373],[-232,-1],[-497,696],[-178,-134],[-598,342]],[[289478,408341],[-841,204],[-206,-57],[-488,750],[-91,646],[-210,342],[-852,-551],[-441,200],[-193,-1423],[39,-805],[-314,-131],[37,-656],[-439,-73]],[[285479,406787],[-34,469],[204,826],[-294,793],[242,1375],[-27,757],[-120,309],[318,479],[-301,184],[-257,-306],[-347,1062],[91,305],[-121,792],[152,640],[406,338],[-121,588],[-325,761],[245,581],[-340,1192],[23,591],[-311,1716],[191,278],[-17,985],[-285,914],[-771,817],[-420,1655],[440,921],[278,1464],[51,952],[-59,547],[-213,569],[152,648],[-161,558],[129,400],[-57,640],[262,32],[181,720],[656,198],[267,-525],[366,-232],[439,536]],[[284581,432748],[-333,-175],[-106,482]],[[283734,433978],[-72,-1377],[143,-626],[-886,345],[-293,-140],[-532,78],[-728,-556],[-143,169],[-286,2464],[-361,102],[-233,1406],[-337,1304],[-273,639],[8,473],[-297,152],[86,1201],[-199,1396],[-210,179],[-124,-671],[-807,1529],[-369,256],[289,445],[24,459],[-381,773],[-799,864],[-191,732]],[[276763,445574],[-42,146]],[[276721,445720],[-85,1386]],[[276636,447106],[-72,548],[66,829],[278,341],[53,-196],[375,242],[421,-194],[261,-642],[300,-77],[394,-686],[80,-577],[414,437],[288,8],[449,488]],[[282802,431640],[678,-238],[223,-366],[-308,-1001],[114,-440],[-315,-1177],[92,-877],[-481,64],[-325,889],[-230,250],[189,439],[-313,2097],[676,360]],[[276680,444508],[39,78]],[[276719,444586],[-39,-78]],[[276631,446207],[3,57]],[[276634,446264],[-3,-57]],[[255639,469355],[42,-587],[410,-327],[166,-576],[-97,-513],[-633,-407],[172,-707],[279,-569],[137,-961],[-402,-19],[-143,-453],[361,-756],[366,-189],[-304,-1481],[228,-169],[391,-1317],[243,-177]],[[254310,446588],[-61,825],[-157,388],[462,1042],[-279,368],[-254,886],[131,446],[-578,804],[69,580],[-77,1159],[-410,1162],[385,641],[9,907],[-306,882],[57,255],[-350,799],[84,314],[-204,428],[-791,-5],[-38,757],[624,34],[28,990],[-409,58],[-238,1048],[-224,264],[-442,976],[100,300],[-216,1541],[-161,415],[-506,602],[417,369],[-473,1125],[-194,170],[-44,815],[-365,84],[-117,-303],[-569,97],[104,1125],[-56,1022],[265,563],[-4,466],[-335,195],[74,1564],[165,849],[-252,596],[-379,-398],[48,-843],[153,-546],[-299,-293],[-214,-530],[49,-1323],[260,-793],[-269,-1051],[-305,-679],[-293,574],[-272,79],[-292,452],[-720,717],[-216,-39],[-205,498],[-369,13],[-172,338],[0,626],[-257,1164],[-342,159],[-309,1093],[-940,2071],[40,601],[365,516],[307,67],[868,-1159],[-19,-488],[465,-412],[342,-90],[87,-398],[337,-463],[531,-234],[802,648],[678,1271],[76,570],[185,0],[-197,510],[-504,877],[-1335,1431],[-120,281],[-516,454],[69,829],[-154,260],[9,741],[676,291],[153,1088],[-132,613],[-411,234],[-585,577],[-856,-134],[-290,-397],[-417,563],[-144,818],[-274,380],[-299,-24],[-243,-439],[-357,1287],[368,947],[-86,886],[-497,1647],[-180,-35],[-81,242],[81,144],[-133,100],[-9,311],[-327,23],[-498,-265],[-362,-1449],[-506,-455],[-429,22],[129,397],[-564,-803],[-435,-444],[-226,73],[32,977],[177,910],[177,354],[64,692],[426,447],[-15,681],[252,131],[76,182],[-180,1278],[-240,269],[-524,-1760],[29,-703],[-80,-957],[-351,-810],[-529,-845],[-259,-1192],[-409,154],[-883,1066],[274,912],[562,373],[246,423],[-77,616],[-289,657],[196,326],[-100,0],[-63,93],[38,273],[-52,116],[-88,38],[-239,532],[-102,400],[-384,-465],[-163,567],[88,551],[-362,939],[-645,1280],[16,460],[-639,-57],[266,-627],[296,205],[498,-1279],[78,-389],[370,-468],[-106,-880],[248,-1261],[-152,-523],[-5,-1159],[-302,59],[-633,2021],[-626,1126],[-341,452],[-173,926],[-1184,1617],[-744,2896],[442,780],[-121,562],[-244,71],[-438,-276],[-124,1361]],[[248301,475148],[-149,-386],[-779,-253],[-423,210],[-253,-125],[-237,340],[-184,882],[-720,970],[-157,577],[330,1145],[687,-116],[64,-333],[671,-747],[372,107],[572,-574],[295,-45],[376,-613],[-137,-230],[0,-473],[-328,-336]],[[245310,468441],[240,-336],[478,-172],[414,197],[-40,-1610],[112,-793],[-233,-677],[-601,-142],[-591,864],[-549,614],[-624,1604],[610,57],[611,460],[173,-66]],[[250001,467712],[-18,-616],[-373,299],[391,317]],[[237733,492088],[-25,-210],[14,-159],[20,-50],[-91,-505],[329,-789],[-332,-637],[-535,-32],[-97,669],[34,933],[-93,815],[400,530],[239,-481],[137,-84]],[[240349,491791],[-337,-146],[57,-574],[-398,-269],[-56,949],[144,486],[440,873],[41,-676],[109,-643]],[[238906,486297],[209,-1169],[311,-804],[-245,-126],[-723,2057],[448,42]],[[239468,487291],[444,-89],[549,-1274],[97,-707],[-258,-250],[-64,-510],[144,-653],[-46,-517],[-580,1360],[-62,808],[-577,898],[112,833],[241,101]],[[240372,486311],[-399,999],[218,328],[305,-1097],[-124,-230]],[[241005,488217],[369,-333],[154,-809],[-366,-333],[-131,-532],[-507,390],[-188,886],[-223,478],[64,215],[828,38]],[[242062,488466],[217,-1395],[195,-403],[-567,-803],[-553,167],[-143,684],[367,370],[-181,826],[-408,397],[279,370],[53,325],[495,284],[201,-202],[45,-620]],[[242404,490355],[10,-290],[124,-464],[90,-41],[112,10],[425,-1460],[105,-890],[-568,-872],[-434,1146],[-7,693],[-415,1872],[252,322],[306,-26]],[[245789,480906],[-133,404],[316,785],[132,-545],[-104,-613],[-211,-31]],[[246111,483359],[-253,-1087],[-398,-411],[-271,-1000],[-201,371],[-25,690],[426,703],[78,577],[249,-122],[395,279]],[[246497,482618],[-35,-506],[-287,-181],[-146,431],[468,256]],[[246716,483144],[190,-258],[-132,-1149],[-299,359],[50,600],[191,448]],[[243595,484229],[496,-389],[153,-608],[-145,-976],[24,-752],[-565,529],[-161,1449],[-320,1156],[352,21],[166,-430]],[[294752,337954],[-398,-1919],[-235,-920],[-390,-438],[-100,-640],[-183,-266],[-111,-679],[-402,-1163],[-193,-364],[-164,1064],[39,370],[-133,792],[46,487],[-359,704],[345,740],[-42,807],[253,945],[-367,805],[-100,524],[19,1355],[-213,703],[70,511],[-235,102],[141,1714],[430,-109],[544,572],[595,1261],[-71,882],[698,364],[173,933],[-275,390],[175,785],[-79,430],[-417,501],[405,203],[389,753],[2,511],[163,837],[-293,645],[-56,844],[-234,454],[258,850],[442,-131],[-145,1195],[-349,152],[176,580],[-53,434],[107,1096],[930,127],[92,695],[-540,40],[-66,350],[257,447],[128,549],[-1156,-1150],[-350,480],[-535,502],[339,629],[-357,407],[-583,-73],[80,558],[319,-59],[521,195],[228,148],[201,268],[245,492],[-269,765],[-493,688],[-185,522],[6,468],[493,396],[339,667],[-153,580],[-348,23],[-524,-757],[-561,350],[-140,688],[409,590],[285,-21],[145,384],[-537,87],[-174,424],[189,907],[748,-467],[541,-598],[134,181],[-788,507],[-290,584],[69,798],[719,402],[23,319],[-461,115],[-112,305],[216,533],[250,1512],[204,450],[-469,1556],[-157,1222],[-308,451],[67,1219],[-133,275],[32,1049],[-168,494],[132,444],[-172,723],[-224,-15],[-122,488],[-344,183],[-213,808],[-92,841],[-266,1184],[-73,678],[-538,1227],[72,421],[-317,684],[-570,646],[16,479],[-435,100],[-107,239],[128,1201],[-7,1662],[-137,843],[-482,-485],[230,-982],[-315,-1091],[-26,-516],[165,-1219],[-16,-457],[-255,-541],[-43,-575],[-287,125],[274,897],[-84,646],[-438,198],[-261,811],[8,537],[180,274],[89,1216],[-238,401],[21,378],[-225,1286],[450,1359],[-447,1567],[-565,1247],[-265,1035],[-1,873],[-145,1168],[-460,1172],[-52,710],[-242,709],[-75,678],[-306,167],[-418,2470]],[[287985,329344],[96,-430],[-304,-279],[-213,186],[88,695],[333,-172]],[[290315,359568],[-3,-441],[237,-769],[-236,-343],[-192,-1614],[-49,-1769],[-166,-92],[-485,591],[-105,397],[224,1093],[341,364],[-198,414],[451,1496],[-137,447],[318,226]],[[292596,359443],[148,-482],[-10,-842],[-111,-1056],[106,-383],[-479,-782],[-615,147],[-184,473],[-4,620],[-310,172],[69,876],[-173,415],[181,378],[-64,383],[605,-87],[692,406],[149,-238]],[[291811,364045],[407,-798],[160,-766],[415,68],[676,-586],[476,-177],[-136,-392],[-309,-8],[-278,-132],[-474,53],[-385,-571],[-282,-57],[-228,786],[85,1085],[-208,138],[-111,1267],[192,90]],[[287642,359631],[312,-422],[30,-808],[214,-81],[-29,-567],[-204,-187],[-329,276],[181,357],[-175,1432]],[[290097,361341],[32,-990],[-172,9],[-24,811],[164,170]],[[290037,332823],[256,-632],[-317,-45],[-95,-972],[-794,-447],[-35,-550],[-203,-510],[-231,166],[101,1212],[173,146],[455,1189],[690,443]],[[289302,334827],[414,-286],[-35,-569],[-488,70],[109,785]],[[286547,339064],[203,75],[203,-500],[-314,-593],[-119,424],[27,594]],[[292299,345466],[122,85],[466,-496],[-36,-680],[-214,-440],[-247,-104],[-91,1635]],[[289223,346993],[360,-389],[245,-1371],[304,-432],[84,-1070],[-115,-1179],[-275,233],[-64,535],[189,275],[-35,903],[-587,1200],[-366,423],[-594,-792],[-99,332],[882,1442],[71,-110]],[[286775,346135],[178,-315],[-131,-515],[-375,284],[328,546]],[[292735,347589],[22,-589],[-648,-145],[35,528],[359,584],[232,-378]],[[289933,371262],[337,-818],[-538,-301],[-58,814],[259,305]],[[286101,375141],[230,-665],[-414,59],[184,606]],[[289943,381258],[462,-2509],[-408,137],[-217,1279],[163,1093]],[[288762,366907],[-138,-1058],[141,-572],[-507,-181],[-373,892],[220,1010],[657,-91]],[[288405,369097],[171,-360],[-90,-429],[-557,-739],[-505,-481],[-519,959],[113,371],[327,131],[243,-425],[329,243],[488,730]],[[292292,370521],[174,-274],[-42,-1175],[-209,-456],[-258,375],[169,1280],[166,250]],[[290546,372913],[594,-174],[269,-515],[-159,-222],[-12,-638],[470,-223],[8,677],[393,-401],[-145,-314],[-25,-1345],[-293,-475],[-322,-1040],[-361,-716],[-259,-107],[-273,257],[40,715],[213,1200],[-157,398],[120,525],[-280,1009],[0,677],[179,712]],[[267182,476684],[134,564]],[[267316,477248],[620,28]],[[269441,476373],[79,390]],[[269520,476763],[101,69]],[[269792,477228],[32,207]],[[269824,477435],[239,-68]],[[270439,477375],[350,8],[107,-151],[547,65]],[[276636,447106],[-2,-842]],[[276631,446207],[-179,-1001],[267,-620]],[[276680,444508],[-12,-579],[451,-270],[-322,-1090],[246,-642],[-395,-639],[225,-895],[-79,-242],[11,-1033],[-159,-832],[-230,-575],[-712,163]],[[275704,437874],[-219,499],[-330,-16],[-43,394],[-566,490],[-598,-242],[-771,205],[-380,-453],[-684,237],[-258,291],[231,1134],[-126,672],[-238,502],[-313,294],[-352,653],[185,360],[-125,881],[74,348],[-260,1318],[-55,714],[-171,347],[-547,257],[-144,715],[-383,1228],[-655,1428],[169,538],[-180,682],[-430,-29],[-564,-1500],[-279,-297],[-69,-435],[-331,-90],[-134,-905],[-431,-45],[-668,-1058],[66,-458],[-198,-100],[-275,193]],[[276763,445574],[-42,146]],[[275782,437277],[-27,207]],[[275755,437484],[27,-207]],[[275741,437593],[-20,153]],[[275721,437746],[20,-153]],[[275704,437874],[17,-128]],[[275741,437593],[14,-109]],[[275782,437277],[63,-961],[-605,-1245],[-89,-554],[-755,-1876],[-531,-550],[-875,-536],[-1068,-38],[-343,496],[-629,560],[-255,808],[23,596],[-231,374],[-182,1303],[-255,-481],[173,-859],[286,-313],[-73,-772],[259,-1273],[239,-539],[387,-396],[0,-385],[-350,-737],[-519,-261],[-994,-719],[-286,87],[-430,606],[-752,704],[-563,-87],[-410,164],[-182,738],[-253,-9],[-30,439]],[[274633,477780],[68,163]],[[274701,477943],[-240,799]],[[273968,478803],[-22,0]],[[273946,478803],[-139,144]],[[273579,478968],[-6,19]],[[273573,478987],[-102,362]],[[273712,479717],[359,407]],[[274502,480613],[-96,237]],[[274277,481100],[-679,1004],[-72,450]],[[273265,483059],[-3,3]],[[273262,483062],[-77,99]],[[273185,483161],[-610,-151]],[[272575,483010],[-7,642]],[[272225,484378],[-242,388],[-271,774]],[[271712,485540],[60,143]],[[271772,485683],[474,-61]],[[272300,485667],[148,125]],[[272448,485792],[17,313]],[[272465,486105],[239,63]],[[272446,487401],[187,273]],[[272633,487674],[7,4]],[[272904,488050],[2,20]],[[272906,488070],[342,468]],[[70928,358096],[40,47]],[[70968,358143],[-40,-47]],[[70999,358142],[-29,-234]],[[70970,357908],[29,234]],[[112020,359312],[-384,-154],[-348,147],[165,879],[675,-134]],[[112128,360050],[-108,-738]],[[112135,360093],[-363,587],[-546,-214],[-33,437],[296,250],[-473,703],[279,634],[214,-227],[63,-854],[583,814],[297,-298]],[[112452,361925],[-317,-1832]],[[110493,362311],[308,-667],[-129,-454],[-361,279],[182,842]],[[112459,344626],[-196,270],[29,593],[-454,190],[-179,-59],[-7,91],[5,160],[-147,233],[-174,72],[-38,615],[370,-130],[-121,643],[901,-7],[137,-289]],[[112585,347008],[-22,-2236],[-104,-146]],[[112611,362707],[161,549]],[[112772,363256],[-161,-549]],[[136282,435176],[-350,-496]],[[135932,434680],[350,496]],[[116619,465722],[-525,-231],[-72,-49],[-112,-211],[-199,-117],[-44,75],[-35,140],[-141,51],[-153,-117],[-110,-85],[-33,-85],[-125,15],[-127,178],[-78,157],[-30,46],[-50,-8],[-84,58],[-179,193],[-352,714],[-439,25],[-500,581],[-72,252],[50,119],[88,109],[137,87],[185,307],[-4,135],[-25,202],[-47,216],[39,515],[-156,856],[-32,745],[-660,24],[-110,823],[152,436],[179,151],[64,47],[174,148],[262,311],[-21,262],[-69,146],[-54,133],[-53,201],[6,188],[57,348],[54,210],[170,445],[73,57],[42,217],[-66,382],[175,894],[-24,258],[-66,187],[-148,272],[-47,134],[6,168],[-42,155],[-100,74],[-158,280],[-112,95],[-402,171],[-305,428],[-153,536],[-363,394],[-418,81],[-201,-278],[-793,-180],[-167,-220],[-138,-786],[-789,515],[-172,-548],[-306,34],[-344,424],[-268,-26],[-383,626],[-457,5],[-438,340],[-345,-640],[28,-336],[-314,-446],[144,-592],[-315,-129],[-269,440],[-544,530],[-572,398],[-462,-126],[-408,914],[-2,862],[-513,217],[-486,-176],[78,474],[-183,1111],[-424,-29],[-103,253],[-842,185],[-919,457],[-491,86],[-748,-130],[-502,32],[-342,414],[-65,550],[-422,39],[-288,480],[-70,-1124],[353,-47],[273,-870],[-208,-1043],[-302,-340],[-343,21],[-131,-420],[268,-292],[133,-585],[-123,-1288],[171,-657],[-47,-382],[-577,-420],[-236,65],[-265,-404],[-197,-720],[209,-694],[-164,-562],[-13,-618],[-313,-115],[-249,285],[-591,-177],[-127,514],[-954,1106],[-307,-405],[-465,-187],[76,-772],[-228,-985],[-94,-796],[103,-785],[-422,226],[-43,-769],[-343,177],[90,-1001],[459,-289],[-53,-479],[408,28],[-148,-620],[396,-60],[182,-585],[440,-358],[3,-145],[-9,-73],[-173,-101],[-228,64],[-643,-335],[-484,-1686],[-290,180],[-285,-605],[196,-1201],[-114,-493],[-356,-25],[-354,-294],[-243,291],[-417,-92],[39,-332],[-232,-622],[69,-638],[-259,-398],[-49,-465],[-251,-248],[58,-523],[380,-463],[-189,-254]],[[90389,459110],[-262,244],[-303,-623],[-435,43],[-734,846],[226,348],[185,694],[-397,123],[-81,513],[-455,134],[-728,-470],[-288,-1478],[-24,-432],[-333,-50],[-332,-1181],[-404,-229],[136,-555],[-468,-93],[-646,217],[-61,386],[-373,-29],[-303,-1072],[326,-118],[-92,-944],[-294,-209],[-83,-393],[145,-1045],[-350,-722],[-310,96],[-744,-354],[-326,271],[-32,-551],[473,-403],[-42,-407],[-465,-378],[-421,-1510],[-553,685],[-207,642],[-238,-960],[-162,-32],[-71,908],[-311,-97],[-64,-657],[-355,-10],[-5,-864],[-554,-207],[-92,-632],[-849,-119],[145,-1279],[-153,-650],[24,-557],[369,39],[-78,-902],[440,-96],[-250,-872],[-631,274],[-398,33],[-42,400],[-731,46],[-323,-282],[-414,386],[-315,-529],[-238,285],[-237,-40],[-97,-12],[-128,37],[-40,-17],[-102,-207],[-298,-38],[-335,-210],[-77,33],[-185,336],[-118,62],[-42,158],[46,222],[-9,392],[-106,265],[-47,-7],[-35,-86],[7,-219],[-172,-166],[-32,264],[-20,75],[-24,39],[-270,142],[-25,-54],[-6,-170],[-45,-167],[4,-341],[-95,-86],[-128,37],[-102,82],[-146,465],[-332,221],[-47,-37],[-78,-123],[-330,108],[-52,262],[-31,352],[-84,23],[-52,-14],[-40,36],[-228,265],[-231,-1274],[-336,-166],[65,-492],[281,-95],[-61,-606],[256,-485],[230,-2],[75,-908],[-323,-398],[-1,-398],[213,-721],[211,5],[43,-776],[-103,-1314],[-194,-395],[-345,271],[-31,505],[-383,68],[-37,-635],[-328,27],[-388,-383],[-226,674],[-364,-335],[-344,208],[-480,-365],[-605,4],[100,-805],[-243,-633],[-357,-301],[-433,0],[-60,377],[-386,104],[-183,597],[-513,441],[-723,154],[-650,-343],[373,-746],[-328,-264],[-156,-443],[90,-955],[-673,-2],[-51,-168],[-672,-156],[-411,-511],[-396,-42],[-16,-596],[-233,-169],[-39,-201],[-38,-145],[118,-209],[69,-91],[116,-107],[-269,-210],[-237,69],[-27,-108],[-3,-131],[27,-121],[-649,-461],[-241,636],[9,615],[-517,-87],[-264,-388],[-644,-325],[-172,-842],[-590,388],[-257,-748],[60,-619],[315,-262],[91,-867],[-195,-296],[-17,-672],[443,-648],[509,-84],[16,-339],[824,-500],[37,-524],[-168,-212],[16,-1122],[-93,-236],[-509,354],[-615,-822],[155,-351],[327,310],[465,-243],[-337,-1343],[-796,-1557],[240,-851],[-243,-471],[-361,-247],[-381,96],[-276,-174],[-369,233],[-384,-112],[-345,-417],[57,-469],[-275,-328],[146,-309]],[[57302,418619],[-333,-275],[-897,-347],[-283,460],[20,777],[-239,775],[-587,101],[18,381],[-223,409],[-301,-908],[-384,-247],[-414,156],[-246,-164]],[[53433,419737],[-200,-32]],[[53233,419705],[-201,64]],[[53032,419769],[-348,1318],[-471,1489],[-536,434],[-227,12],[-208,749],[24,402],[-216,484],[7,820],[-313,1559],[-113,243],[-138,1055],[-126,239],[-251,1153],[-119,889],[-446,1627],[228,252],[-159,529],[202,468],[-114,1004],[-225,641],[116,1186],[-243,508],[61,324],[-194,655],[140,1117],[-153,262],[112,937],[-40,831],[-614,2461],[272,179],[-357,1515],[-225,523],[48,780],[-160,767],[-337,463],[4,349],[361,166],[-407,469],[-47,662],[-177,429],[201,465],[-417,1611],[-12,377],[-356,1418],[-235,301],[108,403],[-469,1796],[-101,1477],[-389,618],[-51,763],[279,-40],[78,-590],[242,77],[668,-563],[109,405],[-156,1080],[-441,-325],[-475,269],[-154,510],[-372,460],[-177,1573],[281,1226],[-389,1374],[-188,228],[-81,658],[79,450],[-6,1054],[682,416],[373,-479],[164,684],[-650,307],[-160,511],[401,741],[779,844],[-205,121],[-156,1285],[-402,127],[88,-753],[-437,-671],[-467,140],[-188,-1208],[-416,584],[179,1174],[36,977],[-416,798],[143,570],[-199,431],[106,1292],[937,194],[-406,326],[-281,-267],[-517,741],[67,306],[-212,1045],[325,489],[-535,767],[-53,777],[624,138],[-384,748],[-267,-59],[-24,882],[-241,716],[48,639],[-353,643],[263,282],[-30,991],[-133,250],[424,529],[235,-884],[228,-180],[141,1061],[-416,183],[-204,1398],[175,163],[112,814]],[[43997,487377],[360,-44],[402,372],[40,484],[476,619],[888,-282]],[[46163,488526],[-10,-14]],[[46153,488512],[120,-774],[-21,-669],[352,-100],[301,-630],[156,489],[734,-264],[375,-456],[407,598],[-24,451]],[[48553,487157],[425,100],[226,333],[30,637],[196,302],[398,-160],[710,-19],[-56,618],[160,606],[-131,1137],[-139,496],[439,1384],[220,332],[63,1331],[-435,201],[-86,476],[-251,206],[523,790],[798,-278],[190,-393],[469,-178],[263,-797],[412,-333],[442,202],[297,-123],[276,478],[611,323],[-74,836],[422,837],[294,-66],[359,261],[-180,1670],[20,570],[-360,719],[124,719],[-322,58],[-510,573],[-334,630],[-486,275],[-230,397],[-522,-11],[-82,490],[832,396],[831,133],[98,400],[-138,477],[110,524],[544,9],[608,527],[90,1458],[544,423],[347,-57],[22,452],[1613,506],[403,-75],[625,334],[-3,87],[14,245],[-10,138],[-430,504],[-123,-339],[-441,73],[-167,-188],[-410,558],[-192,-304],[-379,107],[-843,-104],[-419,-406],[-374,6],[-726,-394],[-180,351],[-217,1263],[257,471],[443,311],[85,273],[-122,664],[-431,493],[-96,1470],[432,-22],[1519,1076],[230,243],[534,263],[195,83],[83,20],[30,-65],[67,24],[-2,69]],[[57575,515263],[102,-33],[142,-157],[59,-132],[34,-39],[117,-54],[110,3],[395,73],[72,29],[83,19],[180,-14],[123,375],[46,120],[100,110],[223,11],[88,14],[90,61],[242,344],[52,139],[22,101],[66,84],[242,51],[159,82],[64,-737],[489,-404],[195,-539],[8,-1403],[-95,-344],[133,-627],[-11,-727],[336,3],[330,-826],[791,-193],[221,-316],[931,-321],[436,-15],[386,332],[1761,-996],[368,-784],[172,-815],[958,-759],[728,-76],[322,-307],[481,133],[159,-263],[425,175],[673,-53],[435,-279],[721,291],[519,-207],[319,207],[1252,-175],[393,243],[353,-154],[505,110],[227,-320],[412,-60],[178,-243],[461,340],[317,-1297],[296,-508],[-191,-249],[65,-147],[109,-50],[76,-49],[-1,-795],[-530,-126],[243,-621],[543,-523],[772,33],[68,-286],[978,78],[548,383],[538,1437],[354,-185],[298,260],[602,-212],[380,1466],[-396,794],[589,708],[555,504],[39,438],[400,387],[94,374],[-141,246],[-78,5],[-51,139],[-39,87],[150,120],[89,99],[11,76],[-65,135],[12,392],[149,321],[95,-42],[100,-22],[75,-39],[265,383],[411,-263],[543,705],[206,172],[159,185],[41,85],[72,94],[48,46],[63,33],[108,121],[167,147],[182,114],[648,232],[779,-500],[158,415],[319,-42],[618,595],[788,-4],[484,117],[430,-204],[400,-624],[190,-620],[139,-1358],[342,-592],[-353,-187],[-645,375],[-517,45],[-311,-565],[187,-698],[307,-265],[174,-1229],[220,29],[163,661],[307,-395],[880,-91],[795,-386],[93,268],[482,143],[249,280],[765,-459],[762,386],[820,536],[1063,947],[55,882],[399,-63],[395,594],[544,-299],[335,18],[588,432],[167,-1005],[223,-608],[461,471],[346,-48],[430,-564],[990,-74],[383,-302],[222,470],[282,-217],[239,179],[909,154],[403,166],[-277,576],[40,646],[273,29],[294,381],[356,-280],[872,31],[582,876],[586,-152],[-27,695],[452,329],[220,-351],[593,-210],[466,-28],[139,212],[781,-258],[153,-1381],[636,-654],[1497,951],[545,-243],[398,-625],[308,-244],[533,-98],[35,265],[74,165],[29,38],[46,21],[102,-34],[225,56],[280,-370],[297,337],[394,17],[278,509],[149,59],[16,72],[-6,93],[9,67],[98,40],[55,-50],[109,-41],[86,15],[368,444],[590,-167],[713,-820],[27,-356],[440,-378],[80,-520],[321,-628],[-214,-666],[164,-440],[320,-80],[145,489],[752,-311],[792,-957],[373,212]],[[120350,505773],[188,-542],[-274,-325],[-326,-735],[-986,-717],[-489,-123],[-184,-832],[44,-1383],[-230,-378],[365,-1177],[682,82],[209,-711],[23,-1176],[-90,-250],[104,-1060],[196,-813],[-569,-243],[-388,-595],[390,-582],[415,357],[355,78],[240,-637],[-121,-2015],[-215,-659],[336,-927],[-152,-218],[-622,-190],[-282,-611],[-276,152],[-867,-489],[222,-732],[-315,-480],[396,-444],[294,227],[438,-99],[451,-512],[42,-633],[-136,-908],[60,-413],[-243,-768],[-413,9],[-280,352],[-390,-289],[-32,-395],[404,-250],[423,59],[-234,-1115],[485,66],[258,-215],[-39,-527],[431,-650],[230,-43],[630,-595],[-59,-1384],[428,114],[531,-460],[55,-371],[589,53],[196,-661],[372,-51],[-12,-800],[-196,-341],[-584,-176],[-15,-406],[397,-664],[-758,-769],[-139,-341],[-486,-150],[-362,733],[-468,-367],[-322,709],[-111,753],[-385,-356],[-174,-461],[-336,-107],[-460,-1272],[-425,-197],[-43,-972],[-398,-330],[-198,-378],[117,-543],[-98,-463],[-317,-340],[83,-313],[-302,-500],[4,-963],[502,-780],[271,-833],[-554,-534],[-214,-404],[-294,-141],[276,-511]],[[255430,568837],[-574,258],[-598,616],[179,2073],[-85,579],[-560,-942],[-362,-8],[-414,-415],[-68,-738],[-958,-551],[-318,52],[-617,-231],[-343,626],[-348,177],[-119,-381],[-431,173],[-436,710],[-437,141],[-459,-531],[-638,224],[-520,-68],[-180,-281],[-468,-125],[-88,-444],[412,-136],[39,-510],[-381,-731],[-223,-175],[-586,-1158],[-425,-992],[-308,-993],[-559,751],[-395,318],[-506,860]],[[243656,566985],[-23,447],[206,492],[-169,742],[-384,163],[-300,375],[-303,898],[105,512],[588,1057],[544,217],[990,1839],[325,186],[206,610],[371,177],[235,365],[-198,801],[1020,656],[85,-662],[-179,-842],[120,-572],[254,175],[278,547],[298,-242],[384,632],[604,506],[-236,806],[80,1032],[217,438],[117,641],[-79,405],[182,755],[232,229],[150,791],[697,1224],[500,140],[2,1195],[129,653],[495,732],[190,538],[241,114],[117,-1189],[780,556],[281,581],[7,1021],[439,363],[98,388],[315,78],[449,618],[493,-146],[330,288],[667,268],[716,827],[305,199],[172,735],[255,331],[449,924],[623,162],[258,-411],[953,565],[264,411],[832,833]],[[260433,593159],[-30,-713],[199,-839],[191,-160],[-16,-552],[-470,-344],[478,-1476],[-200,-519],[227,-748]],[[46992,305333],[-57,-35],[-175,49],[180,75],[52,-89]],[[151225,597956],[77,-564],[316,296],[240,-536],[-236,-295],[68,-405],[423,-164],[302,-579],[-79,-501],[-302,-814],[167,-423],[498,325],[-104,-693],[422,-395],[67,-679],[-117,-901],[342,-822],[482,231],[105,-618],[400,-287],[353,573],[340,-226],[58,-761],[-265,-817],[215,-415],[494,351],[233,-1006],[774,-211],[86,-677],[-643,-95],[-657,-311],[-1209,560],[-684,1],[-50,-672],[-340,-860],[-394,-165],[-643,-4],[-241,-343],[-43,-816],[342,-170],[736,-115],[440,-655],[1034,-233],[102,-913],[-88,-747],[-1128,-635],[-318,249],[-8,-663],[288,-1481],[316,4],[146,-116],[166,-249],[159,-375],[336,-421],[34,-431],[294,37],[63,-61],[41,-1],[194,-137],[72,-155],[645,-492],[406,231],[558,-430],[151,-606],[803,-305],[223,74],[-3,-186],[-101,-61],[72,-102],[-2,-335],[196,138],[185,-134],[109,-103],[419,-510],[-12,-322],[-97,76],[-58,-65],[24,-253],[-478,-280],[40,-301],[-17,-387],[-16,-125],[-394,-136],[-560,519],[-313,33],[-507,459],[-467,-151],[-44,-932],[-288,-155],[-683,34],[-235,610],[-428,387],[-40,-126],[-145,74],[61,-31],[-17,149],[-106,-123],[-229,-39],[-290,-397],[60,-391],[38,-273],[-37,-239],[-616,-332],[-578,-685],[-279,-208],[-95,-103],[-43,-71],[-92,-285],[-100,-103],[-174,-29],[15,-231],[-202,-528],[-429,-303],[130,-201],[-173,-408],[-353,-187],[-279,200],[-391,-211],[-693,-1014],[-892,-407],[-1233,-890],[-248,-648],[-289,-225],[-98,-2112],[-223,-516],[292,-130],[-67,-653],[175,-193],[10,-680],[137,-756],[235,-624],[-98,-464],[355,-320],[548,-985],[342,-407],[-178,-444],[403,-311],[-203,-456],[-4,-780],[-183,-341]],[[147753,554723],[-981,-337],[-150,-697],[597,-1333],[-654,-889],[262,-374],[7,-399],[-284,-517],[35,-520],[-264,-1048],[-239,-386]],[[146082,548223],[-461,-797],[-28,-482],[-353,-103],[-334,-1383],[-517,-266],[-123,-294],[-640,-227],[-201,141],[-963,-130],[-1388,1412]],[[141074,546094],[-62,624],[-507,128],[221,965],[-597,211],[-460,632],[613,89],[156,461],[-76,878],[350,1300],[-74,1041],[-498,89],[289,1801],[-219,231],[265,729],[507,288],[-224,479],[-36,467],[-435,-94],[-555,941],[-1272,-755],[-146,382],[-646,10],[-281,443],[-197,-295],[103,-636],[-155,-769],[-694,416],[-277,-166],[17,735],[-289,301],[-365,-66],[198,1203],[-393,76],[-270,611],[-190,-132],[-523,208],[-146,262],[-838,472],[-491,-149],[-500,677],[113,712],[-113,803],[-701,570],[-409,-197],[-452,445],[-361,28],[-384,556],[-548,-233],[-52,925],[-267,1138],[-578,-73],[173,-392],[-357,-182],[-148,-502],[145,-598],[-740,338],[219,262],[-733,420],[-122,306],[-621,-23],[-249,-341],[-31,-1346],[-379,-814],[-81,-1012],[-415,375],[-115,-671],[-199,-399],[-414,512],[-67,388],[-538,98],[-361,-377],[-470,199],[-180,309],[-517,-390],[-609,-203],[-61,470],[475,780],[-189,309],[410,634],[-89,783],[343,650],[-213,372],[-407,-413],[-141,-533],[-872,240],[-113,-652],[580,-287],[-81,-326],[-443,192],[-461,-217],[-47,392],[-593,218],[171,457],[-296,428],[-91,-925],[-387,-420],[-438,325],[-34,-593],[416,-202],[-150,-474],[-290,49],[-204,-438],[-417,806],[291,560],[-169,210],[-536,-217],[-154,-883],[-286,165],[-161,-391],[-416,705],[410,144],[195,658],[20,611],[761,726],[-229,615],[-575,932],[-361,122],[109,738],[-56,787],[-505,586],[-100,-356],[-556,17],[-624,-1039],[-406,331],[-157,-291],[-370,82],[-298,-1152],[-470,-35],[-506,-368],[-240,156],[-249,-360],[142,-1326],[-388,-521],[-760,495],[-686,-240],[-651,68],[-377,670],[-486,-797],[60,-344],[-407,-272],[-544,604],[-202,-197],[-204,559],[59,421],[462,409],[-14,888],[-872,766],[-40,374],[-408,133],[-297,-499],[113,-667],[620,-166],[-3,-515],[-349,-292],[50,-953],[-302,-288],[-405,-65],[-521,475],[-197,-561],[-481,498],[-204,554],[-615,-578],[0,714],[315,569],[-399,296],[-269,489],[-232,-870],[-346,-70],[-506,-844],[-98,478],[392,1245],[243,-146],[253,608],[-22,677],[-479,-167],[-267,177],[-194,-520],[-117,-1227],[-611,1072],[297,105],[210,583],[377,628],[204,-373],[409,-191],[314,1086],[-539,1439],[312,365],[-662,258],[2,-595],[-413,-47],[238,-719],[-296,-151],[-373,414],[-617,21],[-9,-371],[375,-570],[-242,-409],[280,-661],[-462,-148],[-111,434],[-506,161],[470,704],[-514,198],[-129,-405],[-357,5],[-392,-1141],[-280,291],[-48,-898],[268,-558],[94,-911],[314,-895],[38,-866],[195,-53],[244,-568],[-83,-1006],[-117,-341],[303,-363],[127,-610],[913,-632],[94,-579],[-105,-950],[107,-780],[-334,-688],[101,-968],[258,-159],[491,249],[466,561],[500,-1237],[145,-920],[-304,-86],[-32,-567],[756,-543],[-295,-1205],[-515,-738],[69,-415],[-310,-285],[33,-360],[-394,-201],[-335,-508],[-221,-57],[-240,845],[-592,-80],[-332,201],[-81,420],[-550,735],[-182,476],[-793,674],[-231,-787],[-365,-650],[-435,-424],[-454,468],[-176,403],[267,628],[-324,628],[-574,737],[-362,1200],[365,280],[123,1003],[-4,679],[-494,1398],[98,288],[-612,1626],[1559,1797],[127,453],[-74,963],[449,253],[242,394],[52,830],[-333,599],[-92,572],[-327,491],[-103,927],[-260,149],[657,1174],[574,756],[-88,701],[716,690],[896,-333],[108,209],[581,-163],[558,684],[237,-115],[672,345],[89,499],[-190,782],[-353,260],[76,457],[357,786],[197,-82],[345,1166],[264,133],[-75,502],[474,545],[185,605],[-45,588],[529,618],[-14,367],[-474,595],[407,259],[298,1143],[386,139],[-31,672],[208,96],[307,623],[48,427],[-347,150],[66,713],[312,107],[56,442],[-741,205],[147,662],[-473,676],[-301,799],[279,116],[-79,355],[-90,175],[-50,81],[3,47],[73,145],[72,228],[-153,146],[-202,-82],[-58,-77],[-93,-146],[-62,-52],[-75,63],[2,91],[49,145],[94,142],[-19,137],[-178,81],[-95,63],[-28,32],[-88,46],[-441,-105],[-99,142],[-289,525],[-128,299],[-424,118],[-485,403],[-103,-59],[-117,2],[-174,-104],[-59,-309],[-430,115],[-163,-326],[-342,-53],[-564,497],[-573,114],[-29,47],[-71,165],[-83,255],[-132,104],[-201,-104],[-104,-26],[-31,59],[-85,257],[-47,103],[-34,234],[-129,144],[-525,-99],[-226,-125],[-47,-65],[-54,-150],[-18,-402],[-186,45],[-62,93],[-93,71],[-123,43]],[[96862,590081],[93,669],[382,689],[-145,236],[-449,-50],[-404,253],[-426,23],[-117,-701],[-535,48],[-673,-267],[-186,221],[-869,-21],[-991,457],[-409,-184],[-94,-703],[-1108,-714],[-1031,-165],[-138,-1046],[-475,544],[-378,707],[278,439],[613,636],[896,363],[1235,1124],[-210,449],[-846,-64],[-237,703],[-382,460],[637,390],[174,742],[353,-31],[219,372],[-347,345],[-171,654],[-143,1111],[-619,72],[-396,621],[-652,208],[-178,481],[121,582],[-306,258],[-28,359],[-568,405],[-53,992],[-169,237],[343,683],[-110,797],[-210,464],[-75,621],[-269,416]],[[87809,604966],[458,460],[174,378],[616,-61],[639,708],[123,623],[92,-201],[49,6],[94,115],[123,-120],[113,867],[-394,1235],[-250,382],[66,156],[9,145],[78,-35],[100,-118],[-26,114],[22,128],[118,184],[-49,96],[-133,29],[-5,96],[90,61],[26,66],[-28,210],[195,0],[253,226],[-33,229],[-94,-21],[-46,-56],[-145,108],[31,760],[-252,146],[-4,161],[-14,136],[148,502],[-325,500],[316,399],[-18,91],[-13,52],[-35,45],[-69,157],[-81,41],[-90,140],[62,24],[-22,315],[-136,-60],[-15,135],[-100,12],[-146,97],[-29,366],[-105,-36],[-83,-1],[-78,203],[-133,96],[-55,-62],[-56,35],[-21,66],[-34,30],[-46,141],[0,108],[16,87],[-253,228]],[[88404,615890],[-237,424],[-69,61],[-90,108],[-70,215],[41,244],[116,226],[281,389],[-253,296],[94,1053],[-205,46],[-667,737],[3,150],[-135,102],[64,141],[-128,-22],[-54,39],[-68,84],[-31,75],[189,157],[51,274],[-73,236],[6,151],[-30,68],[-42,31]],[[87097,621175],[-184,133],[72,322],[75,13],[68,-27],[145,-82],[46,575],[-187,221],[-55,26],[-47,-23],[-60,66],[-11,44],[17,92],[-43,189],[92,436],[-138,654],[-87,-3],[-104,50],[-17,46],[33,59],[21,108],[-32,82],[-35,374],[-28,67],[-53,-26],[-96,20],[-32,33],[-90,191],[21,120],[41,97],[34,-4],[48,120],[-12,244],[-114,141],[2,116],[65,103],[42,359],[-49,375],[-29,50],[-47,41],[-23,59],[6,132],[50,58],[96,63],[22,37],[-107,514],[215,1014],[-119,139],[-48,-25],[-88,3],[-110,466],[129,405],[-34,337],[47,40],[61,79],[39,116],[-25,153],[-120,592],[-356,565],[115,435],[45,947],[414,1361],[-210,308],[-13,72],[12,60],[50,87],[-29,162],[-106,403],[520,662],[-15,446],[54,196],[60,60],[40,-25],[30,22],[51,187],[-18,292],[-139,277],[45,91],[86,12],[45,59],[80,18],[55,72],[279,809],[284,306],[56,503],[-57,125],[198,241],[212,49],[89,-36],[60,-6],[465,594],[224,-49],[34,241],[-64,82],[100,52],[44,158],[56,105],[61,508],[457,282],[657,1509],[240,299],[119,92],[40,117],[-81,195],[-1,50],[55,130],[21,28],[56,227],[111,218],[-124,66],[-48,93]],[[90719,644516],[-9,88],[-84,186]],[[90626,644790],[91,115],[878,-262],[427,-874],[1210,-902],[873,-351],[-240,-1022],[-443,-972],[-367,-510],[-258,147],[-301,-812],[149,-225],[-398,-678],[-132,-797],[161,-332],[-288,-347],[234,-543],[374,-1335],[-103,-727],[393,-234],[189,-522],[471,490],[458,214],[541,-1130],[-146,-928],[277,175],[44,-80],[139,16],[30,168],[378,498],[704,335],[481,679],[150,-63],[76,684],[405,-42],[450,376],[415,576],[401,-342],[483,-150],[859,-692],[48,-945],[420,-870],[507,-660],[316,-185],[582,-699],[342,-4],[514,-546],[1211,-471],[-127,-608],[-693,-740],[-432,-322],[-397,98],[-175,-531],[519,-754],[465,-100],[339,-268],[591,-1441],[459,205],[320,-116],[197,270],[375,-22],[752,-577],[-100,-722],[597,-706],[1023,-723],[939,-335],[189,-602],[-20,-710],[1036,51],[226,453],[268,-308],[1,-505],[691,361],[487,-441],[409,471],[489,241],[446,-219],[270,-1180],[487,-325],[287,-800],[730,395],[366,831],[-29,519]],[[108160,562494],[-207,203],[150,712],[333,-717],[-276,-198]],[[112020,359312],[-335,-2480],[18,-1490],[466,-1444],[226,-1698],[208,-2234],[-18,-2958]],[[112459,344626],[88,-47],[28,-2900],[229,-5153],[-147,-258],[-488,119],[-333,351],[-458,179],[-1108,165],[-578,231],[-186,-294],[-1365,-179],[-257,-405],[-357,-142],[-604,-855],[-368,-1222],[-27,-734],[250,-773],[-73,-365],[-883,-1518],[-259,-574],[-67,-591],[-350,-563],[-264,-679],[-190,-149],[-532,-1105],[-244,-1008],[-234,-430],[-156,-1578],[-113,-453],[297,-788],[745,-1215],[482,-524],[474,-153],[-184,-437],[-1063,218],[-528,-112],[-204,-273],[-279,122],[-1429,-737],[-124,-312],[-479,75],[-103,-564],[-371,-93],[-394,-316],[-374,112],[-1165,-361],[-1865,-2230],[-301,-620],[-201,-806],[-64,-1400],[84,-600],[-349,-901],[-93,-773],[133,-735],[-153,-933],[64,-524],[-490,-870],[-237,-849],[-612,-478],[-957,-1207],[-695,-373],[-317,-364],[-81,-436],[-574,-453],[-900,-192],[-598,-530],[-75,-639],[-1047,273],[-871,428],[-388,8],[-370,588],[-283,152],[-632,746],[-133,310],[-692,805]],[[86017,305735],[201,426],[384,115],[12,618],[358,791],[156,779],[473,556],[125,490],[-228,1254],[-359,444],[-68,485],[-271,764],[489,827],[21,345],[309,536],[-70,555],[-343,396],[-461,1342],[-232,278],[171,540],[246,-21],[126,619],[600,1067],[-107,663],[179,585],[76,885],[528,1169],[-15,669],[285,734],[256,-11],[63,563],[-321,841],[-598,734],[-328,-399],[-342,135],[-295,504],[-346,9],[116,633],[259,585],[-16,452],[403,1142],[-191,361],[-83,1272],[191,501],[334,410],[-167,720],[59,343],[-555,842],[-27,287],[416,375],[294,-5],[-27,531],[155,1018],[-582,1275],[72,574],[-571,88],[-538,-622],[-272,-76],[-347,-395],[-42,-361],[-651,-637],[-428,244],[-282,-47],[-132,414],[-643,630],[180,985],[-244,417],[148,3089],[-235,599],[654,60],[-155,692],[364,1207],[-28,692],[-297,18],[-379,945],[-492,317],[-391,51],[-772,551],[74,577],[473,1110],[295,249],[16,1198],[-409,107],[-103,383],[339,412],[52,337],[-275,347],[-753,-675],[-270,51],[-646,-183],[-335,395],[-483,-90],[39,520],[662,479],[197,399],[55,955],[-843,459],[-884,1034],[-411,-34],[-401,444],[-190,-26],[-232,684],[-70,644],[440,506],[225,-454],[323,376],[406,95],[97,425],[376,58],[41,506]],[[79594,357487],[244,-29],[530,621],[262,-237],[297,-1096],[424,-160],[557,127],[823,39],[960,-294],[-211,620],[149,719],[369,722],[198,942],[588,-279],[415,579],[673,-1148],[281,41],[-11,476],[756,292],[476,32],[109,282],[423,-61],[398,-580],[582,228],[314,-293],[210,445],[151,1213],[242,513],[22,502],[434,-136],[223,146],[417,-61],[189,144],[213,40],[26,57],[72,-3],[11,-55],[113,-12],[52,74],[-4,132],[38,175],[125,443],[52,198],[292,696],[18,27],[123,96],[139,162],[191,594],[-177,184],[-249,762],[-90,43],[-103,-7],[-135,47],[-407,213],[-145,-46],[-98,89],[-86,-36],[-39,27],[-42,66],[-57,0],[-69,-87],[-349,-56],[-148,119],[-281,-152],[-448,237],[-11,516],[23,185],[45,55],[9,185],[82,142],[381,-28],[371,419],[126,455],[331,390],[136,1493],[-190,256],[74,445],[-269,163],[-76,895],[257,842],[-69,601],[589,255],[180,-359],[596,203],[196,358],[8,464],[315,468],[46,1439],[356,288],[524,-11],[375,327],[92,-282],[-208,-531],[226,-224],[473,-27],[395,474],[441,-197],[558,-886],[930,-325]],[[96938,374271],[89,-890],[350,-17],[193,-468],[799,-706],[890,110],[-37,670],[160,-65],[23,23],[60,12],[64,34],[40,89],[5,659],[485,-396],[27,892],[337,390],[147,602],[-60,443],[308,1235],[-121,919],[333,368],[480,0],[89,820],[355,-210],[350,141],[245,382],[279,-161],[380,300],[238,-813],[171,547],[565,86],[779,-511],[169,-420],[266,200],[526,-284],[210,147],[8,696],[470,461],[187,621],[540,-517],[184,283],[347,5],[-85,518],[347,427],[380,-48],[208,752],[-334,71],[-45,877],[-149,461],[934,230],[405,-101],[26,-1016],[328,-205],[310,448],[217,-283],[223,338],[403,-281],[140,-359],[498,-654],[336,532],[-575,519],[319,582],[227,-312],[247,383],[1098,506],[258,424],[-178,704],[325,71],[-9,604],[342,142],[198,928],[470,-191],[10,-576],[640,192],[167,-201],[616,-49],[158,-193],[251,1411]],[[116574,386599],[415,-1629],[263,-1414],[69,-1248],[-255,-1509],[-202,-749],[-448,-3936],[-42,-1235],[73,-265],[-522,-2316],[-379,-1880],[-148,-1028],[-795,-1546],[-1726,-4252],[-105,-336]],[[112611,362707],[-159,-782]],[[112135,360093],[-7,-43]],[[120350,505773],[107,64],[618,1881],[-74,541],[127,660],[-228,971],[17,667],[276,1680],[543,-165],[335,852],[51,1233],[-111,427],[621,2390],[107,694],[402,116],[436,-1019],[261,1258],[69,903],[-54,575],[636,276],[279,665],[25,778],[-147,705],[41,742],[447,320],[148,473],[582,-538],[473,779],[359,211],[613,-105],[138,-1070],[256,117],[47,493],[528,132],[133,472],[685,479],[361,-243],[531,542],[-131,360],[355,821],[288,18],[149,434],[414,0],[-186,771],[406,610],[-265,1042],[84,615],[829,227],[856,1437],[-279,887],[77,320],[385,296],[642,2],[301,537],[422,-103],[484,518],[-156,311],[4,969],[514,1313],[-505,746],[-261,-105],[-172,676],[-430,-324],[-694,583],[-82,573],[-512,1233],[-405,-270],[-580,-2],[-111,522],[-495,14],[-216,247],[-351,-675],[-301,168],[-277,-838],[-264,496],[-19,690],[-322,456],[336,251],[85,762],[336,180],[392,892],[-194,551],[-306,243],[72,399],[-164,562],[-301,276],[68,773],[472,206],[634,-1118],[464,-433],[485,-130],[781,564],[163,402],[334,-276],[512,120],[699,-681],[600,0],[606,157],[300,-322],[233,237],[704,-280],[373,141],[189,-185],[745,163],[256,-393],[269,-13],[279,646],[352,-63],[383,257],[366,505],[-66,550],[359,265],[516,-78],[558,660]],[[146082,548223],[558,-25],[447,-242],[193,-656],[521,-158],[66,-762],[325,-730],[193,-1031],[941,-343],[396,-412],[290,-874],[81,-628],[-217,-547],[341,-465],[175,-699],[384,-204],[1183,-371],[-75,766],[740,114],[205,-434],[-19,-828],[-126,-636],[-423,-570],[103,-685],[-120,-851],[409,-201],[110,372],[495,-682],[-200,-1322],[94,-624],[-305,-748],[389,-750],[172,53],[418,-450],[-71,-762],[201,-658],[8,-90],[-12,-59],[29,-236],[278,221],[619,54],[366,-297],[458,275],[505,-150],[151,-709],[-237,-939],[-354,-48],[-193,-935],[-245,-527],[-284,22],[-292,-473],[82,-690],[-165,-366],[-684,-483],[-636,25],[-334,-662],[-241,-48],[-208,-704],[61,-306]],[[152628,524055],[-231,-396],[583,-569],[-396,-1374],[-323,-223],[-459,-10],[-250,-314],[-305,80],[-346,-301],[-44,-478],[-441,-287],[-209,-511],[-503,98],[-384,-215],[-367,-436],[-192,-775],[-435,-778],[299,-457],[-420,-302],[-124,-1160],[659,-978],[-772,-1779],[-311,307],[-235,-479],[191,-596],[-339,-821],[-202,85],[-38,-95],[-51,-67],[-51,-148],[271,-329],[229,-156],[162,-76],[-126,-167],[-6,-80],[-20,-34],[-47,-234],[-210,215],[-12,116],[23,158],[52,137],[-75,76],[-139,-131],[-43,-77],[-303,-224],[-222,-412],[25,-579],[-331,-931],[154,-828],[431,-656],[-81,-959],[-1119,530],[-146,-610],[87,-924],[-209,58],[-278,-388],[44,-364],[-226,-1041],[-577,-840],[-587,38],[-633,507],[-455,740],[-219,-500],[-393,91],[-191,-277],[-387,291],[-538,-347],[-287,339],[-566,-45],[-584,-246],[129,-637],[-365,-584],[170,-435],[-671,-1430],[-695,-584],[-65,-906],[-254,-353],[-425,273],[-43,377],[-443,56],[-201,-395],[114,-2155],[219,-598],[23,-536],[-316,-562],[-69,-642],[510,-566],[81,-679],[387,-591],[-362,-1456],[298,-406],[40,-417],[-234,-390],[117,-627],[-108,-607],[-205,-270],[97,-1651],[903,-487],[544,-101],[388,-369],[414,171],[807,-223],[-103,-1329],[23,-145],[36,-138],[5,-89],[54,-159],[-151,-544],[-499,3],[-241,-590],[-424,-223],[-71,832],[269,505],[-205,51],[-72,101],[-35,24],[-92,-54],[-112,22],[-36,27],[-13,45],[-42,59],[-56,40],[-38,-130],[-77,78],[-16,82],[-35,37],[-58,-48],[-68,39],[-17,58],[22,61],[-32,60],[-164,83],[-644,-56],[-249,-344],[-89,-120],[11,-37],[-98,-170],[-276,-376],[-122,128],[-16,33],[-44,234],[-215,423],[-336,1321],[-306,432],[-475,-264],[-160,290],[-415,139],[-560,656],[-471,-510],[-37,388],[-695,861],[-470,-852],[-307,-351],[-127,-1589],[172,-316],[949,-654],[172,-902],[716,-72],[28,-592],[-179,-878],[139,-1110],[-185,-475],[77,-955],[-179,-420],[685,138],[24,-774],[236,-546],[491,94],[106,-326],[-96,-537],[-242,-469],[307,-190],[-266,-1108],[88,-1975],[497,-629],[-162,-441],[266,-602],[156,-1661],[-276,47],[-405,-320],[-184,-1782],[-652,-383],[-36,-638],[-657,14],[-495,-400],[-159,-762],[-528,-16],[664,-735],[-124,-380],[-429,-135],[-361,-556],[-106,-475],[-852,-1164],[-178,-989],[-875,-106],[25,-333],[-594,-235],[-349,-529],[-319,-151],[-232,-1224],[182,-392],[-120,-911],[-299,-694],[-1,-1224],[-321,-669],[-13,-656],[-453,79],[25,-684],[-111,-526]],[[127403,451802],[9,12]],[[127412,451814],[-118,-189],[-248,143],[-862,-32],[-935,683],[-798,-883]],[[124451,451536],[-375,-241],[-370,244],[-114,779],[19,1038],[-96,381],[-180,1620],[-157,534],[27,791],[-339,216],[-525,-113],[-78,760],[71,670],[-408,91],[5,-691],[-241,-351],[-600,87],[3,689],[526,442],[-408,870],[-172,723],[13,740],[-351,321],[55,312],[-441,468],[-489,1127],[-678,649],[-199,441],[-559,160],[-601,-367],[-18,-70],[-53,-57],[-98,188],[-30,26],[-73,-37],[-115,-208],[-73,-8],[-33,47],[-249,684],[-124,624],[-51,148],[-137,296],[-22,82],[-33,54],[-61,27]],[[46183,488554],[-20,-28]],[[43997,487377],[96,1026],[-56,690],[340,1372],[560,561]],[[44937,491026],[533,-2],[-197,632],[-116,804]],[[45157,492460],[309,595],[81,1023],[-104,1176],[-372,1355],[-135,1028],[-479,1722],[-277,257],[-296,1556],[487,185],[-238,531],[-357,-7],[-52,774],[-245,428],[-213,-351],[0,-538],[-361,-38],[-18,387],[198,1345],[-244,876],[92,1118],[478,1336],[-234,485],[510,1026],[302,330],[381,760],[186,-90],[389,633],[68,581],[-544,-114],[-380,383],[-546,-115],[-843,26],[-488,-327],[-239,252],[116,784],[380,169],[156,980],[223,97],[121,1586],[-109,600],[-795,-869],[-284,562],[143,1663],[202,1347],[221,814],[500,522],[350,-51],[451,-447],[570,-153],[465,764],[339,166],[292,-213],[373,306],[254,1056],[-255,-109],[-24,-539],[-372,273],[-309,-44],[-736,-738],[-255,636],[-530,10],[-1122,438],[-473,15],[-158,-426],[-337,-275],[-367,-772],[-147,245],[64,1171],[-296,138],[-148,428],[-315,-818],[-84,-568],[-361,-372],[132,-1226],[-388,-1278],[-363,86],[97,-627],[-24,-834],[-244,-142],[-82,-740],[135,-718],[243,-571],[-67,-272],[-459,302],[-103,-429],[161,-818],[240,-215],[159,-608],[406,-45],[278,-940],[-370,-920],[-179,-1312],[-327,-912],[-799,-1357],[-454,-1366],[250,-774],[-641,-552],[-429,187],[-279,-718],[-697,-293],[-201,-311],[-1007,-420],[-309,-647],[-295,-16],[-593,-345],[-261,-437],[-1003,-205],[-399,-921],[-349,-363],[-1149,-365],[-1153,-895],[-428,-142],[-314,-373],[-405,-2],[-110,-306],[-617,36]],[[27319,496620],[-242,-187]],[[27077,496433],[-1,-6]],[[27076,496427],[-33,-10]],[[27043,496417],[-61,57]],[[26982,496474],[-503,230]],[[26479,496704],[-465,-313],[-30,-287],[-611,41],[-596,206],[-963,910],[-160,-171],[-825,535],[-963,780],[-475,625],[-247,97],[-1052,1117],[-680,882],[-1343,1927],[-847,1438],[-1393,2550],[-1123,1931],[-925,1446],[-176,11],[-1032,1482],[-1884,2473],[-963,1563],[-843,1484],[-341,492],[-988,1761],[-196,1078],[203,826],[531,1205],[442,370],[-235,-1140],[307,-112],[464,276],[483,-8],[69,-466],[-210,-2080],[281,-385],[569,154],[-39,416],[479,316],[718,745],[642,-37],[628,324],[96,437],[424,163],[1010,-392],[143,647],[361,41],[22,826],[245,377],[209,-805],[562,-370],[321,792],[546,243],[468,949],[954,508],[188,-160],[1081,32],[197,748],[586,869],[132,620],[439,940],[47,690],[217,912],[250,607],[341,290],[191,-277],[-180,-637],[198,-497],[317,347],[210,919],[-40,960],[580,-167],[84,553],[440,843],[919,950],[230,576],[50,527],[-493,609],[-297,-667],[-1260,-135],[-176,213],[-760,416],[-1036,-137],[76,-423],[-892,-807],[-1042,-2312],[-434,-354],[-146,-551],[-855,-316],[-640,-401],[-938,-363],[-305,-366],[-491,-285],[-627,-152],[-767,270],[-355,-178],[-603,-65],[-1128,343],[-368,221],[-431,-146],[-713,213],[-1109,1073],[-1019,837],[-1655,1547],[-392,218],[-537,681],[-381,786],[-213,-70],[-580,829],[480,340],[-37,1221],[-558,415],[-100,659],[-229,185],[-140,544],[-294,427],[-441,231],[-217,409],[16,626],[695,1681],[477,786],[788,716],[233,601],[-133,390],[-590,-224],[-446,-901],[-975,-147],[-322,-1214],[-49,-832],[-413,-415],[-376,-115],[-298,266],[-858,0],[-174,507],[173,326],[682,64],[389,633],[-36,492],[-506,-806],[-542,889],[205,480],[-24,1150],[534,224],[29,691],[259,411],[345,-134],[484,885],[3599,9],[158,4511],[-46,464],[637,242],[156,-1089],[419,44],[158,559],[372,347],[304,-818],[831,87],[305,301],[520,-317],[802,-46],[781,468],[522,-180],[732,160],[583,-179],[874,369],[1323,-1861],[2828,0],[402,434],[417,1467],[1387,467],[702,406],[403,-19],[416,376],[536,192],[1018,522],[283,-210],[-385,-879],[187,-716],[-2,-471],[197,-497],[409,-248],[671,-139],[880,79],[874,720],[-169,520],[675,720],[527,2764],[-152,225],[-10,795],[217,615],[633,408],[212,420]],[[28178,557238],[149,-211],[1692,-918],[252,493],[328,199],[293,-535],[960,820],[1254,-39],[458,-581],[506,346],[615,209],[295,-51],[2,-628],[478,-334],[128,327],[-74,550],[480,169],[173,-637],[510,328],[55,444],[715,402],[254,-85],[50,-741],[723,-574],[500,86],[163,210],[834,-349],[-538,-205],[-174,-279],[423,-549],[614,202],[247,-780],[619,-65],[-130,-435],[260,-1003],[415,35],[-69,644],[389,686],[409,-382],[775,-256],[236,45],[80,-819],[419,-738],[685,-4],[444,133],[588,-534],[645,557],[-274,378],[503,1087],[405,4],[409,449],[152,-419],[-7,-672],[-236,-473],[728,-648],[426,340],[222,-193],[-508,-992],[-300,141],[-96,-537],[-302,-407],[-257,-801],[597,-1104],[285,-374],[530,-316],[-200,-563],[446,-566],[414,233],[638,1346],[115,-385],[425,-626],[149,-1783],[-314,-138],[-322,-982],[131,-190],[-112,-835],[149,-223],[378,148],[605,-1149],[326,-37],[-17,-983],[165,-485],[443,703],[448,-12],[256,-378],[56,-815],[-139,-701],[224,-326],[-223,-586],[191,-411],[369,243],[211,-673],[521,594],[607,-412],[269,-461],[303,-918],[41,-39],[68,33],[70,-16],[100,8],[201,137],[221,560],[189,-660],[450,-95],[88,-556],[666,-26],[308,-424],[19,-660],[-125,-720],[266,-303],[289,7],[169,514],[683,-494],[182,-616],[-89,-345],[395,-521]],[[59288,532267],[384,-1227],[-239,-439],[373,-703],[387,158],[407,-143],[154,-805],[-114,-600],[-298,-128],[13,-395],[-322,-778],[-169,-1290],[-225,-209],[-809,185],[-433,-515],[-208,-726],[-731,-694],[-577,485],[-350,-255],[-84,-415],[513,-17],[33,-562],[319,-784],[812,419],[643,-507],[-773,-1424],[-599,196],[-150,518],[-392,-82],[-84,-835],[110,-635],[-21,-715],[425,-42],[137,-1101],[-59,-713],[441,-97],[-99,-502],[-494,-564],[403,-544],[-37,-519]],[[48553,487157],[-241,542],[130,592],[-635,174],[86,-436],[-339,-298],[-425,181],[-26,822],[1017,916],[-138,525],[-410,101],[-33,399],[-647,-499],[-24,-382],[-406,1],[-298,-325],[-203,326],[-287,-361],[509,-881]],[[88404,615890],[-90,-124],[-89,-231],[-123,-100],[-230,198],[-452,-271],[60,-834],[-724,-304],[-440,552],[-78,853],[-388,334],[-771,215],[-470,-427],[-421,146],[-274,-138],[-143,592],[-214,195],[441,1164],[652,603],[114,435],[-223,834],[60,986],[395,308],[464,-100],[209,598],[1428,-199]],[[198245,594813],[-33,-29]],[[198212,594784],[-463,657]],[[197749,595441],[-95,-50]],[[197654,595391],[-194,-205],[-605,473],[-567,-228]],[[196288,595431],[-85,-122]],[[196203,595309],[-45,-18],[15,-62],[24,-247],[-612,-582],[-242,-457]],[[195343,593943],[-950,404]],[[194393,594347],[-133,-46]],[[194260,594301],[-169,347],[-510,-50]],[[193581,594598],[-19,-13]],[[193562,594585],[-152,-72]],[[193410,594513],[-555,198]],[[192855,594711],[-236,-317]],[[192619,594394],[-241,152]],[[192378,594546],[-393,298],[-300,1121]],[[191685,595965],[-39,12]],[[191646,595977],[-169,86]],[[191477,596063],[-10,0]],[[191467,596063],[-192,107]],[[191275,596171],[0,14]],[[191281,596225],[1,10]],[[191330,596332],[0,2]],[[191438,597107],[47,42]],[[191508,597156],[0,1]],[[191509,597158],[1,2]],[[191517,597172],[4,8]],[[191592,597625],[2,4]],[[191733,597837],[-10,33]],[[191717,597903],[0,4]],[[191717,597911],[-1,2]],[[191701,597947],[-9,31]],[[191502,598393],[9,42]],[[191529,598599],[0,8]],[[191555,598874],[5,28]],[[191768,599464],[18,56]],[[191783,599523],[-9,11]],[[191635,599853],[-7,10]],[[191521,600285],[0,14]],[[191678,600534],[-2,24]],[[191668,600567],[-5,6]],[[191666,600854],[6,47]],[[191682,600967],[8,10]],[[191757,601197],[3,4]],[[191762,601203],[8,9]],[[191864,601332],[7,16]],[[191871,601349],[-6,22]],[[192125,601941],[0,2]],[[192206,602203],[2,16]],[[192236,602290],[4,4]],[[192247,602574],[3,4]],[[192253,602582],[3,3]],[[192354,602727],[1,1]],[[192504,603075],[13,43]],[[192567,603318],[-22,60]],[[192545,603378],[-2,18]],[[192530,603429],[-2,4]],[[192522,603445],[-1,1]],[[192518,603449],[0,2]],[[192517,603451],[-2,7]],[[192515,603458],[15,48]],[[192529,603508],[25,74]],[[192579,603652],[9,27]],[[192589,603680],[1,7]],[[192590,603687],[0,4]],[[192590,603691],[0,18]],[[192591,603710],[0,13]],[[192584,603875],[24,116]],[[192615,604011],[2,5]],[[192618,604020],[0,4]],[[192810,604135],[2,15]],[[192812,604150],[0,4]],[[192850,604395],[0,3]],[[192846,604537],[2,9]],[[192846,604559],[0,19]],[[192868,604597],[1,0]],[[192990,604817],[0,1]],[[192963,604884],[-10,13]],[[192874,605116],[-61,83]],[[193031,605606],[1,2]],[[192983,605777],[-2,1]],[[192981,605778],[-9,8]],[[192970,605787],[-19,0]],[[192884,605812],[-1,5]],[[192415,606268],[-1,2]],[[192427,606309],[2,21]],[[192406,606385],[-5,8]],[[192348,606897],[-2,21]],[[192637,607370],[13,-8]],[[193461,607281],[0,-2]],[[193484,607209],[2,-16]],[[194496,607843],[31,7]],[[194891,607676],[12,6]],[[194963,607705],[25,18]],[[195611,608304],[7,16]],[[195622,608332],[8,18]],[[195633,608355],[13,39]],[[196100,608678],[11,-21]],[[196134,608575],[2,-2]],[[196175,608589],[6,6]],[[196181,608595],[7,2]],[[196802,609383],[5,3]],[[196864,609382],[17,4]],[[196899,609433],[4,18]],[[198254,609176],[0,1]],[[198466,609068],[28,-33]],[[198583,608852],[6,-9]],[[198698,608779],[5,1]],[[198387,595124],[0,-1]],[[198418,595045],[0,-20]],[[198290,594854],[-45,-41]],[[231180,554721],[678,-351],[2,-770],[159,-150],[129,-1287],[-395,-1117],[-124,-725],[832,185]],[[232461,550506],[280,-726],[28,-1793],[-76,-289],[93,-1072],[-169,-451],[148,-969],[-143,-735],[-385,-154],[-116,-524],[80,-1346]],[[197654,595391],[95,50]],[[198212,594784],[33,29]],[[208940,588033],[170,-1275],[-169,-1399],[162,-1082],[-344,-1032],[-502,-493],[16,-309],[-471,-612],[-166,-704],[26,-844],[453,-932],[-107,-277]],[[206350,577841],[0,-7]],[[204077,577561],[-1,3]],[[204085,577576],[2,-2]],[[195806,582819],[2,-10]],[[195443,571599],[-1,-4]],[[196835,569767],[1,0]],[[196849,569776],[-1,1]],[[198888,569854],[0,-2]],[[199830,567168],[-1,-1]],[[199061,564943],[-1,-1]],[[197602,565095],[0,-3]],[[197117,565138],[-1,-1]],[[196472,564725],[1,1]],[[196453,564762],[0,2]],[[194552,561266],[-2,-2]],[[194322,560433],[1,1]],[[194324,560129],[-3,-1]],[[200244,529396],[0,-9]],[[201145,517157],[-15,-449],[294,-585],[-65,-1042],[-490,-311],[-65,-275],[-723,612],[-847,-255],[-181,235],[-667,303],[78,793],[-138,705],[-457,-833],[-646,587],[-360,-928],[76,-985],[-253,-399],[-329,197],[-51,-625],[-399,180],[-278,386],[-136,44],[37,390],[-278,-301],[-207,-75],[-246,-516],[17,-956],[-223,-77],[-83,978],[-469,-109],[-103,-428],[-324,-233],[-55,-250],[245,-670],[-74,-446],[274,-760],[-154,-1046],[133,-529],[-542,-160],[-225,863],[121,686],[-290,245],[137,1367],[-244,1168],[-238,434],[89,609],[-193,664],[337,511],[320,1265],[-152,1138],[-309,649],[-707,358],[-787,-221],[1077,-256],[322,-596],[192,-617],[-185,-405],[-702,-778],[-333,-147],[-388,-935],[-376,-1417],[-330,-641],[-622,-579],[-345,-717],[-384,-451],[-1339,-922],[-1019,-256],[-729,-332]],[[186139,510011],[-171,824],[22,629],[-253,967],[-678,59],[-258,307],[-682,201],[-288,862],[-74,591],[156,412],[-186,465],[-698,185],[-2,-452],[-641,-386],[18,-747],[-567,25],[-364,700],[272,1085],[-20,830],[-343,262],[-313,506],[-1042,229],[-415,249],[-44,471],[-795,-48],[49,1075]],[[178822,519312],[289,-85],[200,391],[237,-289],[201,739],[617,-130],[9,606],[-529,420],[104,1181],[-299,270],[-464,116],[-131,859],[410,-76],[79,369],[-348,1134],[-537,113],[-497,-113],[-245,542],[79,731],[-950,974],[-384,-77],[-322,566],[-483,566],[437,1594],[-275,430],[405,355],[455,19],[-267,698],[-695,61],[-305,-242],[-289,304],[-251,-158],[-431,358],[-663,-296],[-375,163],[-284,425],[-279,827],[-280,-22],[-471,317],[-113,630],[-1372,121],[-113,628],[-605,1142],[181,565],[275,340],[-41,1568],[120,753],[318,54],[397,-205],[726,236],[136,439],[-221,500],[243,593],[508,-354],[616,-55],[-98,-536],[106,-860],[669,-386],[304,-381],[570,383],[298,-27],[170,639],[-7,865],[1187,1502],[352,-124],[695,554],[1147,512],[261,-293],[513,129],[262,1367],[-209,382],[475,358],[302,614],[299,267],[193,-476],[290,203],[434,-197],[411,-459],[640,-382],[307,15],[150,405],[-23,614],[506,-541],[749,1095],[-585,2013],[989,23],[227,-325],[768,-479],[663,776],[-177,871],[303,357],[238,-418],[611,735],[53,504],[752,-264],[45,594],[-435,799],[452,360],[591,696],[21,456],[357,677],[-115,512],[268,1139],[-124,289],[-39,869],[271,-114],[618,120],[207,484],[-73,526],[109,526],[-256,149],[164,708],[-459,191],[-76,426],[430,1041],[-57,391],[64,85],[108,208],[46,77],[19,56],[358,385],[83,224],[12,232],[-32,208],[-10,285],[-174,328],[-423,302],[-76,123],[-66,126],[-45,109],[-790,848],[65,391],[-214,437],[21,556],[-35,243],[-47,154],[3,236],[44,211],[9,240],[-187,28],[-462,81]],[[188310,565954],[304,99],[44,-7],[54,17],[101,0],[534,-341],[253,319],[69,489],[-657,689],[51,563],[-242,140],[219,971],[419,194],[343,538],[353,119],[224,521],[387,-37],[621,-700],[334,-20],[60,405],[-386,589],[-95,644],[274,1091],[-3,536],[-788,365],[-221,672],[-339,169],[-169,1303],[-593,77],[-193,876],[332,529],[112,954],[478,763],[418,-218],[333,638],[-45,651],[329,77],[202,459],[371,-61],[181,416],[626,819],[681,448],[282,722],[284,-3],[-44,662],[-460,259],[259,427],[-339,927],[-418,432],[511,561],[-445,227],[-523,-555],[-262,412]],[[192119,585787],[-11,6]],[[191467,596063],[10,0]],[[193562,594585],[19,13]],[[191275,596171],[0,5]],[[197655,515184],[-459,110],[19,645],[201,360],[417,-248],[-178,-867]],[[198769,514853],[-514,83],[-144,686],[658,-769]],[[199899,512319],[-245,635],[-108,762],[-131,110],[-125,853],[420,-1],[204,281],[423,-397],[75,-599],[-192,-249],[-44,-1029],[-277,-366]],[[198660,514182],[-388,310],[170,394],[453,-233],[-235,-471]],[[195491,512890],[-610,437],[67,782],[196,352],[225,99],[300,-280],[142,-559],[-353,-413],[33,-418]],[[198818,510701],[-532,103],[-333,474],[-118,938],[139,911],[-156,367],[209,1032],[678,-610],[351,-61],[-93,-590],[-355,-793],[9,-507],[-248,-467],[487,-139],[-38,-658]],[[200449,512630],[74,604],[-260,385],[238,365],[469,-44],[26,-537],[-316,-237],[-231,-536]],[[197283,512772],[-269,341],[-160,658],[530,176],[-101,-1175]],[[192411,511048],[13,1163],[-158,445],[-319,224],[346,1035],[392,-626],[53,-1323],[-327,-918]],[[199945,511963],[-345,226],[-157,419],[-294,134],[86,1069],[251,-85],[214,-1363],[245,-400]],[[193923,512658],[-240,494],[341,236],[111,362],[346,-4],[31,-867],[-203,39],[-93,-232],[-293,-28]],[[201356,510047],[-318,315],[-189,1239],[-345,241],[-190,562],[359,321],[238,-287],[533,-1011],[183,-989],[-271,-391]],[[196208,511819],[-211,241],[12,462],[324,568],[269,-1034],[-394,-237]],[[195142,512278],[-365,365],[374,388],[158,-273],[-167,-480]],[[194233,511506],[-185,102],[-54,929],[237,100],[80,216],[341,-52],[-263,-482],[9,-503],[-165,-310]],[[195284,509947],[-4,479],[-128,192],[41,1699],[313,259],[-63,-902],[184,-678],[-190,-960],[-153,-89]],[[192358,510288],[-640,113],[-220,217],[361,1943],[229,135],[259,-441],[-57,-1070],[217,-641],[-149,-256]],[[199218,510185],[-232,1290],[-378,181],[75,379],[433,347],[282,-76],[-217,-625],[161,-1013],[-124,-483]],[[200961,509892],[-570,830],[-171,717],[-183,197],[211,630],[588,-1566],[125,-808]],[[194995,509727],[-180,279],[-35,1092],[275,48],[-9,-507],[192,-397],[-243,-515]],[[199971,510349],[-337,424],[-129,573],[97,668],[520,-617],[-151,-1048]],[[196799,510773],[-74,440],[-496,489],[363,165],[309,-725],[-102,-369]],[[196417,510540],[-308,934],[408,-76],[-100,-858]],[[193155,509875],[-252,730],[358,258],[-106,-988]],[[194168,509960],[-90,1508],[305,-165],[18,-986],[-233,-357]],[[196388,509378],[-346,455],[77,682],[570,-475],[32,-328],[-333,-334]],[[198199,509528],[-266,189],[113,701],[472,231],[198,-1037],[-517,-84]],[[199641,509205],[-347,32],[-163,676],[393,-180],[117,-528]],[[196089,509054],[-316,152],[69,542],[372,-177],[-125,-517]],[[127444,451871],[-41,-69]],[[152628,524055],[467,-155],[534,-604],[284,-64],[-14,-713],[538,-733],[517,13],[179,-375],[462,-188],[487,167],[318,-103],[274,378],[88,87],[98,53],[46,35],[233,69],[249,504],[1213,225],[364,-230],[804,-3],[87,419],[427,22],[312,-246],[427,259],[283,-402],[433,553],[158,-109],[832,530],[25,-576],[270,-924],[-107,-495],[293,-927],[-278,-581],[-247,-962],[-218,-502],[246,-718],[429,-174],[258,-452],[254,64],[590,-453],[240,-613],[406,1242],[403,569],[285,19],[177,495],[398,9],[792,-647],[1011,-630],[438,250],[437,-517],[385,67],[745,779],[-291,-927],[59,-370],[-167,-562],[575,-304],[257,128],[593,-53],[921,2114],[-123,225],[335,921],[-555,837],[554,923],[-321,577],[300,628],[-107,613],[-305,143],[-251,403],[125,682],[923,768],[336,-844],[191,-188],[846,-263],[138,-283],[554,-80],[381,-967],[433,-627],[416,-369],[852,407],[517,-727],[307,25],[642,-573],[44,-421],[683,-291]],[[186139,510011],[-501,-217],[-843,-614],[-835,-13],[-482,-128],[-887,-530],[-1210,-1489],[-927,-1566],[-531,-1495],[-168,-653],[105,-920],[281,-996],[201,-397],[273,-1073],[232,-550],[354,-1406],[-167,-567],[-672,87],[151,-476],[885,118],[164,-492],[-60,-556],[205,-109],[-1532,-1603],[-879,-1043],[-396,-862],[-40,-841],[133,-311],[332,9],[-38,-874],[-837,-756],[-242,-436],[-1252,-970],[-551,-1478],[-400,-680],[-249,-890],[-217,-283],[-422,59],[0,-474],[-340,-126],[-800,-635],[-1720,-797],[-800,-236],[-1543,-682],[-1191,-660],[-224,-34],[-1245,-882],[78,-143],[-1217,-891],[-975,-866],[-1584,-1778],[-429,-599],[-163,-452],[-976,-944],[-483,-602],[-793,-1156],[-679,-1426],[-391,-202]],[[159642,471425],[-396,499],[126,502],[-386,106],[-156,-562],[-500,-43],[241,-926],[-325,-674],[-242,729],[-697,-595],[-177,-610],[-457,-340],[64,-556],[-187,-541],[-539,-557],[-396,-1138],[-309,260],[-207,-302],[-397,222],[-317,-263],[-235,104],[-727,-447],[-531,877],[-340,-110],[-1028,108],[-489,903],[20,572],[-512,1618],[-738,-376],[-297,982],[-206,278],[-137,714],[-483,205],[87,-605],[-458,-166],[-431,-440],[-493,477],[108,-1228],[-83,-587],[-279,92],[-385,518],[-341,116],[-528,-273],[381,-1127],[404,-664],[133,-585],[-560,-261],[-630,-471],[-9,-326],[-542,-369],[-310,34],[-522,495],[-640,-1229],[-142,-614],[-321,-171],[-229,-515],[431,-1172],[285,-453],[-522,-894],[384,-314],[-59,-859],[-314,179],[-435,-443],[-357,-30],[-439,470],[-214,416],[-543,495],[-323,-308],[81,-1037],[-190,-394],[-540,-232],[-561,-400],[-175,-912],[-387,421],[-40,982],[124,813],[-430,286],[-187,321],[-91,1349],[-266,73],[-313,444],[-874,-1667],[16,-1044],[-429,-657],[506,54],[-170,-697],[-290,-8],[-281,-1480],[365,-189],[-185,-688],[146,-590],[-52,-466],[-506,167],[-181,-179],[-62,-956],[-745,309],[-194,566],[-888,357],[-655,-270],[-420,-866],[-1496,-697],[-196,-467],[-747,-799],[-465,118],[-206,-636],[-212,-247],[-532,49],[-723,-197],[-95,355],[-579,-348],[-217,78]],[[159911,471157],[-98,65]],[[159813,471222],[98,-65]],[[188310,565954],[-174,415],[29,140],[33,55],[-43,41],[31,56],[-29,46],[-34,74],[-176,21],[-8,-75],[-173,-7],[-413,80],[-266,319],[-314,-15],[-15,-124],[-35,-141],[-8,-161],[-26,-118],[-539,-11],[131,-457],[-259,-406],[-106,-692],[-685,503],[-202,-317],[-351,137],[-156,-327],[-220,-1630],[-334,244],[-464,-204],[-305,-389],[-337,-872],[78,-514],[-89,-862],[117,-557],[-460,-479],[-310,-675],[32,-1251],[-253,-865],[-31,-938],[-536,181],[-164,303],[-469,-205],[-205,-640],[-468,-445],[-469,198],[-234,729],[-1133,-771],[-638,548],[-488,-883],[-346,-138],[-158,-704],[-87,-942],[-443,-923],[-311,190],[-170,538],[-766,412],[-384,364],[319,694],[-162,1177],[-759,99],[-533,-117],[-325,376],[-89,498],[127,844],[-331,708],[-389,169],[14,365],[-722,-476],[-98,-240],[-480,170],[-296,745],[-671,235],[-404,-176],[-353,357],[-357,-820],[39,-606],[-262,-541],[-312,-107],[256,-1021],[-62,-587],[-975,179],[40,-447],[-465,-634],[-316,416],[-570,-254],[-331,204],[-235,-307],[-781,-16],[-93,-494],[-317,-11],[-240,-408],[-609,-54],[120,-616],[-490,-285],[-399,-54],[-485,266],[-735,-679],[-372,27],[-333,788],[-107,514],[-366,180],[56,657],[-352,274],[-124,-357],[-325,-111],[-274,-474],[-401,-209],[-195,-981],[-943,270],[-83,-509],[-233,-174],[-326,-1182],[-337,674],[-400,-27],[16,421],[-354,351],[-461,206],[-374,1326],[237,112],[-263,891],[-395,-171],[-221,234],[-610,-68],[55,-611],[-719,-373],[-181,501],[-116,825],[-377,957],[-347,130],[-223,-719],[-403,-675],[-582,-233],[-686,-34],[-452,-316],[-1529,50],[-893,197]],[[188964,584268],[-1,3]],[[98554,677435],[-695,-824],[-307,491],[200,328],[-24,740],[339,113],[551,589],[-247,749],[142,726],[-64,634],[-294,13],[-510,-362],[77,-384],[-571,-278],[-323,-404],[-738,263],[-311,-295],[-113,-494],[-801,-163],[-617,600],[-299,456],[130,573],[-81,706],[-402,241],[-51,476],[-837,568],[-78,414],[155,451],[-838,1080],[-1426,-1068],[-240,-391],[-371,-28],[-315,-417],[-232,324],[-458,-16],[-222,-365],[-5,-465],[-336,-117],[-186,543],[-827,637],[-672,386],[-139,909],[-523,-109],[-448,429],[-373,-152],[-359,165],[-304,437],[-543,1431],[-288,-113],[-369,698],[85,842],[-319,643],[-207,-107]],[[82870,688538],[-328,174],[-188,1039],[-454,204],[-300,780],[-104,645],[-492,-80],[-13,359],[-333,259],[-335,618],[-472,412],[-713,235],[-239,781],[-570,-38],[28,-510],[-418,-39],[-329,-272],[42,1279],[386,189],[-45,1593],[-478,165],[-510,879],[-244,937],[-859,557],[-206,894],[-457,27],[-132,-289],[-735,231],[-471,-233],[-201,259],[229,512],[-727,575],[-475,918],[-321,284],[40,1163],[-366,231],[-535,-214],[-159,274],[-796,291],[-219,730],[-659,53],[-271,889],[-58,1083],[-407,340],[225,493],[-107,305],[207,781],[-971,975]],[[68330,709276],[243,-150],[1994,307],[3790,-488],[318,392],[928,1469],[2348,-74],[-23,316],[88,59],[143,37],[139,-27],[828,240],[1402,1735],[2142,280],[17,975],[984,393],[78,317],[509,-285],[842,910]],[[85100,715682],[-235,1130],[-2099,8747],[-34,281],[-449,570]],[[67835,709948],[455,-433]],[[68290,709515],[-455,433]],[[96862,590081],[-69,-35],[-101,-85],[-43,-18],[-149,49],[-88,14],[-69,-65],[-3,-137],[143,-441],[-276,4],[-102,97],[-88,63],[-182,32],[-42,-26],[-58,-76],[-49,-238],[220,-370],[-299,-464],[23,-626],[-339,37],[-272,72],[-133,96],[-96,8],[-67,27],[-34,-15],[-82,-164],[-43,-130],[-299,-238],[-531,-58],[-17,-583],[-397,-59],[-272,-270],[81,-278],[-31,-252],[-189,-218],[-212,62],[-71,12],[-150,-70],[-95,-113],[-37,-23],[-69,11],[-47,-50],[-33,-102],[-252,-479],[-225,31],[-40,59],[-92,-16],[-152,-183],[-228,-159],[-205,-416],[-508,-258],[-372,-452],[-811,-53],[88,-554],[-567,-170],[-127,132],[-536,-489],[-41,-331],[-444,-682],[-643,-572],[-663,51],[-335,-729],[-655,-199],[-322,-657],[-490,-417],[-309,-67],[-78,-56],[-60,-20],[-18,-75],[-20,-219],[-113,-386],[-445,-355],[-363,-748],[27,-252],[-716,-851],[-575,73],[-379,-156],[-77,-440],[-312,64],[-587,-975],[-144,-530],[48,-767],[-438,-224],[270,-612],[-41,-542],[145,-511],[-81,-366],[104,-799],[369,-682],[7,-466],[319,-351],[93,-562],[368,-154],[350,-550],[1040,-494],[740,260],[432,-141],[264,-316],[983,-129],[137,381],[365,266],[401,-94],[370,-337],[440,-37],[241,1115],[579,699],[355,45],[384,-292],[-200,-401],[112,-383],[-117,-434],[272,-206],[-37,-629],[-180,-172],[570,-658],[-177,-1267],[-196,-506],[-634,-369],[-205,393],[-1101,82],[-74,-411],[-817,-410],[-902,218],[-218,-320],[-859,-155],[-143,-1228],[588,-733],[-101,-389],[283,-452],[-579,-333],[-479,13],[-284,-439],[442,-662],[74,-363],[436,-126],[599,342],[335,-587],[312,-93],[332,-1049],[60,-1095],[-160,-705],[-248,-466],[-493,-534],[-587,336],[7,924],[-535,76],[-441,-226],[290,-725],[54,-542],[-120,-582],[117,-650],[-99,-739],[208,-758],[470,-537],[102,-406],[-209,-1294],[-444,130],[-508,-294],[-439,806],[-538,-22],[-218,559],[234,572],[-66,658],[-295,-339],[-237,95],[-429,-372],[-244,-536],[-83,-549],[-329,-251],[-220,707],[-1082,212],[-508,415],[-512,-241],[-11,-287],[-781,117],[-7,1328],[-171,381],[-263,-703],[-160,-19],[37,-876],[-273,-457],[-34,-491],[163,-725],[-38,-420],[-812,-335],[-426,-697],[-351,-93],[218,-628],[21,-513],[-958,-934],[-164,169],[-1012,-610],[-125,563],[-450,179],[-41,-401],[285,-302],[-102,-612],[-295,-5],[29,-563],[-693,373],[-363,-89],[-235,365],[65,535],[-703,808],[-265,94],[-31,35],[-27,92],[91,826],[57,131],[81,70],[95,159],[102,107],[168,304],[612,-522],[461,78],[371,343],[298,-790],[614,402],[160,764],[527,221],[-18,533],[-405,2],[-394,862],[254,953],[382,437],[-156,978],[-341,-67],[-272,563],[132,1424],[361,674],[196,-577],[280,-304],[352,190],[327,438],[-25,1853],[-621,735],[58,604],[-222,67],[119,886],[-337,474],[-437,82],[-713,-573],[-359,-599],[-359,-51],[-247,482],[-475,-15],[-27,-35],[-94,-43],[-149,-121],[-137,-176],[-349,-110],[-1023,310],[-1165,257],[-390,398],[223,831],[379,181],[-95,557],[476,-184],[76,-411],[962,534],[-231,396],[-534,-111],[-528,220],[178,1200],[370,-788],[161,823],[-227,380],[201,935],[-1367,-116],[-217,237],[-178,-916],[-366,-344],[55,-1294],[-412,-27],[-272,-472],[-605,54],[-360,170],[-362,452],[27,339],[-518,700],[-250,-32],[-75,-924],[320,-935],[17,-611],[1163,-536],[108,-1088],[-480,-801],[-511,-99],[-518,1111],[-179,598],[-360,-241],[32,-1108],[187,-360],[-226,-286],[67,-453],[-316,-491],[-89,-1308],[681,1],[386,-680],[-288,-371],[-428,-945],[8,-740],[-333,-565],[293,-225],[870,66],[405,-508],[-287,-561],[145,-216],[79,-768],[344,-841],[380,-273],[-157,-908],[-322,-357],[-253,-1241],[61,-576],[304,-1088],[-351,-1378],[314,-710],[-641,-564],[-289,-643],[-357,-267],[-290,177],[-395,-669],[-307,55],[-464,-637],[-344,-39],[-164,-476],[-24,-7],[-24,-67],[-67,39],[-118,-50],[-59,-722],[-255,-178],[-186,-668],[199,-624],[735,-55],[278,-320],[503,136],[417,-820],[-280,-316],[-423,143],[-722,-954],[-513,-113],[-37,-416],[-726,-332],[-569,469],[-198,-19],[-579,-762]],[[28178,557238],[-299,429],[-375,1403],[-857,1990],[-278,1577],[-197,1636],[-1318,1988],[-23,134],[-1031,1919],[-59,4184],[-947,35],[-1455,-197],[-575,270],[-491,18],[-1807,2923],[-495,2523],[772,2103],[190,5195],[-1071,1102],[-1350,-253],[-482,125],[-638,-103],[-3017,2757],[627,5953],[2667,3669],[1777,3209],[1237,3636],[1590,2396],[836,197],[1372,528],[807,-407],[88,-266],[759,-1093],[66,-1436],[724,-1641],[1085,-240],[334,60],[2884,1930],[1710,570],[2733,82],[2234,1279],[284,2460],[854,1625],[1117,1310],[717,1255],[893,4214],[1007,1740],[729,445],[2438,2081],[2057,1230],[564,1920],[773,1271],[1907,5155],[517,2603],[587,3133],[1928,1120],[2016,748],[233,396],[1371,1605]],[[55897,641733],[-18,-1121],[-394,-867],[-249,-284],[-171,-582],[89,-582],[1987,-108],[4101,-373]],[[61242,637816],[-165,-530],[323,-104],[168,-488],[-211,-445],[-527,-404],[-69,-1058],[556,-70],[110,188],[672,-13],[-296,-1508],[-92,-1437],[455,-447],[-371,-1112],[-398,144],[-64,-665],[284,-60],[352,-849],[16,-582],[484,86],[36,599],[590,-31],[195,-245],[407,60],[370,603],[291,98],[848,-641],[215,-671],[9,-579],[356,-148],[495,237],[242,-862],[428,-108],[734,621],[139,-440],[1087,840],[165,-102],[-100,-769],[577,439],[215,-289],[-93,-1757],[-105,-1000],[487,-79],[158,-675],[601,-141],[66,-511],[-210,-538],[-311,-193],[223,-415],[5,-635],[218,-313],[-111,-704],[288,-951],[31,-1014],[196,-725],[553,-152],[143,-903],[346,-222],[636,-938],[507,-234],[-109,-816],[539,77],[932,-709],[33,-346],[635,-774],[264,-171],[-126,-475],[261,-338],[290,-870],[-426,-10],[-773,-874],[361,-403],[-154,-1531],[140,-249],[-475,-550],[527,-386],[-154,-803],[735,-258],[388,392],[341,-148],[87,-407],[471,-414],[424,548],[-302,403],[71,511],[-318,162],[178,952],[-253,505],[280,891],[372,-124],[317,294],[576,-791],[345,790],[-265,307],[297,574],[-563,539],[57,291],[487,-276],[-13,-265],[1149,74],[226,-742],[-429,-888],[859,-124],[9,-1082],[580,617],[609,152],[-159,733],[621,1016],[265,-104],[494,419],[99,877],[673,187],[550,-992],[372,-224],[-161,-1164],[-223,-1069],[8,-1078],[110,-1054],[-392,-1201],[-38,-1504],[421,-57],[357,-310],[203,1279],[432,99],[-89,584],[87,618],[614,-544],[458,-14],[441,577],[113,-329],[375,-167],[302,159]],[[124451,451536],[97,-550],[-361,-446],[-170,222],[-908,193],[-171,21],[-110,-208],[-107,-14],[-59,-45],[-139,-130],[89,-502],[-86,-333],[55,-19],[54,17],[75,-58],[-68,-116],[141,-183],[-14,-304],[-106,33],[-145,-104],[-186,32],[-99,-515],[1099,-59],[279,-511],[158,-653],[629,-109],[428,185],[339,-656],[-110,-317],[525,-456],[413,-14],[654,-382],[89,-515],[-468,-879],[-806,116],[-133,-569],[105,-504],[-158,-366],[-883,-237],[-403,-340],[-378,-44],[-767,449],[49,-950],[-429,46],[-77,-1396],[-411,-261],[-1247,476],[-603,683],[-548,379],[-506,-524],[-213,-774],[-391,-589],[-253,116],[-207,550],[-288,-33],[191,-851],[-344,-614],[754,-323],[422,-419],[49,434],[347,87],[650,-656],[-61,-527],[-263,-228],[-53,-561],[410,-535],[-338,-459],[-635,164],[-385,257],[16,320],[-562,501],[-645,164],[-185,306],[-145,1444],[-402,360],[-748,348],[-454,-450],[-434,1],[-383,-295],[-153,-834],[-214,-32],[-126,-536],[123,-396],[287,-13],[10,-302],[108,-127],[106,-68],[25,-69],[-171,-1102],[-235,-458],[-59,-58],[-86,-27],[-71,-4],[-119,-137],[-299,-845],[-312,-209],[-172,21],[-65,39],[-155,298],[-60,502],[-257,265],[-65,19],[-73,-42],[-158,-144],[-59,-32],[-38,0],[-54,44],[-138,265],[-41,173],[-94,114],[-109,1],[-41,-36],[-231,-141],[-278,-459],[-516,-38],[-47,-75],[-37,-95],[-50,-85],[-128,-138],[-130,33],[-169,140],[-114,-37],[-159,-309],[-324,-269],[-87,-25],[-93,13],[-125,66],[-304,-204],[-186,19],[-186,-136],[-32,-124],[-37,-245],[-139,-161],[-785,27],[-104,-85],[-114,-34],[-61,-2],[-123,-171],[-174,-23],[-105,67],[-48,16],[-90,-117],[-12,-141],[-60,-280],[-49,-51],[-86,-36],[-34,-36],[-78,-206],[-45,-394],[25,-109],[155,-274],[-143,-88],[-41,-46],[-24,-55],[-17,-345],[0,-150],[-8,-312],[-12,-154],[4,-70],[60,-473],[99,-120],[88,-88],[3,-172],[-29,-145],[4,-98],[-10,-393],[-145,-873],[-439,-251],[-124,-8],[-53,28],[-71,61],[-196,244],[-92,-1],[-61,-44],[-44,-73],[-206,105],[-95,-47],[-153,141],[-79,37],[-182,47],[-411,-469],[-253,-33],[-109,-84],[-109,-36],[-256,-196],[-62,-213],[57,-161],[57,-275],[63,-105],[-8,-513],[-315,-325],[-125,780],[-211,204],[-62,-5],[-131,-51],[66,-665],[-43,-482],[-86,-139],[-42,-117],[-73,-124],[-296,-375],[-481,-199],[-524,408],[-125,302],[-124,213],[-47,56],[-2,104],[-388,128],[-170,-277],[-52,-86],[-44,-29],[-117,-141],[-178,-147],[-701,377],[-686,114],[-409,-430],[-375,-154],[-189,-400],[-429,246],[-116,-1424],[-228,-180],[-229,-73],[-17,-25],[-136,-63],[-55,-78],[-19,-71],[98,-140],[-137,-532],[-396,-329],[-40,22],[-57,-17],[-127,10],[-91,-4],[-174,54],[-559,943],[-101,-405],[-60,-172],[-323,285],[-352,-4],[-467,348],[-287,-323],[-550,-162],[-875,312],[-533,-131],[-191,145],[-121,209],[-118,130],[-38,2],[-100,-80],[-161,89],[-316,14],[-342,118]],[[90024,422834],[37,281],[24,334],[-56,631],[-193,444],[125,644],[-165,623],[96,1506],[-93,575],[141,315],[876,629],[-72,245],[-332,258],[-74,112],[-145,112],[-80,183],[-81,-18],[-237,154],[-188,-43],[-156,-20],[-106,2],[-38,-15],[-159,-209],[-208,80],[-81,86],[-134,125],[-872,357],[-186,334],[-44,203],[-22,125],[20,318],[1011,247],[119,415],[342,24],[66,791],[360,246],[65,381],[-472,902],[434,119],[98,617],[-454,183],[156,522],[302,287],[-163,721],[63,343],[-97,971],[241,1236],[223,228],[-53,512],[-308,998],[-838,495],[-148,365],[171,900],[388,231],[342,1432],[-22,660],[476,-258],[210,115],[-114,1015],[1343,796],[350,-113],[34,405],[-290,323],[-640,211],[-18,428],[-417,-196],[-213,363],[-331,-108],[-482,246],[114,764],[-33,928],[667,479],[244,39],[124,536],[-490,374],[56,242],[507,642],[25,341],[472,558],[38,636],[256,69],[-19,759],[-190,-41],[-713,598],[-53,451],[469,331],[-1,1061],[-214,316],[102,660],[-118,305],[312,642],[-521,162]],[[135932,434680],[483,226],[341,-118],[-435,-678],[5,-704],[-270,-950],[-535,-172],[-2518,-2044],[-1333,-653],[-1126,-896],[-262,294],[-1811,417],[-1079,-231],[-716,-453],[-456,-479],[-534,-1099],[-255,-1752],[-363,-1052],[-12,-764],[-325,-368],[-961,-1534],[-189,-728],[124,-757],[-697,-573],[-968,-151],[-324,1271],[92,686],[-286,444],[-529,244],[-746,-8],[-572,-168],[-795,-410],[-575,-421],[-828,-767],[-979,-1514],[-313,-1560],[15,-381],[-201,-910],[-874,-1840],[-313,-1278],[39,-741],[-409,-2215],[162,-2066],[221,-1209],[16,-681],[231,-1310],[300,-582],[367,-1786],[-18,-1221],[-121,-2476],[-326,-1596],[-63,-927],[67,-1334],[125,-795],[1034,-3849],[-183,-1297],[52,-1288],[268,-877]],[[96938,374271],[142,423],[63,1109],[581,-31],[11,275],[450,927],[173,-354],[101,-107],[82,27],[144,-83],[159,-17],[382,-19],[-292,432],[-192,-92],[-23,102],[-34,213],[90,170],[-22,62],[96,-19],[70,107],[299,163],[-51,1046],[502,285],[22,1052],[323,518],[263,117],[-68,1162],[-161,548],[-716,276],[-1063,1103],[122,365],[-68,996],[75,968],[234,795],[-207,234],[-571,41],[-642,-152],[-151,194],[-515,-114],[135,588],[-339,391],[-764,79],[-38,508],[337,359],[-282,409],[337,708],[-113,1142],[-635,509],[-26,-521],[-522,103],[-151,-599],[-197,18],[-36,909],[310,113],[30,888],[-193,72],[-392,-841],[-300,548],[-783,-158],[218,-936],[-528,-397],[63,-317],[-551,-240],[-273,-579],[-501,219],[-363,-493],[-404,-211],[-299,273],[-468,-1015],[-41,-48],[-132,-9],[-182,-59],[-50,440],[197,722],[-243,813],[-287,441],[-512,222],[-357,-322],[-86,461],[-576,-257],[-81,839],[-274,-514],[-494,-50],[-56,-1012],[99,-559],[-647,88],[-398,-367],[-387,543],[-266,-483],[-182,1213],[390,701],[223,934],[-461,447],[63,412],[-628,665],[352,387],[17,391],[-281,571],[-528,228],[48,494],[1070,248],[144,-411],[108,-1539],[421,-205],[544,7],[89,-615],[288,125],[1003,-11],[455,287],[129,-490],[246,-111],[66,-621],[-130,-709],[777,167],[27,928],[-561,220],[51,402],[-507,225],[629,1209],[-180,404],[142,589],[150,-9],[68,41],[135,-84],[354,12],[352,-223],[130,444],[-217,585],[90,606],[-240,436],[-644,680],[-319,-211],[93,-816],[161,-44],[124,-883],[-247,-157],[-145,448],[-108,73],[-66,18],[0,102],[14,113],[23,67],[4,360],[-133,19],[-105,-3],[-325,100],[-155,-32],[-26,901],[-391,-347],[-468,57],[-296,322],[-268,-33],[-274,-1094],[42,-698],[-325,-138],[-276,481],[-452,-150],[-193,178],[-439,-42],[-146,447],[200,605],[-407,145],[-180,382],[1,738],[299,384],[308,-116],[260,1107],[-714,60],[-316,-233],[-119,545],[-486,428],[-240,852],[-147,139],[109,1243],[257,901],[-195,676],[521,74],[141,274],[10,1202],[110,132],[35,1138],[-967,78],[221,703],[-159,589],[274,550],[572,-506],[159,-407],[691,-78],[158,-189],[367,242],[439,-11],[317,-415],[293,430],[166,1023],[253,340],[123,742],[-138,667],[-286,186],[257,742],[-323,308],[-12,465],[-411,3],[-286,457],[24,526],[-146,699],[-205,202],[-349,947],[523,-154],[15,2056],[509,378],[368,-430],[72,533],[-483,449],[10,495],[-296,44],[136,1524],[-366,121],[434,1077],[312,322],[797,430],[1579,-84],[292,-176],[536,122],[756,-321]],[[127412,451814],[32,57]],[[159642,471425],[171,-203]],[[159911,471157],[-774,-1683],[-780,-1193],[-444,-1117],[-62,-412],[-372,-485],[-568,-998],[-157,-552],[-777,-1130],[-168,-615],[-814,-1057],[-1024,-1548],[-234,-462],[16,-498],[-499,-510],[-1338,-1059],[-314,-114],[-404,-414],[-1062,-693],[-744,-687],[-1012,-1150],[-355,-898],[-601,-572],[-245,-636],[-226,-233],[-89,-732],[-521,-786],[-92,-468],[-485,-516],[-145,-511],[-410,-446],[-229,-581],[-538,-511],[-538,-268],[-892,-639],[-159,-400],[-1213,-899],[-1602,-1115],[-1484,-1381],[-1020,-1214],[-1184,-1787],[-315,-693],[-380,-1660],[178,-506],[859,-315],[32,-564],[-167,-1200],[-277,-73]],[[232461,550506],[1254,68],[-35,-953],[174,-613],[270,-255],[573,542],[253,1159],[594,99],[100,1197],[647,339],[714,2567],[367,-1537],[233,-681],[780,535],[260,-291],[720,297]],[[239365,552979],[154,-295],[-66,-653],[153,-444],[-248,-523],[121,-844],[-284,-1784],[588,-400],[254,188],[442,-629],[845,-187],[81,535],[637,-552],[383,17]],[[260433,593159],[499,-114],[678,905],[464,389],[318,4],[580,453],[80,685],[-102,322],[274,577],[395,343],[481,-313],[120,-310],[424,100],[1065,570],[1057,309],[409,-458],[125,491],[494,325],[296,711],[277,198],[-422,802],[-316,239],[-955,-161],[356,1073],[-33,763],[-436,255],[-366,534],[-22,718],[-348,1242],[445,736],[157,445],[208,119],[-4,210],[315,131],[327,447],[636,1549],[-1412,133],[-2107,-259],[-603,-713],[-197,-386],[-299,-150],[-530,-257],[-391,-187],[-155,-77],[-682,442],[-4399,-2154],[-221,-502],[-313,12],[-411,-538],[-362,-36],[-1252,-615],[-847,-705],[-459,-6],[-317,395],[-468,-349],[-900,239],[-380,644],[-127,-857],[220,-107],[207,-746],[-999,-676],[-50,-232],[-673,-837],[-207,-544],[-740,-664],[-886,-1369],[-599,-1035],[-307,-361],[292,-1131],[-1163,-922],[-555,-735],[-682,-243],[-596,-29],[-344,-190],[-389,224],[-1201,143],[-602,-101],[-2315,-613],[-1006,757],[-321,575],[-1162,413],[-389,-140],[-437,207],[-315,-691],[-537,-385],[-1365,-42],[-474,-523],[-339,151],[-583,-182],[-1039,-502],[-864,-84]],[[208700,568236],[265,936],[158,130],[65,1133],[575,228],[799,658],[-646,708],[-84,393],[-470,802],[572,551],[-38,822],[506,279],[20,609],[776,621],[295,579],[581,25],[93,-175],[1356,414],[215,456],[482,129],[294,-362],[442,317],[568,-921],[-83,-686],[485,489],[456,38],[43,-331],[822,522],[619,-660],[300,595],[633,-75],[189,-174],[439,247],[187,-247],[63,-656],[623,-40],[161,-567],[346,-287],[620,312],[539,-97],[-243,-1024],[103,-413],[323,-428],[502,428],[590,1384],[285,-10],[1004,293],[86,435],[285,327],[606,1795],[475,-1],[141,-199],[8,-785],[-140,-450],[477,-432],[477,759],[51,1420],[925,1094],[557,-300],[-44,-939],[570,-405],[529,417],[725,-53],[425,255],[232,-98],[358,510],[860,-216],[43,-473],[-950,-956],[-72,-854],[613,-224],[-416,-418],[-252,-875],[-31,-656],[154,-1625],[590,753],[379,-107],[963,433],[485,47],[284,-316],[-36,-425],[289,-260],[340,-903],[453,-21],[39,-668],[273,-320],[364,233],[193,-474],[-666,-680],[258,-394],[175,-641],[325,96],[465,-681],[786,-799],[94,-743],[-289,-579],[126,-720],[-309,108],[-472,-421],[-342,-111],[-294,-531],[-384,-131],[-609,98],[135,-532],[-559,124],[-231,-836],[-300,-377]],[[243656,566985],[159,-303],[-480,-420],[-329,-536],[-313,-849],[-209,-1436],[-259,-544],[-380,-218],[-234,-615],[198,-541],[-129,-816],[-516,-1091],[-37,-613],[-833,-196],[20,-784],[-272,-551],[168,-618],[-122,-787],[-208,-563],[-283,-1269],[124,-267],[-117,-754],[-239,-235]],[[79594,357487],[-220,354],[156,482],[-131,570],[-688,-293],[-574,1126],[-512,-96],[-194,856],[-476,131],[-411,-59],[-23,1719],[-409,-178],[-644,-548],[-1025,204],[-370,218],[-274,385],[-279,813],[16,651],[-505,73],[-218,-178],[-391,578],[-369,-26],[-270,714],[-423,26],[-349,670],[-341,1077],[-197,294],[-504,53],[-210,807],[107,410],[-408,297],[-132,305],[44,685],[508,156],[-52,472],[-346,69],[-225,-580],[-255,542],[-501,377],[-78,706],[170,209],[-137,551],[-366,-788],[-165,-3],[-368,973],[-372,155],[168,479],[-486,155],[-658,-169],[77,727],[-654,291],[229,498],[-759,120],[-558,-277]],[[64542,374270],[-439,1392],[-572,4171],[-644,3543],[-6,655],[135,288],[-210,748],[-97,1558],[-115,1006],[-150,519],[-409,2991],[-381,1319],[-177,46],[-352,572],[-111,502],[-328,2587],[-247,497],[308,865],[-321,-76],[-277,672],[-186,1574],[-352,1467],[-400,79],[-13,370],[-356,1162],[42,836],[-313,1008],[-462,-171],[-716,800],[-59,945],[-347,899]],[[56987,407094],[902,860],[198,-470],[507,501],[-5,532],[430,733],[-230,864],[106,696],[295,575],[-122,674],[-475,409],[184,458],[622,225],[-182,515],[57,586],[-385,240],[-137,555],[64,461],[-236,650],[265,397],[-12,452],[-270,321],[145,737],[-118,589],[-272,225],[-572,-237],[-444,-23]],[[90626,644790],[-17,245],[236,227],[861,295],[317,393],[941,538],[-3,99],[14,138],[78,114],[-207,361],[-333,73],[-279,557],[423,287],[-298,1421],[-498,900],[426,859],[85,589],[468,-104],[-15,1078],[-403,-66],[-129,526],[191,314],[398,-282],[136,504],[-137,346],[69,688],[329,269],[121,539],[1010,981],[155,-238],[428,84],[355,379],[363,-27],[546,615],[365,-120],[434,178],[383,567],[976,236],[275,-644],[473,-55],[212,-569],[658,19],[267,394],[664,-200],[126,-362],[1039,-43],[397,-223],[317,-675],[447,-473],[667,37],[367,174]],[[104324,655733],[-62,421]],[[104262,656154],[-47,546],[-274,196],[-342,593],[-386,942]],[[46153,488512],[30,42]],[[44937,491026],[-73,911],[293,523]],[[27319,496620],[-242,-187]],[[27076,496427],[-33,-10]],[[26982,496474],[-569,-437],[-297,379],[363,288]],[[56987,407094],[-402,259],[54,648],[-273,794],[-318,202],[-20,362],[-622,633],[245,964],[-121,858],[-353,1839],[-259,659],[-273,-169],[-332,578],[328,166],[47,674],[-439,106],[81,556],[-398,51],[-337,1376],[-410,1947],[248,140]],[[53233,419705],[-201,64]],[[70928,358096],[-1406,2304],[-198,-45],[-1101,2381],[-210,226],[-246,-274],[-459,1602],[-73,538],[-1032,3729],[-99,56],[-478,1425],[-210,898],[-728,2562],[-146,772]],[[86017,305735],[-1195,1572],[-233,601],[-556,1038],[-1831,3606],[-291,723],[-593,1161],[-602,660],[182,679],[-365,288],[-116,796],[-429,1500],[2,408],[-380,915],[-917,3322],[-215,1300],[-185,1918],[-121,1880],[-227,2032],[-224,1211],[294,127],[92,454],[-76,518],[-285,-7],[-170,-561],[-312,1587],[-60,565],[-288,1105],[-455,2354],[-723,2632],[-166,379],[-1029,3760],[-307,2431],[-273,1662],[-537,1899],[-415,1897],[-285,1099],[-367,934],[-570,371],[-340,1622],[-479,1735]],[[70999,358142],[-31,1]],[[83512,650267],[111,-477],[-194,-650]],[[83429,649140],[-199,-210],[-541,264],[-382,870],[-11,312],[576,516],[420,-649],[220,24]],[[247861,284423],[49,-373],[-163,-933],[-510,-146],[-217,409],[-494,1923],[-498,946],[-245,32],[-137,1598],[249,434],[45,492],[457,26],[181,287],[470,6],[72,435],[408,-296],[149,-492],[86,-1463],[169,-161],[369,-1089],[-233,-54],[186,-672],[-393,-909]],[[246000,291828],[445,-134],[-291,-995],[-441,-389],[-211,981],[498,537]],[[244726,301313],[50,-857],[-495,536],[445,321]],[[242588,301417],[275,145],[289,-879],[478,-414],[124,-647],[-126,-308],[-338,522],[-462,-371],[-235,126],[95,654],[-237,200],[-98,688],[235,284]],[[244309,302329],[-305,307],[-245,914],[20,492],[667,657],[-17,-413],[-373,-485],[252,-1053],[1,-419]],[[238996,363254],[201,-49],[427,-1398],[165,-745],[-133,-256],[-290,1029],[-269,-44],[-157,518],[-265,89],[321,856]],[[239331,364168],[-6,-833],[-256,147],[-61,506],[323,180]],[[239827,364273],[-116,303],[201,1081],[173,-58],[98,-749],[-356,-577]],[[240453,306603],[78,-317],[-127,-802],[299,-521],[356,-250],[20,-452],[-669,541],[-281,907],[113,666],[211,228]],[[237374,320096],[145,-271],[91,-1074],[-252,-273],[-623,41],[-157,369],[9,933],[397,71],[189,521],[201,-317]],[[237976,365617],[-85,-347],[-313,-185],[-51,-730],[-343,-653],[-340,152],[152,1073],[145,487],[-52,671],[-221,300],[353,460],[-64,460],[494,-121],[376,23],[71,-745],[-188,-71],[66,-774]],[[234120,340144],[-435,218],[-98,496],[97,614],[-318,729],[-24,1701],[244,74],[559,1141],[535,549],[359,-554],[22,-757],[229,-332],[-27,-724],[134,-924],[-414,-599],[-120,-728],[210,-309],[-307,-823],[-315,-113],[-331,341]],[[235813,355094],[269,-358],[151,-834],[-293,-349],[340,-613],[-493,-352],[-354,-11],[-31,777],[309,45],[-96,767],[198,928]],[[231804,356303],[425,-60],[-2,-952],[-414,80],[-9,932]],[[236841,363104],[192,-521],[-195,-315],[-317,249],[-81,-1020],[117,-670],[234,-42],[113,749],[265,24],[85,-738],[-370,-2743],[-494,-172],[-46,-417],[-316,-146],[146,-670],[734,815],[-29,-886],[-210,-752],[-133,-929],[-570,252],[-68,871],[-243,79],[-233,1406],[101,530],[-272,480],[-198,-204],[-25,1315],[-361,550],[281,1150],[286,-64],[25,-754],[290,-373],[98,667],[-24,1968],[81,154],[15,1304],[352,1492],[368,358],[62,-572],[431,-426],[-218,-915],[127,-1084]],[[236592,376351],[-176,-785],[-272,-562],[-144,827],[185,435],[-41,958],[193,511],[231,-63],[24,-1321]],[[237735,368791],[409,-1079],[-489,-464],[-209,199],[-381,12],[-412,-212],[-187,314],[-8,1458],[81,1200],[-117,237],[124,697],[-28,875],[530,899],[-192,341],[-157,1681],[282,533],[181,-244],[188,925],[423,-135],[580,302],[199,-254],[41,-667],[227,-445],[-233,-470],[380,-557],[-107,-1511],[21,-970],[135,-707],[-412,-863],[-142,-824],[-568,30],[-159,-301]],[[238724,386128],[493,-90],[285,262],[198,-296],[-118,-1429],[188,-657],[-115,-590],[-693,142],[-107,-389],[394,-315],[121,-506],[447,-393],[-238,-1202],[24,-1468],[-276,-774],[-387,-214],[-288,720],[-221,66],[-142,-1247],[-369,-805],[-93,-685],[-389,174],[-136,1713],[173,888],[55,806],[290,153],[-226,550],[109,951],[237,328],[-309,376],[201,307],[-153,460],[209,1227],[369,333],[-144,575],[463,458],[148,571]],[[90719,644516],[-288,162],[-359,816],[-487,-668],[-326,480],[-304,-28],[-771,256],[-503,541],[-604,-104],[-143,785],[-555,304],[-106,301],[462,556],[-79,1300],[-643,799],[-740,29],[-89,1084],[-601,211],[22,400],[-350,600],[-376,-134],[-337,165],[-157,545],[-462,-352]],[[82923,652564],[-662,1014],[-803,436],[-133,722],[266,951],[-356,318],[129,942],[293,293],[-556,999],[-371,-329],[-608,785],[-524,351],[-377,961],[103,113],[-62,161],[-83,23],[16,118],[-103,182],[-69,-306],[-395,-111],[93,-579],[-320,-320],[35,-355],[-937,-308],[-320,170],[-19,460],[-284,197],[197,700],[-508,1290],[-179,819],[-779,1468],[-677,2774],[132,642],[-662,1640],[-1086,658],[-138,226],[-141,281],[-81,25],[-50,-30],[-73,-20],[-50,-47],[-132,128],[-31,73],[4,51],[-46,80],[-47,51],[-70,49],[-138,47],[-216,205],[-503,-180],[-75,203],[37,48],[-17,59],[43,106],[582,672],[18,839],[-370,-25],[312,940],[1117,599],[368,894],[329,135],[278,589],[559,50],[-296,829],[-647,901]],[[73840,677221],[403,593],[46,552],[337,407],[26,629],[-168,684],[241,721],[-341,570],[-19,314],[-747,1144],[299,790],[793,-354],[283,-504],[753,665],[131,323],[498,407],[144,644],[519,10],[1068,460],[177,316],[-34,700],[279,347],[111,35],[171,240],[236,160],[347,496],[746,-104],[767,468],[365,-92],[127,-458],[1237,74],[279,633],[-44,447]],[[73840,677221],[-545,-708],[-465,-192],[75,-360],[-485,-601],[-870,-196],[-816,-1070],[-447,292],[-450,-106],[-748,399],[-94,-294]],[[68995,674385],[-1411,1519],[-490,35],[-247,491],[-796,562],[-104,-497],[-434,-78],[-673,118],[-401,406],[-449,-205],[-1196,103],[-161,1253],[-292,479],[149,568],[-182,1337],[-2890,1129],[-106,2289],[-3294,3479],[308,608],[-161,355],[169,522],[543,211],[467,922],[292,2845],[-875,810],[-359,192],[-423,710],[2,1002],[276,1067],[484,730],[670,48],[670,324],[487,2289],[-2491,19],[-637,386],[-281,551],[285,661],[12,377],[370,395],[-206,1952],[-808,709],[-828,87],[-227,565],[504,779],[326,94],[996,2678],[-76,625],[354,680],[389,-19],[1004,-288],[921,786],[313,155],[658,850],[1337,-3],[1270,-317],[681,-855],[768,-379],[1073,-120],[906,-10],[870,-662],[511,268],[810,145],[463,-169]],[[68290,709515],[40,-239]],[[55897,641733],[-124,1103],[-550,1212],[330,1341],[-2,804],[1560,2484],[1648,1654],[329,471],[203,922],[396,666],[303,252],[121,3],[99,-23],[211,670],[382,291],[927,1504],[-254,271],[-29,546],[-367,154],[-4,637],[214,1207],[44,805],[-99,902],[758,1544],[-767,3396],[-222,148],[30,700],[-134,594],[1690,2521],[1566,758],[91,231],[852,889],[536,-403],[2843,1374],[954,2215],[-539,356],[102,453]],[[82923,652564],[73,-404],[601,-675],[99,-600],[-184,-618]],[[83429,649140],[170,-373],[478,-320],[284,-396],[-92,-858],[142,-816],[-431,-1093],[511,-535],[-230,-453],[-311,667],[-264,141],[-632,-50],[-400,223],[-342,-631],[315,-319],[-338,-635],[-222,16],[-622,-956],[-644,-35],[87,-466],[561,-63],[-227,-673],[381,-516],[-895,-1136],[-813,381],[-25,436],[-303,328],[56,495],[-455,-192],[211,-366],[-666,-737],[-831,351],[-46,-559],[-219,-407],[-201,-1302],[-261,-484],[146,-867],[353,-4],[132,-506],[-923,-498],[-181,-353],[-426,59],[-400,-890],[-570,-240],[-1100,341],[-320,689],[-467,263],[-650,21],[-177,-927],[-236,365],[-422,-320],[-601,-184],[-106,421],[-1033,173],[-384,-183],[-202,-754],[-457,-382],[-281,-1003],[-256,-358],[231,-276],[-44,-436],[-648,-229],[-197,527],[131,335],[-510,417],[-139,579],[374,314],[-95,438],[430,591],[-318,591],[17,610],[-446,-135],[-48,-349],[-562,83],[172,370],[-268,334],[230,399],[-250,591],[-181,-616],[-766,-138],[-374,530],[-278,758],[-336,232],[-306,-164],[-480,547],[-260,-309],[-463,-161],[-281,160],[-424,-608],[-110,-428],[-483,121],[-670,468]],[[510210,449800],[-201,-214],[40,-983],[221,-317],[-76,-494],[-376,-95],[-102,-297],[-575,-515],[-3,-955],[-163,-763],[-184,-232],[-496,-1822]],[[508295,443113],[-11,-550],[-190,-342],[-832,-299]],[[507262,441922],[-515,-246],[-674,481],[-29,1077],[-407,288],[-233,408],[-436,76],[-279,764],[386,1120],[37,642],[-156,459],[-520,-54],[-358,-215],[-60,468],[207,590],[79,1103],[179,370],[254,1320],[280,778]],[[505017,451351],[293,357],[854,388],[361,888],[534,287],[408,668],[233,124],[428,-174],[353,340]],[[508481,454229],[515,-490],[149,-592],[22,-764],[161,-176],[562,14],[173,-542],[130,-1043],[17,-836]],[[554910,321588],[-35,-617],[107,-856]],[[554982,320115],[111,-1018],[-216,-1402],[-493,-1430],[1,-475],[-560,-774],[27,-767],[227,-1383],[68,-857],[-1485,-44],[-562,641],[-1689,5],[-406,-327]],[[550005,312284],[-33,1000],[142,1368],[-285,735],[30,702],[132,307],[-198,659],[-93,945]],[[549700,318000],[541,-1402],[227,-165],[682,43],[688,-258],[724,490],[298,1075],[-131,671],[80,1106],[-227,810],[20,363],[-255,1269],[-122,139],[-160,1187]],[[552065,323328],[350,253],[-154,923],[155,335],[362,-49],[301,-336],[-25,-723],[1390,-553],[412,-661],[54,-929]],[[554982,320115],[814,-1386],[429,-1415],[133,-2732],[487,-846],[202,-1140],[620,-1631],[-331,-517],[262,-477],[-106,-1061],[628,-1419],[310,-250],[147,-429],[-41,-608],[721,-537],[-333,-436],[-97,-555],[557,-832],[236,-571],[-6,-1119],[197,-481],[-282,-421]],[[559529,301252],[-194,-222],[-481,75]],[[558854,301105],[-140,66],[-678,-567],[-270,-388],[-386,231],[-239,782],[-661,20],[58,-540],[-160,-521],[-238,83],[-238,474],[-441,46],[-291,-280],[-222,715],[-882,-5]],[[554066,301221],[-2714,77]],[[551352,301298],[5,609],[532,1017],[-851,1889],[-67,798],[-624,1078],[83,1041],[-349,852],[126,1548],[-863,50]],[[549344,310180],[215,574],[451,748],[-5,782]],[[524346,355753],[-26,-104]],[[524320,355649],[26,104]],[[524319,355648],[-372,-168],[-57,-652],[-553,-260],[-651,23],[-48,-333],[-530,-725],[-184,-519],[-510,-689],[-706,-276]],[[520708,352049],[-165,522],[106,444],[-258,422],[-9,525],[-308,558],[18,491],[183,413],[-145,528],[89,452],[-30,924],[275,616],[-174,928],[-618,307],[-674,620],[-309,160],[-549,-96],[-392,-331],[-144,-434],[-330,-113]],[[517274,358985],[337,698],[95,592],[-13,792],[587,284],[481,-104],[381,-706],[598,-542],[627,-74],[602,-487],[298,-108],[427,-598],[762,-335],[279,-1034],[-123,-352],[467,-409],[114,-894],[271,142],[212,496],[635,-423],[8,-275]],[[539313,381560],[750,-436],[15,-583],[-1066,309],[-154,346],[455,364]],[[537837,382413],[611,-193],[412,-272],[-434,-626],[-835,217],[-354,461],[25,280],[575,133]],[[536744,381764],[-132,287],[13,1321],[676,-364],[-335,-910],[-222,-334]],[[537352,379795],[-108,-1012],[-189,-265],[-354,48],[-517,-333],[-366,-504],[-209,164],[-301,660],[-820,-452],[-91,192],[-695,22],[-635,-547]],[[533067,377768],[-310,588],[-466,307],[-798,-601],[-286,867],[-5,1264],[372,788],[-442,940]],[[531132,381921],[297,426],[631,281],[89,532],[442,350],[588,-18],[0,-265],[749,318],[159,870],[-65,403],[-346,575],[2,473],[531,94]],[[534209,385960],[226,-474],[482,-194],[499,-1352],[174,-1014],[690,-568],[496,-770],[-100,-190],[-691,204],[-309,-964],[89,-605],[224,-341],[-276,-774],[334,-272],[460,665],[226,696],[417,101],[202,-313]],[[520708,352049],[11,-1557],[111,-681],[264,-500]],[[521094,349311],[660,-1321],[148,-491],[-109,-878],[-305,-1008],[-352,-657],[-417,-228],[-251,-1206],[-203,-74],[-855,-1082],[-293,-878],[-152,-893],[-58,-1361],[137,-122]],[[519044,339112],[-182,-393],[-488,-430],[-434,484],[58,834],[270,448],[171,652],[131,1573],[-100,563],[-429,791],[195,524],[393,2064],[517,1011],[156,544],[-122,590],[-71,1951],[184,430],[-10,524],[-240,570],[258,572],[84,597],[-113,506],[71,934],[266,563],[-73,481],[225,1773],[-65,943],[-208,346],[-594,13],[-241,242],[-651,230],[-193,-153],[-535,96]],[[508481,454229],[151,359],[-185,363],[4,1035],[404,1436],[-417,922],[-98,654],[306,1490],[99,1250]],[[508745,461738],[426,44],[385,952],[179,169],[912,71],[114,-335],[523,-328],[43,-983],[215,-117],[354,-618],[318,-22],[808,-709],[129,-266],[621,-264],[-150,-329],[239,-707],[-73,-1448],[-125,-288],[-82,-1169],[-314,-216],[-611,403],[-475,-1393],[408,-743],[-101,-659],[-220,-495],[-25,-658],[643,-162],[249,-467],[216,-1073]],[[513351,449928],[-192,-408],[-438,-383],[-698,221],[-314,416],[-467,-726],[-470,522],[-562,230]],[[513164,411944],[-217,-1701],[-199,-154],[-218,-921],[-34,-606]],[[512496,408562],[-272,1841],[-72,1264]],[[512152,411667],[210,1486],[191,767],[-133,570],[177,370],[195,1197],[-904,4132]],[[511888,420189],[318,771],[1479,1259],[-74,612]],[[513611,422831],[629,663],[966,1442],[2090,2842],[459,808],[711,1509],[882,1672]],[[519348,431767],[1499,-451],[162,72]],[[521009,431388],[-328,-747],[297,-630],[0,-406],[-474,-958],[394,-371],[-169,-652],[-281,-293],[-1052,-1676],[16,-306],[-261,-492],[-425,-231],[334,962],[317,357],[312,643],[9,506],[330,320],[100,447],[-463,153],[-301,-632],[112,-424],[-526,-235],[-429,-569],[-374,-262],[-691,-114],[-273,-422],[-530,-422],[-233,217],[-875,-1087],[-117,-479],[-614,-619],[-349,-544],[-57,-1099],[253,-1102],[582,-61],[43,-721],[-256,36],[56,-767],[-549,-811],[-297,-868],[-350,-326],[-60,-991],[-121,-666],[-518,-670],[-176,165],[-245,-555],[-40,-575],[434,-1467]],[[519096,281940],[342,148],[267,-545],[426,-118],[36,-576],[895,-77],[215,-312],[605,-141],[-61,-568],[-871,-98],[-165,-312],[-188,-1720],[-940,-371],[-675,-370],[-478,70],[-486,505],[-540,1128],[151,579],[-120,268],[-583,313],[-102,534],[418,756],[427,-390],[917,887],[322,481],[188,-71]],[[504848,405868],[-85,-1277],[48,-524],[313,-984],[257,-2045],[-80,-614],[-406,-619],[-827,-90],[-289,422],[-489,180],[-173,1010],[147,203],[28,767],[-261,601],[-708,436],[-425,564],[20,521],[269,194]],[[502187,404613],[782,579],[-184,631],[9,606],[631,436],[156,441],[370,104]],[[503951,407410],[146,-25],[285,-889],[466,-628]],[[517285,490770],[416,-632],[-32,-405],[-342,-277],[-107,833],[65,481]],[[518555,491346],[-304,-701],[-281,39],[111,904],[177,97],[288,858],[264,274],[297,-350],[-695,-811],[143,-310]],[[517432,498136],[205,-518],[-249,-754],[-64,-524],[-374,-428],[-266,448],[317,611],[208,999],[223,166]],[[505465,396658],[309,-237],[401,-674],[66,-344],[675,-77],[-11,-241],[505,-261],[238,-366],[556,-1],[631,335],[654,815]],[[509489,395607],[571,70],[957,-387],[108,-329],[102,-1273],[308,-648],[-16,-321]],[[511519,392719],[-62,-882],[304,-428],[1406,-524],[378,-394]],[[513545,390491],[-238,-753],[168,-1132],[-306,-608],[-227,264],[-658,-563],[-386,-587],[-267,23],[-231,437],[-650,269],[-877,-358],[-353,315],[216,1137],[-223,705],[-603,310],[-791,-1464],[-204,427],[539,991],[-143,716],[-1,712],[-315,458],[-1333,524],[-273,-115],[-173,-569],[233,-485],[-69,-314],[-489,346],[-74,-484],[198,-661],[-221,-239],[-276,567],[-63,1118],[79,204],[-90,994],[153,363],[-142,374],[74,844],[-164,1379],[100,1022]],[[507074,438088],[255,-385],[379,26],[55,-860],[350,-319]],[[508113,436550],[53,-686],[-41,-1281],[339,-1423]],[[508464,433160],[-242,-72],[-204,-1380],[60,-1063],[-423,-1788],[-438,-225],[-300,-1638]],[[506917,426994],[-1355,-267],[-678,579],[-445,212]],[[504439,427518],[-165,1772],[-248,491],[-16,1886],[200,585],[236,144],[51,682],[455,1151]],[[504952,434229],[327,1052],[-91,136],[-34,1372],[233,52],[138,579],[434,524],[1115,144]],[[542803,354465],[-290,-25],[-685,1414],[15,610],[-351,675],[48,575],[633,395],[369,-18],[668,-474],[289,-869],[181,-812],[316,-351],[-16,-498],[-286,-525],[-891,-97]],[[536481,326467],[296,-279],[7,-347],[-622,-722],[-563,-64],[-40,447],[298,551],[624,414]],[[538361,331492],[297,1469],[328,133],[397,553],[149,639],[525,87],[709,-67],[311,157],[245,-403],[498,-119],[665,-1017],[213,-141],[293,235],[322,-453],[210,-645],[-265,-1216],[284,-80],[-112,-636],[-393,-216],[373,-598],[351,-159],[11,-771],[-229,-403],[-554,-128],[-138,562],[-204,-56],[-309,-556],[-422,-415],[-28,-633],[-393,-358],[-450,-128],[-506,-345],[-707,191],[-771,-319],[-466,-13],[-875,205],[-1068,550],[-96,349],[112,852],[-193,396],[-466,-71],[-44,506],[101,652],[707,1475],[819,493],[314,325],[455,117]],[[551352,301298],[344,-995],[48,-437],[-37,-1387],[237,-1170],[-159,-904],[2,-942],[-684,7],[-282,-327],[15,-566]],[[550836,294577],[-581,-3],[-19,-890],[-330,-229]],[[549906,293455],[-626,267],[-88,-667],[-301,-181],[-550,-43],[-127,-601],[-785,-158],[-410,522],[-336,-321],[-538,633],[-300,592],[-68,412]],[[545777,293910],[244,309],[-204,1242],[-401,375],[-501,1643],[-460,1227],[-309,187],[-125,638],[-542,1439],[-145,1275],[-468,1214]],[[542866,303459],[516,3],[141,243]],[[543523,303705],[179,1991],[184,479],[82,1177],[132,310],[1388,59],[308,647],[-78,654],[365,149],[124,633],[243,402],[374,233],[464,-5],[656,161],[51,-289],[587,-111],[762,-15]],[[512496,408562],[-93,-754],[19,-932],[-94,-792]],[[512328,406084],[-746,-86],[-433,-173],[-412,84],[-143,-332],[-491,-499]],[[510103,405078],[-690,185],[-364,-372],[-112,-341],[-507,-8],[-188,-512]],[[508242,404030],[-78,376],[-370,102],[-288,522],[-306,-125],[-1074,216]],[[506126,405121],[108,902],[227,652],[39,572],[168,312],[283,-100],[1028,884],[-10,395],[297,228],[-60,968],[295,50],[140,733],[-256,283],[71,936]],[[508456,411936],[550,165],[189,292],[669,341],[677,59],[395,-99],[198,-695],[428,-286],[590,-46]],[[508745,461738],[172,1622],[-49,169]],[[508868,463529],[619,570],[290,-150],[299,298],[465,-5],[499,-271],[1127,-1344],[1217,-861],[926,-929],[547,-444],[2159,-1217],[1128,-452],[745,325],[501,841],[663,697],[-70,546],[226,897],[-14,379],[823,187],[145,-1036],[446,-613],[317,-908],[56,-1073],[-297,-920],[-526,-889],[-305,-165],[-487,-1056],[73,-753],[145,-294],[-105,-704],[98,-1027],[-210,-277],[-81,-1035],[-192,-320],[64,-869],[216,-652],[-8,-1444],[82,-300]],[[520449,448261],[-1222,-219],[-1459,-613],[-718,16],[-307,-90],[16,-97],[-111,-8],[-227,-134],[-1039,-145]],[[515382,446971],[-205,431],[-764,798],[-483,160],[-111,863],[-468,705]],[[513141,468527],[456,-381],[-114,-388],[-1010,-217],[-539,42],[186,498],[1021,446]],[[517989,470025],[251,-26],[405,-890],[-623,-940],[-293,-159],[-140,-646],[-371,-136],[-111,608],[435,508],[-196,523],[188,289],[9,522],[446,347]],[[511244,472599],[272,-1004],[65,-1164],[-364,135],[-186,950],[213,1083]],[[514294,474500],[50,-362],[-365,-275],[-933,539],[-136,609],[-206,205],[361,789],[720,-329],[323,254],[148,-577],[-89,-435],[127,-418]],[[518491,478772],[203,-265],[-4,-809],[-369,-370],[-522,622],[-20,444],[460,95],[252,283]],[[528998,390797],[-993,1228],[-274,59],[-354,649],[-375,189],[-582,568]],[[526420,393490],[-1455,864],[-989,716],[-838,513],[-52,-231],[-606,-1050],[-554,-61],[-265,153],[88,450]],[[521749,394844],[371,172],[-84,1092],[417,489],[-197,452],[521,881],[414,417],[767,155],[663,-411],[245,-449],[314,245],[40,560],[457,15],[571,-277],[121,-531],[382,16],[352,-233],[448,-751],[417,-907],[246,-225],[305,-662],[314,-97],[-108,-1039],[205,-501],[292,-252],[61,-1217],[-215,-430],[-70,-559]],[[531132,381921],[-410,561],[-281,776],[-87,1104],[-465,602],[-1108,690],[-1430,1126],[-645,1022],[381,737],[-307,705],[-441,386],[-373,658],[-647,377],[-667,1049],[-393,102],[-168,632]],[[524091,392448],[318,246],[2011,796]],[[528998,390797],[-137,-953],[850,-713],[919,-6],[453,330],[398,637],[45,587],[-234,548],[-62,972],[-253,504],[-321,91],[233,878],[514,652],[466,-23],[-161,-690],[220,-178],[204,362],[265,-738],[-44,-625],[681,123],[140,-483],[604,3],[461,-416],[920,-157],[175,598],[362,-843],[882,-868],[198,218],[237,-414],[486,-314],[240,-529],[-115,-270],[-651,52],[-137,140],[-546,-755],[-642,295],[-755,204],[-137,-204],[-723,288],[-180,-345],[-257,-1011],[-72,-920],[379,-265],[306,-599]],[[544828,320541],[273,-132],[463,-706],[264,-1238],[-231,-583],[-364,281],[-671,273],[-307,493],[-93,807],[89,405],[577,400]],[[524346,355753],[46,-552],[509,45],[150,568],[519,281],[144,501],[1015,-65],[532,-915],[495,-440],[-782,-1003],[499,-291],[142,782],[307,-172],[388,177],[1050,945]],[[529360,355614],[-249,-953],[-252,-532],[-101,-803],[-392,-81],[-420,-305],[-192,-1109],[-350,-52],[-381,-589],[173,-290],[-219,-636],[-564,-140],[-188,626],[-445,-3],[-172,-206],[-556,-32],[-648,711],[-415,-852],[-442,-367],[-408,223],[-547,-44],[-672,534],[-826,-1403]],[[524319,355648],[1,1]],[[540047,394812],[623,-1287],[156,-1138],[322,-489],[616,-262],[290,-531],[-153,-280],[148,-876],[-293,-1067],[241,-410],[-12,-376],[-426,-39],[-205,-261],[12,-1055],[-345,269],[-546,25],[-370,-460],[4,-608],[-219,-44],[-509,830],[-777,695],[-318,669],[645,566],[300,795],[138,699],[-9,1398],[119,726],[-177,531],[-5,1358],[397,-136],[353,758]],[[505465,396658],[58,703],[769,290],[271,479],[351,236],[682,1037],[86,305],[447,471],[725,393]],[[508854,400572],[402,-1460],[44,-436]],[[509300,398676],[432,-447],[-211,-791],[132,-842],[-203,-204],[-174,-612],[213,-173]],[[538370,336776],[-469,-837],[-375,-291],[-212,428],[144,547],[412,396],[270,-308],[230,65]],[[542262,342938],[485,-315],[254,-335],[-115,-477],[-436,-240],[-527,-4],[-164,248],[300,974],[203,149]],[[541742,341806],[-11,-309],[-956,-563],[-53,338],[333,872],[54,666],[552,-301],[81,-703]],[[537170,346270],[218,969],[-274,569],[472,803],[127,540],[-215,580],[20,377],[414,600],[110,715],[548,152],[122,-426],[-305,-702],[-8,-901],[-406,-818],[74,-681],[348,-80],[56,-1087],[-137,-728],[233,-728],[-241,-845],[49,-422],[-282,-753],[233,-1815],[-8,-1815],[-289,-1663],[48,-638],[-670,-531],[-630,-1054],[-324,-364],[-412,25],[-293,-211],[-60,-414],[-430,-493],[-228,-530],[-137,-702],[-326,-8],[-227,-1321],[96,-255],[-154,-1601],[-349,-287],[-148,-658],[-213,-160],[-241,-1086],[0,-537],[-346,-1317],[-80,-626],[-285,-761],[-329,-357],[-474,-1126],[-503,-93],[-38,943],[284,2455],[196,2321],[244,395],[-6,803],[257,105],[45,443],[-142,540],[-211,131],[54,684],[276,-159],[142,1052],[291,345],[698,1204],[84,585],[548,1121],[-30,895],[119,393],[440,471],[278,524],[89,659],[369,718],[-98,635],[251,486],[104,831],[881,1925],[342,1166],[389,1593]],[[535361,349751],[-311,972],[402,1161],[176,-211],[257,-1393],[298,-445],[-119,-306],[-464,29],[-239,193]],[[558854,301105],[-98,-293],[567,-2634],[953,-2981],[-458,113],[219,-1407],[113,-1131],[51,-2678],[-173,-856],[-704,133],[-1084,-941],[-1284,-1023],[-124,-340]],[[556832,287067],[-398,332],[-202,473],[77,633],[-193,613],[-337,665],[68,1052],[-87,681]],[[555760,291516],[73,644],[-159,357],[49,475],[302,311],[-169,608],[447,167],[81,950],[274,29],[89,787],[-349,682],[215,478],[-283,597],[-440,-274],[-386,-965],[-242,144],[-161,558],[-368,461],[-59,886],[-552,410],[-82,1886],[26,514]],[[549906,293455],[30,-977],[416,-825],[-428,-276],[231,-1488],[-306,-744],[51,-537],[606,-1077],[1,-1097],[-313,-72],[-311,-1174],[-266,-742],[-1045,-1033],[-374,-1003]],[[548198,282410],[-434,-219],[-227,-467],[-360,465],[62,418],[-615,177],[-639,-31],[-164,729],[-20,1645],[196,3],[14,1743],[-513,202],[245,884],[-367,262],[-379,483],[-252,-424],[321,-355],[-13,-447],[-363,-670],[284,-621],[-375,-1096],[-212,227],[-693,142],[-519,938],[-225,-50],[-464,425],[-263,499]],[[542223,287272],[274,683],[41,590],[-216,978]],[[542322,289523],[-6,-4]],[[542316,289519],[-455,-168],[-98,-704],[-438,-62],[264,946],[99,934],[186,897],[648,1262],[213,14],[54,1022],[358,2041]],[[543147,295701],[600,-444],[1445,-280],[585,-1067]],[[540105,289866],[867,-1333],[-134,-159],[-927,470]],[[539911,288844],[-305,157],[499,865]],[[555760,291516],[-238,19],[-518,-442],[-582,-645],[-171,-522]],[[554251,289926],[-167,303],[-382,-265],[-65,-386],[-321,-240],[-298,291],[-36,1577],[-67,270],[156,758],[-134,208],[-2,2142],[-2099,-7]],[[554533,288946],[223,-447],[242,-52],[281,-420],[50,-404],[-159,-1226],[154,-1368],[-223,-723],[-431,1089],[30,614],[-162,1045],[-365,-5],[-81,517],[221,436],[63,728],[157,216]],[[554251,289926],[-279,-245],[-58,-456],[167,-940],[4,-483],[-559,-1106],[-634,-102],[-486,-888],[8,-997],[-305,-333],[-61,-415],[-301,-326],[-285,-709],[-21,-698],[-152,-524],[105,-720],[29,-1149],[522,-395]],[[551945,279440],[120,-452],[-458,-1044]],[[551607,277944],[-395,679],[-235,-478],[-885,-903],[-464,415],[-651,-472],[-192,60]],[[548785,277245],[-145,970],[409,339],[-337,510]],[[548712,279064],[-386,915],[-33,754],[-147,92],[229,1081],[-177,504]],[[551945,279440],[84,245],[617,-686],[74,-440],[308,197],[255,-657],[29,-796],[360,-521],[516,-2268],[108,-71],[264,-1245],[-251,-3035],[-245,-810],[-369,-756],[-534,-838],[-24,-216],[-498,-805],[-145,-704],[-522,-1329],[-418,-793],[-245,-102],[-558,146]],[[550751,263956],[142,584],[602,655],[27,463],[594,1605],[236,819],[-20,1083],[217,1344],[337,1145],[-53,563],[-250,653],[-25,1228],[-298,1013],[-464,433],[-10,710],[-202,734],[23,956]],[[551523,261951],[296,-247],[-17,-729],[-740,-33],[-5,497],[466,512]],[[552298,262839],[215,-422],[-66,-692],[-267,-482],[-93,1106],[211,490]],[[559529,301252],[1193,29],[-3,-1060],[153,-210]],[[560872,300011],[-81,-488],[230,-300],[-14,-556],[631,-343],[197,-514],[386,-613],[472,-133],[-39,-1440],[163,-248],[-107,-582],[255,-457],[137,-637],[-33,-888],[-407,-115],[-64,-460],[201,-1083],[-153,-489],[458,-588],[-606,-951],[-194,-1305],[-316,-159],[-253,-812],[-102,-704],[-404,-306],[-659,154],[-173,-327],[-267,-1229],[544,-765],[-72,-811],[-490,357],[116,646],[-200,268],[-141,685],[-522,421],[-244,-286],[-67,-487],[70,-882],[708,-1411],[-375,-1877],[82,-1559],[-162,-356],[125,-1091],[-245,-633],[-14,-794],[-320,480],[-139,640],[-483,1079],[-161,690],[74,751],[-211,1030],[262,1409],[-170,218],[66,754],[-61,695],[-189,327],[-353,63],[-442,857],[-50,335],[175,988],[-409,888]],[[553884,330194],[25,155]],[[553909,330349],[9,517],[-400,504],[-32,447],[-279,-13],[267,1029],[-487,379],[-220,-264],[-435,575],[225,1247],[351,375],[-190,550],[-15,1202],[344,44],[4,405],[475,406],[48,841],[321,565],[350,-1238],[-321,-1291],[-8,-1009],[229,-1041],[-69,-481],[282,-996],[8,-486],[-193,-767],[1,-1169],[320,-288],[-52,-505],[-394,-179],[-164,486]],[[554109,343471],[-26,633],[287,455],[284,-250],[-29,-963],[603,-89],[364,-300],[-181,-432],[-438,-40],[-288,450],[-576,536]],[[550072,349142],[-2,2899],[605,1299],[-227,405],[-625,362],[-72,383],[87,692],[-115,531],[-476,203],[185,1141],[361,-175],[629,746],[-120,1252],[-16,1081],[-336,1396],[-400,1302],[-490,91],[-156,1004],[19,1591],[272,422],[122,1175]],[[549317,366942],[414,996],[393,-323],[239,-927],[439,263]],[[550802,366951],[991,-86],[854,-1297],[-62,-226],[-512,-177],[-84,-998],[228,2],[289,-755],[-329,-320],[-181,-926],[-164,-173],[-93,-952],[143,-449],[10,-664],[361,-421],[-112,-702],[128,-826],[-309,-1674],[283,54],[50,-954],[356,-554],[75,-635],[393,-902],[160,68],[502,-944],[-349,-657],[-486,-557],[-121,-665],[225,-507],[336,-23],[335,294],[387,-21],[252,-944],[658,-1393],[-365,-236],[-354,754],[59,447],[-461,486],[-657,-367],[-82,384],[-306,159],[-323,-905],[-451,210],[-464,-358],[-463,583],[-410,-43],[-184,375],[-483,-314]],[[525136,343469],[509,-577],[123,-1535],[-385,-1232],[-44,-530],[-393,-767],[-374,-199],[-341,122],[-213,-530],[-297,71],[-77,674],[-284,312],[72,408],[358,97],[-85,1072],[158,504],[444,671],[317,244],[160,775],[352,420]],[[508113,436550],[287,831],[227,349],[247,1087],[992,523],[679,144],[175,-124],[784,24],[1237,1038],[423,-84],[679,176],[770,-7]],[[514613,440507],[-65,-1067],[72,-1533],[-452,-1083],[-407,-45],[-574,-284],[-631,-519],[-148,-463]],[[512408,435513],[-765,-1560],[-602,-195],[-591,88],[-962,-533],[-501,-622],[-349,149],[-174,320]],[[505017,451351],[-301,588],[-120,831],[-817,371]],[[503779,453141],[300,1099],[214,299],[-180,398],[-71,1024],[401,748],[108,1065],[243,442],[468,1537],[26,659],[-194,1275],[-153,504],[584,812],[430,-214],[469,-46],[421,166],[247,439],[-21,864],[648,361],[435,-1160],[560,-196],[154,312]],[[507262,441922],[73,-237],[-362,-734],[-69,-632],[120,-772],[50,-1459]],[[504952,434229],[-292,785],[136,714],[-132,745],[-272,468],[36,1099],[-722,-272],[-241,313]],[[503465,438081],[328,815],[32,1066],[-107,519],[-104,1497],[-209,582],[228,1912],[153,-4],[165,1082],[-281,727],[-96,1006],[-677,420],[-72,457],[81,885],[228,738],[379,385],[192,497],[-319,809],[530,483],[-169,638],[32,546]],[[529360,355614],[325,412],[304,-63],[-256,-825],[-17,-524],[174,-544],[-229,-401],[180,-552],[-140,-577],[-322,-176],[71,-611],[-135,-992],[190,-190],[137,-678],[-291,-104],[-345,383],[-302,-314],[-218,-1202],[-609,-527],[-212,177],[-161,-716],[-370,140],[-321,-409],[-494,-159],[-145,-346],[-405,-236],[301,-594],[-217,-1816],[-678,147],[-442,-255],[-334,-773],[-32,-806],[-464,-138],[-688,145],[-675,-289],[-517,0],[-528,-165],[-372,-368],[-382,29],[-614,-761],[-422,-146],[-482,-1420],[-179,-258]],[[519348,431767],[-396,119],[-519,-493],[-738,-547],[-835,-482],[-75,-138],[-262,-129],[-199,-110],[-528,1010],[-62,256],[-239,265],[-323,860],[-681,1225],[-856,191],[-195,-109]],[[513440,433685],[-382,76],[-343,1730],[-307,22]],[[514613,440507],[-59,1600],[-118,202],[-141,1119]],[[514295,443428],[41,733],[204,509],[215,48],[230,1041],[211,152],[186,1060]],[[520449,448261],[210,-1281],[439,-1292],[157,-926],[298,-269],[991,-161],[466,-623],[-200,-643],[79,-793],[-160,-320],[259,-768],[421,-111],[329,335],[116,-576],[-173,-944],[-201,-243],[-213,-671],[40,-755],[-121,-856],[-264,-588],[-121,-716],[-305,-1048],[-193,-383],[-658,-2172],[-205,-429],[-266,-141],[-165,-499]],[[514295,443428],[-468,364],[-765,-118],[-294,-430],[-555,-404],[-559,-56],[-118,-521],[-468,-297],[-807,53],[-454,795],[-372,158],[-786,20],[-354,121]],[[504439,427518],[-50,-391],[-862,-32]],[[503527,427095],[-153,681],[-507,483],[-43,951],[-217,752],[124,629],[-69,710],[-197,477],[132,900],[-207,521],[109,707],[211,344],[79,800],[-149,1166],[97,574],[604,659],[124,632]],[[509300,398676],[340,273],[18,1295],[154,807],[116,-24],[7,-1],[6,0],[204,175]],[[510145,401201],[129,-16],[0,60],[9,8],[-12,38],[-2,29],[1,6],[-2,3],[-4,43],[207,132],[453,-815],[3,-11],[2,-9],[5,-23],[11,-41],[6,-25],[-26,-178],[80,-47],[65,-291],[38,-49],[16,23],[34,-81],[24,-33],[6,-8],[6,-8],[5,-11],[-1,-5],[0,-2],[-1,-11],[-2,-8],[-52,-17],[6,-105],[117,-55],[9,19],[1,17],[3,7],[2,15],[2,6],[3,12],[1,48],[-6,234],[1,14],[1,3],[5,16],[2,66],[-16,64],[-1,3],[-1,8],[-1,7],[-3,34],[0,281],[206,438],[39,-46],[7,0],[4,-5],[8,-1],[14,-18],[113,106],[131,-24],[487,-650],[131,-755],[-325,-1306],[94,-604],[191,383],[84,52],[81,118],[3,9],[4,8],[1,10],[-9,22],[12,32],[158,716],[-72,1566],[187,833],[379,157],[279,427],[16,393]],[[513491,402409],[285,-590],[5,-323],[467,-43],[201,-621],[-254,-356],[443,-1085],[368,-1558],[253,-109],[-160,-841],[-269,-549],[6,-589],[-592,45],[-170,-955],[-318,-562],[-459,-21],[-237,-421],[-535,-367],[-207,-402],[-799,-343]],[[511371,399444],[-154,-844],[292,-552],[-138,1396]],[[542866,303459],[-180,275],[-436,-515],[-563,455],[-30,-473],[-345,-380],[-57,-439],[-418,-267],[-733,172],[-176,-710],[-351,185],[-446,-190],[-94,-868],[-683,-178],[-414,-273],[136,-345],[-272,-591],[212,-543],[272,-154],[-274,-664],[59,-654],[-408,-271],[-858,201],[-184,-604]],[[536623,296628],[-217,-34],[-890,565],[34,437],[-451,775],[-663,289]],[[534436,298660],[91,575],[247,130],[41,695],[-132,572]],[[534683,300632],[301,-30],[141,335],[496,267],[590,1182],[998,754],[188,459],[780,630],[531,-104],[953,-13],[630,508],[302,865],[-151,858]],[[540442,306343],[776,-64],[370,-205],[852,86],[219,-244],[285,-987],[126,-1034],[453,-190]],[[543147,295701],[-784,-371]],[[542363,295330],[-896,-425]],[[541467,294905],[-724,-436],[-263,-1]],[[540480,294468],[-75,-173]],[[540405,294295],[-12,-24]],[[540393,294271],[-6,-13]],[[540387,294258],[-253,-776]],[[540134,293482],[-2,-4]],[[540132,293478],[-4,-1]],[[540128,293477],[-21,4]],[[540107,293481],[-2,-5]],[[540105,293476],[-7,0]],[[540098,293476],[-1,-5]],[[540097,293471],[-51,-29]],[[540046,293442],[1,-8]],[[540047,293434],[-33,-33]],[[540014,293401],[2,-6]],[[540016,293395],[30,-75]],[[540046,293320],[-1,-5]],[[540045,293315],[9,-22]],[[540054,293293],[-2,-4]],[[540052,293289],[-18,-27]],[[540034,293262],[-1,-4]],[[540033,293258],[18,-69]],[[540051,293189],[2,-3]],[[540053,293186],[-13,-44]],[[540040,293142],[-1,-3]],[[540039,293139],[-36,-10]],[[540003,293129],[-1,-12]],[[540002,293117],[-51,1]],[[539951,293118],[2,7]],[[539953,293125],[-15,-22],[-1,-43]],[[539937,293060],[0,-5]],[[539937,293055],[-62,-102]],[[539875,292953],[-2,-2]],[[539873,292951],[-5,-40]],[[539868,292911],[-1,-5]],[[539867,292906],[-6,-38]],[[539861,292868],[-3,-5]],[[539858,292863],[-14,-15]],[[539844,292848],[-4,-4]],[[539840,292844],[82,-156]],[[539922,292688],[14,-65]],[[539936,292623],[-79,-393]],[[539857,292230],[-444,373],[-243,1232],[-803,1752],[-1129,952],[-615,89]],[[549367,341121],[-286,-120],[-557,-556],[-80,-455],[-866,-256],[-792,-83],[-160,-457],[-112,-1224],[218,-693],[89,-1076],[-451,-376],[-399,-751],[-647,-297]],[[545324,334777],[128,852],[232,929],[-55,458],[-515,736],[-86,388],[67,772],[-93,462],[308,389],[143,437],[8,1123],[340,711],[-194,1772],[-182,588],[-547,1021],[-234,915],[-287,187],[-575,965],[-407,-429],[-21,-901],[-333,-914],[-402,1],[-439,403],[-47,522],[-400,73],[182,628],[31,855],[-327,542],[319,846],[-174,989],[68,1671],[-489,367],[9,704],[-166,449],[-334,1561],[-41,536],[270,522],[634,-907],[982,-1824],[-42,982],[435,-200],[224,-916],[48,-589],[331,-511],[220,108],[392,-278],[468,135],[469,437],[594,832],[50,565],[594,182],[251,-408],[462,242],[245,-456],[-116,-1155],[23,-689],[595,-1177],[-200,-830],[201,-268],[-41,-448],[169,-435],[8,-1272],[-56,-825],[-281,-1021],[-25,-1023],[201,-1035],[883,-537],[-15,-563],[583,-902]],[[548712,279064],[-97,-318],[-899,22],[-827,659],[-542,-602],[-184,25],[-686,797],[-136,909],[-266,218],[-225,-586],[142,-699],[-402,-179],[-549,56],[-67,-223],[29,-1382],[170,-511],[289,-34],[185,-684],[-487,165],[-541,-653],[-426,489],[-1213,-591],[-5,-2186]],[[541975,273756],[-389,-1355]],[[541586,272401],[-412,5],[-434,652],[-129,-102],[-746,881],[-290,960],[-558,977],[-297,895],[-185,76],[-137,1803],[33,601],[176,741],[-24,371],[-321,1150],[115,530]],[[538377,281941],[906,88],[-41,1625],[199,1278],[413,-199],[340,694],[820,363],[328,261],[258,-133],[506,908],[117,446]],[[517495,386694],[316,-587],[673,-56],[383,318],[367,-535],[52,-565],[291,179],[429,-630],[-43,-859],[201,-248],[-198,-465],[-514,-576],[-257,-562],[110,-303],[-234,-778],[-249,-12],[-362,319],[-137,404],[-835,580],[-215,658],[-225,257],[49,855],[-132,685],[488,1236],[42,685]],[[530704,371825],[460,-428],[315,-5],[275,-334],[-62,-416],[161,-421],[-301,-378],[221,-425],[235,903],[299,295],[450,-130],[705,-896],[277,99],[186,-792],[815,-1079],[362,-100],[687,-1778],[332,403],[358,-346],[164,-403],[274,363],[253,-747],[592,-1173],[391,-1137],[181,-1435],[380,-1047],[-122,-1075],[168,-605],[-405,-5],[-202,622],[-308,537],[-477,580],[-302,81],[-527,650],[-715,283],[-210,-77],[-332,508],[178,462],[-262,484],[-455,388],[-425,817],[-204,753],[-535,1079],[-767,7],[-289,-192],[-534,-1336],[-349,-313],[-434,-1150],[-225,-129],[-336,-829],[-220,-94],[-278,-597],[-342,355],[502,1389],[92,892],[448,993],[324,1068],[-270,428],[-390,-124],[103,620],[378,835],[-17,495],[217,847],[-333,524],[-31,1006],[-124,1230]],[[534413,373236],[323,-680],[295,-131],[380,-466],[474,-2634],[152,-485],[-311,-454],[-716,1344],[-331,1042],[-142,147],[-480,1313],[276,214],[-134,453],[214,337]],[[528369,380382],[514,-576],[848,-1798],[68,-515],[323,-773],[522,-144],[422,-310],[104,-1073],[193,-474],[667,-1124],[-117,-314],[-481,836],[-209,766],[-274,481],[-594,181],[-257,574],[-297,217],[-643,972],[-134,604],[-765,150],[-314,396],[48,936],[-242,182],[576,593],[42,213]],[[534530,301564],[-702,69],[-24,3765]],[[533804,305398],[8,3211],[-55,2099]],[[533757,310708],[254,63],[272,757],[154,-414],[616,-34],[912,-1609],[-48,-425],[378,-490],[184,-692],[113,-1797],[13,-924],[110,-266],[69,-1027],[-819,-1183],[4,-172],[-610,-524],[-257,50],[-362,-459],[-210,2]],[[540442,306343],[160,724],[182,265],[8,1008],[275,1134],[543,687],[683,595],[266,-393],[533,-449],[533,-704],[727,-134],[130,-409],[318,-175],[419,342],[49,1127],[225,414],[-90,725],[-195,180],[28,783],[324,414],[-137,462],[244,1008],[-3,818],[-167,1291],[444,601],[529,7],[661,-543],[800,-1046],[403,-699],[117,-417],[592,195],[240,249],[197,585],[-122,1784],[101,790],[241,438]],[[510103,405078],[180,-304],[62,-624],[-185,-1167],[48,-620],[-130,-352],[97,-361],[-44,-329],[4,-25],[10,-95]],[[508854,400572],[99,1511],[-187,324],[8,592],[-532,1031]],[[531632,337805],[-799,485],[-306,379],[-717,-73],[-120,-356],[495,-820],[54,-1498],[-753,-1459],[-914,-2350],[-314,-1527],[-737,-1437],[-988,-1812],[-780,-1587],[-383,-529],[-874,-1522],[-37,-297]],[[524459,323402],[-365,488],[-443,1227],[-557,1024],[101,566],[-491,316],[-240,538],[168,466],[-96,676],[95,998],[421,1057],[87,802],[682,146],[1278,-147],[419,279],[628,810],[394,-115],[525,825],[41,676],[-211,1096],[206,2552],[-378,1021],[-62,743],[-211,498],[339,373],[339,83],[467,812],[145,844],[208,399],[164,1666],[-50,1136],[297,537],[502,237],[282,-77],[545,872],[305,79],[312,405],[476,-116],[461,-467],[536,-231],[685,-8],[478,-480],[414,16],[88,-831],[426,-1112],[-353,-614],[-217,-689],[-185,-1547],[-249,-1291],[-413,-664],[-607,-576],[-213,-895]],[[531632,337805],[-100,-486],[48,-1124],[-137,-716],[-297,-716],[-40,-830],[-442,-1611],[-482,-1048],[-39,-448],[-308,-557],[-35,-1102],[168,-1720],[-115,-890],[-354,51],[127,-1565],[284,-132],[364,-1049],[332,-122],[76,-612],[325,-875],[373,-416],[39,-592],[-249,-1411],[-706,-1368],[-101,-403],[-763,-587],[-506,140],[-506,-422],[-753,591],[-288,1012],[-369,1654],[16,1045],[-582,581],[-971,358],[-362,0],[-602,613],[-218,354]],[[549317,366942],[-500,10],[-774,-587],[-588,-267],[-716,83],[-412,-1469],[-249,565],[114,664],[-1295,923],[-310,-499],[-491,-259],[-1059,1335],[-381,391],[-490,-884],[-664,-25]],[[541502,366923],[-183,508],[13,990],[-159,667],[-394,849],[3,583],[-192,436],[165,586],[357,-361],[1278,-396],[420,7],[177,-222],[524,168],[676,-348],[187,114],[885,25],[459,328],[605,-79],[433,523],[317,18],[843,-510],[492,9],[55,390],[693,199],[740,-813],[261,-603],[345,-214],[42,-597],[227,-410],[-317,-671],[10,-947],[338,-201]],[[508456,411936],[-243,-42],[-366,-573],[-263,388],[-463,174],[-210,588],[-329,398]],[[506582,412869],[207,648],[-166,217],[33,735],[197,557],[-179,508],[20,819],[-239,706],[200,1050],[-432,-11],[-379,681],[-281,1056],[-129,1292]],[[505434,421127],[731,239],[385,305],[572,-366],[278,-521],[516,1148],[12,430],[266,253],[184,825],[-483,2339]],[[507895,425779],[671,226],[461,-119],[577,187],[387,-368],[305,-10],[527,-357],[104,-281],[86,-2296],[875,-2572]],[[507895,425779],[-279,763],[-699,452]],[[513440,433685],[-443,-418],[-146,-1542],[-260,-124],[185,-727],[223,-246],[468,-105],[-110,-688],[806,-679],[-518,-1044],[-337,-258],[-466,-813],[-342,-68],[-466,197],[257,-793],[-381,-142],[345,-842],[411,-415],[-238,-685],[960,-1308],[223,-154]],[[508023,385622],[32,-1205],[-832,-2177],[1958,-1530],[1105,-1151],[492,-187],[687,-433],[-12,-841],[71,-2817],[113,-1069],[25,-953],[-114,-2292],[-103,-351],[-90,-1702],[62,-1408],[106,-426],[-34,-1263]],[[511489,365817],[-346,472],[-803,26],[-298,719],[255,605],[-395,140],[-359,340],[-383,868],[-208,110],[-584,1671],[183,743],[-357,1168],[-625,1101],[-385,-76],[-123,1533],[-26,1426],[-198,1317],[-803,2282],[-312,663],[-369,102],[-193,371],[-594,88],[48,258],[-473,757],[53,350],[-193,906],[76,273],[-363,487],[-478,-275],[-28,-530],[-376,115],[-441,963],[135,456],[309,444],[654,393],[626,-414],[792,69],[757,-316],[140,71],[1053,-425],[1166,554]],[[500377,391201],[406,-103],[301,-423],[468,-112],[391,-460],[129,-607],[-169,-396],[-325,-172],[-1096,1042],[-100,395],[-5,836]],[[508023,385622],[607,130],[857,-1381],[261,-234],[391,220],[381,-155],[555,334],[506,-879],[475,-424],[754,-1483],[363,-139],[239,-360],[-24,-1061],[353,-153],[467,102],[232,-329],[65,-463],[-438,-467],[-262,-901],[138,-997],[-161,-550],[80,-907],[-144,-933],[71,-384],[357,-517],[278,-797],[69,-1006],[-217,-102],[-442,-958],[-430,-518],[-321,-869],[50,-827],[-339,-567],[72,-664],[-434,205],[-88,-435],[-526,-121],[-329,-1215]],[[471223,302477],[141,-420],[-274,-1030],[221,18],[104,-1226],[-241,-972],[-386,-604],[-262,536],[-247,883],[-244,507],[260,573],[-152,533],[492,648],[588,554]],[[473626,306282],[279,-319],[20,-1489],[-486,-480],[-314,468],[80,335],[-32,1114],[453,371]],[[498219,339323],[96,-276],[-501,-222],[-506,38],[-69,1221],[-125,438],[450,33],[342,1101],[366,-56],[347,-460],[301,108],[508,-277],[-297,-1072],[-463,1],[103,-552],[-552,-25]],[[509577,345309],[196,-989],[-507,-31],[-69,767],[380,253]],[[496082,342008],[-143,-82],[430,-1534],[322,-307],[80,-335],[-349,-251],[-370,-639],[-551,-541],[-148,-661],[-433,-128],[-362,154],[-1140,-461],[-153,-434],[-265,-51],[-293,-461],[-94,-435],[-324,-542],[-215,-807],[-115,-1353],[-156,-390],[-506,-371],[-667,-115],[-1027,-581],[-581,-143],[-293,98],[-348,-230],[-293,-443],[-230,115],[-420,-292],[-88,-1329],[281,-525],[-1,-1280],[-330,126],[20,671],[-436,-66],[64,-627],[446,-709],[-165,-761],[-329,-754],[-313,-376],[-177,-697],[-209,-153],[-190,-633],[-308,-390],[-321,-780],[-193,-830],[-257,-538],[-165,122],[-510,-633],[-872,-1353],[-256,123],[-766,-395],[-997,-293],[-169,-664],[-16,-703],[-927,-2563],[-843,-499],[-740,-1200],[-301,-45],[-284,-812],[-322,-358],[-546,-64],[-137,-230],[-626,-127],[-329,230],[-390,-518],[121,-767],[-435,-1380],[-228,83],[-602,-129],[-423,-224],[-1023,-1169],[-594,-1189],[-287,258],[213,883],[183,328],[60,1466],[375,736],[332,1238],[346,436],[181,744],[576,311],[97,504],[290,402],[432,981],[-14,220],[501,709],[27,312],[352,101],[366,571],[2,476],[405,666],[414,-209],[371,113],[294,1490],[866,753],[390,724],[809,-331],[300,73],[52,367],[453,674],[511,465],[-97,500],[670,549],[256,1168],[567,525],[230,581],[311,314],[265,1176],[214,-159],[685,1245],[210,38],[560,814],[121,364],[647,1053],[-5,573],[334,303],[300,1226],[192,111],[581,912],[513,-365],[200,700],[-167,227],[-36,1185],[369,-40],[145,283],[363,-187],[379,145],[252,980],[352,606],[46,468],[-207,541],[183,423],[287,123],[213,-363],[497,737],[205,-783],[465,401],[160,647],[343,519],[247,-74],[158,556],[478,1124],[85,1148],[169,808],[-24,371],[-358,543],[-289,-153],[-117,1042],[36,519],[631,-906],[516,-252],[315,-551],[98,-546],[309,5],[-214,1201],[-12,670],[-177,371],[-610,225],[-341,891],[-151,979],[572,5],[-313,557],[803,-26],[68,1646],[-240,-20],[-55,534],[254,484],[-5,1507],[152,520],[303,113],[53,776],[354,9],[16,-1004],[514,-404],[48,-618],[-313,-1585],[-329,-512],[281,-907],[208,-192],[145,-779],[-444,70],[-257,-407],[62,-987],[-132,-828],[229,-169],[14,-492],[217,-224],[402,367],[216,-228],[16,-1421],[-273,-1023],[715,-106]],[[497722,355230],[508,-204],[9,-810],[-170,-620],[-300,-556],[-137,599],[-354,-230],[-386,499],[-148,592],[498,-305],[623,63],[172,475],[-315,497]],[[498597,362251],[359,-418],[82,-583],[580,336],[82,-774],[456,-351],[-361,-524],[343,-569],[-189,-1019],[-621,-803],[-403,286],[-10,635],[-273,939],[-159,1082],[-236,525],[130,946],[220,292]],[[501870,362405],[258,-291],[26,-605],[-424,-753],[-354,874],[513,602],[-19,173]],[[498491,367658],[277,-153],[60,-759],[352,10],[422,-239],[365,-422],[134,-551],[820,-772],[634,-165],[64,1024],[193,0],[66,-1017],[367,-209],[485,-644],[-172,-449],[209,-512],[-436,-458],[-416,382],[-249,-371],[-452,380],[-405,-13],[-387,-662],[-97,564],[-402,-129],[-586,244],[-503,1345],[43,387],[-354,1193],[-392,659],[258,519],[-191,523],[293,295]],[[503951,407410],[-130,604],[-259,452],[14,791],[-149,497],[-403,522],[-87,413],[112,492]],[[503049,411181],[489,218],[731,674],[268,18],[247,429],[440,178],[379,-100],[340,280],[313,-224],[326,215]],[[506126,405121],[-360,-14],[-281,660],[-637,101]],[[505434,421127],[-335,220],[-282,-1015],[-805,-636],[-384,484],[-322,29],[-309,-310],[-37,-364],[-294,-476],[-161,-554],[-441,-82],[-121,-330]],[[501943,418093],[-910,2362],[-137,835],[-806,269],[-395,437],[-200,-806],[-245,-226],[-791,91]],[[498459,421055],[205,529],[-580,1880],[-386,-141],[-84,-505],[-305,-12],[-215,622],[118,300],[-52,912],[206,1223],[-188,1058],[242,711],[-104,321],[154,1106],[269,419],[383,126],[434,367],[235,-467],[3,-474],[-240,-1099],[1016,-1096],[393,-153],[410,-419],[-28,-607],[120,-715],[429,-396],[692,-59],[616,218],[755,663],[627,1080],[-57,648]],[[513164,411944],[401,-228],[215,-359],[227,-1845],[297,-514],[353,-1153],[96,-928],[234,-421],[-57,-447],[323,-713],[762,-975],[-729,-856],[-332,-179],[32,-780],[169,-626],[-8,-614],[176,-575],[169,-1355],[651,-1077],[8,-788],[289,-423],[-44,-658],[-220,-430],[304,-691],[1177,-1392],[231,-468],[368,-346],[453,-189],[415,-437],[1161,-424],[732,-379],[155,588],[-524,528],[-97,423],[958,-580],[212,857],[-201,409],[-808,700],[-305,687],[148,518],[647,585],[-8,607],[222,50],[-136,-1115],[60,-696],[409,-391]],[[524091,392448],[-645,-265],[-314,-356],[581,-1392],[-27,-688],[-283,-1082],[153,-767],[719,-1101],[615,-737],[-208,-609],[295,-507],[309,-1143],[53,-1412],[177,-1010],[-390,-198],[-570,-716],[-338,241],[-238,593],[-283,368],[120,1016],[-61,627],[-284,952],[-708,1104],[-120,612],[-666,557],[-120,488],[-522,230],[-256,-158],[-371,298],[-45,487],[-610,1489],[-322,586],[-428,-94],[-1029,1175],[-547,157],[-780,791],[66,398],[-1004,444],[-92,-710],[-1128,-492],[-1029,-742],[-216,-391]],[[513491,402409],[-90,418],[-355,258],[-1,781],[-491,496],[-240,1007],[14,715]],[[518102,396898],[887,-1272],[1024,-1007],[555,-950],[-260,-345],[-981,964],[-173,363],[-523,365],[-528,1138],[-1,744]],[[518157,409518],[541,-197],[538,-608],[-467,-415],[157,-914],[-462,-159],[0,-602],[453,-816],[165,-1638],[-565,-1042],[-385,-217],[-286,789],[324,764],[-271,1139],[-288,491],[-56,637],[-524,935],[33,1020],[148,537],[520,-140],[425,436]],[[524031,370359],[504,-243],[359,44],[184,-245],[422,-1178],[-169,-1099],[-466,-677],[-671,463],[-89,521],[-288,390],[-624,307],[-332,752],[319,605],[851,360]],[[521516,372194],[428,-1784],[-250,-473],[-298,194],[-236,1214],[356,849]],[[519849,372946],[408,-213],[-155,-473],[-64,-978],[-184,-997],[-145,-2199],[-494,-1924],[-76,-888],[-209,-487],[-476,225],[-62,525],[315,-17],[240,697],[-915,1270],[157,326],[36,810],[477,318],[239,1246],[-65,774],[-170,385],[92,410],[326,339],[352,33],[452,554],[-79,264]],[[550072,349142],[-112,-542],[-248,169],[-143,1311],[-261,1113],[-426,430],[-769,-33],[-393,-210],[-276,627],[194,684],[-86,1044],[-794,745],[-488,-109],[-199,228],[13,661],[258,376],[256,-194],[190,701],[458,-89],[305,673],[-109,750],[681,1278],[-324,466],[-361,-88],[-625,-487],[-163,141],[-338,957],[-199,133],[-395,739],[-88,645],[-349,30],[-369,532],[-333,1079],[-400,506],[-419,223],[-591,-73],[-554,778],[-215,610],[-602,717],[-296,1260]],[[550751,263956],[-236,380],[153,624],[-214,918],[-387,265],[-243,769],[-256,140],[-210,670],[281,174],[198,1017],[355,420],[317,969],[-135,729],[-52,890],[-320,179]],[[550002,272100],[-22,1364],[207,667],[-114,484],[-533,450],[-257,710],[-387,339],[-466,-32],[355,1163]],[[541975,273756],[634,-341],[2077,-1607],[1526,-1031],[1541,-40],[-5,437],[494,11],[-8,-1201],[460,-80]],[[548694,269904],[-55,-649],[-193,-229],[-60,-633],[-360,-103],[-403,154],[-656,-13],[-498,319],[-477,128],[-176,269],[-707,370],[-741,571],[-502,275],[-267,522],[-426,26],[-706,639],[-322,447],[-273,38],[-286,366]],[[534707,318454],[-617,-365],[-297,115],[-978,1187],[140,637],[259,-161],[626,219],[329,561],[63,555],[402,-290],[235,-1021],[-125,-390],[350,-888],[-387,-159]],[[537352,379795],[628,-439],[295,-620],[398,-275],[212,-495],[206,891],[289,251],[485,-144],[-9,-851],[-289,-89],[-164,-377],[8,-640],[-233,-485],[321,-677],[-17,-1330],[-167,-600],[87,-563],[-92,-595],[-329,-320],[116,-670],[-277,-914],[-763,64],[-504,749],[-83,514],[-622,493],[-238,983],[-121,1773],[382,532],[467,-394],[391,519],[507,-17],[225,807],[-227,662],[-755,-243],[-168,332],[-398,-6],[-68,-633],[-683,-1073],[-406,19],[-157,-287],[-296,600],[-269,6],[-133,531],[-498,-410],[-289,129],[-417,690],[-149,-160],[-481,735]],[[550002,272100],[-661,140],[-282,-1343],[-365,-993]],[[549367,341121],[140,-592],[-234,-449],[233,-766],[-88,-793],[358,-710],[194,181],[219,-442],[72,-1099],[-165,-614],[-325,-130],[-821,425],[-54,-270],[128,-1316],[-109,-96],[-412,808],[-249,1097],[-174,339],[-164,916],[-530,93],[161,-2006],[-81,-525],[442,-1968],[-40,-831],[-334,91],[-444,703],[-316,144],[-114,435],[-456,213],[-645,18],[-235,800]],[[549847,331394],[-410,1194],[-381,239],[-177,434],[-65,894],[122,262],[373,-457],[426,-63],[310,-1332],[261,-620],[-13,-428],[262,-723],[-395,-187],[-70,503],[-243,284]],[[507715,264307],[201,-155],[340,-668],[-298,-685],[-184,-84],[-384,568],[26,671],[299,353]],[[510557,268268],[453,-212],[101,-494],[-414,-378],[-288,489],[148,595]],[[511872,268655],[-487,479],[48,462],[-414,260],[-317,-428],[-960,-626],[-350,664],[-401,-294],[-622,-224],[-382,416],[-64,509],[456,1113],[857,557],[88,370],[991,46],[340,-246],[464,-1192],[719,342],[456,-264],[638,137],[244,-230],[73,-506],[-162,-291],[-530,-396],[-505,-638],[-180,-20]],[[516510,272024],[516,-850],[433,-314],[-64,-311],[-483,468],[-473,754],[71,253]],[[505252,276624],[-143,-1302],[-35,-902],[-419,-183],[-220,161],[253,829],[193,1106],[371,291]],[[552065,323328],[-595,3338],[102,1718],[530,510],[720,-447],[499,-522],[9,-512],[228,-1105],[352,-403],[411,-68],[469,-304],[301,-466],[219,85],[682,-369],[223,-578]],[[556215,324205],[-47,-429],[-390,-540],[-868,-1648]],[[553884,330194],[25,155]],[[556704,328234],[181,-334],[83,-717],[222,-109],[7,-657],[-198,-384],[55,-466],[-260,-365],[-258,321],[-86,768],[185,522],[-206,840],[275,581]],[[553879,330637],[-11,-500],[164,-519],[-48,-345],[-458,-127],[-25,957],[378,534]],[[558160,331922],[255,-1114],[79,-1336],[207,-200],[202,-593],[-502,-608],[-530,91],[-449,246],[-550,1022],[209,1321],[467,826],[229,1139],[383,-794]],[[556215,324205],[320,-10],[204,-776],[-424,-488],[377,-595],[364,-99],[173,-889],[261,-607],[389,-577],[597,359],[495,809],[237,-629],[-136,-345],[-17,-1227],[-208,-832],[763,-1366],[334,-806],[236,-77],[265,-1041],[-160,-250],[257,-549],[-329,-652],[-103,-458],[-480,-124],[-217,-409],[-26,-712],[-405,-155],[-745,-622],[-129,-461],[358,-376],[56,-677],[915,-294],[-119,531],[513,-97],[217,-269],[451,37],[557,-361],[80,-283],[-334,-351],[-95,-703],[256,-205],[-251,-632],[-303,-288],[96,-588],[426,-90],[-100,-619],[-498,-626],[245,-633],[390,156],[534,616],[100,-1085],[-101,-1183],[-260,-1284],[196,-390],[-385,-371],[-180,-541]],[[503049,411181],[-303,1043],[-520,836],[-1128,1107],[70,1174],[160,1192],[327,920],[396,332],[-108,308]],[[494161,253814],[221,-139],[270,-1069],[97,-1187],[-323,-1414],[-172,284],[101,1014],[-18,1144],[-176,1367]],[[501528,260585],[47,-716],[368,-392],[-217,-588],[73,-358],[-190,-1050],[-325,-177],[-168,249],[221,525],[-667,-1],[-313,-486],[-498,435],[-716,-1597],[-1369,-334],[131,1460],[541,109],[484,450],[372,744],[420,-17],[513,657],[966,1021],[327,66]],[[485117,286663],[166,-146],[-67,-982],[-334,-113],[-537,445],[10,449],[478,29],[284,318]],[[502187,404613],[-200,125],[247,822],[-159,720],[-345,490],[-309,-172],[104,-806],[-208,-958],[-274,-165],[-413,670],[-112,600],[-457,846],[-14,871],[78,755],[-67,1387],[-266,1723],[-185,752],[55,401],[-504,970],[34,239],[-514,889],[-174,578],[36,594],[428,10],[223,643],[-204,221],[-19,651],[-250,1],[-130,660],[261,708],[15,408],[-306,154],[-264,618],[287,83],[-122,954]],[[533804,305398],[-778,-187],[-317,-374],[-307,30],[-626,-208],[-258,259],[-975,36],[-47,-836],[-222,-183],[-4,-476],[-296,-502],[221,-946],[-108,-560],[-891,-321],[-882,-852],[-133,-272],[-531,42]],[[527650,300048],[-5,246],[-929,228],[-752,-14],[-226,-881],[-392,-116],[-501,731],[-480,-92],[-213,-531],[-1463,-375],[-297,-992],[344,-552],[-455,-229],[-163,-443],[-381,-1899],[-455,-1473],[113,-78]],[[521395,293578],[-327,-347],[-194,-512],[-273,-204],[-272,-987],[196,-1294],[-332,-238],[-97,-722],[-399,-583],[-179,-480],[-1607,58]],[[517911,288269],[196,713],[406,715],[426,489],[348,84],[130,364],[-274,277],[364,2499],[367,956],[256,182],[-175,729],[132,511],[-158,1110],[37,1236],[194,173],[160,753],[639,767],[-40,708],[316,496],[1006,873],[407,80],[614,383],[443,-116],[537,192],[609,553],[320,741],[204,-611],[457,-162],[728,116],[573,338],[401,43],[786,880],[61,673],[-371,421],[-198,513],[365,195],[145,474],[-114,771],[401,728],[26,363],[371,660],[1330,273],[747,-306],[250,148],[247,540],[220,1191],[406,-121],[214,287],[-114,854],[323,213],[217,-395],[461,-106],[-193,-576],[253,-361],[390,-72]],[[534436,298660],[-491,319],[-305,-63],[-783,-552],[-363,39],[-27,-616],[203,-361],[296,-119],[98,-748],[-144,-853],[-793,-505],[-462,-828],[450,-398],[-30,-533],[670,-862],[-99,-206],[80,-800],[-408,-179],[-302,652],[-328,147],[-178,503],[-374,474],[168,897],[-661,93],[-726,-633],[-404,320],[-83,648],[871,452],[-209,696],[-417,315],[144,535],[-265,498],[-310,-406]],[[529254,296586],[10,1052],[186,300],[-270,561],[-596,-140],[-585,869],[-419,191],[70,629]],[[534530,301564],[153,-932]],[[521395,293578],[780,-646]],[[522175,292932],[-81,-477],[330,-793],[-366,-901],[-485,96],[-110,-1377],[-292,-668],[96,-984],[-93,-327],[-437,-518],[8,-676],[-184,-1074],[-305,-691],[-405,-323],[-1447,956],[-392,737],[-218,1209],[117,1148]],[[529254,296586],[-233,-236],[-66,-684],[-265,-334],[71,-444],[-500,-1828],[-335,276],[-294,863],[-281,-8],[-112,-1051],[-277,-393],[-213,8],[-77,531],[-340,240],[109,459],[323,-70],[-140,878],[-207,269],[-70,1330],[277,946],[-470,453],[-128,-319],[-321,486],[-892,-128],[-221,-339],[-566,-321],[-121,-452],[-453,-711],[-149,-619],[-227,-167],[-85,-580],[437,9],[-595,-983],[-413,-234],[-245,-501]],[[526954,290656],[-386,-234],[-170,1139],[159,910],[164,173],[346,-405],[0,-360],[284,-191],[-12,788],[432,-103],[109,-414],[-413,-1115],[-513,-188]],[[111270,324697],[132,-561],[-111,-267],[-599,437],[-57,666],[194,64],[441,-339]],[[119974,323632],[-72,-41]],[[119902,323591],[-1359,991],[-243,813]],[[118300,325395],[-268,320]],[[118032,325715],[-255,306]],[[117777,326021],[-771,985],[-625,987],[-78,361],[-360,-35],[-672,397],[99,494],[634,140],[445,-196],[250,-858],[800,-1567],[1589,-2045],[886,-1052]],[[116830,327169],[-384,-1155]],[[116446,326014],[-821,643],[42,-784],[-923,779],[-69,-277],[-500,181],[-535,790],[-218,-73],[-273,1125],[711,581],[570,102],[394,-128],[393,167],[29,-607],[183,-229],[570,-36],[304,-264],[50,-361],[477,-454]],[[113819,326130],[-195,-121],[-443,279],[-153,-248],[-300,347],[-230,656],[382,262],[368,-578],[571,-597]],[[119902,323591],[-80,-573],[-183,-183],[-8,-684],[-487,617],[-156,-888],[-1073,-88],[-193,-601],[-636,128],[-845,-206],[-194,-281],[43,-642],[-253,36]],[[115837,320226],[-406,-397],[-309,-16]],[[115122,319813],[27,1413],[-545,433],[-90,920],[972,808],[297,588],[-802,1634],[652,-682],[542,-195],[564,-1178],[414,-20],[554,307],[117,453],[-538,898],[-840,822]],[[116830,327169],[49,-445],[509,-555],[912,-774]],[[118032,325715],[-255,306]],[[115837,320226],[35,-939],[292,-964],[-58,-868],[-239,-164],[-181,-755],[-11,-711],[1591,134]],[[117266,315959],[387,-347],[215,-1219],[-301,-260],[-712,-302],[-653,117],[-427,-1325],[482,-938]],[[116257,311685],[-1171,-475],[-325,65],[-239,-256],[-50,-1699],[-171,16]],[[114301,309336],[-924,456]],[[113377,309792],[-56,66]],[[113321,309858],[-71,73]],[[113250,309931],[180,712],[77,1426],[108,223],[-374,1259],[125,940],[32,971],[522,1010],[606,428],[213,633],[-24,644],[407,1636]],[[112870,316059],[-220,444],[-614,768],[-810,524],[-41,383],[651,-51],[616,-281],[560,-671],[-160,-383],[428,-473],[-410,-260]],[[119974,323632],[463,-614],[33,-327],[369,-307],[992,-1388],[322,-1030],[144,-809],[610,-1816],[-470,-365],[485,-510]],[[122922,316466],[-360,-167],[-191,-332],[-909,-197],[-93,-150]],[[121369,315620],[205,1123],[-920,987],[-389,71],[-56,592],[-566,132],[-547,-771],[-373,637],[-841,-37],[214,-372],[70,-942],[-352,-516],[-548,-565]],[[121369,315620],[-123,-488]],[[121246,315132],[-365,-88],[-459,-429],[-695,-26],[538,-1018],[-316,-778],[-467,-801],[-610,-644],[-547,523],[-385,-520],[-300,-708],[11,-440],[-265,-161],[-148,-419],[-469,224],[-160,810],[-335,240],[-17,788]],[[113882,277318],[226,-41],[977,-785],[81,-226],[650,-256],[282,395],[214,-57],[507,-774],[-39,996],[883,530]],[[117663,277100],[400,-530],[658,-167],[41,-193]],[[118762,276210],[-293,-455],[297,-587],[-198,-295],[-680,818],[55,-584],[278,-629],[-102,-608],[-444,-945],[227,-604],[316,-312],[-270,-377],[-280,-1593]],[[117668,270039],[-618,387],[-746,266],[17,319],[-488,216],[-647,907],[-344,986],[-247,377],[-288,1207],[46,359],[-471,2255]],[[120447,275266],[272,30],[870,-593],[638,45],[262,-397],[679,-89],[-299,858]],[[122869,275120],[941,760],[-115,378],[614,766],[624,11],[87,-365],[382,122],[355,-859],[313,-133],[211,391],[895,384],[563,394],[450,-126],[84,1335],[1216,1291]],[[129489,279469],[307,-593],[214,-16],[439,-454]],[[130449,278406],[-142,-372],[-1236,-1761],[-621,-372],[-194,-572],[-374,-216],[-386,-696],[-256,-29],[-483,-757],[-792,-273],[-1082,-759],[1,-167],[-1249,-308],[-1447,-850],[-420,-131],[-290,-497],[-510,-400]],[[120968,270246],[-333,239],[-278,883],[302,174],[-254,858],[-539,1324],[581,1542]],[[118762,276210],[368,303],[831,130],[-75,-776],[482,120],[79,-721]],[[120968,270246],[-720,-367],[-618,-531],[-119,267],[-956,-2],[-361,539],[-174,-270],[-352,157]],[[129489,279469],[197,5107],[81,722],[-192,318],[-97,692],[116,412],[-222,259],[-753,465],[-64,274],[20,283],[-129,208],[1,76],[108,377],[107,280],[204,260],[91,46],[-106,238],[-140,314],[-67,478],[-388,575],[101,239],[-178,863],[31,445],[-185,542],[-797,-933],[119,-425],[-304,-498],[-340,-68],[38,-1058],[-278,-273],[-229,471]],[[126234,290158],[-46,425],[-275,570],[-316,371],[-203,1248],[160,435],[38,1178],[-139,325],[-558,-268],[-533,-677],[-340,-91],[-246,718],[-16,637],[-62,122],[-217,155],[-67,190]],[[123414,295496],[161,560],[-69,420],[50,152],[-34,352]],[[123522,296980],[1014,54],[242,-559],[756,-424],[389,258],[29,938]],[[125952,297247],[818,-87],[401,-1015],[750,-387],[-125,-1022],[187,-500],[638,-523],[979,-7],[252,123],[141,-671],[-8,-795],[288,-6],[337,534],[726,284]],[[131336,293175],[369,-887],[261,-1356],[32,-755],[-87,-1404],[-322,-269],[307,-1052],[200,-1143],[-102,-807],[-376,-1835],[-44,-1310],[-222,-850],[-275,-633],[42,-392],[-143,-761],[-210,-328],[-317,-987]],[[131452,293262],[20,15]],[[131472,293277],[-20,-15]],[[121246,315132],[555,166],[739,-713],[234,-508],[-277,-746],[-38,-536],[316,-975],[-163,-1074],[469,-1016],[37,-697],[402,-559],[-251,-264],[-352,-1294],[-21,-499]],[[122896,306417],[-257,-866],[-898,-31],[-177,-1116],[-257,-846],[-15,-1116],[137,-300],[-153,-704]],[[121276,301438],[-484,-314],[-222,-533],[-233,46],[-49,-696],[-510,-903],[-342,-106],[-631,-500]],[[118805,298432],[-157,118],[-35,817],[-180,1043],[-339,269],[-59,1201],[-480,256],[-516,844],[-483,40],[-135,262],[-837,483],[-613,510]],[[114971,304275],[-217,403],[-401,220],[-363,-145],[-176,750],[-69,916],[-211,496],[360,825],[241,269],[266,808],[-100,519]],[[126234,290158],[-380,-154],[46,-420],[-246,-516],[-443,-496],[-231,227],[-177,-478],[356,-659],[94,-461],[443,169],[261,-652],[29,-670],[-391,-1339],[-836,-912],[188,-367],[-687,-376],[-9,-798],[191,-505],[-188,-433],[-3,-1034],[187,-250],[-571,-683],[-279,30],[32,625],[-454,860],[-233,252]],[[122933,281118],[-689,-460],[-259,185],[-155,553],[401,223],[1,397],[-408,144],[-44,559]],[[121780,282719],[277,826],[-268,866],[233,778],[277,387],[542,176],[103,744],[250,378],[60,1446],[-77,287],[-47,54],[-61,260],[35,63]],[[123104,288984],[97,-18],[71,-51],[94,6],[86,233],[74,44],[108,-14],[56,31],[91,230],[-64,485],[-92,497],[-235,1136],[-12,1838]],[[123378,293401],[-24,1200],[60,895]],[[125952,297247],[-137,675],[94,2096],[506,412],[490,154],[-325,1111],[75,3231],[-26,188]],[[126629,305114],[111,148],[70,62],[226,55],[47,-67],[-36,-86],[91,-20],[63,-62],[293,-81]],[[127494,305063],[9,0]],[[127503,305063],[54,-2]],[[127557,305061],[242,-1588],[255,-585],[138,-1090],[342,-658],[315,-238],[-82,-593],[353,-310],[12,-846],[185,-499],[329,-243],[269,-646],[386,-281],[607,-1408],[360,-1257],[204,-1542]],[[131452,293262],[-116,-87]],[[122869,275120],[-221,798],[-257,121],[-318,695],[41,834],[-144,545],[347,915],[119,923],[265,431],[232,736]],[[123522,296980],[-86,-86],[-153,8],[-408,-127],[-370,104],[-129,-393],[-881,-177],[-153,956],[56,951],[349,415],[138,1446],[162,501],[-205,418],[-566,442]],[[122896,306417],[160,86],[395,-507],[68,-558],[441,87],[700,-346],[325,62],[174,-318],[428,-171],[-18,-479],[345,-96],[489,1076],[98,-92],[128,-47]],[[112735,285593],[113,4]],[[112848,285597],[-113,-4]],[[112876,285500],[132,-389],[475,-136],[462,82],[750,-553],[196,74],[47,589],[251,355],[527,46]],[[115716,285568],[376,-77],[-63,-840]],[[116029,284651],[-222,-306],[-105,-1260]],[[115702,283085],[-201,111],[-398,-289],[-388,170],[-401,-205],[-291,-463],[-572,-345],[-556,349],[134,-845]],[[113029,281568],[-362,1663],[-217,1689],[426,580]],[[112735,285593],[-208,1966],[201,102],[-20,795],[-301,649],[58,934],[92,6],[35,81]],[[112592,290126],[833,25]],[[113425,290151],[618,673],[559,-531],[583,687],[226,-477],[463,-632]],[[115874,289871],[-136,-990],[-264,-33],[83,-991],[474,101],[-473,-1147],[158,-1243]],[[112876,285500],[-28,97]],[[112493,290097],[87,19]],[[112580,290116],[-87,-19]],[[113882,277318],[-112,192],[41,909],[-180,934],[-602,2215]],[[115702,283085],[346,-1787],[364,-693],[32,-410],[261,-139],[313,-715],[-184,-144],[829,-2097]],[[115874,289871],[807,923],[680,319],[68,727],[340,153],[288,-635]],[[118057,291358],[42,-350],[529,-729],[396,-771],[-95,-331],[313,-526],[-445,-783],[-416,-85],[74,-1437]],[[118455,286346],[-299,-654],[112,-170],[-106,-937],[562,-313],[184,-736],[-139,-206]],[[118769,283330],[-649,146],[-291,276],[-550,-449],[-303,501],[-242,-110],[-329,706],[-376,251]],[[118805,298432],[440,-1651],[87,-1129],[226,-456],[-242,-838],[227,-1095],[-96,-335]],[[119447,292928],[-95,-583],[-386,-97],[-99,-407],[-329,102],[-259,-551],[-222,-34]],[[113425,290151],[-39,1118],[-310,2399],[-46,827],[50,873],[286,986],[252,567],[358,387],[-42,764],[105,519],[665,1011],[12,355],[703,398],[-140,435],[151,419],[36,1056],[-366,456],[-146,1091],[17,463]],[[112592,290126],[-12,-10]],[[112493,290097],[-539,4224],[8,792],[113,422],[-15,946],[-208,1803],[-185,1163],[-511,2676],[-7,2494],[326,128],[40,-793],[-109,-1450],[126,-706],[-81,-334],[310,-500],[519,-163],[82,832],[-313,858],[355,863],[-297,1351],[283,1051],[120,879],[-27,1032],[176,447],[72,1279],[646,401]],[[113321,309858],[-71,73]],[[118769,283330],[1,-760],[307,-218],[1213,-257],[864,113],[626,511]],[[123104,288984],[-275,31],[-189,-58],[-49,-167],[-669,102],[-197,152],[-6,328],[-161,238],[-16,87],[-56,33],[-159,288],[-106,33],[53,-237],[-28,-51],[114,-261],[18,-279],[43,-244],[-457,-771],[-350,-890],[-472,124],[-94,-306],[-153,-57],[-178,24],[-159,-52],[-243,69],[88,-591],[395,-703],[-252,-774],[-212,-66],[-373,652],[-121,493],[-385,215]],[[119447,292928],[206,-448],[639,-670],[428,36],[123,690],[-97,389],[247,257],[623,-703],[298,499],[531,85],[933,338]],[[122922,316466],[-200,-366],[213,-497],[354,349],[1257,-2087],[787,-1458],[459,-1121],[-14,-1207],[-160,-77],[-201,-731],[-297,339],[-203,-511],[464,-105],[121,-600],[795,-128],[48,721],[362,110],[327,-304],[331,-2074],[-8,-486],[152,-791],[1,-154],[-9,-77],[0,-102],[-7,-46]],[[127503,305063],[54,-2]],[[273018,477486],[-1575,-189]],[[270439,477375],[-513,163]],[[269876,477420],[-52,15]],[[269520,476763],[-59,-291]],[[267341,477249],[-25,-1]],[[267316,477248],[-3,-10]],[[265653,478084],[64,115]],[[265572,479294],[8,119]],[[265580,479413],[-4,5]],[[266078,480998],[-6,21]],[[266143,481903],[26,419]],[[266203,482420],[233,76]],[[266479,482827],[-98,188]],[[266353,483286],[21,95]],[[266374,483381],[-28,103]],[[266195,484566],[-40,209]],[[266155,484775],[-122,101]],[[266302,486261],[0,1]],[[266553,487223],[31,61]],[[266186,488377],[-1,7]],[[266185,488384],[-164,562]],[[265853,489521],[-27,5]],[[273057,488276],[-151,-206]],[[272633,487674],[-122,-179]],[[272465,486105],[-17,-313]],[[272101,485641],[-329,42]],[[271772,485683],[-60,-143]],[[272575,483010],[1,0]],[[273261,483064],[1,-2]],[[273573,478987],[5,-20]],[[273920,478829],[26,-26]],[[274701,477943],[-68,-163]],[[668913,99767],[134,-7]],[[669047,99760],[-128,-5]],[[669329,98731],[-41,59]],[[668977,99638],[249,91]],[[669226,99729],[163,335],[-235,450],[336,262],[158,448],[506,281],[825,791],[227,408],[-14,770],[-740,928],[-469,227],[-355,430],[-357,927],[-355,1200]],[[668916,107186],[1672,376],[1147,326],[928,122],[1648,-496],[1966,-728],[2909,-944],[722,-18],[1032,192],[1203,30],[769,-170],[1008,-1360],[1638,-1720],[1997,-1043],[2715,-1129],[2941,-1235],[1278,-357],[4277,-946],[2907,-698]],[[701648,81514],[-70,29]],[[701562,81550],[-1,0]],[[701017,77957],[-7,-2]],[[700821,77835],[-3,-7]],[[700430,76063],[-2,-2]],[[700436,75444],[-1,-8]],[[700763,39579],[-479,852],[-273,794],[-1041,1117],[-210,307]],[[697240,45873],[-80,426],[-762,994]],[[695818,48176],[-76,532],[-255,-71],[-882,1196]],[[694502,50036],[-48,141]],[[694466,50331],[-686,477]],[[693570,51088],[-71,85]],[[693489,51184],[-663,704]],[[692866,54944],[21,249]],[[692675,55506],[-7,-206]],[[692515,54869],[-451,-63],[-370,-538],[-543,-101]],[[690884,54221],[-24,8]],[[690350,54287],[-359,327],[-650,153],[-1241,-172],[-108,-288],[-507,-588],[-200,51],[-602,-422],[-427,-38],[-723,460],[-397,595],[-88,609]],[[684771,54661],[-1161,-578],[56,-161]],[[683381,53735],[-122,-42]],[[683271,53635],[-583,-692]],[[682567,52837],[-21,-27]],[[682383,52721],[82,-297]],[[682329,52148],[-566,657],[-401,1073],[4,439]],[[681724,54483],[557,450],[28,415],[-233,448],[160,562],[-136,704],[151,457],[769,661],[100,249],[-112,883],[47,523],[266,563],[80,830],[311,617]],[[683719,61855],[91,636]],[[683808,62530],[-367,532]],[[682231,63391],[-340,1813],[-174,355]],[[681603,65849],[-42,93]],[[681385,66228],[-39,46]],[[680647,66829],[-21,29]],[[680485,67050],[-158,137]],[[679896,67486],[-79,45]],[[679689,67585],[-25,14]],[[679471,67955],[139,185]],[[680839,67990],[853,120]],[[682050,68023],[421,-367]],[[682899,67473],[535,-12]],[[684298,67540],[358,532],[138,597]],[[684872,68809],[-368,-149]],[[684158,68060],[-30,-4]],[[683714,68009],[-254,-29]],[[683208,67951],[-357,205]],[[678495,72047],[14,503],[334,321],[860,-388],[353,153],[476,662]],[[680766,73386],[518,62]],[[681961,73591],[37,-18]],[[682166,73461],[394,-333],[233,-549]],[[684337,71582],[64,161]],[[683836,71944],[-42,63]],[[683738,72094],[-1264,1546],[-297,164],[-65,534],[-392,180],[-318,-253],[-435,324],[4,1140],[-278,505],[-1017,902]],[[679644,77168],[-118,97]],[[679263,77793],[-16,32]],[[677796,80004],[-119,217]],[[677571,80315],[-130,183]],[[677128,81509],[-118,355]],[[676880,82409],[-135,631]],[[676331,85445],[-11,26]],[[676301,85589],[-321,1331],[-464,850]],[[676834,88980],[21,24]],[[676840,89017],[-25,293],[-598,-326],[-586,26],[-378,371],[-591,237]],[[674662,89618],[-155,358]],[[676397,91503],[-405,153],[-559,-261]],[[675075,91224],[-421,-360]],[[674555,90812],[-69,-6]],[[674255,90812],[-482,-252]],[[674042,93586],[-262,295]],[[673780,93881],[-14,10]],[[673526,95441],[-116,-211]],[[673300,95005],[-84,-584]],[[672140,96856],[-180,27],[-417,-580]],[[670926,96880],[-32,68]],[[670896,97758],[-172,-94]],[[670422,97652],[-17,12]],[[669998,98613],[-126,-68]],[[669833,98523],[-187,134]],[[669535,98564],[-81,46]],[[676433,88897],[368,109]],[[679688,76617],[929,-617]],[[680818,75822],[144,-768],[-61,-463],[498,-673]],[[680179,75155],[-447,182]],[[680530,76138],[196,-200]],[[681694,63327],[108,-204]],[[681971,62881],[61,-74]],[[682160,62728],[981,-229]],[[681560,55346],[-3,-74]],[[681616,55092],[-389,-322]],[[680908,54543],[-2,-4]],[[680254,53630],[-581,-36]],[[679537,53536],[-12,-13]],[[677814,50977],[-287,-515],[-235,28],[-1388,-659],[-460,11]],[[675194,49936],[-2,41]],[[674805,49929],[-95,14]],[[672217,50025],[-426,243],[-136,-166],[-1293,-205],[-522,-167],[-308,-253]],[[669753,51001],[14,98]],[[669936,51839],[10,43]],[[669970,51985],[1,7]],[[669992,52082],[559,1873],[586,1229]],[[671203,55297],[524,1988],[278,658],[385,1278],[674,1022],[137,614],[430,876],[1775,2147],[458,320],[1221,665],[963,242],[836,90],[706,230],[884,-204],[493,-247]],[[681874,57234],[210,-696],[-112,-730],[204,-773],[-308,38]],[[681760,55680],[111,462]],[[681878,56344],[-78,727]],[[692095,54426],[161,137]],[[681639,54674],[41,75]],[[681108,53767],[374,-655],[16,-642]],[[681464,52518],[-353,997]],[[681755,50109],[-8,-38]],[[681694,49969],[-116,-86]],[[681397,49857],[-598,40]],[[680496,49951],[-392,253],[-588,-52]],[[679374,50140],[-121,38]],[[679253,50178],[-490,192],[28,850],[398,223],[614,953],[72,705]],[[679715,53072],[-370,-1059],[-708,-671]],[[679206,51966],[248,480],[57,510]],[[682263,51840],[75,299]],[[681930,51559],[93,-223]],[[681965,51307],[-51,172]],[[678588,51289],[1,-44]],[[678462,50964],[-108,-100]],[[677348,50127],[-521,-218],[-97,261],[420,96],[157,183],[250,-11],[243,417]],[[675512,49631],[27,-54]],[[653689,136430],[52,6]],[[673300,128807],[-172,-1735],[140,-623],[73,-1374],[304,-175],[28,-394],[362,-531],[276,-181],[444,-610],[511,-117],[293,-1296],[365,-1100],[-339,-616],[-808,-384],[-581,89],[-1120,-112],[-551,-417],[-29,-1184],[-115,-271],[-638,-224],[-552,-46],[-539,-519],[-410,-678],[-353,-1764],[-134,-4620],[-924,-2173],[85,-566]],[[669226,99729],[-179,31]],[[668793,100013],[-369,-219]],[[667681,100324],[-97,13]],[[667467,100280],[-86,31]],[[666750,101243],[-88,42]],[[666273,101660],[-139,-79]],[[665902,102657],[-395,-117],[-89,-399]],[[665164,101884],[-308,282]],[[664559,102365],[-102,83]],[[664045,103011],[-103,48]],[[663704,103043],[-130,-37]],[[663191,102873],[-2,-4]],[[662945,103805],[-434,3]],[[662477,103783],[-54,-32]],[[662370,103659],[-112,-106]],[[662143,103508],[-92,-107]],[[662003,103395],[-10,-5]],[[661869,103308],[-79,-12]],[[661778,103274],[-81,-37]],[[661425,103653],[-31,11]],[[661345,103878],[142,547],[-446,70],[-175,-683]],[[660803,103850],[-408,563],[-229,581],[-253,-262],[-379,25]],[[659502,104785],[-395,352]],[[659009,105224],[-108,96]],[[658612,105546],[-208,251]],[[658367,105805],[-317,282]],[[657885,106249],[-99,31]],[[657705,106317],[-42,49]],[[657312,106722],[-9,4]],[[657146,106823],[-36,30]],[[656843,106965],[-57,50]],[[656557,106857],[-86,81]],[[656179,107005],[-238,39]],[[655829,107192],[-24,14]],[[655751,107171],[-29,-47]],[[655157,107530],[-11,14]],[[655034,107630],[-201,115]],[[654643,107901],[-545,410]],[[653664,108790],[-40,71]],[[653624,108861],[-154,274]],[[653130,109512],[-47,49]],[[652955,109655],[-153,61]],[[652797,109718],[-349,31]],[[652047,109760],[-222,-9]],[[651608,109720],[-274,-40]],[[651207,109614],[-46,-17]],[[650978,109633],[-25,12]],[[650729,109717],[-627,168]],[[648681,110425],[-314,57]],[[648122,110539],[-75,-29]],[[647984,110510],[-175,-11]],[[647462,110462],[-66,0]],[[647193,110407],[-1008,-256]],[[645200,110907],[-15,14]],[[644796,111282],[-80,156]],[[644360,111686],[-112,221]],[[643668,112331],[-218,400]],[[643277,113022],[-186,208]],[[642944,113326],[-56,2]],[[646453,121032],[56,111]],[[640762,134866],[257,-933],[-9,-921],[519,-403],[265,-38],[145,426]],[[642074,133238],[263,240]],[[642367,133760],[95,138]],[[642587,134030],[31,-201]],[[642592,133688],[7,-96]],[[642555,133461],[45,-249]],[[642461,133095],[165,-597]],[[642455,132395],[-36,-65]],[[642322,132289],[-23,-62]],[[642271,132177],[9,-482]],[[642269,131638],[11,-377]],[[642264,131227],[-19,-303]],[[642260,130870],[-73,-242]],[[642156,130539],[176,-115]],[[642463,130361],[202,-289],[32,-925]],[[642714,129069],[5,-5]],[[642753,129139],[28,83]],[[642781,129312],[21,-289],[-85,-82],[0,-294],[473,-184]],[[643249,128408],[145,-25]],[[643424,128367],[-23,187]],[[643554,128703],[-21,-331],[-65,-216],[341,-608],[226,-141]],[[644282,127310],[108,49]],[[644890,127196],[129,-377]],[[645266,126703],[23,7]],[[645355,126698],[241,140]],[[645741,126776],[25,-11]],[[645947,126698],[130,-15]],[[646208,126745],[896,-160]],[[647225,126496],[682,269]],[[648186,126873],[456,-50]],[[648833,126987],[36,21]],[[648989,127216],[465,725]],[[649698,128955],[21,101]],[[651432,130793],[33,394]],[[651376,131253],[-106,65]],[[651419,131722],[106,-120]],[[652779,132677],[67,78]],[[653098,133346],[11,82]],[[653066,133817],[-53,567]],[[653480,136137],[60,84]],[[651539,131646],[-22,20]],[[651667,131754],[-70,-84]],[[643569,128717],[-7,-6]],[[643388,128392],[-33,77]],[[658062,106068],[20,-33]],[[665789,102531],[99,111]],[[603594,178382],[2,0]],[[603714,178410],[4,-1]],[[603792,178382],[56,-20]],[[604576,178105],[41,-15]],[[604675,178070],[338,-156]],[[605149,177601],[29,-63]],[[605253,177581],[138,219]],[[605416,177830],[61,-1]],[[605632,177857],[20,18]],[[605753,177951],[82,8]],[[605898,177602],[-64,-45]],[[606038,177485],[20,-6]],[[606101,177468],[114,-30]],[[606408,177387],[207,-54]],[[607013,177173],[139,-178]],[[607331,176766],[28,-288]],[[607519,176384],[29,-18]],[[608017,176311],[118,-166]],[[608481,175639],[18,-183]],[[608514,175309],[-145,-187]],[[608338,175090],[-6,-6]],[[608339,174823],[4,-43]],[[608378,174693],[179,-330]],[[608605,173962],[-175,-209]],[[608381,173640],[-465,-611]],[[607959,172805],[-483,161],[-110,328],[-352,207],[-728,87]],[[606205,173533],[-131,-224],[-641,-43]],[[605417,173257],[19,-183]],[[605398,173055],[-372,215]],[[604968,173427],[-79,213]],[[604797,173765],[-45,168],[-113,-16]],[[604602,174021],[2,7]],[[604572,174272],[-314,673],[-247,-157],[-479,294]],[[603546,175397],[-75,535],[-253,185]],[[602543,177156],[-44,200]],[[602444,177361],[-25,2]],[[601969,177212],[-186,97]],[[601849,176931],[239,14]],[[601895,176746],[-85,-88]],[[601944,176324],[-1,0]],[[601813,176478],[76,-219]],[[602164,176166],[117,-213]],[[602301,175914],[13,-25]],[[602407,175707],[279,-652]],[[602806,174728],[154,-420]],[[602991,174224],[21,-225]],[[603070,174010],[219,-44]],[[603390,173875],[22,-20]],[[603479,173794],[29,-26]],[[603666,173653],[129,241]],[[604010,173847],[1,-18]],[[604016,173772],[67,-107]],[[604468,173563],[41,27]],[[604724,173582],[29,-122]],[[604834,173019],[-102,-175]],[[604765,172748],[-23,-226],[-1211,-762],[-623,51]],[[602866,171858],[-139,304]],[[602703,172267],[-36,521],[-193,484]],[[602476,173358],[19,13]],[[602518,173387],[68,47]],[[602647,173481],[-94,461]],[[602438,174038],[-32,-15]],[[602002,173846],[-507,-254]],[[601436,173574],[-1,0]],[[601375,173527],[37,-84]],[[601438,173386],[-71,-200]],[[601332,173093],[-8,-20]],[[601294,172994],[-36,-95]],[[601242,172856],[-66,690],[-182,285]],[[600880,174019],[140,643],[-291,29]],[[600504,174572],[-155,-49]],[[600281,174496],[-472,-47]],[[599667,174479],[-493,87]],[[599131,174570],[-51,-11]],[[599066,174545],[-19,-3]],[[598992,174550],[-186,322]],[[598634,175017],[-106,54]],[[599310,175397],[8,8]],[[599409,175170],[43,-124]],[[599466,175006],[-1,-13]],[[599641,174998],[4,2]],[[599694,175035],[30,22]],[[599791,175300],[234,159]],[[600106,175498],[-265,299]],[[599618,175844],[347,144],[-130,531]],[[599725,176456],[-17,-106]],[[599370,176372],[-79,-79]],[[599194,176184],[-173,153]],[[599008,176318],[48,-182]],[[599149,175779],[14,-51]],[[599148,175695],[-332,195]],[[598771,176009],[-113,295]],[[598658,176304],[-56,486],[345,106]],[[599073,176865],[66,87]],[[599215,176587],[402,277]],[[599625,176859],[234,-73],[756,620],[210,362]],[[600869,177747],[42,-32]],[[600965,177643],[84,-145]],[[601069,177449],[17,-37]],[[601119,177433],[153,45]],[[601278,177498],[64,-36]],[[601343,177533],[170,146]],[[601620,177791],[46,-18]],[[601846,177637],[45,-34]],[[602094,177690],[610,331]],[[602721,177761],[-12,-124]],[[602830,177707],[568,130]],[[603424,177850],[-24,34]],[[599894,176235],[-5,-158]],[[598061,175366],[43,12]],[[604711,173848],[40,-38]],[[619386,173214],[780,-180]],[[620653,173001],[197,-14]],[[621174,172959],[255,-36]],[[621568,172903],[447,80]],[[622097,172788],[143,-201],[1739,-1191],[356,189],[97,-321]],[[624436,171262],[123,-311],[304,-26]],[[625031,170654],[439,-33]],[[625568,170611],[326,-545],[359,98]],[[626253,170164],[15,-30]],[[626333,169894],[25,-93]],[[626395,169746],[610,-459]],[[627196,168974],[291,-476]],[[627862,167884],[111,-131]],[[628581,167195],[90,-5]],[[629684,167138],[12,-4]],[[620288,144885],[-496,-274]],[[617052,145449],[-27,32]],[[616432,145861],[-86,59]],[[615806,146440],[-23,50]],[[615606,146864],[-8,74]],[[615642,146989],[245,237]],[[616003,147381],[136,320]],[[616215,147862],[-105,-20]],[[616008,147792],[130,487],[-209,290],[-243,-208],[33,-708]],[[615358,147878],[-13,22]],[[614941,148540],[56,180]],[[615052,148897],[-8,87]],[[615025,148990],[-14,760],[-227,581]],[[614745,150401],[-84,-117]],[[614843,151369],[226,357]],[[615229,151796],[69,3]],[[615471,152174],[-112,362]],[[615322,152729],[-286,-46]],[[614208,152618],[-1,48]],[[614245,152946],[-30,33]],[[614165,153820],[10,33]],[[614175,153853],[89,243]],[[614514,154339],[24,23]],[[614804,154589],[72,350]],[[614532,154722],[-346,-245]],[[614048,154726],[-18,17]],[[613781,154578],[-9,-14]],[[613268,154680],[49,447]],[[613180,155520],[-43,-161]],[[612330,154870],[396,824],[-27,619],[-282,380],[-482,-327],[-188,120],[-522,-179],[-291,-459]],[[610595,155880],[-88,26]],[[610360,155989],[-37,9]],[[610076,155744],[-18,-63]],[[609750,155510],[-155,171]],[[609342,156343],[6,7]],[[609518,156547],[119,138]],[[609433,156601],[-105,193]],[[609328,156794],[-157,283]],[[609120,157142],[-25,30]],[[608384,157282],[-22,22]],[[608192,157373],[-87,-139],[524,-631]],[[607524,155177],[-97,226]],[[607214,155905],[-184,130]],[[606420,156318],[-880,-110]],[[605425,156254],[-304,152]],[[605327,157112],[206,346]],[[605941,159044],[65,132]],[[606254,159442],[330,-16]],[[607612,160970],[19,39]],[[608135,163235],[0,238]],[[608135,163500],[0,284]],[[608147,163900],[-5,298]],[[608141,164351],[69,55]],[[608318,164411],[83,-5]],[[608299,164733],[-2,4]],[[608139,164885],[-132,148]],[[607929,165156],[-34,214]],[[607900,165503],[-21,46]],[[607840,165633],[-18,105]],[[607847,165888],[607,236],[564,343],[344,27],[209,333],[572,245]],[[610279,167156],[85,41]],[[610718,167160],[10,-15]],[[610659,166979],[-151,-318]],[[611178,166913],[746,118],[1131,427]],[[613119,167478],[17,6]],[[613241,167517],[60,19]],[[613467,167626],[769,555],[10,314]],[[614274,168545],[640,1088],[927,625],[109,507]],[[616061,171154],[477,384],[213,404]],[[617238,172267],[458,324]],[[618045,172695],[362,-12],[579,374]],[[619046,173097],[65,43]],[[601369,172337],[-88,-357]],[[601233,171962],[-91,62]],[[601160,172118],[160,726]],[[601363,172841],[29,19]],[[602306,171814],[41,-38]],[[602475,171658],[-87,-497],[-444,-672],[-448,-157]],[[601450,170351],[-15,33]],[[601521,170373],[11,-2]],[[601586,170484],[-1,27]],[[601580,170624],[72,294]],[[601727,171032],[-91,343]],[[601533,171359],[-233,-218]],[[601094,170762],[-643,-142]],[[600549,170726],[243,417],[-382,145]],[[600540,171405],[14,35]],[[600702,171661],[20,3]],[[600752,171633],[133,-410]],[[601725,171996],[36,0]],[[601784,172021],[3,26]],[[602233,170732],[78,185]],[[604545,166673],[103,-127]],[[604671,166536],[60,25]],[[604421,166366],[-117,-114]],[[604164,166025],[37,-69]],[[604243,165876],[133,-123]],[[604295,165610],[-54,63]],[[604040,165515],[-1,-30]],[[603459,165153],[-55,-22]],[[603331,165127],[-162,-9]],[[602973,165108],[-1,0]],[[602691,164936],[-179,-93]],[[601752,164598],[-17,-2]],[[601561,164576],[-215,-9]],[[601261,164603],[-121,37]],[[600998,164556],[-599,210]],[[600414,164540],[-164,341]],[[600258,165121],[2,497]],[[600241,165960],[89,122]],[[600338,165964],[330,245]],[[600567,166056],[-64,-96]],[[600551,165793],[442,-270],[306,371]],[[601327,165957],[4,80]],[[601439,166042],[15,-19]],[[601514,165945],[447,216]],[[602052,166077],[3,-5]],[[602158,165920],[308,29]],[[602480,166000],[-23,68]],[[602504,166052],[45,-18]],[[602596,166015],[15,-6]],[[602682,165827],[6,-2]],[[602731,165808],[127,98]],[[602955,165879],[86,61]],[[603205,165987],[297,235]],[[603486,165981],[172,169]],[[603680,166113],[7,-11]],[[603714,166058],[40,-24]],[[603736,166119],[-14,61]],[[603705,166259],[23,95]],[[603757,166470],[86,184]],[[603849,166611],[12,-102]],[[603894,166527],[19,49]],[[603952,166675],[41,10]],[[604017,166394],[22,-37]],[[604066,166309],[32,-57]],[[604149,166201],[66,177]],[[604215,166378],[30,322]],[[604282,166624],[187,128]],[[604080,164693],[639,76]],[[604767,164642],[4,-171]],[[604780,164313],[263,-159]],[[605073,164169],[2,1]],[[605117,164191],[118,61]],[[605426,164348],[415,125]],[[606074,163789],[157,-115]],[[605662,159084],[-156,-540]],[[603704,159068],[-47,63]],[[603532,159222],[-2,0]],[[603079,160241],[-59,85]],[[602976,160399],[-57,434]],[[602539,161537],[243,436]],[[602739,162073],[-2,9]],[[602737,162133],[-63,270]],[[602414,163822],[203,103]],[[602830,164015],[21,8]],[[603287,164206],[4,2]],[[603380,164245],[46,11]],[[603497,164273],[86,93]],[[603687,164450],[5,3]],[[603783,164526],[73,59]],[[599899,164612],[10,-104]],[[599838,164463],[18,104]],[[595174,160131],[-6,177]],[[594588,159759],[193,415]],[[593570,160479],[621,148],[345,282],[313,-230],[596,-112]],[[594387,159714],[52,-45]],[[594451,159676],[-34,67]],[[594552,159874],[17,-126]],[[608173,157223],[7,56]],[[599326,152489],[-240,-432],[323,-380]],[[599495,151587],[18,-20]],[[599831,151211],[227,-574]],[[600072,150417],[-48,-299]],[[599840,150115],[-21,-269]],[[599811,149674],[-33,-31]],[[599596,149559],[-111,-113]],[[599401,149366],[-67,-64]],[[599158,149135],[146,-246]],[[599362,148853],[23,-14]],[[599429,148703],[377,-124]],[[599985,148467],[2,-72]],[[599949,148151],[-7,-3]],[[599786,148290],[-13,-8]],[[599700,148241],[-18,-10]],[[599580,148165],[97,-189]],[[599564,147804],[-404,301]],[[598915,148176],[-159,-273]],[[598668,147886],[6,-63]],[[598471,147781],[9,-38]],[[598511,147609],[-2,-1]],[[598364,147677],[-23,11]],[[598484,147436],[-53,-131]],[[598159,147051],[-128,-33]],[[597954,147011],[-9,-1]],[[597617,146981],[-545,53],[-314,465]],[[596776,147570],[-17,18]],[[596717,147564],[-164,-62]],[[596411,147605],[-8,-17]],[[596350,147609],[-117,-93]],[[596045,147546],[-36,43]],[[596029,147648],[24,70]],[[595971,147695],[-182,-57]],[[595746,147670],[-62,143]],[[595421,147801],[-94,30]],[[594536,148303],[-53,49]],[[593712,149086],[-192,153]],[[593360,149400],[-103,136]],[[593235,149749],[17,46]],[[594033,150293],[33,18]],[[594562,150584],[35,19]],[[594770,150830],[107,159]],[[595642,151390],[117,102]],[[597186,152074],[18,6]],[[597254,152084],[287,-18]],[[598133,152024],[286,250]],[[598612,152511],[540,302]],[[615779,147682],[75,36]],[[603725,166702],[-84,-41]],[[603615,166703],[4,162]],[[600027,164585],[43,27]],[[611205,155662],[25,390],[577,95],[601,473],[234,-329],[-55,-744],[-275,-186]],[[614765,150296],[164,-525],[-20,-666]],[[553851,53770],[-56,-914],[-225,-447],[-97,-953],[-210,-359],[-453,182],[-260,427],[261,607],[169,-1],[430,927],[441,531]],[[566554,763753],[8,-9]],[[566580,763731],[50,-34]],[[566367,763356],[-1,-1]],[[566206,763230],[-18,-15]],[[566050,763117],[-19,-30]],[[565831,762987],[-7,-6]],[[565803,762962],[-11,-18]],[[565789,762937],[-5,-10]],[[565783,762922],[-1,-19]],[[565770,762892],[-3,-28]],[[565751,762838],[-1,-39]],[[565749,762796],[-3,-7]],[[565726,762763],[-8,-12]],[[565718,762751],[-1,-18]],[[565709,762718],[3,-12]],[[565700,762632],[2,-7]],[[565702,762625],[20,-18]],[[565721,762594],[-10,-5]],[[565710,762588],[-3,-20]],[[565701,762540],[-6,-19]],[[565680,762459],[-5,-9]],[[565666,762432],[-7,3]],[[565589,762045],[0,-1]],[[565572,762001],[-37,-35]],[[565535,761966],[1,-18]],[[565398,761848],[-9,-16]],[[565312,761703],[-2,-3]],[[565270,761582],[-3,-4]],[[565270,761549],[-6,-44]],[[565138,761379],[-21,-6]],[[565104,761371],[-25,-7]],[[564958,761348],[-21,-39]],[[564165,760689],[-3,-2]],[[563827,760353],[-1,-32]],[[563845,760261],[10,-1]],[[563967,760070],[-1,-1]],[[563933,759385],[-1,-18]],[[563951,759150],[-354,-808],[-498,-408],[-1643,1231],[-224,408],[-104,637]],[[565860,764658],[56,-113]],[[600200,831144],[24,0]],[[600330,831935],[20,42]],[[600851,832124],[15,-118]],[[600868,831544],[33,-74]],[[601485,830117],[9,-70]],[[601807,829321],[396,-639],[-101,-585],[192,-631],[-113,-386],[-443,84],[-264,428],[-536,77],[-145,269],[-700,-282],[-380,-338],[-451,-1199],[-518,310],[-666,-948],[-271,-62]],[[538377,281941],[86,339],[-181,441],[-437,58],[-188,443],[171,682],[-168,421],[120,1047],[241,589],[-32,284],[434,1301],[284,595],[338,33],[866,670]],[[540105,289866],[4,1093],[438,300],[-68,902],[-622,69]],[[539936,292623],[-14,65]],[[539840,292844],[4,4]],[[539858,292863],[3,5]],[[539867,292906],[1,5]],[[539873,292951],[2,2]],[[539937,293055],[0,5]],[[539953,293125],[-2,-7]],[[540002,293117],[1,12]],[[540039,293139],[1,3]],[[540053,293186],[-2,3]],[[540033,293258],[1,4]],[[540052,293289],[2,4]],[[540045,293315],[1,5]],[[540016,293395],[-2,6]],[[540047,293434],[-1,8]],[[540097,293471],[1,5]],[[540105,293476],[2,5]],[[540128,293477],[4,1]],[[540132,293478],[2,4]],[[540387,294258],[6,13]],[[540405,294295],[75,173]],[[541467,294905],[896,425]],[[542316,289519],[6,4]],[[742423,396068],[722,315],[35,-631],[-310,-166],[-378,-615],[-379,249],[-275,-66],[-137,382],[722,532]],[[746687,409725],[35,-980],[171,-399],[-206,-798],[-206,-232],[-241,398],[-69,632],[-172,365],[138,532],[413,631],[137,-149]],[[748063,412716],[103,-366],[-241,-831],[-344,-797],[138,-632],[-654,100],[-34,449],[138,1096],[481,715],[413,266]],[[747306,429596],[0,-349],[-413,-83],[-343,216],[206,415],[550,-199]],[[747891,457326],[619,-266],[0,-465],[-757,-1030],[-172,465],[172,1080],[138,216]],[[746825,465750],[-241,349],[-34,598],[172,349],[378,-34],[206,-897],[-481,-365]],[[93981,723011],[133,954],[578,16],[486,274],[785,-502],[265,83],[43,644],[790,2031],[951,-83],[640,165],[120,563],[1326,91],[471,642],[472,106],[188,475],[1196,257],[265,594],[271,1008],[681,-445],[819,-216],[138,-246],[500,489],[837,-34],[210,-178],[803,-88],[663,553],[49,374],[901,-240],[26,-583],[277,-519],[-156,-270],[473,-556],[545,519],[294,-38],[-232,-738],[273,-627],[356,-164],[150,-833],[323,-363],[211,-625],[684,-519],[437,21],[489,-454],[839,289],[448,-365],[-352,-322],[504,-1621],[367,-650],[323,227],[208,616],[699,468],[-160,579],[380,438],[178,-308],[709,15],[46,-338],[542,-76],[512,-797],[90,-522],[-424,-778],[-290,-21],[-568,-510],[-73,-325]],[[113089,710712],[-592,-403],[-150,-352],[-416,-287],[147,-584],[-130,-387],[216,-365],[-158,-923],[-700,-128],[-464,-263],[-483,-73],[-179,237],[-764,-70],[159,-1058]],[[116330,650137],[14,-21]],[[116251,649578],[-403,-658],[-419,-246],[-486,615],[-255,28],[-394,483],[-624,466],[-340,565],[-344,162],[136,544],[-209,336],[-583,-139],[-48,99],[-7,14],[-27,58],[-42,88],[-45,92],[-50,93],[-101,321],[-353,659],[-461,161],[-92,264]],[[108332,655152],[-574,-647],[-297,-76],[62,-882],[-373,1],[-466,-292],[-211,91],[-143,721],[-342,241],[-737,-359],[-462,662],[-345,82],[-188,433],[68,606]],[[104262,656154],[18,363],[-49,187],[-57,80],[-221,120],[-382,944],[-344,574]],[[101852,667610],[76,-126],[-41,-335],[-45,-206],[-2,-5],[-8,-10],[-7,-11],[-4,-15],[-20,-40],[-17,-76],[-288,-328],[10,-453]],[[102070,668568],[-573,661],[-1016,575],[45,549],[-816,950],[-92,372],[-514,-216],[-248,1186],[428,426]],[[100200,678827],[253,332],[345,-53]],[[101113,679456],[175,334],[553,252]],[[105815,687499],[627,859],[1030,-730],[591,178],[266,-386],[-382,-890],[-136,-854],[-296,-438],[62,-566],[432,-795],[98,-426],[798,-640],[-112,-657],[192,-502],[737,-637],[-132,-431],[46,-836],[-229,-384],[-110,-76],[-23,-7],[-23,-26],[-53,-11],[-37,-48],[-570,-936],[-288,-927],[-716,318],[-238,311],[-338,-63]],[[202193,601712],[2,-483],[-468,-516],[-851,-243]],[[122828,642159],[688,319],[385,-217]],[[93007,723227],[-7875,-7710],[-32,165]],[[486674,687483],[-525,-127],[-343,172],[-196,-474],[43,-686],[-605,-1518],[-292,-456],[-579,-131],[-731,-505],[-375,189],[-374,-429],[-57,-618],[-423,289],[-145,510],[131,574],[-519,785],[-210,-86],[-125,-695],[-329,-167],[-264,-528],[-497,-470],[-122,348],[585,803],[474,1007],[255,154],[443,-190],[675,-948],[119,248],[-233,578],[-246,1743],[-205,330],[-471,0],[-893,-416],[-1147,100],[-198,-303],[42,-1083],[-346,-344],[-437,-135],[-564,420],[-99,208],[774,-226],[380,77],[162,568],[-153,922],[232,559],[372,195],[1064,-199],[630,618],[547,41],[361,-316],[249,-659],[-76,-700],[88,-808],[215,-714],[301,-415],[499,-181],[494,86],[201,230],[230,610],[-675,-217],[133,510],[715,344],[273,862],[-23,438],[-494,63],[-366,-208],[-1552,786],[-99,253],[65,853],[729,-636],[250,573],[284,145],[471,645],[-119,953],[471,72],[473,610],[-71,-827],[670,118],[176,-461],[389,194],[-718,976],[-426,826],[-258,1011],[-79,998],[71,316],[763,163],[258,-109],[34,-1160],[357,-63],[-88,-772],[256,-542],[337,-194],[1096,-289],[368,-714],[548,-492],[-148,-596],[-295,-492],[-144,-943],[-264,-308],[-134,-740],[-292,-569],[-59,-307],[54,-339],[-730,-167],[12,858],[255,262],[-261,479]],[[314138,967661],[281,-537],[-258,-1684],[65,-736],[-346,-754],[-306,-1183],[323,-908],[-573,-456],[281,-668],[-525,-1169],[-1492,-1382],[161,-420],[-85,-564],[-678,-488],[3,-740],[-170,-556],[698,-176],[-199,-1047],[-496,-217],[-329,-420],[-642,230],[-570,-262],[-428,46],[-497,-605],[-17,1115],[400,636],[-102,312],[636,840],[-205,1314],[60,2000],[474,1847],[329,2198],[-613,1698],[97,1129],[451,-199],[786,262],[258,307],[343,899],[-176,374],[-618,-243],[-179,528],[627,799],[573,248],[167,709],[398,569],[632,-451],[292,-1161],[522,-749],[647,-285]],[[615352,872581],[105,250],[754,677],[837,384],[2162,50],[860,-339],[604,-113],[1447,-880],[738,-930],[360,-1260],[-29,-660]],[[351122,369247],[-184,-91],[-491,465],[-366,818],[-525,185],[-329,-208],[-77,63],[-445,185],[-630,569],[-729,276],[-616,1264],[-178,655],[96,555],[-221,284],[96,565],[-465,104],[-533,-321],[-131,425],[-366,13],[-689,930],[-982,944],[-204,1007],[-267,153],[40,127],[59,94],[171,199],[-488,637],[-122,483],[-88,989],[-159,830],[153,497],[145,113],[604,-348],[420,54],[366,-243],[1172,-542],[249,-280],[602,-1088],[513,-2253],[409,-912],[37,-371],[343,-821],[99,-659],[66,-276],[130,-280],[369,-149],[1095,321],[318,-72],[462,-745],[40,-615],[-264,-889],[338,-424],[59,-262],[-65,-136],[-142,-27],[-261,109],[51,-240],[151,-180],[283,212],[80,-221],[465,-154],[295,-298],[-119,-808],[360,-212]],[[473604,924294],[-199,-339],[-990,-487],[-667,347],[-54,285],[534,524],[-772,568],[219,619],[-134,379],[-510,298],[-670,1210],[281,822],[508,18],[473,361],[185,483],[1923,1572],[131,645],[2102,3174],[125,344],[525,67],[562,596],[380,-713],[-463,-858],[-73,-682],[695,-582],[471,-176],[28,-894],[851,-217],[1265,461],[364,-55],[99,-632],[-162,-537],[-562,-411],[-1322,424],[-737,619],[-585,-980],[253,-216],[82,-633],[-573,50],[-301,-203],[-516,-1048],[-868,-1137],[-497,-483],[-1481,-958],[423,-424],[-343,-1201]],[[504931,656690],[136,-9],[235,-1323],[-2045,-1942],[-820,-456],[-877,-149],[-817,348],[-746,790],[-247,425],[-797,984],[-65,795],[-222,519],[-39,221],[-34,384],[-57,289],[-12,271],[182,654],[451,971],[199,659],[329,493],[-40,487],[743,122],[134,334],[420,217],[323,560],[448,-45],[-204,-1685],[156,-401],[590,320],[497,574],[513,-154],[139,-302],[-235,-949],[-517,-117],[278,-722],[-246,-502],[559,-573],[-71,-411],[641,90],[266,-469],[-451,-750],[-62,-559],[-355,40],[-559,-934],[395,-578],[335,-104],[581,1639],[806,-68],[8,316],[54,402],[100,298]],[[214169,646901],[-321,-370],[-607,1106],[165,479],[-364,207],[259,1314],[-259,1210],[-53,664],[124,524],[287,271],[828,-203],[366,58],[398,-749],[400,-235],[592,-18],[727,813],[457,713],[706,-370],[247,208],[820,-466],[51,786],[559,212],[437,-153],[312,-985],[-222,-948],[-289,-239],[-1265,0],[173,-1079],[-630,-867],[-1595,-993],[-751,-212],[-312,-317],[-236,118],[-1004,-479]],[[445889,639722],[-12,-9],[-20,-4],[23,13],[9,0]],[[445889,639722],[39,23]],[[445928,639745],[-8,-18],[-31,-5]],[[185634,820438],[-534,-68],[-658,330],[-942,623],[-755,235],[-814,-154],[-1299,-546],[-678,-162],[-877,-619],[-153,131],[-377,-9],[346,393],[-125,469],[519,1427],[667,307],[62,483],[-394,894],[65,632],[394,-280],[738,-81],[1348,-754],[2292,-442],[411,-447],[-31,-1369],[355,-167],[440,-826]],[[467484,626015],[363,-556],[-856,-366],[-596,420],[-264,-325],[-292,632],[-227,-555],[386,-379],[-105,-461],[-494,-695],[533,-1052],[57,-479],[343,-781],[-261,-266],[40,-917],[-704,-36],[-374,858],[88,501],[-128,533],[-621,-528],[-227,433],[270,993],[-880,64],[-150,785],[-752,113],[-301,420],[-383,185],[-94,555],[-348,402],[-208,623],[378,37],[25,618],[-692,244],[-153,497],[-88,121],[-125,-248],[125,-745],[-54,-302],[-653,325],[196,867],[789,578],[196,641],[-372,1237],[306,343],[222,-122],[502,1386],[133,632],[136,1368],[-629,357],[397,587],[462,-36],[363,352],[400,-108],[-181,-136],[-54,-605],[326,194],[43,-718],[-369,55],[8,-790],[-371,-425],[-207,-799],[241,-506],[-239,-478],[-632,-786],[-179,-528],[190,-267],[667,109],[553,636],[170,-785],[-366,-375],[-405,41],[-213,-456],[411,-592],[-252,-456],[547,-27],[378,248],[184,-541],[247,-195],[953,289],[-145,-957],[321,-226],[357,488],[103,1486],[303,-484],[111,-718],[462,177],[46,492],[629,18],[191,257],[598,-731],[-669,-741],[187,-239],[377,321]],[[465399,640129],[-236,-655],[559,-185],[349,-849],[-210,-316],[-644,-226],[-343,122],[-295,474],[-434,-587],[-712,953]],[[463433,638860],[-97,393]],[[463336,639253],[-119,546],[80,899],[746,-759],[777,-465],[414,772]],[[465234,640246],[165,-117]],[[463433,638860],[119,-420],[-60,-858],[-167,-86],[-125,-104],[-312,-334],[-1052,127],[-389,-461],[-474,343],[-93,908],[-562,727],[57,537],[539,-799],[329,524],[391,-732],[865,208],[-263,429],[79,1129],[219,-131],[212,-212],[117,-840],[312,-312],[161,750]],[[445928,639745],[-181,208],[173,501],[-100,894],[-272,-122],[-644,578],[624,415],[-96,691],[377,-163],[244,529],[460,-307],[8,785],[-703,63],[295,624],[604,-5],[199,-646],[487,-144],[364,-370],[-261,-470],[377,-713],[-258,-321],[48,-655],[210,-275],[85,-926],[-295,-13],[-88,537],[-340,944],[-278,-623],[-182,415],[196,1043],[-440,-248],[-221,-434],[-46,-1011],[-346,-781]],[[203992,666587],[-71,-542],[-329,-81],[-468,384],[-125,-1946],[-454,-822],[-289,-244],[-309,-722],[-372,298],[-349,560],[-735,-231],[-329,343],[-162,452],[341,777],[-210,505],[-1092,-77],[-426,-523],[-1084,275],[-190,303],[20,794],[-366,-108],[-102,474],[-414,131],[122,777],[323,189],[795,86],[598,-248],[-119,-542],[482,-397],[361,149],[-253,460],[457,379],[1580,962],[196,-307],[1027,194],[406,-438],[1032,-424],[508,-840]],[[237518,918609],[0,-943],[-1169,-1531],[-153,-99],[-1308,235],[-979,-1179],[-879,-533],[-488,-1011],[-381,-1115],[105,-908],[-703,-397],[-403,226],[-568,-258],[-377,185],[-528,2023],[-408,1174],[34,497],[437,329],[1915,529],[406,627],[283,759],[-25,763],[159,623],[-284,609],[-664,714],[741,510],[280,-325],[457,330],[502,13],[525,-325],[395,18],[130,-447],[-689,27],[-278,-487],[-267,-1350],[-20,-962],[792,-583],[417,-13],[340,537],[919,826],[241,651],[-652,1210],[62,469],[1257,-99],[497,-425],[329,-894]],[[207229,753918],[-533,-172],[-661,-402],[-514,-50],[-936,195],[-1137,731],[-1132,-95],[-846,587],[74,605],[698,-27],[363,-212],[533,212],[885,614],[1952,-244],[1061,-659],[-42,-501],[235,-582]],[[286199,713417],[315,-614],[-488,-54],[-46,-330],[-632,353],[-431,-325],[-542,103],[93,-447],[-805,-22],[-375,465],[-190,853],[-9,289],[80,262],[366,614],[437,262],[-125,348],[255,862],[763,668],[168,41],[207,-14],[25,-559],[321,-466],[-153,-781],[190,-1016],[576,-492]],[[493772,682367],[97,-826],[-227,-817],[-233,-136],[-340,596],[-151,-135],[-221,-565],[-116,-103],[-301,447],[-326,27],[-26,-628],[-374,54],[-318,411],[-204,732],[79,496],[-150,456],[150,718],[800,-469],[244,365],[-20,655],[338,451],[-451,596],[587,705],[380,45],[-306,1070],[-931,808],[-357,-551],[-37,-925],[-182,-447],[-720,-361],[-874,388],[-468,-104],[-241,154],[-335,577],[-213,213],[332,0],[139,-73],[111,-415],[440,68],[1027,-420],[672,348],[162,379],[173,1101],[664,484],[309,374],[102,-803],[457,-465],[323,-1554],[372,-546],[164,-2375]],[[298316,215752],[264,-275],[-559,-700],[-343,-248],[-321,180],[-377,-275],[-681,208],[-871,-213],[42,664],[-184,185],[-216,831],[-763,1323],[-295,248],[-79,510],[315,199],[363,-1016],[615,-600],[525,-791],[380,-189],[761,533],[-111,722],[-618,1129],[-329,952],[-696,1292],[-607,375],[-303,-172],[-216,-519],[-45,-1088],[-119,-118],[-423,474],[-253,1134],[-644,993],[-102,1341],[1322,-108],[724,-411],[544,-646],[349,-713],[766,-750],[205,-533],[-23,-939],[343,-749],[690,-989],[156,-623],[8,-736],[233,-312],[573,420]],[[282043,715300],[482,-162],[-142,-425],[-732,-722],[-167,-556],[-718,-668],[-153,95],[-386,9],[-1336,1246],[-250,136],[-139,140],[-131,961],[497,5],[150,456],[386,-230],[840,9],[488,316],[312,-55],[999,-555]],[[126643,649037],[144,-501],[-278,-515],[-451,-14],[-329,213],[-335,-95],[-383,217],[-178,564],[564,411],[193,1381],[-133,985],[113,104],[108,63],[108,-5],[474,-239],[221,-312],[37,-343],[-80,-176],[-471,-320],[57,-642],[619,-776]],[[129196,650175],[241,-398],[6,-496],[-281,-529],[-1186,-1372],[-712,402],[-148,334],[159,415],[-91,1269],[63,618],[298,371],[423,-14],[1228,-600]],[[465234,640246],[15,352],[-474,-18],[-400,808],[-341,27],[60,971],[689,-460],[755,-18],[590,-407],[-292,-889],[130,-542],[-567,59]],[[476103,909516],[199,628],[-599,320],[-258,632],[289,809],[1461,2185],[205,189],[317,158],[330,46],[244,-145],[317,-930],[398,-325],[87,-844],[-127,-375],[-639,-953],[-703,-514],[-542,-565],[-661,-343],[-318,27]],[[146258,660722],[-848,542],[-1118,-334],[-451,632],[-159,429],[-976,99],[-201,-366],[-644,194],[-571,479],[57,528],[1143,-9],[-150,962],[366,-9],[531,-330],[153,371],[630,180],[238,-1056],[488,-136],[1103,-1151],[409,-1025]],[[179228,657462],[261,-1255],[-213,-289],[-840,-27],[-502,-334],[-360,-723],[113,-397],[-125,-704],[-641,-1323],[-3,-885],[-139,-352],[-616,-682],[-204,22],[-530,1436],[397,212],[164,474],[131,1206],[698,1106],[448,343],[380,1346],[256,1932],[-57,677],[213,443],[405,-5],[429,-329],[266,-519],[69,-1373]],[[220175,621373],[-987,1057],[-193,36],[-406,-465],[-80,433],[-488,-32],[-334,389],[-355,-158],[403,-858],[-295,-348],[-429,537],[-87,-469],[-732,-876],[-208,-628],[-828,176],[-54,633],[-408,316],[-111,609],[511,-144],[133,-520],[525,393],[269,488],[426,113],[-335,542],[133,221],[500,22],[318,240],[-40,614],[-414,831],[176,162],[-145,1002],[-755,524],[-1078,-618],[-638,-745],[-134,221],[415,546],[1203,804],[561,-81],[1229,-700],[-176,-583],[40,-830],[224,-633],[377,-451],[346,-81],[270,532],[834,195],[295,-529],[62,-514],[-173,-244],[698,-804],[-65,-325]],[[488161,660198],[-304,416],[-389,81],[-258,1431],[-17,488],[610,-411],[199,22],[91,127],[68,54],[164,-108],[610,135],[346,276],[122,-204],[239,-1043],[-295,-627],[-318,-9],[-65,-100],[-114,-523],[-355,-316],[-334,311]],[[436245,637912],[290,-271],[-199,-908],[-533,-320],[17,-736],[-695,-1025],[-392,370],[-91,601],[-229,167],[-236,776],[51,714],[426,131],[332,-642],[286,-203],[173,1255],[273,307],[527,-216]],[[479615,662442],[-587,235],[-388,375],[-644,49],[-176,-487],[-625,-781],[-363,-709],[-397,-307],[-562,-59],[-462,221],[-559,479],[-562,903],[-766,460],[-156,592],[9,758],[167,664],[315,303],[956,-520],[-102,-844],[71,-361],[383,-348],[687,-135],[380,311],[578,876],[591,36],[1344,-799],[332,-551],[536,-361]],[[447945,642391],[860,1733],[440,-18],[661,-600],[-250,-452],[-528,-85],[-218,167],[-150,-696],[261,-316],[-503,-284],[-573,551]],[[447418,648454],[749,-131],[-301,687],[-133,686],[981,406],[414,-447],[103,-681],[-636,-745],[-406,-190],[-422,59],[-349,356]],[[473748,709670],[125,-727],[-329,-321],[-428,-821],[-579,-506],[-3,618],[-312,357],[-386,1553],[-28,348],[76,655],[0,320],[131,167],[834,-551],[216,-216],[683,-876]],[[448062,644057],[-735,-14],[-343,307],[-469,1242],[832,-682],[221,357],[352,-149],[48,578],[258,104],[202,623],[496,-41],[148,-348],[-102,-966],[-281,36],[-193,488],[-403,-953],[-31,-582]],[[444513,639212],[76,-456],[-255,-311],[-326,-5],[-389,-483],[718,-461],[-188,-429],[-343,0],[-559,416],[-218,912],[-20,790],[133,199],[-62,736],[542,794],[269,149],[309,-212],[-363,-582],[363,-1201],[313,144]],[[442944,637573],[255,-614],[-434,-429],[31,718],[-301,763],[-434,-921],[-692,-438],[-136,533],[590,420],[-289,835],[417,95],[578,691],[347,-890],[68,-763]],[[222734,725053],[539,-772],[-658,-222],[272,-411],[-635,-185],[-704,380],[-845,94],[-662,651],[-595,225],[142,619],[573,-357],[116,262],[638,-31],[534,-308],[706,122],[176,208],[403,-275]],[[170801,653349],[40,-506],[-408,-131],[-9,-1526],[-181,-768],[-205,-257],[-522,163],[406,799],[-400,316],[-270,664],[-564,112],[-624,-320],[-270,-470],[-264,-58],[-320,316],[-1047,356],[-343,285],[-449,1052],[219,781],[411,429],[148,691],[334,-118],[486,-487],[1273,-655],[216,610],[922,-177],[536,-465],[749,-194],[136,-442]],[[655842,721292],[556,-312],[-19,-429],[-355,-1011],[-738,-691],[-822,-542],[-208,-767],[-544,-131],[-412,-434],[-116,-718],[-250,-275],[0,-668],[-442,162],[3,506],[524,1233],[40,799],[241,731],[1129,1571],[-303,998],[150,768],[352,117],[179,497],[377,-592],[102,944],[324,-379],[82,-1052],[150,-325]],[[219485,946811],[-743,537],[582,1065],[445,335],[735,85],[539,-275],[281,-596],[40,-605],[-270,-465],[-1413,-163],[-196,82]],[[213363,689605],[-193,-86],[-928,727],[-329,442],[-349,-492],[-368,73],[-863,627],[173,655],[741,-176],[451,-474],[669,-14],[718,777],[201,406],[-314,1874],[258,465],[11,1422],[443,-1788],[559,-1196],[56,-1698],[-422,-81],[-236,-596],[-269,-212],[-9,-655]],[[209947,692571],[196,-424],[-270,-420],[-17,-1097],[-533,-650],[-204,-777],[-366,-312],[-465,628],[-66,1070],[278,718],[-746,104],[99,424],[477,-171],[533,338],[185,669],[641,94],[258,-194]],[[74617,671039],[573,912],[229,-479],[440,416],[-31,-863],[636,-356],[0,-691],[153,-339],[448,0],[-111,-573],[290,-845],[116,-451],[9,-199],[-3,-72],[-483,140],[-207,-230],[-476,700],[-687,361],[-142,149],[-286,158],[-205,13],[-53,18],[-17,18],[-3,14],[0,9],[-3,23],[193,505],[22,632],[-244,217],[32,569],[-190,244]],[[225086,671197],[48,-1111],[-199,-1156],[-462,-289],[-309,434],[-91,1422],[326,695],[270,253],[417,-248]],[[187296,668659],[46,-763],[-389,-650],[-312,-275],[-877,-158],[-286,158],[-80,514],[94,547],[1157,1020],[647,-393]],[[103989,696061],[76,-438],[-1047,-338],[-366,144],[-632,-447],[-295,127],[-687,925],[-630,1359],[-1007,1016],[-491,894],[366,420],[230,-18],[133,-609],[330,-637],[629,-406],[74,-366],[590,-966],[477,-592],[289,-239],[256,-59],[190,266],[607,-162],[908,126]],[[302010,968320],[-151,-614],[-1149,-555],[40,-316],[511,-194],[54,-118],[-105,-216],[-142,-529],[-380,226],[-349,772],[-128,203],[-116,118],[763,316],[738,889],[414,18]],[[432634,629437],[74,-41],[22,-113],[-82,-356],[-71,-1206],[-255,-794],[-196,-425],[-82,-596],[-66,-289],[-71,352],[12,1283],[278,370],[-6,673],[-176,266],[-510,-307],[-440,-533],[-613,-1061],[-184,212],[161,655],[491,1183],[-218,700],[-321,226],[298,537],[619,-262],[547,-817],[522,-199],[267,542]],[[488192,632977],[133,45],[-54,-27],[-79,-18]],[[392957,807778],[0,-795],[-652,-1007],[-582,-704],[-462,-352],[-377,-506],[-151,-50],[-57,168],[420,1345],[468,605],[591,-113],[0,262],[-26,280],[-267,275],[-19,646],[283,149],[831,-203]],[[430858,623324],[76,279],[188,235],[-9,-275],[-199,-393],[-249,-1106],[14,-854],[-267,-460],[-479,-199],[6,556],[584,203],[-3,645],[-1262,-636],[-139,-294],[-358,0],[-14,-560],[-377,-465],[-420,876],[-375,-695],[-610,-181],[-598,678],[-494,858],[-210,-754],[-295,-64],[-105,-858],[-343,818],[-454,149],[-448,763],[-755,456],[-843,257],[-380,298],[37,492],[116,77],[179,-63],[162,-131],[153,-321],[1087,-302],[547,636],[-45,1477],[249,208],[313,-140],[278,-1116],[-131,-803],[145,-1319],[349,903],[723,-442],[301,-921],[519,216],[40,714],[408,253],[585,27],[462,-429],[400,77],[474,-136],[548,384],[629,614],[290,768]],[[495452,664198],[207,-636],[-468,-894],[-684,-239],[151,1295],[141,307],[653,167]],[[498139,664438],[-6,-1237],[-238,-587],[116,-262],[-389,-407],[-366,-632],[-414,176],[82,840],[372,1025],[270,1210],[397,438],[176,-564]],[[453018,640937],[136,-565],[-522,-650],[-613,91],[-303,203],[-1314,13],[406,465],[397,-54],[236,330],[956,-14],[621,181]],[[153138,646436],[329,-794],[-68,-1405],[-227,-397],[-136,1115],[-395,1341],[497,140]],[[222030,552220],[57,127],[221,-515],[-207,-212],[-329,-217],[-414,-939],[-718,-456],[-556,-1102],[394,-339],[97,-257],[-12,-393],[-19,-153],[-40,-140],[-281,-285],[-247,-560],[-142,380],[457,609],[71,321],[-289,745],[-494,302],[596,289],[343,605],[-3,1021],[222,176],[612,-533],[151,406],[-196,768],[726,352]],[[513714,399028],[34,-605],[-363,167],[-96,-632],[-778,-853],[-414,-836],[-1121,-103],[0,523],[-221,718],[-440,854],[-533,812],[-65,407],[71,1210],[235,541],[335,95],[343,-253],[275,-487],[210,-673],[122,-176],[-20,280],[-25,135],[25,149],[151,285],[102,433],[37,91],[281,40],[519,-803],[110,-804],[-218,-822],[-51,-749],[207,185],[463,361],[391,867],[434,-357]],[[184814,709670],[150,-303],[-383,-578],[-408,303],[-976,0],[107,402],[738,-91],[235,330],[537,-63]],[[707928,71970],[-71,-592],[-664,-1264],[168,-348],[-503,-1092],[-266,103],[79,488],[-624,41],[-176,284],[406,321],[391,-104],[23,637],[-255,356],[-128,501],[491,289],[3,547],[-230,510],[-366,153],[-465,578],[-494,258],[173,365],[287,-212],[388,45],[465,285],[174,-637],[442,-117],[-133,-501],[292,-456],[-142,-1030],[150,-208],[406,691],[179,109]],[[230249,718759],[-261,-136],[-698,163],[-178,185],[905,573],[791,109],[675,-380],[415,167],[238,-162],[221,-266],[165,-208],[-256,-357],[-1126,-582],[-420,587],[-289,275],[-182,32]],[[124997,301241],[60,-149],[20,-163],[-54,-320],[-630,-1215],[-82,-357],[-264,-153],[-148,-176],[-139,-104],[-122,-131],[43,384],[281,117],[221,280],[814,1987]],[[62420,706157],[-425,-131],[-83,-140],[-91,-63],[-85,4],[-142,-171],[105,-510],[-167,-479],[-159,-36],[-147,104],[-94,235],[51,921],[329,605],[908,-339]],[[71204,559228],[164,541],[-130,470],[71,515],[51,58],[54,41],[158,18],[-51,-361],[386,-1219],[40,-691],[-298,-601],[-496,276],[-1323,-465],[-62,433],[437,145],[709,483],[290,357]],[[541685,872520],[550,-190],[-184,-528],[-664,-339],[-908,176],[-43,452],[-402,478],[-293,1012],[136,401],[508,-243],[775,-596],[525,-623]],[[489749,656604],[261,-451],[-28,-529],[-479,-591],[-1047,560],[0,614],[658,0],[329,429],[306,-32]],[[507680,660370],[-207,-488],[-1410,-298],[48,610],[309,848],[562,-203],[142,605],[377,-370],[179,-704]],[[463654,616704],[-82,592],[275,334],[346,-293],[23,-764],[346,208],[346,-275],[434,-799],[-332,-77],[-156,402],[-596,-18],[49,-384],[403,-294],[-389,-338],[37,-790],[-380,270],[167,628],[-298,113],[-267,591],[74,894]],[[461986,614944],[250,1106],[-264,393],[615,307],[318,-131],[-403,-736],[327,-1197],[368,0],[156,-524],[-590,95],[-323,736],[-454,-49]],[[444697,646396],[233,140],[-176,645],[769,754],[2,-668],[-363,-682],[-136,-515],[-329,326]],[[427436,627523],[253,-9],[82,-551],[-153,-958],[-389,-63],[-28,-654],[-772,523],[236,967],[771,745]],[[442751,641890],[456,645],[338,854],[128,-669],[527,-596],[-459,-776],[-786,244],[-204,298]],[[462460,730692],[-100,352],[307,664],[289,289],[3,-953],[315,-483],[40,-1052],[-188,-248],[-1117,614],[451,817]],[[144073,867354],[313,-451],[102,-583],[-153,-582],[-324,-461],[-845,-316],[-911,520],[-610,735],[-993,154],[-789,682],[894,998],[247,496],[712,91],[925,-271],[1432,-1012]],[[196914,922944],[-386,-149],[-658,271],[405,356],[684,235],[962,-185],[-267,-379],[-740,-149]],[[216609,938232],[-267,-686],[457,-596],[-275,-461],[-310,-226],[-133,-54],[-743,515],[-676,59],[-303,1110],[998,804],[97,95],[298,370],[962,81],[408,-280],[-54,-546],[-459,-185]],[[482640,701714],[170,-275],[-292,-1034],[-409,50],[-374,361],[-284,582],[281,641],[908,-325]],[[469910,675509],[82,-994],[-346,-438],[-17,-591],[-712,-591],[516,1182],[-34,524],[159,519],[-329,745],[301,890],[380,-1246]],[[463946,672705],[-99,686],[536,506],[46,469],[388,714],[122,-587],[-357,-962],[-636,-826]],[[468869,643497],[190,-425],[-148,-406],[-596,145],[-456,-384],[-460,-23],[-533,872],[-650,31],[238,389],[1033,-425],[227,-415],[857,912],[298,-271]],[[471740,644883],[397,-131],[-346,-564],[-707,329],[-468,-393],[-227,461],[1155,795],[221,298],[241,-506],[-266,-289]],[[450833,642634],[20,-45],[17,-54],[-59,113],[22,-14]],[[450833,642634],[-141,317],[669,63],[204,1065],[222,-433],[-148,-1007],[-227,-181],[-579,176]],[[447945,642391],[23,-68],[-60,99],[37,-31]],[[445591,645795],[-3,-1156],[-721,68],[-267,-172],[125,1477],[446,-547],[420,330]],[[444697,646396],[-31,-73],[0,113],[31,-40]],[[447418,648454],[20,-36],[-69,118],[49,-82]],[[446391,649872],[-415,289],[344,370],[0,732],[596,117],[-12,-668],[465,-294],[-652,-465],[-326,-81]],[[443920,684733],[-273,551],[397,506],[338,-727],[-71,-903],[-391,573]],[[428441,690074],[28,-1025],[-389,-18],[-320,917],[598,-429],[83,555]],[[467453,841722],[-976,-194],[-1004,77],[252,433],[846,678],[-114,270],[437,836],[491,216],[667,-216],[-295,-425],[485,-460],[5,-578],[-354,-479],[-440,-158]],[[465944,175094],[25,-447],[-604,-81],[-426,-289],[12,-628],[-644,-420],[-763,596],[139,348],[624,623],[255,-650],[199,36],[178,614],[-71,555],[142,389],[358,185],[576,-831]],[[463447,172177],[-184,-496],[-34,-660],[-468,-216],[-454,108],[8,804],[-250,374],[517,438],[275,-203],[590,-149]],[[509087,394174],[539,-90],[-48,-632],[-366,-754],[-400,-72],[-199,451],[-122,1283],[596,-186]],[[442751,641890],[-6,-55],[0,68],[6,-13]],[[281921,928177],[666,-574],[-715,-234],[-856,-524],[-369,122],[-658,-258],[-539,506],[-54,754],[550,-226],[1203,759],[772,-325]],[[298341,933997],[1223,-208],[-255,-244],[-687,131],[-184,-293],[133,-745],[-496,-50],[-953,303],[28,329],[488,452],[-457,338],[-908,-90],[-720,894],[1662,-63],[1126,-754]],[[457430,938593],[-6,-980],[-658,-320],[-267,311],[-14,696],[269,573],[318,149],[358,-429]],[[459243,938164],[275,-334],[-327,-104],[52,438]],[[462145,935767],[-346,469],[604,-49],[-258,-420]],[[473164,906121],[-298,-18],[82,609],[247,68],[-31,-659]],[[475984,904364],[48,289],[332,-67],[-54,-452],[-326,230]],[[541327,886394],[287,827],[252,-163],[-122,-628],[-417,-36]],[[540581,874177],[-111,334],[191,180],[184,-411],[-264,-103]],[[476532,877486],[300,-447],[-366,-1052],[-298,-424],[-536,-253],[-210,-388],[-630,9],[-1052,948],[562,235],[411,510],[772,307],[879,4],[168,551]],[[194993,745822],[-437,181],[-491,438],[-309,546],[636,1278],[706,456],[956,-122],[341,-253],[14,-1445],[-778,199],[-150,-885],[-488,-393]],[[260784,746183],[619,-691],[45,-383],[-195,-836],[-412,163],[-346,826],[-508,294],[-303,510],[-851,153],[-86,384],[650,257],[1027,-379],[360,-298]],[[218095,764013],[942,-740],[522,-145],[517,-483],[-361,-916],[-536,-380],[-321,705],[-289,289],[-865,447],[-502,54],[0,569],[190,338],[703,262]],[[239030,726628],[627,-505],[-533,-510],[-667,-14],[-846,1093],[-366,686],[-1103,704],[-494,104],[-17,366],[505,27],[945,-154],[491,-478],[621,-343],[650,-578],[187,-398]],[[230017,724204],[590,-185],[-460,-533],[-199,325],[-919,-619],[-1064,303],[-397,628],[264,627],[482,443],[406,99],[604,-226],[693,-862]],[[212444,726177],[-857,266],[-661,560],[23,470],[397,81],[837,-122],[545,325],[377,-185],[431,361],[170,-311],[-212,-867],[-270,-397],[-780,-181]],[[214228,717910],[-442,-208],[-1104,154],[-369,-271],[-264,104],[-394,627],[-335,235],[264,709],[843,-280],[-414,-542],[635,-144],[647,1327],[284,176],[507,-533],[313,167],[714,-717],[1226,31],[233,-375],[-653,-94],[-562,-271],[-499,442],[-417,-804],[-213,267]],[[214115,714000],[442,-429],[1144,221],[1566,-415],[-165,-515],[-434,302],[-947,-302],[-661,0],[-1022,-786],[1141,-411],[-153,-654],[-667,-253],[-718,844],[-471,366],[460,555],[-789,339],[116,691],[312,-9],[372,370],[474,86]],[[214115,714000],[-9,4],[63,0],[-54,-4]],[[204211,719377],[241,-560],[-318,-85],[-1444,1160],[-445,95],[371,1151],[1030,63],[321,-903],[90,-871],[154,-50]],[[202943,709128],[45,-677],[-284,-217],[-198,420],[-542,284],[-400,14],[-156,-1179],[-392,-194],[-1115,343],[65,1048],[-314,-108],[-480,848],[366,240],[233,-461],[1166,-248],[811,41],[182,212],[445,-307],[568,-59]],[[204055,735943],[1813,-250]],[[205868,735693],[757,-1077],[-553,-353],[-332,538],[-627,171],[-1058,971]],[[204055,735943],[-457,113],[-204,1445],[269,126],[338,-397],[1381,-795],[486,-742]],[[216472,659146],[-201,-786],[145,-501],[-3,-709],[-264,-889],[-428,-108],[-372,690],[179,881],[176,298],[-32,767],[97,605],[394,82],[309,-330]],[[194255,666465],[-303,-451],[-443,343],[-425,-362],[-536,-4],[-77,357],[539,555],[641,-280],[173,524],[352,-321],[79,-361]],[[192304,664614],[-1240,-429],[-755,-420],[-828,-257],[178,876],[-65,496],[236,425],[683,528],[681,-45],[746,433],[213,-524],[514,-189],[-9,-565],[-354,-329]],[[137497,702265],[-164,-460],[-378,221],[-431,573],[-303,181],[-219,505],[-698,687],[-218,515],[22,483],[1002,-682],[258,-343],[550,-1337],[579,-343]],[[131310,700563],[116,-709],[-394,-50],[-378,709],[-235,-275],[-210,-1341],[-309,104],[-111,618],[-758,836],[-632,-538],[-423,-90],[556,1260],[230,794],[389,23],[215,-506],[360,113],[1144,-596],[440,-352]],[[125417,716781],[562,-492],[-185,-677],[-754,-118],[-434,212],[-1132,-591],[-375,90],[-218,380],[144,636],[284,370],[494,122],[542,-90],[865,352],[207,-194]],[[222115,699159],[236,-330],[-37,-456],[-332,-650],[-550,-208],[-134,262],[284,628],[-68,438],[244,356],[357,-40]],[[210830,676913],[122,-221],[-40,-840],[-423,-330],[-252,231],[-446,-113],[-650,63],[37,600],[366,402],[1061,650],[225,-442]],[[219270,671414],[108,-339],[107,-1178],[-198,-240],[-429,104],[-272,316],[-882,63],[-307,253],[460,420],[213,470],[666,469],[534,-338]],[[198979,664203],[142,-632],[-176,-537],[-147,-1061],[-610,-366],[-77,-772],[159,-596],[-290,-994],[-198,637],[255,443],[-281,374],[100,1292],[269,140],[-371,794],[-832,221],[392,493],[542,135],[-156,352],[817,-117],[462,194]],[[196553,655083],[137,-506],[-324,-637],[-366,-153],[-349,162],[-264,547],[-442,81],[-346,524],[-165,704],[-868,813],[-647,-50],[-1061,1711],[-352,240],[9,379],[632,-131],[486,-465],[2902,-2199],[726,-601],[292,-419]],[[184260,655150],[165,-961],[-298,-177],[-803,195],[-718,-362],[-896,-1210],[-619,163],[168,578],[-114,668],[145,587],[607,330],[908,1277],[281,0],[709,-559],[465,-529]],[[175029,647615],[-395,-339],[-281,835],[-686,361],[-187,926],[96,447],[565,-149],[329,-1061],[522,104],[37,-1124]],[[176274,644400],[-37,-1057],[-241,-975],[20,-605],[-278,-497],[-514,565],[-323,1711],[281,695],[746,425],[346,-262]],[[152071,658451],[307,316],[-250,799],[513,474],[-167,840],[204,790],[332,248],[284,-347],[207,-637],[99,-1147],[159,-505],[-255,-316],[-570,-19],[-156,-857],[-505,-213],[-202,574]],[[155589,656952],[131,-280],[-256,-695],[-959,-818],[-513,95],[-925,-208],[-162,208],[-695,-307],[-388,1260],[221,835],[925,140],[235,-339],[576,407],[1240,-312],[570,14]],[[149089,653051],[17,-890],[-493,-320],[-136,-772],[-335,0],[-236,903],[179,871],[343,709],[281,122],[380,-623]],[[147989,658081],[-276,-682],[-553,-50],[-454,890],[-437,-136],[-167,248],[406,529],[723,496],[360,-18],[528,-745],[-130,-532]],[[160520,640354],[-312,285],[0,641],[-159,619],[-587,1584],[-125,556],[142,298],[400,-754],[530,-1305],[386,-497],[60,-722],[-139,-637],[-196,-68]],[[160520,640354],[17,-18],[-65,0],[48,18]],[[169352,637018],[96,-506],[-125,-966],[-184,-321],[-542,-352],[272,1802],[-357,1291],[199,248],[306,-835],[335,-361]],[[112872,719504],[249,-696],[-45,-474],[-363,-591],[-599,262],[65,677],[-607,673],[434,569],[783,9],[83,-429]],[[566384,847556],[-267,-465],[131,-637],[-43,-325],[-150,-203],[-51,460],[-102,334],[45,628],[-96,266],[-414,312],[-236,-533],[-1013,190],[426,555],[-165,750],[-581,-244],[11,131],[-3,185],[3,86],[752,54],[272,-601],[752,-266],[599,208],[130,-885]],[[537500,880191],[607,-176],[349,-357],[-491,-158],[-437,271],[-371,-425],[-361,-104],[-524,321],[158,266],[97,41],[139,-99],[258,361],[576,59]],[[212929,617598],[1098,-135],[244,190],[508,-131],[720,-849],[-76,-646],[-502,-45],[-307,172],[-423,-204],[-292,438],[-300,86],[-227,-289],[-281,167],[-477,827],[315,419]],[[331836,437077],[20,-100],[65,-1657],[-91,-912],[-298,-609],[0,-425],[-315,-406],[-20,1345],[162,23],[278,664],[-388,171],[-244,669],[-471,162],[-491,-117],[-309,329],[-57,100],[42,180],[244,352],[114,-501],[247,-58],[159,383],[306,-230],[443,81],[402,-140],[202,696]],[[448067,545172],[-368,-1336],[19,-276],[-414,-239],[505,-510],[-947,45],[-829,-384],[-445,14],[-153,271],[19,564],[1093,0],[298,573],[-525,1003],[-210,-849],[-253,636],[131,520],[658,221],[193,375],[77,740],[-131,668],[610,-623],[-355,-582],[-195,-1319],[136,-532],[468,289],[125,505],[323,465],[170,-239]],[[80784,369463],[151,-176],[0,-140],[-49,-103],[-70,9],[-452,316],[-550,103],[65,244],[17,199],[-292,235],[-31,289],[60,171],[184,-374],[377,-565],[267,68],[323,-276]],[[121797,290170],[-28,-687],[-111,59],[-82,81],[-137,172],[66,-158],[125,-479],[-94,-325],[-116,506],[-139,90],[-375,-271],[196,650],[-576,298],[-133,199],[-80,330],[182,-249],[167,-126],[488,-262],[301,673],[346,-501]],[[71839,388928],[68,-122],[125,-628],[-298,149],[-564,-149],[192,-537],[69,-1025],[-122,-542],[-247,-225],[-148,-298],[20,329],[375,822],[-139,533],[-588,203],[414,542],[91,695],[270,415],[482,-162]],[[78452,412921],[190,-370],[20,-312],[-834,-700],[-315,-456],[-380,601],[-547,-388],[-159,-524],[-315,-5],[-165,-374],[-309,180],[-363,-117],[-585,27],[-235,-397],[-43,-46],[-96,68],[-34,510],[292,402],[641,357],[389,-294],[689,804],[12,948],[354,-180],[885,-118],[88,854],[352,-321],[468,-149]],[[333816,463061],[1220,-90],[-1504,-294],[-541,36],[-188,-185],[-96,-149],[-88,-555],[-250,-556],[-499,493],[-264,632],[-264,1575],[-207,429],[-170,1233],[-275,524],[377,316],[488,-736],[-6,-492],[312,-510],[66,194],[39,433],[196,-50],[71,-239],[31,-257],[-8,-185],[-270,-167],[185,-452],[215,140],[341,542],[822,885],[-59,-244],[-162,-451],[-91,-339],[-272,-533],[599,-537],[252,-411]],[[82819,658035],[-585,696],[-94,-628],[-459,-117],[-474,433],[-1013,1567],[-113,90],[-253,375],[-198,59],[73,104],[156,586],[1357,-2234],[465,-664],[323,253],[-669,867],[462,-41],[142,-434],[590,-72],[63,754],[-131,452],[210,194],[136,27],[-76,-108],[-60,-104],[261,-208],[-159,-311],[-96,-727],[-142,-231],[284,-578]],[[152454,510722],[420,-623],[-559,-772],[-352,-294],[-278,122],[-400,-311],[-139,-258],[-122,-546],[-525,266],[-794,2163],[-394,840],[-863,474],[-340,-262],[-193,-745],[-454,-785],[-162,320],[-632,790],[-735,23],[-182,239],[976,36],[136,-36],[156,-144],[474,-483],[494,1363],[298,334],[508,9],[317,185],[1056,-1210],[164,-632],[239,54],[729,524],[329,-207],[-74,-745],[281,-348],[306,492],[-317,1544],[207,334],[349,-1088],[76,-623]],[[107373,433094],[-5,-243],[56,-303],[-482,-384],[-14,-451],[-386,-849],[-99,-853],[400,-836],[-253,-383],[-54,-682],[-127,-655],[-460,-289],[-122,23],[-306,185],[-366,0],[-105,49],[-236,222],[-88,54],[-210,-59],[-193,-153],[80,275],[85,81],[357,-72],[298,-176],[207,104],[574,-239],[235,-32],[221,271],[148,817],[-116,804],[-233,370],[181,1476],[-241,344],[108,401],[-508,-4],[-329,190],[-34,966],[576,131],[349,-628],[570,1463],[273,-41],[249,-894]],[[419311,679590],[45,-361],[-769,95],[-802,-185],[-290,-456],[-85,-425],[-54,-194],[-1200,-420],[-462,303],[-539,664],[-329,587],[-383,-172],[-162,-1061],[-173,-402],[-327,-9],[-62,655],[369,126],[-173,556],[-26,650],[-377,361],[-477,226],[-212,347],[-60,258],[224,-73],[153,-361],[264,23],[244,271],[715,-303],[145,-465],[2045,-1377],[378,375],[363,-312],[88,777],[-267,596],[-34,578],[437,-81],[-88,546],[315,1278],[6,424],[-105,221],[-196,244],[-395,388],[-1228,745],[261,240],[420,-154],[318,-189],[173,-73],[306,542],[392,-600],[-60,-511],[343,-681],[165,-754],[499,-249],[332,-533],[29,-379],[-77,-262],[-122,-302],[204,-63],[301,-669]],[[298980,402279],[-173,-578],[-548,-366],[-31,-338],[494,-890],[-15,-244],[-153,-239],[-91,-293],[-73,-59],[-153,140],[-540,1029],[-306,407],[-346,894],[150,569],[-178,668],[258,691],[-17,835],[-363,718],[451,176],[-49,320],[199,1030],[488,709],[-156,876],[-272,474],[-63,226],[-5,252],[36,-85],[179,-208],[284,-262],[187,-704],[437,-384],[-428,-610],[-301,-189],[-250,-745],[128,-705],[-116,-794],[133,-700],[-74,-406],[400,-1522],[412,266],[465,41]],[[491687,631654],[-68,-199],[48,-253],[85,-216],[-459,-113],[-718,203],[-338,-90],[-201,424],[-272,95],[-735,-659],[-837,27],[-664,-366],[-428,-740],[-32,790],[213,483],[1254,993],[610,257],[9,619],[-207,330],[-571,-36],[-303,424],[-406,181],[-199,239],[-334,510],[607,-307],[258,-343],[721,-407],[471,41],[88,-510],[422,9],[531,659],[264,9],[269,628],[26,465],[698,-298],[-528,-429],[-658,-1368],[922,-1093],[462,41]],[[458366,797524],[-88,-189],[-993,-633],[-108,-424],[-201,-551],[-83,136],[-76,717],[102,154],[627,420],[820,370]],[[232811,526900],[570,-714],[-298,-235],[-195,560],[-695,267],[96,-687],[-525,-808],[193,-158],[-218,-623],[420,-23],[130,-370],[488,-22],[264,-438],[-128,-366],[-780,474],[-658,641],[-196,1802],[114,420],[-253,510],[-406,366],[-187,374],[111,407],[-460,1693],[409,-425],[-117,-243],[446,-1328],[624,-1102],[179,-686],[431,1097],[-236,583],[-71,632],[-527,1047],[264,849],[482,-632],[306,-1585],[474,-514],[-264,-325],[213,-438]],[[93670,361508],[102,-271],[-473,-393],[-213,-623],[147,-221],[-113,-63],[-85,-82],[-88,-58],[-497,420],[454,424],[-791,415],[62,312],[-786,429],[46,244],[85,117],[102,-9],[125,-212],[300,72],[923,-533],[99,176],[601,-144]],[[71680,556591],[-11,-610],[164,-262],[0,-989],[-363,-744],[-820,-1098],[-340,-907],[-389,-574],[-596,-153],[332,-894],[-68,-212],[-110,-54],[-202,27],[-147,-181],[-71,181],[139,397],[-199,366],[111,903],[621,447],[460,961],[79,434],[426,442],[581,948],[-207,705],[100,736],[232,140],[278,-9]],[[295573,444540],[-63,325],[508,542],[105,-185],[74,-176],[116,-691],[479,-1702],[-513,-109],[-255,542],[39,691],[-334,203],[-156,560]],[[311599,453570],[17,-745],[185,-262],[422,113],[-54,-551],[137,-844],[-894,-208],[-196,488],[250,406],[-309,244],[-622,-266],[335,808],[-139,695],[488,95],[-3,524],[485,533],[29,171],[0,176],[11,77],[644,388],[272,-171],[57,-14],[-610,-573],[-505,-1084]],[[128348,289298],[456,-27],[91,-63],[-14,-154],[-278,-1106],[-96,-76],[-26,149],[23,559],[-250,-216],[-116,-619],[-315,86],[349,605],[-329,718],[90,424],[415,-280]],[[474466,773093],[247,-113],[-326,-627],[-37,-104],[-621,-321],[36,822],[29,230],[672,113]],[[550585,802157],[411,239],[-3,-285],[-102,-270],[-621,-479],[-403,-104],[-1220,-871],[-687,-289],[412,-569],[-54,-524],[-298,-77],[-718,113],[108,181],[167,59],[383,-23],[-102,99],[-298,181],[-275,578],[-443,411],[369,338],[378,-659],[1299,1002],[783,262],[304,27],[255,538],[355,122]],[[239296,955029],[-104,-624],[-344,-722],[417,-899],[888,-745],[457,-885],[565,-334],[332,108],[471,-790],[522,267],[468,-199],[-14,-695],[-971,-447],[-403,483],[-1500,-610],[-278,-862],[-610,-813],[-576,-984],[-1808,-858],[-516,-63],[-1092,108],[-131,415],[-678,199],[-561,479],[-281,808],[-548,492],[-230,1075],[278,632],[-45,528],[-1010,1151],[-165,578],[542,813],[1223,370],[533,334],[208,371],[550,248],[945,-90],[1049,388],[537,564],[229,583],[678,686],[672,-393]],[[313662,743813],[468,-750],[-222,-478],[-400,45],[-25,-488],[414,-925],[-207,-1441],[-162,-532],[-428,-222],[-1549,574],[-377,325],[-185,682],[-431,-95],[-97,429],[-530,-231],[-292,104],[-1359,-510],[-1320,298],[-922,695],[-178,474],[-687,-117],[-374,172],[-156,573],[-15,772],[-754,465],[-185,375],[-612,650],[45,470],[369,429],[1152,-452],[377,212],[207,461],[-94,867],[-499,677],[-252,921],[215,551],[1121,515],[877,248],[916,-560],[999,23],[314,-190],[412,294],[366,-321],[493,-935],[908,-1097],[270,-442],[871,-1991],[323,-366],[831,-217],[364,59]],[[238477,935170],[715,-320],[238,212],[687,-27],[473,298],[545,-591],[1033,-113],[669,-321],[866,-948],[261,131],[990,-208],[286,-270],[389,465],[1243,-732],[235,-758],[-247,-298],[-840,-298],[-1146,-750],[-258,140],[-721,-104],[-417,-366],[-56,-510],[-593,-420],[-321,488],[-181,1215],[-335,717],[-1138,-99],[-474,194],[-490,845],[-1862,609],[-417,348],[-195,519],[349,736],[712,216]],[[244852,909995],[343,-194],[-63,-298],[-258,-511],[-862,-709],[-517,0],[-473,393],[93,321],[-615,1052],[119,898],[-224,845],[-766,812],[-122,222],[34,122],[76,36],[91,27],[-68,334],[201,492],[-130,411],[-190,203],[-238,54],[-1010,-9],[-619,474],[-230,429],[26,1124],[275,560],[491,-420],[388,258],[-85,533],[156,627],[375,118],[857,-163],[1222,0],[196,-646],[-431,-1038],[-1197,-1323],[343,-50],[-247,-316],[46,-198],[380,-326],[-210,-1526],[306,-415],[579,-266],[457,-732],[1501,-1205]],[[244452,929066],[5,-858],[-306,-397],[-712,-135],[-826,790],[426,686],[505,81],[726,362],[182,-529]],[[566056,845928],[53,466],[-66,1267],[-521,372],[-561,37],[-284,824],[-483,107],[-310,-132]],[[563884,848869],[-8,19]],[[566056,845928],[94,-647],[702,-613],[293,-530],[901,-142],[-221,-1143],[454,-507],[-364,-534],[-741,111],[-397,-565],[200,-791],[-262,-732],[167,-1219],[760,-790],[169,-368],[756,-461],[593,-637],[-459,-838],[131,-1057],[328,-838],[9,-524],[-339,-855],[547,-208],[281,388],[368,-48],[309,-724],[261,-198]],[[544334,875641],[354,-1180],[430,-685],[79,-898],[-144,-308],[149,-707],[1272,-863],[564,-890],[1102,-1067],[516,-1142],[397,-52],[427,-1110],[493,115],[712,-162],[446,362],[353,-83],[350,263],[619,-180],[892,105],[693,837],[678,-230],[743,-1348],[929,-447],[373,-676],[849,236],[1032,-242],[290,-330],[-46,-471],[1033,-376],[665,-1193],[121,-518],[464,-384],[331,-793],[-68,-1111],[508,-328],[-212,-995],[230,-770],[-234,-566],[367,-483],[-593,-952],[-365,-909],[628,-985],[401,-1989],[771,-834],[-48,-547],[-394,-210],[155,-510],[739,-202],[181,-217],[142,-304],[176,-443]],[[74809,668827],[190,95],[358,57],[1216,-502],[487,-648],[306,-201]],[[86955,673341],[78,-996],[-449,-1183],[-320,-2959],[302,-502],[317,-989],[261,-1366],[-376,-335],[-672,-4],[-374,-228],[-560,302],[-715,-101],[-40,902],[-716,742],[-720,239],[-332,623],[-622,324],[-857,85],[-599,-529],[-132,-318],[-711,-608],[-589,-91],[-600,-320],[-683,855],[-227,686],[-252,57]],[[74809,668827],[-353,-35],[-930,666],[-470,410],[-447,268],[-182,267],[6,682],[-441,-147],[-376,-197],[-78,-62],[-67,-85],[-319,-634],[-199,-1510],[271,-1250],[-139,-585],[92,-658],[-285,-1005],[-1521,-2097],[-489,-1004],[-894,-810],[-400,-917],[-162,-773],[-1272,-2282],[-287,-290]],[[65867,656779],[-42,-43]],[[70914,385551],[249,812],[208,316],[-106,644],[-168,381],[58,606],[237,288],[496,267]],[[74414,410038],[-3,147],[-12,291],[108,154],[1127,255],[417,181],[322,495],[563,552],[706,-38],[353,169],[510,526]],[[78505,412770],[10,28]],[[68867,381448],[228,314],[503,33],[592,281],[250,300],[78,491],[-182,711],[380,441],[-132,637],[46,191],[215,524],[69,180]],[[71888,388865],[283,218],[333,751],[54,544],[-59,2219],[-293,580],[6,571],[534,661],[-337,726],[205,327],[-358,369],[-163,1185],[-325,1455],[-9,396],[206,1284],[309,514],[436,124],[118,340],[631,558],[121,374],[-94,513],[72,685],[-235,523],[-436,163],[23,680],[-356,-158],[70,735],[-354,509],[-40,381],[274,678],[-182,858],[105,305],[430,53],[742,1132],[532,246],[292,331],[-9,343]],[[78505,412770],[75,214],[127,611],[796,166],[807,381],[360,646],[347,86],[264,514],[434,57],[259,488],[360,303],[642,-34],[416,1404],[179,1008],[511,602],[300,865],[1401,2665],[678,608],[796,241],[768,-297],[1182,-18],[611,-270],[685,-92],[186,-66],[566,-420],[432,-104],[607,57],[441,-127],[531,70],[367,388],[599,-297],[1324,-1025],[124,-51],[134,157],[93,154],[286,725],[117,54],[186,123],[271,291],[213,349],[16,294]],[[121768,289481],[-114,147],[-166,232],[-113,66],[-113,-42],[-144,36],[-373,176],[-162,124],[-270,414]],[[123550,298202],[165,344],[185,314],[363,312],[180,504],[408,888],[97,410],[50,265]],[[120313,290634],[-126,171],[-154,-310],[-180,-966],[-22,-738],[-180,-359],[-132,-1187],[131,-191],[133,-73],[600,-12],[-70,-544]],[[123550,298202],[-36,-1491],[69,-346],[21,-296],[-186,-1446],[132,-3571],[211,-1110],[-17,-497],[-260,-382],[-206,-92],[-122,-118],[-400,129],[-413,-97],[-354,44],[-221,552]],[[127544,305159],[-34,6]],[[127501,305166],[-724,123],[-260,-146],[-196,-349],[-192,-1242],[-265,-264],[-5,-364],[-531,-409],[-258,-524],[-72,-752]],[[331489,463075],[93,74],[109,107],[527,191],[306,272],[375,889],[313,362],[275,362],[60,267]],[[337636,480461],[-455,-691],[-586,-285],[-278,-362],[-121,-1178],[-233,-253],[-568,-1213],[-562,-259],[-621,454],[-290,18],[-533,-339],[-143,-397],[-34,-1162],[125,-365],[485,-362],[91,-245],[-125,-816],[89,-453],[627,-1435],[18,-599],[-281,-595],[-611,-626],[-154,-573],[-109,-1168],[168,-656],[15,-1325]],[[336498,456776],[-291,366],[-90,-300],[-113,-273],[-108,-90],[-188,78],[-78,341],[36,111],[47,94],[24,107],[20,152],[31,137],[-22,108],[-232,27],[75,-343],[-920,316],[-489,-561],[-730,-389],[-196,394],[-399,-275],[-409,153],[-608,-217],[12,529],[205,406],[-502,177],[-66,398],[-258,70],[-45,49],[-42,442],[202,554],[-17,594],[-202,338],[18,619],[-192,1576],[518,611]],[[230294,718750],[122,170],[309,73],[865,-207],[931,20]],[[219516,719139],[457,-124],[1563,127],[799,-171],[548,-375],[418,-59],[1253,50],[1251,-355],[1162,-71],[808,212],[1007,-532],[641,-82],[361,190],[100,378],[307,164],[103,259]],[[232521,718806],[665,-210],[331,131],[1023,-235],[629,104],[494,-514],[676,762],[352,76],[526,-210],[1208,595],[607,72],[1080,331],[507,336],[1306,108],[771,339],[463,396],[657,-396],[461,0],[1108,-556],[410,-73],[895,115],[561,-396],[667,-796],[1114,21],[897,-96],[420,-258],[703,-915],[606,-417],[485,-722],[410,-211],[1514,-280],[726,-486],[433,275],[943,-138],[170,-491],[560,-530],[983,-606],[3,-336],[344,-1170],[-101,-1356],[-282,-606]],[[257846,710463],[-20,-29]],[[550938,801915],[-95,20],[-121,113],[-201,12],[-169,-88],[-85,-202],[-83,-159],[-171,-124],[-223,-123],[-599,-248],[-347,-363],[-382,-208],[-253,-67],[-179,-123],[-196,-216],[-43,-242],[182,-288],[118,-246],[-61,-197],[-203,-69],[-241,7],[-165,-64],[-119,0]],[[550938,801915],[186,76],[73,9],[85,-42],[117,-135],[61,-42],[216,-9],[37,115],[-21,194],[36,225],[73,71],[167,-38],[90,72],[33,96],[33,332],[89,177],[94,90],[125,34],[398,13],[130,63],[66,172],[19,331],[46,302],[254,53],[227,-316],[565,14],[44,337],[-275,405],[371,574],[223,191],[379,118],[146,270],[590,-246],[765,455],[336,-337],[690,337],[593,1380],[662,1038],[90,541],[1093,780],[469,993],[460,637],[226,636],[581,883],[783,447],[-201,872],[395,837],[371,1323],[-138,409],[6,187],[336,429],[153,367],[496,17],[104,74],[310,342],[150,108],[585,-82],[195,520],[539,268],[216,577],[413,248],[156,-535],[338,-44],[500,-486],[132,-189],[207,-394],[82,-197],[-303,-196],[39,-223],[93,-155],[146,-118],[293,-146],[91,-241],[501,-237],[133,-151],[-417,-244],[-179,-206],[-129,-282],[494,-105],[231,-209],[73,69],[126,316],[208,-19],[216,-196],[132,-39],[106,-315],[723,-210],[261,104],[543,-229],[284,179],[163,62],[165,-53],[167,-111],[167,-58],[320,-400],[767,-435],[499,138],[1528,-116],[157,93],[65,250],[697,263],[289,-314],[370,149],[-9,-548],[118,-197],[257,141],[-36,-337],[169,-159],[789,-185],[380,432],[984,2151],[148,594],[-503,1177],[-257,142],[-627,650],[-41,336],[-102,323],[-457,1040],[-58,557],[99,256],[-99,639]],[[541626,793585],[144,190],[1375,1591],[256,418],[544,472],[154,213],[148,126],[485,131],[189,114],[104,253],[172,668],[152,137],[222,66],[202,162],[472,575],[439,799],[218,-346],[167,-85],[233,-29]],[[538424,879659],[-682,267],[-1030,-286],[-143,152],[-100,86]],[[501099,899380],[503,-514],[264,-591],[49,-1202],[130,-727],[393,-248],[1194,-4],[379,-481],[457,-264],[1360,357],[662,-539],[1181,-309],[1459,-161],[1030,-539],[909,-54],[830,-198]],[[511899,893801],[667,-606],[-8,-765],[840,-996],[1200,-674],[588,-17],[510,-350],[295,-633],[463,-556],[433,-186],[679,1],[868,-319],[328,-311],[469,-782],[113,-669],[416,-749],[387,-1610],[919,-1012],[545,-1250],[808,-544],[171,-849],[331,-856],[152,-405],[247,-842],[568,-1593],[294,-397],[999,-942],[257,-524],[907,-808],[944,-16],[848,-205],[843,406],[884,990],[103,1008],[1088,1357],[621,1125],[635,236],[1040,614],[1350,-211],[934,131],[834,-114]],[[538904,879780],[-480,-121]],[[326047,397528],[627,1209],[-27,683],[208,195],[723,1386],[155,592],[30,667],[-171,669],[26,510],[343,621],[74,521],[-3,1563],[161,1056],[225,299],[71,978],[207,528],[624,903],[291,758],[0,628],[178,527],[415,435],[730,124],[466,620],[734,1207],[384,29],[534,429],[1047,-81],[145,243],[447,-476],[499,104],[21,109],[210,634],[47,9],[32,-38],[57,-86],[61,0],[57,138],[278,281],[263,220],[132,-429],[277,39],[23,-136],[160,-217],[104,68],[191,-199],[172,-612],[226,76],[202,-418],[203,-167],[183,-149],[171,-24],[235,-156],[206,274],[60,50],[102,48],[207,209],[125,48],[440,-473],[278,273],[-67,0],[0,95],[189,-95],[141,-105],[5,-26],[67,-183],[55,-63],[92,-19],[71,-86],[-10,-57],[1,-53],[109,-60],[472,-195],[762,724],[230,647],[182,-606],[301,485],[354,-15],[617,659],[143,705],[185,140],[468,98],[59,-315],[402,-114],[28,-302],[300,112],[9,-194],[83,-95],[135,-30],[331,12],[150,-22],[373,-796],[476,-233],[1346,-1435],[728,-692],[324,-80],[-24,-434],[739,-476],[619,258],[353,-93],[1102,-37],[178,-53],[143,-132],[113,98],[83,120],[51,156],[16,208],[-199,298]],[[352198,411546],[719,766],[243,40],[155,-472],[958,427],[819,596],[1064,450],[546,52],[328,-120],[314,-912],[333,30],[189,395],[838,535],[695,-525],[165,579],[185,101],[43,41]],[[320297,429687],[186,-405],[329,7],[458,-552],[-177,-619],[136,-723],[281,-149],[543,34],[-26,-804],[194,-325],[397,-129],[461,-742],[-167,-1057],[365,-1676],[-38,-289],[843,-1657],[248,-681],[226,-55],[761,-1106],[339,358],[588,-35],[132,-323],[396,-454],[64,-184],[182,206],[203,324],[82,316],[99,49],[33,66],[4,71],[-14,166],[10,68],[280,664],[623,112],[125,132],[227,357],[295,261],[148,80],[83,-17],[52,169],[-52,508],[32,215],[135,252],[32,161],[41,65],[85,203],[63,214],[-22,99],[81,384],[15,187],[25,161],[66,89],[172,121],[197,242],[729,1339],[330,-210],[396,210],[58,323],[376,369],[488,879],[136,742],[476,38],[238,413],[316,1186],[224,273],[659,289],[539,-117],[356,-599],[159,-540],[442,-123],[373,-757],[375,-177],[-60,-524],[522,-118],[717,205],[401,298],[798,-1],[535,254],[258,-533],[213,-60],[181,76],[335,-16],[96,43],[141,119],[93,47],[87,-268],[202,-71],[174,75],[4,264],[107,-94],[73,-134],[89,-190],[118,-11],[134,101],[70,-90],[66,104],[198,220],[0,208],[66,0],[101,-86],[134,-50],[115,-76],[444,-572],[413,-885],[367,-91],[339,-763],[132,-1637],[401,-256],[553,-671],[46,-666],[-44,-133],[37,-112],[0,-94],[-86,-68],[-42,-125],[3,-162],[54,-179],[613,339],[-15,404],[382,-361],[193,-545],[39,-647],[-83,-665],[61,0],[106,94],[210,-325],[710,-2082],[359,-423],[291,-1035],[208,-223],[503,119],[14,-454],[47,-289],[37,-69],[313,-336],[52,35],[59,-79],[-61,-712],[149,-114],[618,-69],[324,271],[290,-88],[1068,-1230],[116,-341],[72,-209],[130,-282]],[[352198,411546],[2,-33]],[[322948,266042],[-15,352],[-583,1534],[-900,-203],[-686,2],[-398,-520],[-194,-1488],[-206,-640],[-254,-1711],[81,-753],[-62,-569],[-247,-355],[-453,-308],[-283,-745],[-491,219],[-257,-263],[-39,-1034],[-557,-951],[-285,-208],[-52,-451],[-409,-835],[-274,-746],[-218,-1221],[-289,-569],[329,-192],[90,-701],[-222,-630],[0,-999],[-131,-1152],[-437,-1599],[107,-1143],[186,-371],[-382,-1515],[60,-637],[-192,-571],[111,-370],[146,-1258],[203,-815],[460,-442],[396,-1205],[-102,-642],[-381,-1036],[-173,-255],[-441,255]],[[315208,239480],[-62,705]],[[460914,815234],[-167,1209],[-694,677],[-904,261],[-317,305],[-233,604],[-32,687],[81,327],[380,285],[229,796],[72,1266],[225,852],[351,2210],[-182,604],[709,1288],[997,597],[932,866],[718,237],[374,-163],[823,126],[1371,-750],[779,-1145],[467,0],[236,-524],[324,-1732],[395,-362],[-142,-675],[-352,-543],[-117,-252],[-362,-943]],[[312646,558146],[915,-1009],[132,-476],[528,-526],[216,-1014],[259,-463],[155,-929],[536,-834],[203,-874],[333,-600],[20,-539],[535,-907],[-89,-453],[132,-580],[349,-59],[186,-483],[144,-886],[399,-735],[113,-879],[188,-479],[-109,-956],[36,-1557],[358,-1386],[-196,-1046],[568,-342],[256,-435],[294,-2299],[-362,-2013],[938,-492],[88,-359],[-198,-1305],[358,-555],[221,9],[348,546],[684,-755],[172,-877],[-466,-481],[269,-419],[262,-999],[615,-608],[570,13],[270,652],[261,278],[615,-117],[309,-371],[366,-829],[358,-380],[734,161],[315,-209],[344,-533],[544,-1440],[881,-720],[957,-153],[427,-838],[691,210],[759,-210],[487,74],[665,-913],[650,-1089],[544,-336],[726,-828],[394,-971],[76,-983],[192,-422],[607,-39],[135,-724],[284,-300],[852,177],[535,-391],[428,-562],[358,37],[839,-613],[191,96],[-104,130],[-70,98],[3,191],[554,1041],[357,132],[377,-334],[158,-842],[403,-768],[25,-303],[7,-326],[345,-345],[448,-1146],[200,-1508],[585,-1615],[166,-263],[1031,-309],[169,-184],[463,-1252],[822,-271],[993,-677],[415,-695],[573,-304],[521,-1033],[72,-651],[402,-401],[142,-359],[515,-297],[197,-419],[638,-182],[623,-1077],[421,-289],[573,-856],[297,75],[538,-584],[342,-11],[533,516],[852,-483],[668,-51],[237,-387],[210,-689],[965,-1586],[704,-724],[-34,-708],[326,-114],[296,209],[473,23],[460,439],[583,118],[340,274],[-134,569],[61,681],[-28,1090],[-375,871],[-40,573],[185,784],[-230,676],[27,319],[560,715],[-28,541]],[[392589,928245],[415,344],[480,839],[768,633],[415,126],[692,-108],[1025,736],[401,428],[394,94],[583,527],[344,1022],[295,452],[670,185]],[[399454,933548],[430,-95],[123,44],[117,69]],[[400907,933460],[431,-427],[210,-76],[676,-1373],[107,-559],[691,-629],[565,-838],[363,-756],[368,-204],[668,-1833],[381,-413],[1223,-735],[892,-372],[1169,-179],[553,-658],[817,-418],[1607,95],[286,-72],[399,-547],[451,94],[499,739],[412,178],[958,830],[1432,253],[641,459],[1127,363],[590,907],[624,207],[327,910],[425,362],[436,706],[422,1044],[293,146],[146,603],[-120,689],[734,-31],[448,582],[644,1202],[-116,412],[869,714],[1096,1236],[533,380],[508,624],[793,511],[778,136],[335,361]],[[683273,744631],[-115,-1041],[-833,-906],[-5,-610],[546,-1482],[193,-894],[-231,-1559],[492,-1895],[304,-546],[646,-792],[594,-469],[1409,-301],[910,-682],[396,226],[923,-205],[1538,-1065],[314,-431],[616,-1178],[639,-1021],[360,-377],[1520,-913],[601,-176],[1501,191],[215,353],[903,215],[867,-60],[1536,-1055],[430,-701],[421,-464],[560,-174]],[[343682,483774],[60,-455],[597,-555],[270,-619],[97,-92],[132,-78],[116,-111],[152,-661],[486,-462],[672,-229],[556,11],[1067,440],[567,27],[17,-197],[91,-319],[31,-171],[-241,-691],[109,-463],[1224,-344],[550,-343],[424,-461],[376,-167],[116,-496],[-537,-876],[-335,-264],[-372,-920],[-387,-130],[-293,-362],[114,-439],[1273,-922],[1024,-315],[194,-742],[435,-429],[558,-192],[707,-843],[811,-487],[380,-115],[252,-676],[194,179],[395,-560],[323,29],[339,-372],[132,314],[795,-314],[264,-210],[329,-837],[-43,-809],[286,-240],[91,-532],[415,-407],[508,-753],[652,310],[407,-940],[734,-444],[61,-298],[240,-262],[216,-102],[184,109],[119,361],[-24,95],[-17,130],[41,159],[206,336],[117,104],[233,127]],[[586795,746707],[99,-195],[174,-541],[129,-226],[-301,-618],[-411,-97],[-129,-738],[-655,-325],[-341,-325],[-93,-449],[10,-1218],[-499,-165],[-146,-495],[371,-1754],[-1560,113],[-584,218],[-654,-55],[-399,-484],[-722,-84],[-595,-812],[-782,760],[-310,26],[-186,-455],[-275,-1430],[132,-271],[562,-315],[-162,-1213],[329,-210],[99,-681],[391,-1256],[245,-1960],[-76,-1510],[104,-511],[-104,-699],[148,-372],[348,-46],[357,-442],[-492,-195],[-312,-663],[378,-704],[-62,-311],[-600,116],[282,-1140],[-111,-162],[-146,-124],[-121,-165],[28,-997],[604,-772],[-389,-426],[-21,-328],[580,-704],[389,-133],[266,188],[489,-188],[393,114],[988,20],[581,-474],[427,200],[461,543],[818,-601],[672,-1123],[83,-420],[-157,-500],[-51,-391],[-109,-141],[-38,-74],[-268,-844]],[[489664,809473],[524,238],[1280,122],[434,-58],[229,581],[1055,598],[663,-84],[132,-514],[990,-267],[266,-372],[510,-178],[602,388],[301,-445],[570,-264],[276,60],[1174,1592],[-7,371],[335,266],[39,587],[459,661],[1050,989],[960,277],[595,-56],[266,380],[772,622],[823,980],[118,716],[932,379],[894,-266],[565,781],[1270,1152],[428,205],[739,-85],[222,-967],[922,-1790],[1058,-79],[421,-292],[1027,-143],[365,-209],[378,-755],[-49,-631],[-224,-518],[-141,-1047],[-468,-524],[27,-1035],[578,-1346],[988,-570],[920,-1349],[341,-747],[-189,-941],[-495,-791]],[[363632,530299],[769,-2145],[483,-682],[1117,-434],[789,-603],[747,-707],[233,-432],[417,-352],[236,-412],[467,170],[575,-562],[502,-695],[643,-517],[958,-1102],[2056,-923],[221,61],[517,817],[203,-68],[266,427],[365,202],[411,-224],[106,-496],[554,-245],[321,60],[118,402],[598,473],[1098,1760],[559,-491],[201,60],[499,664],[251,1031],[286,582],[491,313],[1434,-514],[473,183],[805,989],[210,704],[339,168],[162,1113],[144,236],[484,-172]],[[379976,574365],[618,-812],[358,109],[350,457],[424,1149],[48,1231],[292,310],[705,367],[426,-86],[518,189],[864,-561],[170,-1409],[232,-257],[557,-154],[560,55],[775,500],[801,-156],[510,152],[486,397],[269,-135],[213,-595],[463,-271],[327,-400],[419,-249],[150,-656],[324,-142],[1225,878],[268,-408],[183,-805],[254,-186],[261,87],[207,258],[371,619],[213,175],[202,26],[741,-186],[234,-397],[68,-621],[1631,168],[665,-161],[370,-393],[186,-469]],[[692637,757814],[161,1676],[661,1818],[11,253],[-623,828],[-105,578],[105,669],[332,657],[69,748],[470,1021],[656,832],[606,-377],[447,793],[221,1392],[-106,434],[370,793],[-283,742],[7,542],[-887,398],[-391,638],[-410,107],[-1695,1065],[-742,1026],[-655,400],[-366,568]],[[577680,825373],[-532,2266],[414,1038],[251,1617],[386,307],[181,708],[-378,536],[-782,-321],[215,848],[-180,270],[-535,-376],[-779,664],[-505,69],[-203,498],[96,470],[-624,1032],[-665,309],[-190,-423],[-657,-629],[-385,-719],[-674,-957],[-589,-251],[-29,-339],[-476,-619],[-444,87]],[[544225,965565],[109,-69],[2037,48],[1273,-510],[497,-5],[870,451],[1011,-155],[313,-770],[744,-63],[118,-189],[82,-231],[581,-354],[706,-163],[118,-469],[499,318],[1644,253],[572,363],[424,-58],[75,-277],[45,-347],[141,-319],[397,-154],[160,-125],[-30,-254],[569,-89],[45,-519],[362,-295],[137,-495]],[[517112,926813],[488,-333],[577,-843],[967,-467],[311,-918],[635,-1390],[148,-866],[581,-1218],[524,-334],[320,-732],[-199,-1097],[184,-1047],[625,-473],[565,-747],[452,-18],[880,332],[428,-58],[449,-340],[659,-1077],[48,-1285],[503,-361],[-91,-1342],[66,-842],[200,-795],[374,-618],[127,-364],[-108,-370],[116,-1097],[-79,-750],[363,-466],[298,-839],[684,-1161],[697,-900],[559,-994],[38,-1016],[495,-983],[2212,-1965],[1215,-359]],[[345925,715175],[66,628],[425,609],[391,299],[394,637],[354,173],[1145,-460],[826,0],[629,-629],[854,-157],[730,-586],[504,-623],[154,-786],[-71,-685],[201,-710],[332,-457],[301,120],[297,-524],[386,-351],[480,-130],[494,81],[764,609],[956,-241],[710,-407],[967,95],[459,-75],[997,-429],[182,-407],[520,323],[613,-87],[1110,-881],[181,-464],[693,-168],[359,-781],[1124,-276],[332,333],[461,-494],[186,315],[509,-354],[811,164],[783,-350],[1841,-24],[353,-460],[763,-483],[126,-600],[476,-570],[849,-169],[431,36],[953,348],[305,-101],[504,185],[785,-499],[328,123],[541,-323],[1283,-19],[815,-305],[709,84],[949,-617],[782,-35],[354,184],[647,-349],[466,-105],[293,-523],[1780,-219],[828,105],[687,-337],[701,136],[431,-332],[891,114],[768,-45],[469,386],[1105,180],[763,955],[395,200],[1064,942],[1095,496],[380,331],[567,239],[195,315],[528,-210],[420,-410],[484,71],[346,758],[268,209],[-196,429],[600,313],[317,-189],[404,285],[958,-209],[775,-445],[277,188],[479,905],[763,-68],[50,362],[461,314],[210,-276],[520,-38],[461,314],[80,286],[776,-67],[744,170],[282,354],[1071,-777],[671,44]],[[221431,685795],[287,-586],[45,-531]],[[221763,684678],[238,-679],[-22,-441],[-279,-671],[23,-377],[306,-477],[14,-413],[-756,-2166],[-293,-470],[-1533,-1121],[-400,-426],[-201,106],[-740,-298],[-590,-655],[-197,-410],[79,-525],[-413,-1474],[-418,-782],[-685,-487],[-399,-89],[-503,196],[-2680,-419],[-454,15],[-590,-221],[-732,122],[-447,-129],[-731,-545],[-1104,-119],[-829,-693],[-276,-560],[-347,140],[-448,-626],[-682,-692],[-624,-196],[-446,179],[-145,707],[-276,382],[-389,-182],[-360,-469],[-1092,50],[-410,404],[-482,130],[-758,-338],[-548,-549],[145,-380],[462,48],[0,-676]],[[171931,706044],[757,-418],[745,114],[188,340],[510,37],[993,-423],[866,-68],[779,290],[349,-70],[661,504],[341,83],[1280,8],[485,-91],[343,310],[592,-66],[260,666],[427,454],[-1,530],[231,139],[1348,-144],[238,538]],[[216740,736956],[-777,-23],[-371,-254],[-917,425],[-1566,-34],[-591,453],[-1395,489],[-175,373],[-943,256],[-1454,838],[-667,-72],[-260,357],[-313,1834],[-179,671],[97,858],[695,701],[95,1450],[-169,1096],[103,1066],[467,791],[242,947],[1155,1551],[654,385],[382,447],[110,482],[-137,441],[-355,316],[-1788,732],[-314,336],[-542,49],[-770,797]],[[128512,722595],[-144,677],[-61,1346],[-478,169],[-595,-244],[-1393,-292],[-486,280],[-614,782],[-976,334],[-277,548],[-390,1403],[-282,549],[-898,631],[-1255,-3],[-452,362],[-828,382],[-554,462],[-1104,280],[-179,-212],[-1033,96],[-433,315],[-590,-245],[-378,241],[-761,119],[-322,314],[-8,550],[-253,195],[-267,826],[-630,470],[-461,534],[-231,576],[-402,540],[-181,1257],[-210,728],[240,983],[476,1046],[270,255],[461,68],[394,394],[11,403],[-345,658],[-128,835],[407,507],[240,913],[-21,529],[-349,653],[-84,672],[66,678],[413,1377],[274,1909],[-12,314],[-401,1105],[56,846],[442,1268],[101,1084],[237,443],[1078,919],[744,816],[1437,1135],[588,1048],[205,1418]],[[384959,749439],[880,1507],[968,435],[933,1304],[93,628],[357,963],[0,1104],[404,1322],[421,389],[89,462],[413,607],[574,1397],[983,1231],[381,322],[1337,106],[104,65],[129,288],[584,275],[825,210],[831,-115],[529,261],[824,63],[632,-255],[687,674],[1453,-669],[1329,-157],[948,-963],[855,-173]],[[368607,722055],[725,1207],[589,591],[860,162],[442,-128],[938,-708],[714,-130],[4022,-2136],[859,-168],[1789,628],[1273,-339],[410,-237],[79,-194],[42,-186],[64,-140],[376,-134],[730,-550],[584,-114],[402,-629],[-270,-218],[22,-1456],[340,-398],[435,82],[460,-533],[799,-687],[259,-46],[225,-1046],[2222,-2219],[622,-472],[201,-628],[487,-650],[590,-1120],[1600,-1652],[909,-311],[617,-39],[440,-406],[710,206]],[[251965,679183],[-759,742],[-525,1599],[60,294],[-293,550],[-856,282],[-322,459],[-426,137],[-1002,-380],[-520,314],[-993,1572],[-385,415],[-647,308],[-483,648],[-552,230],[-710,1140],[-507,640],[-129,568],[-482,363],[-868,911],[-343,81],[-665,665],[-405,65],[-904,861],[-565,276],[-832,1231],[-316,226],[-120,879],[-189,248],[56,752],[-296,309],[-236,2937],[-258,1105],[283,525],[375,322],[592,119],[372,248],[484,680]],[[290259,536795],[-326,148],[-1052,-486],[-1098,-114],[-1027,-456],[-643,-43],[-560,-226],[-1577,-1199],[-786,-180],[-998,170],[-406,-335],[-38,-509],[253,-548],[-545,-679],[-67,-465],[106,-973],[-175,-630],[-490,-1181],[-407,-577],[-39,-324],[489,-992],[618,-413],[89,-624],[-329,-396],[-908,-641],[-213,-542],[38,-548],[372,-1423],[336,-697],[240,-1012],[-89,-810],[-372,-529],[-507,-183],[-878,480],[-867,63],[-756,324],[-388,-369],[332,-2168],[-9,-1664],[-139,-496],[-622,-307],[-902,515],[-245,329],[-102,30],[-108,-214],[-20,-919],[-343,-550],[-700,-407],[-478,-816],[-644,-221],[-161,-424],[10,-1037],[-136,-272],[-415,-86],[-719,277],[-592,1115],[-762,900],[-347,-106],[-390,-813],[-287,429],[-395,132],[-233,349],[-436,-317],[-238,214],[-62,231],[-33,252],[-12,218]],[[425939,739557],[-79,-153],[-313,-1996],[-332,-579],[-186,-1254],[22,-864],[-225,-132],[160,-915],[-346,-881],[543,-1213],[360,-477],[143,-553],[-175,-760],[-16,-1895],[787,-1148],[314,-685],[469,-139],[252,-339],[175,-945],[77,-1055],[-184,-769],[375,-908],[119,-610],[270,-228],[413,-1804],[135,-895],[458,-776],[334,-350],[673,272],[282,-196],[552,-31],[936,-469],[386,-607],[1219,-85],[588,366],[372,-52],[768,442],[507,-207],[113,-759],[503,-1021]],[[436388,714887],[4,-6]],[[490264,604768],[-395,94],[-247,376],[-65,533],[155,566],[806,1534],[288,872],[289,338],[453,155],[442,648],[549,128],[752,-358],[535,161],[613,998],[573,484],[764,-136],[435,688],[1104,1390],[572,1351],[350,249],[452,-455],[228,-828],[358,-467],[556,-49],[601,-322],[358,-612],[351,-122],[434,-867],[721,-877],[551,-18],[313,252],[619,-256],[800,-83],[416,-379]],[[109480,516199],[-240,635],[-55,561],[-299,42],[-116,1206],[317,470],[287,731],[-77,590],[-475,440],[336,862],[394,147],[366,-471],[645,625],[49,600],[409,381],[833,-944],[581,-272],[410,145],[656,-61],[496,264],[586,-130],[280,-700],[-3,-1502],[-516,-988],[54,-710],[233,-534],[198,-967],[225,-620],[55,-748],[515,-728],[-66,-1318],[198,-523],[61,-2000],[-247,-504],[-537,-261],[-270,-501],[-726,-356],[-383,218],[-193,-96],[-112,-28],[-64,-45],[-32,-117],[-9,-313],[11,-334],[-419,-908],[-843,-1062],[-132,-799],[-300,-977],[-518,-340],[-188,-1127],[-362,-204],[-372,-677],[-5,-520],[267,-985],[222,-469],[-34,-372],[-378,-1100],[198,-713],[597,-1005],[1240,-1174],[833,-145],[320,-494],[-129,-1532],[191,-519],[-36,-1238],[233,-522],[-193,-1426],[391,-1275],[-447,-470],[-147,-844],[367,-323],[142,-1080],[-325,-967],[-548,-110],[-155,603],[-467,367],[-405,-507],[-79,-429],[110,-806],[160,-312],[-190,-902],[-317,-454],[19,-709],[240,-730],[244,-1806],[636,-1434],[376,-171],[164,-137],[121,-202],[285,-698],[68,-291],[26,-355],[-142,-873],[70,-336],[-209,-515],[-67,-239],[-43,-236],[-6,-573],[47,-313],[81,-343],[-483,-487],[-203,-416],[-104,-448],[194,-600],[498,172],[79,-231],[222,-1576],[-6,-764],[-38,-282],[-98,-182],[-320,-440]],[[82554,805681],[1464,-48],[1284,-503],[453,46],[919,334],[620,-200],[546,68],[437,-172],[741,-905],[152,-411],[652,135],[537,-159],[1157,1276],[854,257],[598,356],[876,241],[1160,-200],[445,-259],[419,131],[1074,613],[863,43],[491,168],[577,405],[614,89],[788,-205],[941,727],[519,568],[771,301],[555,573],[805,353],[939,1046],[324,566],[1073,824],[1099,1093],[885,107],[919,-895],[1422,-463],[324,-306],[905,-1203],[817,-586],[919,-105],[911,690]],[[51748,559965],[339,177],[884,784],[1755,594],[649,695],[1254,756],[266,31],[617,-347],[1383,-4],[254,84],[975,990],[599,1019],[658,431],[502,39],[635,603],[595,-248],[982,360],[927,-120],[213,395],[747,-385],[346,405],[135,768],[-116,501],[126,801],[-104,520],[178,487],[1075,1612],[398,1251],[395,605],[115,695],[965,2007],[376,566],[338,158],[320,-512],[504,-100],[-10,1204],[212,406],[605,-73],[310,475],[69,624],[-120,1286],[242,446],[366,83],[630,616],[352,-46],[543,-404],[653,-327],[317,-692],[429,-152],[1454,1016],[1394,535],[584,-312],[1056,431],[921,-43],[336,-386],[-87,-481],[376,-385],[280,-733],[-159,-883],[11,-494],[767,-1087]],[[133876,481408],[572,325],[557,-257],[383,28],[678,498],[789,1197],[198,228],[353,298],[616,30],[590,-326],[278,-67],[598,10],[1692,543],[406,223],[673,137],[572,543],[284,482],[615,1911],[251,343],[926,817],[528,974],[1020,1112],[576,1021],[587,794],[569,194],[508,671],[716,628],[423,698],[5,871],[402,1127],[207,882],[192,357],[881,144],[551,352]],[[279262,630085],[-57,-705],[478,-1977],[142,-1491],[346,-870],[822,-273],[669,-1068],[354,-1273],[407,-989],[139,-786],[-201,-1095],[24,-971],[-355,-715],[-342,-163],[-717,-86],[-556,-288],[-529,84],[-703,-429],[-540,-880]],[[431543,747121],[-100,-1251],[-222,-1211],[-324,-1136],[1369,-452],[213,-1008],[495,-865],[390,-401],[112,-546],[291,-171],[520,-731],[135,-591],[733,-991],[541,-573],[249,-726],[373,-255],[433,-35],[726,256],[418,-305],[642,-154],[276,274],[836,-304],[179,-16],[488,358],[464,-285],[792,227],[566,-722],[368,56],[334,442],[351,-606],[416,-210],[359,-584],[645,-190],[772,234],[558,-34],[1130,-780],[661,48],[433,-219],[714,231],[365,349],[2956,970],[1044,1010],[373,234],[237,571],[121,1052],[400,742],[232,1099],[562,1103],[589,786],[161,470],[209,125],[431,93],[791,397],[366,332],[159,423]],[[321291,899783],[643,-1114],[870,-517],[249,-873],[118,-294],[170,-222],[929,-276],[2163,214],[3042,1443],[417,315],[611,182],[198,117],[630,542],[231,63],[414,436],[346,79],[510,704],[151,440],[462,436],[298,1212],[-100,1320],[-650,1262],[-270,833],[-65,335],[65,770],[-401,990],[-649,1064],[-3,594],[584,1288],[-333,607],[-8,1250],[-380,1054],[-336,314],[296,639],[40,942],[243,1937],[247,818],[101,933],[-203,427],[-133,1341],[227,1132],[-63,416],[775,905],[1149,331],[1042,706],[951,170],[713,-417],[832,-1040],[887,-39],[169,-357],[983,410],[460,409],[897,-79],[135,680],[422,570],[966,-285],[332,36],[355,919],[875,-638],[126,612],[588,-644],[661,-450],[476,267],[475,-131],[1073,7],[197,333],[529,-151],[352,230],[556,-55],[336,845],[793,-196],[301,453],[-72,104],[106,155],[83,210],[96,184],[427,112],[574,910],[344,101],[1110,1214],[633,228],[922,143]],[[354522,929698],[414,104],[681,935],[292,1069],[792,741],[483,-536],[850,-16],[363,316],[309,805],[655,521],[557,903],[340,1261],[1131,1893],[-76,430],[290,543],[506,195],[856,1012],[247,233],[116,154],[298,575],[844,636],[215,307],[262,585],[43,54],[93,73],[93,118],[88,259],[282,176],[555,818],[38,187],[-21,162],[-239,720],[61,218],[-285,987],[389,707],[28,829],[377,631],[25,845],[-402,209]],[[512958,425489],[644,24],[575,245],[663,1150],[651,877],[111,909],[297,213],[42,438],[336,229],[62,282],[-22,374],[62,269],[-53,560],[205,471],[-117,422],[-723,820],[103,600],[-222,366],[-100,577],[570,300],[83,772],[432,-50],[56,874],[342,365],[161,847],[-270,1266],[308,214],[-2,876],[143,265],[-96,512],[444,1250],[-166,542],[-427,277],[0,630],[-283,275],[-242,1091],[271,853],[-330,166],[-127,359],[164,406],[157,631],[0,215],[-68,215],[-134,311],[-98,337],[-70,127],[-370,84],[-207,544],[249,583],[301,164],[-199,592],[-77,715],[-325,642],[468,96],[-196,615],[-497,170],[-104,634],[41,796],[-401,309],[-35,502],[270,1077],[305,621],[-109,654],[32,816],[149,606]],[[515386,459302],[-53,147]],[[93785,381683],[595,151],[586,-419],[1273,-172],[809,-828],[239,-445],[327,-1161],[502,-1011],[679,-322],[54,-175],[-33,-206],[-109,-166],[-121,-148],[-76,-155],[-8,-317],[133,-979],[-114,-392],[313,-1186],[195,-332],[234,-271],[226,-174],[329,-53],[304,164],[823,884],[638,1291],[833,815],[768,531],[814,316],[1521,43],[731,510],[510,-160],[1312,-1242],[1296,-252],[1172,-737],[1151,-570],[708,8],[750,-401],[322,-421],[166,-540],[-9,-1211],[73,-557],[285,-590],[463,-479],[981,-632]],[[335091,429803],[117,335],[29,180],[-14,112],[-37,151],[-155,373],[-125,-84],[-276,502],[132,744],[-236,368],[38,479],[-526,885],[-85,587],[217,404],[-199,304],[-320,-276],[-206,295],[-662,104],[-306,358],[-369,176],[-187,-9]],[[466875,821342],[-706,-755],[-236,-831],[-395,-838],[644,-1547],[2139,339],[1192,-747],[611,61],[1085,-579],[874,-323],[697,-477],[270,-2214],[498,-608],[317,114],[49,-1766],[606,-801],[721,-277],[78,-715],[-78,-656],[311,-191],[-180,-457],[316,-792],[612,-438],[264,-17],[301,558],[277,-28],[283,-634],[658,-314],[-160,-451],[327,-205],[432,227],[475,-637],[555,473],[315,-779],[636,0],[228,-675],[548,-430],[12,-674],[502,-1005],[-368,-631],[523,-468],[520,-1591],[409,-171],[-133,-1133],[-166,-464],[130,-990],[-228,-487],[442,-197],[85,-1394],[284,-390],[417,95],[706,-130],[1128,22],[316,-302],[123,-647],[-66,-628],[513,-1206],[786,-108],[637,-1683],[-75,-728],[-341,-535],[-108,-494],[42,-767],[221,-526],[791,-854],[-85,-563],[546,-226],[609,17],[-30,-638],[592,-534],[626,220],[905,-360],[461,-525]],[[398238,553105],[83,-263],[-108,-868],[-240,-708],[-56,-557],[687,-379],[410,78],[632,500],[398,-23],[386,-420],[112,-447],[-310,-1508],[-272,-934],[75,-985],[-55,-664],[-229,-355],[-491,-330],[-370,-65],[-320,-475],[13,-1161]],[[397914,571983],[148,-1050],[-82,-606],[-294,-1165],[-28,-1227],[-279,-866],[-92,-1041],[-159,-868],[-369,-1088],[-504,-470],[-165,-416],[-117,-881],[-273,-303],[141,-474],[-221,-1022],[-250,-399],[-425,125],[-193,-581],[152,-438],[-73,-711],[351,-623],[-178,-428],[99,-393],[550,-62],[123,-231],[69,-893],[208,-452],[-54,-513],[-273,-492],[107,-561],[613,-249],[-7,-975],[439,-284],[409,-686],[296,827],[655,618]],[[557724,961088],[150,-592],[-108,-569],[-426,-635],[-525,-214],[-332,-790],[-628,-639],[-221,-428],[-675,-191],[528,-895],[-250,-312],[188,-583],[68,-1156],[-154,-428],[-688,-365],[-725,-887],[-579,-178],[-132,-547],[-407,-190],[-235,-1210],[-405,-332],[-242,-590],[138,-339],[-339,-573],[-321,-72],[-405,-386],[-758,-905],[160,-561],[-282,-401],[420,-437],[-1029,-1114],[359,-363],[184,-631],[-99,-446],[-499,-565],[389,-371],[-36,-1823],[-218,-330],[-440,273],[-198,-428],[623,-562],[389,-698],[-165,-532],[471,-1246],[-264,-742],[132,-724],[-301,-880],[4,-1004],[-474,-605],[-151,-453],[-435,-244],[-486,26],[-301,418],[-1612,173],[-402,-914],[-7,-842],[-339,-706],[-849,-2537],[-223,-273],[-54,-149],[-114,-425],[-346,-802],[-54,-1141],[-256,-791],[-498,-680],[102,-794],[-43,-814],[-226,-1500],[373,-831],[27,-1206],[-328,-694],[-73,-955],[-592,-512],[-750,-364],[-148,-648],[-353,-465],[-103,-575],[-332,-415],[233,-904],[-857,-1685],[265,-200],[-458,-814],[-440,-185],[-616,-1098],[54,-426],[-520,-638],[-270,-95],[-817,-864],[-71,-555],[-381,-395],[169,-496],[-18,-893],[-254,-530],[-106,-667],[-486,-42],[-441,-378],[-831,-330],[-318,-352],[-475,-105],[94,-1972],[-294,-304],[-593,-1370],[-454,-1572]],[[407344,746707],[-239,612],[239,854],[-203,194],[275,705],[-213,387],[378,1027],[-571,-58],[-229,1061],[-358,358],[-50,948],[-475,465],[-528,1739],[-22,550],[-271,194],[41,818],[-375,1266],[-393,758],[-533,684],[-493,985],[-395,417],[-407,49]],[[208351,628231],[551,-1183],[762,-360],[308,-310],[438,-734],[509,-556],[461,-48],[434,474],[589,-383],[483,136],[380,-208],[254,299],[367,-173]],[[122491,799259],[-434,55],[-1013,782],[-328,45],[-262,534],[-636,256],[-279,1130],[-314,297],[-1201,1566],[-331,253],[-610,930],[-340,1407],[236,431],[-129,1283],[-246,689],[-481,154],[-318,335],[-379,49],[-795,838],[-228,-222]],[[278643,616110],[-186,-661],[-227,-1611],[-30,-864],[135,-2099],[-74,-597],[-489,-1530],[-87,-1110],[-243,-606],[-637,-561],[-458,73],[-370,553],[-927,393],[-245,213],[-915,1435],[-372,289],[-693,-277],[-458,-890],[-150,-1551],[-386,-381],[-565,188],[-652,-94],[-872,154],[-635,-160],[-1753,-1129],[-495,17],[-113,-49],[-517,-377],[-296,-385],[-1197,590],[-698,-27],[-466,253],[-324,-109],[-262,422]],[[722448,933582],[431,1295],[-61,1306],[-572,1587],[-127,1068],[-197,542],[-520,644],[-263,1556],[-402,1103],[72,1315],[-270,675],[132,633],[-571,1998],[204,1243],[-1119,2364],[-171,1131],[664,686],[496,84],[1911,2]],[[483108,660615],[-438,-555],[-1019,169],[-588,439],[-1012,311],[-250,692]],[[305376,224548],[-1,-47]],[[305369,224478],[-133,-48]],[[305120,224391],[85,-932],[-240,-574],[-393,-554],[-220,-653],[-358,-229],[-273,-400],[-226,-643],[-343,-333],[-556,-72],[-410,-232],[-839,-1233],[-711,-542],[-474,-54],[-1085,-1080],[-340,-580],[-197,-686]],[[705612,62335],[2,44]],[[705614,62379],[-2,594],[-299,337],[54,361],[577,-174],[243,62],[217,776],[355,289],[-157,349],[314,543],[391,-143],[155,427],[-203,689],[-515,358],[-71,534],[256,904],[-66,361]],[[532909,896909],[225,-266],[568,80],[215,779],[411,-494],[-141,-525],[701,-100],[988,-1273],[-141,-1195],[476,-1463],[-203,-379],[654,-1795],[-127,-685],[46,-236],[69,-247],[-3,-205],[401,-670],[229,50],[75,212],[55,55],[64,43],[167,-29],[30,-350],[-22,-207],[0,-230],[78,-238],[-68,-479],[410,-1231],[97,-864],[220,-577],[-527,-619],[-62,-401],[240,-571],[618,-660],[-197,-633],[177,-328],[-405,-418],[39,-294],[511,-275],[127,-411]],[[538904,879780],[510,-1315],[356,-158],[440,209],[584,-1380],[464,26],[296,-331],[-12,-810],[325,-328],[580,185],[454,-618],[582,-122],[255,646],[821,-105]],[[110868,351811],[-658,-1056],[-927,-743],[-665,-712],[-433,-908],[-1825,-1925],[-549,-162],[-696,-371],[-334,-426],[-673,-44],[-857,-536],[-566,-48],[-832,96],[-606,285]],[[61887,705870],[-3,4]],[[61884,705874],[-78,172],[-161,113],[-274,-362],[83,-589],[-48,-343],[-120,-191]],[[69328,691526],[-89,503],[-1035,1173],[-588,447],[-137,502],[-620,1224],[83,721],[-257,1105],[-698,999],[-356,1095],[-638,214],[-253,938],[-1664,1750],[-933,1815],[114,805],[-101,562],[-269,491]],[[61887,705870],[-3,4]],[[55239,701636],[161,-7]],[[55450,701641],[469,117],[439,-195],[947,779],[532,20],[449,353],[472,55],[284,458],[399,108],[652,836],[1193,502]],[[487148,634496],[188,-82],[214,-242],[926,-685],[601,-254],[546,-850],[1242,-949],[706,-238],[182,-114]],[[478159,634204],[278,549],[165,208],[160,-26],[468,-565],[775,-654],[299,28],[329,339],[381,-825],[754,-178],[234,76],[876,675],[730,954],[524,284],[203,-211],[349,-626],[657,-387],[268,58],[1040,581],[499,12]],[[491753,631082],[415,-364],[669,458],[559,-87],[650,426],[684,99],[293,268],[625,940],[201,459],[337,1886],[190,541],[731,992],[340,45],[353,346],[393,874],[427,486],[359,819],[775,143],[935,551],[347,424],[-289,657],[151,646]],[[500904,641692],[37,5]],[[298548,399576],[-91,193],[-397,711],[-184,380],[-286,1219],[-95,2158],[-62,419],[38,1297],[301,987],[384,490],[-232,1020],[-238,408],[-135,262],[-64,167]],[[296064,426650],[-35,-1101],[-307,-499],[13,-617],[-328,-355],[-67,-536],[69,-1026],[328,-991],[-469,-1186],[192,-1335],[517,-1017],[140,-581],[-616,-517],[-157,-357],[153,-1046],[645,-1307],[-132,-288],[257,-911],[-107,-162],[20,-190],[147,-486],[34,-815],[449,-449],[222,-919],[455,-672]],[[298548,399576],[109,-343],[20,-240],[84,-170],[203,-143],[310,-716],[224,-1169],[-27,-476],[453,-571],[764,-629],[431,-165],[283,-689],[339,7],[412,-467],[297,-543],[416,-361],[388,-95],[302,-428],[697,114],[791,-1162],[432,-398],[118,-553],[-282,-944],[136,-631],[-254,-187],[-80,-700],[-179,-503],[167,-829],[382,-458],[520,-318],[321,-976],[201,-431],[234,-12],[0,-743]],[[312066,451206],[-113,309],[-146,451],[-523,932],[146,777],[389,918],[407,457],[425,191]],[[318126,474996],[-273,1819],[-390,1027],[-527,628],[-286,-450],[-625,-142],[-395,160],[-327,-402],[-157,-642],[117,-566],[-285,-246],[-74,-430],[79,-1299],[-160,-799],[-208,-229],[203,-524],[-220,-277],[-54,-734],[-186,-789],[0,-942],[-132,-1047],[328,-952],[-136,-1571],[-261,-653],[-59,-1466],[128,-1452],[244,-670],[282,-124],[35,-527],[630,-2039],[-348,-522],[-93,-608],[-290,-669],[-165,-1105],[-995,-1348],[-292,-195],[-266,134],[-77,-65],[-93,-25],[-147,-14]],[[312066,451206],[150,-262],[-599,-625],[-714,-197],[-400,138],[-370,-532],[-925,-553],[-316,59],[-284,323],[-643,-356],[-212,-692],[330,-314],[-242,-472],[247,-1613],[-207,-815],[-436,-329],[14,-853],[156,-696],[-251,-690],[-6,-320],[136,-467],[859,-1342],[321,-923],[198,-1048],[0,-733],[197,-114],[0,-724],[303,-356],[-534,-815],[632,-1456],[-276,-340],[78,-555],[0,-1128],[126,-91],[62,-189],[10,-277],[40,-68],[487,125],[0,-628],[513,-1140],[-54,-764],[175,-76],[221,-1499],[-223,-2141],[31,-273],[-477,-1279],[-516,-930],[-30,-181],[-36,-614],[-388,-342],[-144,-1063],[-228,-664],[-594,-678]],[[308247,419634],[-144,-179]],[[79603,370522],[1,-3]],[[79604,370519],[50,-131],[168,-314],[189,-402],[682,-343],[259,-171]],[[92947,359797],[-4,411],[137,838],[-40,191],[-491,133],[-359,304],[-490,134],[-145,199],[24,143]],[[72164,367786],[883,-824],[570,510],[367,-101],[434,663],[257,1218],[330,158],[44,788],[175,636],[741,1265],[1069,-565],[259,-604],[446,-403],[1005,-133],[449,-337],[166,243],[105,427],[140,-208]],[[91579,362150],[75,404],[333,649],[97,337],[21,279],[-10,595],[63,698],[-19,169],[-81,157],[-548,292],[-1692,25],[-150,556],[-264,271],[-234,515],[-759,-158],[-451,362],[-1123,28],[-173,-543],[-431,-571],[0,-533],[-1049,-274],[40,847],[-981,-193],[-299,473],[-349,824],[-521,873],[-132,513],[-407,89],[-760,523],[-428,-313],[-395,114]],[[92947,359797],[-159,-651],[-279,-1661],[-291,-709],[-104,-1499],[-197,-315],[-214,-906],[280,-988],[297,-279],[262,-716],[735,-1071],[87,-933],[167,-433],[103,-871],[279,-403],[738,276],[370,13],[881,-437],[761,-1701],[303,138],[1246,8],[709,-323],[484,-461],[530,-61],[618,-432],[212,118],[482,-239]],[[109445,337115],[-369,457],[-203,731],[207,894],[90,1057],[-193,542],[-155,1019],[-328,1213],[-270,601],[-662,607],[-643,131],[-946,-203],[-435,21],[-616,267],[-1165,-306],[-509,362]],[[103248,344508],[-230,83],[-1260,-34],[-532,471],[-731,367]],[[112458,345814],[-399,-220],[-310,185],[-118,35],[-894,0],[-297,444],[-1651,-235],[-259,314],[-1648,-85],[-705,-324],[-367,-440],[-408,-264],[-611,-39],[-760,-305],[-456,-38],[-327,-334]],[[103248,344508],[-37,-56]],[[71402,556598],[14,-684],[136,-938],[-191,-393],[-1055,-1747],[-210,-545],[-900,-933],[59,-571],[132,-419],[127,-291]],[[71309,560755],[55,-131],[176,-774],[-35,-761],[-791,-667],[-25,-148],[-1,-199]],[[72230,523245],[-805,764],[-380,921],[-329,304],[-66,1895],[-334,1314],[400,3846],[121,417],[-253,2096],[-346,653],[-98,565],[-557,1282],[-58,704],[81,493],[-278,616],[-112,552],[41,1971],[-141,666],[-490,-2],[-226,907],[223,415],[545,8],[226,739],[784,877],[87,339],[122,677],[260,619],[135,691],[-395,1004],[-352,349],[-244,784],[-277,366]],[[70688,558075],[594,-1173],[120,-304]],[[71309,560755],[-166,439],[185,365],[579,577],[822,1146],[230,425],[12,424],[607,248],[368,908],[569,906],[256,160],[372,-752],[335,238],[191,448],[-11,651],[513,529],[162,-181],[462,156],[-126,546],[382,1420],[179,289],[354,7],[460,419],[126,1502],[269,488],[-253,497],[357,351],[395,650],[680,435],[515,1018],[651,0],[357,446],[343,190],[131,420],[103,34],[726,-97],[665,740],[187,833],[694,690],[113,412],[85,121],[362,147],[446,425],[179,466],[373,277],[320,15],[169,555],[240,251],[819,63],[755,891],[340,797],[253,198],[787,134],[2,407],[271,254],[389,-78],[1126,1094],[138,82],[141,33],[338,145],[179,32],[151,61],[111,146],[169,317],[276,189],[350,166],[216,252],[-119,449],[490,220],[234,618],[537,156],[273,223],[245,145],[88,27],[641,-194],[203,920],[8,801],[180,-7],[305,-176],[130,134],[38,464],[128,-74],[212,113],[145,-13],[140,-63],[203,-37],[167,418],[78,105],[55,52],[386,76],[437,-134],[130,-372],[107,-40],[219,9],[90,-35],[174,-346],[149,-117],[545,-140],[437,-379],[570,289],[314,-15],[367,330],[162,16],[136,-346],[659,-219],[663,-933],[117,-10],[304,116],[203,-30],[94,-180],[52,-378],[115,-51],[305,111],[119,4],[-28,-619],[309,-647],[850,-848],[679,-169],[217,-731],[361,376]],[[487379,686164],[-197,302],[-95,1341],[-236,321],[-932,305],[-299,-270],[-345,-875],[-238,-1448],[-299,-778],[-379,-476],[-384,-239],[-362,-128],[-597,158],[-395,536],[-307,1591],[15,963],[-205,384],[-351,35],[-87,-454],[-1128,-252],[-836,121],[-475,-343],[8,-1096],[-96,-389],[-609,-211],[-403,276],[-196,0]],[[477951,685538],[-8,-10]],[[477943,685528],[-1,-2]],[[488383,686167],[138,-9],[167,-167],[381,-432],[556,23],[611,-304],[604,159],[388,425],[137,1099],[121,240],[605,419],[752,-1089],[258,-1296],[-450,-620],[369,-1453],[-13,-446],[-462,-1391],[14,-496],[48,-441]],[[477951,685538],[-8,-10]],[[477943,685528],[-100,-124],[-54,-293],[-194,-307],[-368,-322],[-395,-1257],[-677,454],[-338,499],[-324,96],[-966,-129],[-938,-302],[-997,5],[-329,-294],[-36,-1125],[-515,-208],[-293,-1100],[-72,-1027],[-861,-563],[-682,-67],[-342,-389],[-724,875],[-461,276],[-594,-743],[365,-673],[-977,-1129],[-738,-130],[-354,-492]],[[488383,686167],[-986,0]],[[492607,680388],[162,-782],[207,-194],[642,-29],[332,-374],[163,-783],[301,-695],[-39,-659],[344,-992],[55,-761],[238,-417],[795,98]],[[296103,445235],[-13,-217],[32,-402],[215,-666],[120,-839],[252,-171]],[[296709,442940],[3,0]],[[295801,481936],[273,-411],[86,-861],[167,-356],[42,-891],[292,-806],[80,-722],[253,-767],[55,-1039],[-297,-1321],[126,-893],[42,-1082],[231,-826],[-68,-274],[-451,-370],[477,-4617],[-157,-1637],[-183,-273],[12,-934],[-72,-278],[-254,-578],[-56,-253],[-887,-678],[-390,-482],[-182,-158],[-572,-189],[-235,-987],[148,-448],[-296,-523],[-52,-65],[-80,-20],[-208,-1084],[-28,-1491],[-395,-858],[746,-1580],[-273,-766],[227,-1211],[326,-908],[75,-469],[287,-635],[45,-197],[0,-208],[-81,-165],[-310,-148],[-50,-832],[127,-707],[0,-1056],[-197,-733],[71,-266],[153,-150],[637,683],[695,78],[332,-350],[151,-464],[-15,-211],[-34,-129],[-31,-105]],[[296712,442940],[147,0],[293,13],[202,-77],[343,-429],[282,-1096],[-362,-670],[62,-316],[463,-999],[121,-670],[-222,-298],[-26,-495],[259,-275],[348,-1193],[941,-1273],[305,-542],[651,-739],[366,-289],[363,95],[440,-798],[217,-972],[494,-1268],[-79,-345],[489,-664],[616,-252],[230,-423],[252,-866],[473,-947],[355,-227],[117,-855],[559,-952],[124,-265],[59,-257],[-85,-583],[988,-837],[587,-612],[273,-428],[247,-1010],[11,-735],[632,-757]],[[308247,419634],[32,-28]],[[130878,847613],[-531,619],[-459,209],[-621,1224],[-829,671],[-447,656],[-2091,1141],[-442,97],[-721,-173],[-809,10],[-982,466],[-843,12],[-506,-637],[-622,-320],[-534,-796],[-259,287],[-914,-384]],[[456849,796629],[1,-7]],[[456850,796622],[132,-304],[-35,-305],[47,-248]],[[428089,781922],[-659,-303],[-569,-67],[-792,-596],[-189,-489],[-231,-1182]],[[428089,782010],[1191,514],[299,654],[499,619],[1266,659],[221,440],[701,401],[41,283],[467,514],[436,33],[80,746],[566,663],[426,1161],[380,368],[1205,784],[596,180],[924,702],[1087,1033],[432,189],[1144,-93],[954,301],[1271,-34],[848,455],[2256,1693],[378,174],[1464,897],[1125,1001],[565,128],[617,-150],[902,611],[423,142],[402,444],[593,-111],[774,299],[2878,-248],[790,95],[457,-685],[103,-250]],[[390703,804406],[101,238],[185,293],[1007,984]],[[392154,806629],[104,-226],[-87,-306]],[[374519,796840],[32,518],[270,1113],[397,895],[140,718]],[[375358,800084],[220,860],[847,1081],[695,511]],[[377120,802536],[4396,3232],[804,108]],[[382320,805876],[1260,-374],[1264,380],[545,258],[727,18],[263,194],[730,1052],[443,979],[252,120],[1115,0],[2131,-760],[359,-322]],[[391409,807421],[187,-436],[397,-169],[161,-187]],[[381882,810407],[-436,549],[-380,386],[-431,230],[-1107,-204],[-896,-41],[-819,-469],[-478,-71],[-1153,-569],[31,-506],[-700,-157],[-293,-833],[-440,-579],[-1036,-521],[-211,-423],[277,-937],[36,-1919],[345,-781],[299,-1013],[323,-262],[306,-923],[239,-1280]],[[375358,800084],[220,-1044]],[[383401,810046],[-5,8]],[[383396,810054],[-169,297],[-610,-163],[-234,35],[-384,151],[-174,33],[-196,96],[-630,637],[-1516,-399],[87,-565],[-425,-1369],[-264,-1875],[-346,-885],[-155,-986],[-289,-452],[-684,-1691],[-287,-382]],[[377120,802536],[-15,-21]],[[380794,805247],[75,758],[520,963],[137,593],[-132,1214],[52,454],[348,341],[1119,255],[483,229]],[[383396,810054],[766,554],[1079,367],[457,-434]],[[385698,810541],[-208,-134],[-269,-1109],[198,-1224],[-233,-636],[-653,-1037],[-431,-202],[-1419,-64],[-363,-259]],[[390378,801886],[-259,909],[128,757],[456,854]],[[391996,805921],[175,176]],[[385698,810541],[1569,-448],[1125,163],[782,-350],[817,-1189],[1046,-423],[372,-873]],[[122887,647162],[188,-123],[793,-35],[710,-1200],[51,-970],[178,-614],[457,-634],[73,-901],[193,-559],[1033,-974]],[[126563,641152],[43,-15]],[[126606,641137],[159,-53],[219,-15],[658,268],[425,-49],[334,-506],[442,-992],[1108,-448],[697,42],[172,-124],[322,-924],[529,-386],[245,-377],[-45,-445],[184,-973],[-129,-344],[524,-511],[343,-1],[591,-389],[-254,-756],[-1035,-736],[-192,-462],[-690,-84],[-95,-109],[5,-86],[50,-95],[40,-139],[0,-567],[-62,-323],[-536,-567],[-161,-453],[6,-1013],[287,-752],[44,-622],[-188,-485],[-640,-673],[-400,-209],[-66,-541],[-160,-210],[-505,-840],[-801,-748],[-455,-717],[46,-662],[120,-275],[133,-110],[498,-1057],[343,-524],[188,-681],[233,-593],[-389,-292],[-81,-22],[-97,7],[0,105],[121,136],[-121,179],[33,480],[-416,675],[-144,434],[-155,275],[-160,79],[-846,-144],[-425,313],[-210,17],[-620,-120],[-198,77],[-497,550],[-387,279],[-399,140],[-596,-628],[474,-700],[355,-409],[160,-138],[136,52],[128,108],[129,30],[117,-150],[131,-408],[88,35],[388,-315],[639,-1756],[9,-593],[-94,-541],[-37,-577],[-225,-1448],[-220,-1291],[-232,-617],[34,-221],[-72,-105],[72,-96],[-334,-428],[-613,429],[-268,-844],[-46,-604],[462,-813],[201,-681],[-16,-561],[357,-253],[125,-358],[-268,-675],[562,-423],[233,-786],[485,-238],[112,-440],[-267,-427],[81,-1434],[-279,-1041],[393,-427],[204,-668],[-143,-949],[70,-659],[370,-920],[94,-498],[400,-496],[71,-1318],[493,-684],[34,-416],[-238,-398],[238,-707],[-89,-642],[500,-1284],[648,79],[374,-255],[1139,-1629],[125,-474],[473,-207],[408,-1164],[349,-270],[464,0],[306,-200],[387,57],[1048,910],[892,-520],[409,-43],[164,-298],[-204,-419],[957,-805],[294,-661],[611,-395],[550,159],[729,-588],[395,-138],[548,35],[521,-805],[254,-68],[586,345],[233,-21],[632,-638],[400,-196],[798,-726],[696,-1175],[688,-256],[796,-104],[203,-210],[686,-161],[1020,-1239],[357,-131],[520,202],[305,-108],[1506,-10],[647,-294],[502,-736],[338,-241],[199,-676],[313,-299],[705,-51],[641,-415],[401,0],[113,-67],[210,-204],[200,-115],[245,-664],[336,-241],[87,-499],[104,-271],[298,-391],[355,-41],[732,180],[437,-779],[487,-365],[476,16],[117,-73],[712,-954],[49,-127],[119,-493],[74,-223],[264,-258],[531,209]],[[276902,571694],[-225,925],[166,603],[9,989],[93,546],[455,1489],[234,180],[364,1093],[-37,592],[206,364],[252,1016],[9,567],[-660,975],[-344,803],[-450,369],[-597,266],[-428,675],[-302,-216],[-273,302],[-445,-180],[-252,271],[-470,88],[-534,364],[-508,1039],[-277,346],[-340,-214],[-461,248],[132,429],[-543,128],[-253,547],[-475,-9],[170,523],[-359,333],[-146,-780],[-242,47],[279,-1221],[-219,-150],[-5,-1253],[-259,-946],[-455,0],[-152,-457],[431,-436],[-542,-314],[-373,159],[-457,-232],[-228,-965],[-260,-498],[-378,-229],[-355,-922],[-258,-270],[-62,-768],[-215,-339],[-384,133],[-135,690],[-472,-712],[-383,136],[-743,-472],[-59,-711],[-369,-112],[-19,-725],[-308,-954],[-394,-326],[-65,-472],[-685,-595],[-283,-997],[235,-798],[-186,-1310],[-369,-284],[-53,-1542],[-149,-606],[-716,-471],[-33,-498],[-583,-530],[-221,-523],[-623,23],[-563,-534],[-110,-785],[-250,-576],[-95,-693],[-415,-392],[-104,-1116],[-263,-39],[-264,-713],[-381,-471],[-62,-469],[581,-513],[-197,-482],[-354,-101],[-30,-475],[-290,-245],[-769,-258],[-263,-240],[-393,-1187],[-122,-675],[60,-805],[396,-1194],[-167,-776],[436,-85],[601,-1439],[1,-541],[-358,-309],[-497,30],[-424,-521],[72,-685],[-511,-640],[-178,444],[-334,-133],[196,-652],[-67,-1078],[-495,-474],[76,-401],[606,-627],[-16,-429],[-282,-312],[-509,-140],[-328,-407],[323,-826],[-921,-1171],[-174,-355],[-74,-767],[115,-1707],[-88,-545],[-707,-919],[-263,-1162],[229,-913],[243,-274],[-603,-1555],[273,-284],[114,-1213],[748,-787],[153,-528],[-427,-653],[-113,-590],[865,-60],[366,-318],[150,-537],[640,29],[582,267],[105,949],[378,260],[340,-311],[-19,-905],[212,-407],[-144,-576],[-533,-743],[372,-1047],[342,-169],[153,-564],[-186,-891],[450,-1213],[116,-1091],[811,-699],[257,-428],[437,0],[184,-687],[344,-634],[98,-650],[235,-566],[157,-815],[520,-1610],[-44,-2261],[157,-1324],[131,-448],[275,-461],[171,-529],[105,-193],[161,-185],[79,-143],[27,-203],[3,-368],[41,-311],[222,-847],[-132,-1112],[132,-1258]],[[384492,360845],[250,567],[-47,272],[-652,1150],[-23,387],[-320,414],[134,895],[531,315],[582,-43],[77,299],[18,128],[34,140],[26,151],[-11,162],[-264,314],[-172,471],[-26,115],[-41,73],[-453,523],[-489,135],[-363,717],[-56,1091],[409,131],[99,189],[120,324],[52,305],[-160,182],[-125,210],[-519,266],[-57,656],[299,457],[-242,982],[-14,482],[-80,250],[-3,94],[22,78],[15,105],[-94,272],[-375,220],[16,651],[-351,134],[-116,760],[-350,103],[82,471],[-962,536],[-450,735],[-400,-160],[-498,55],[-137,374],[-626,629],[-316,307],[-148,58],[-33,113],[-60,851],[-236,356],[-140,1280]],[[351009,589738],[598,-781],[989,-895],[295,105],[335,-314],[362,314],[685,-284],[108,-633],[558,5],[494,702],[733,-765],[551,339],[107,-1014],[198,-105],[142,-606],[549,-241],[497,256],[134,-361],[133,-1210],[196,-570],[466,-415],[343,-702],[714,-45],[622,595],[625,253],[763,-105],[691,219],[549,454],[654,139],[1204,645],[327,277],[244,570],[261,1377],[-128,355],[211,634],[-72,1336],[-344,611],[169,555],[901,612],[310,-380],[466,470],[368,-18],[30,446],[316,849],[453,444],[-330,1106],[-8,886],[266,238],[170,571],[389,0],[286,436],[845,725],[336,440],[849,293],[1019,105],[495,-734],[287,-33],[436,966],[531,338],[346,-424],[422,-43],[495,454],[393,-68],[-65,-447],[-592,-1162],[1125,34],[857,460],[591,659],[359,1209],[875,792],[433,-907],[511,-362],[504,163],[358,581],[395,1056],[241,-162],[519,1047],[561,163],[104,246],[-44,963],[659,466],[809,894],[452,163],[494,895],[221,162],[522,-57],[180,975],[114,1361],[-91,477],[-381,604],[-66,843],[438,1171],[40,753],[-286,489],[394,1064],[506,510],[-213,930],[478,115],[695,685],[151,649],[376,141],[435,1679],[-177,423],[-764,278],[-729,471],[-93,777],[450,571],[40,597],[-299,817],[1,773],[-377,1325],[-88,598],[77,631],[-92,775],[-230,401],[-319,285],[-348,424],[-230,511],[-147,776],[-221,340],[-262,1101],[-345,154],[-1161,-185],[-131,-897],[-542,-1057],[-469,532],[-92,360],[-760,364],[-546,580],[-517,359],[-523,3],[-625,638],[-434,1162],[40,1008],[-421,198],[-319,403],[-90,957],[132,690]],[[409072,569485],[685,743],[178,640],[-266,766],[127,473],[455,844],[304,370],[541,262],[640,1362],[486,436],[869,404],[527,641],[85,742],[612,496],[358,1091],[531,2192],[72,459],[218,124],[23,156],[-115,309],[562,314],[1835,-333],[635,-514],[182,598],[-163,660],[134,877],[-212,397],[335,524],[197,733],[395,428],[194,433],[742,425],[284,-281],[599,109],[-36,-1057],[360,94],[492,-928],[319,-158],[372,159],[243,487],[814,64],[378,653],[392,72],[103,-338],[-351,-376],[114,-414],[750,85],[226,433],[23,852],[136,195],[418,-309],[353,564],[500,-478],[857,345],[321,336],[472,115],[102,698],[451,1407],[-643,69],[-199,198],[16,614],[442,170],[272,589],[-474,410],[-4,576],[342,813],[18,620],[279,218],[329,-619],[230,-9],[188,486],[-305,950],[767,291],[-35,477],[346,191],[38,861],[164,515],[577,786],[108,584],[-223,934],[43,582],[580,387],[260,-755],[423,6],[-90,845],[278,375],[715,582],[-335,1833],[165,888],[-94,949],[229,827],[-36,471],[-461,283],[-640,-125],[-880,-828],[-327,213],[-68,577],[664,886],[334,901],[-365,652],[-172,561],[264,2408],[-50,1190],[-168,434],[-636,755],[-259,446],[-751,1868],[-33,577],[383,414],[81,552],[-146,485],[-385,179],[-406,-179],[-23,533],[796,657],[317,757],[452,157],[187,1244],[-131,1185],[165,557],[510,541],[593,949],[24,642],[-192,566]],[[438984,675752],[431,114],[298,-210],[263,210],[317,-315],[415,-1937],[1009,-537],[563,1051],[90,853],[565,1289],[498,-599],[1384,-956],[377,-954],[729,-114],[480,332],[305,-195],[500,292],[821,105],[186,-322],[376,416],[678,-352],[343,139],[1037,-537],[490,446],[499,-103],[423,208],[182,700],[667,62],[274,-344],[912,266],[580,465],[748,808],[1002,-511],[330,134]],[[456756,675542],[430,214],[360,-214],[455,1371],[927,-323],[177,500],[337,601],[397,447],[344,41],[667,557],[363,-550],[774,-771],[47,-369],[375,-947],[223,-139],[663,477],[137,548],[312,347],[549,-621],[911,-646],[388,132],[387,862]],[[161789,843719],[-322,73],[-590,-1159],[-568,-239],[-822,-593],[-1140,320],[-1367,128],[-957,-211],[-2071,832],[-1141,148],[-1770,931],[-929,1009],[-447,190],[-1400,102],[-1353,692],[-1143,20],[-1323,371],[-650,-24],[-579,-187],[-1934,-36],[-1748,507],[-923,616],[-1326,299],[-473,-3],[-963,-278],[-647,12],[-818,486],[-754,153],[-493,285],[-1093,-235],[-785,-367],[-382,52]],[[169451,616477],[-269,1257],[597,827],[417,-281],[710,92],[1021,-356],[635,32],[428,327],[179,882],[704,886],[468,261],[643,-70],[677,-400],[195,-624],[78,-1024],[421,-766],[472,-220],[584,330],[596,0],[167,-210],[885,-105],[516,190],[310,-190],[647,82],[263,-183],[740,-108],[559,107],[500,321],[604,-333],[398,239],[493,-35],[880,-414],[517,-509],[443,-690],[464,-109],[894,-901],[93,-285],[-496,-237],[-916,-1059],[-170,-984],[-677,-26],[-307,-373],[-174,-972],[64,-801],[265,-507],[203,-1320],[-137,-737],[137,-362],[-137,-419],[313,-464],[87,-165],[37,-203],[24,-444],[34,-147],[203,-453],[-196,-426],[-533,-143],[-100,-287],[33,-838],[-297,-1257],[-478,-332],[-637,-624],[-108,-366],[-355,-363],[-255,-513],[86,-653],[508,-960],[117,-1578],[237,-199],[317,-978],[-25,-437],[-692,-932],[-2,-1077],[-291,-460],[80,-1210],[-206,-1019],[-402,-399],[-673,-1014],[-369,-330],[-43,-250]],[[181449,588179],[-176,-1034],[-191,-528],[64,-738],[-77,-158],[-108,-142]],[[180961,585579],[-106,-138],[-43,-185],[-7,-67]],[[180805,585189],[-64,-232],[-601,-553],[-1051,-1466],[-387,-114],[-744,-604],[-853,-1721],[-197,-793],[-791,-1314],[-268,-1211],[207,-755],[-37,-493],[163,-524],[-323,-974],[329,-637],[131,-743],[544,-721],[661,-677],[650,-58],[198,-534],[769,-1109],[224,-554],[668,-310],[735,265],[438,-187],[474,-542],[297,-51],[427,279],[853,220],[701,-415],[692,330],[1374,-463],[403,-215],[633,-611],[257,-7],[227,-611],[408,-216],[315,-267],[271,-366],[161,-349]],[[188699,565886],[64,-138]],[[475306,605967],[-328,-1151],[-73,-1026],[-160,-386],[-318,-81],[-525,-1157],[-54,-1226],[193,-245],[345,-1206],[317,-490],[186,-774],[287,-150],[865,-1097],[208,-572],[-64,-1240],[294,-299],[450,-1158],[199,-265],[-51,-558],[181,-183],[562,-1401],[0,-529],[298,-929],[226,-371],[606,-224],[369,177],[741,-491],[186,-741],[-48,-488],[-333,-655],[330,-220],[167,-419],[557,-70],[355,203],[476,652],[759,-261],[269,-419],[624,-440],[400,-456],[382,-1258],[-221,-451],[207,-374],[366,-22],[2035,234],[102,-706],[341,-177],[642,-826],[674,-352],[84,-791],[371,-299],[239,111],[784,-391],[373,63],[590,-805]],[[347852,397269],[-351,310],[-706,-6],[-2940,-2018],[-361,-366],[-1216,-1984],[-857,-574],[-415,-534],[-906,-349],[-266,-201],[-122,-232],[-33,-1507],[140,-892],[-17,-283],[-108,-327],[-94,-193],[-53,-229],[20,-3376],[160,-702],[379,-390],[433,85],[77,-137],[126,-648],[286,-511],[396,-323],[862,-495]],[[227490,612494],[-6,-2978],[254,-1510],[249,-912],[-269,-1040],[-403,-773],[-165,-641],[7,-287]],[[227157,604353],[108,-536],[-19,-277],[-529,-1772],[-106,-1178],[-115,-309],[-145,-161],[-324,-233],[-149,-148],[-493,-934],[-9,-621],[-270,-570],[-949,-689],[-375,-519],[-221,-1752],[-231,-629],[-840,-636],[-367,-517],[-264,-663],[-187,-977],[-101,-234],[-168,-99],[-1153,-75],[-489,-194],[-283,-431],[118,-779],[-200,-141],[-276,-770],[67,-1139],[-320,-911],[-216,-1265],[-180,-449],[151,-971],[-158,-168],[-484,-1297],[-381,-80],[-366,-921],[-499,-239],[-96,-741]],[[216638,580328],[-18,-28]],[[323703,522646],[-83,-435],[79,-732],[291,-718],[289,-1552],[-40,-727],[-348,-1409],[151,-619],[377,372],[412,-43],[815,190],[518,298],[732,86],[887,534],[417,-179],[270,-498],[555,-2075],[37,-419],[-278,-700],[-752,-785],[-208,-668],[312,-1409],[289,-223],[124,-754],[491,-441],[188,-631],[93,-1533],[-22,-1122],[184,-774],[406,-706],[555,-252],[96,-348],[77,-1646],[204,-771],[404,-185],[1174,19],[488,-431],[214,-363],[129,-351],[198,-1668],[-594,-834],[-442,-304],[-77,-381],[167,-1318],[-237,-1498],[-236,-453],[-428,-108],[-83,-1306],[-105,-254],[-878,-940],[-299,-665],[-133,-1116],[-591,-648],[-394,-1599],[-383,-883],[-531,-615]],[[709180,96398],[0,-1056],[-74,-913],[319,-1305],[-231,-504],[7,-766],[-115,-450],[-39,-898],[-568,-575],[-347,-101],[-340,151],[-591,-834],[130,-641],[-384,-816],[-658,-429],[150,-870],[-304,-253],[5,-363],[-270,-210],[-224,-639],[-169,115],[-286,-431],[-300,2],[-862,-837],[-395,210],[-158,-332],[-338,332],[-135,-677],[-362,-467],[181,-511],[-726,-782],[-319,-97],[-139,-100],[-86,-177],[-50,-309],[-59,-84],[22,-92],[117,-217],[-37,-161],[-73,-106],[-52,-119],[23,-196],[-106,13],[-102,-8],[-94,-37],[-86,-71],[104,-21],[66,-78],[30,-135],[-2,-186],[150,6],[44,-230],[-29,-279],[-64,-135],[-146,-34],[-71,-103],[-29,-564],[-27,-82],[-49,-43],[-164,-62],[34,-118],[66,-138],[16,-112],[-140,-159],[-160,-55],[-142,-78],[-85,-233],[142,-108],[7,-285],[-83,-505],[-51,-180],[-25,-136],[82,-321],[202,-285],[56,-179],[-17,-104],[-94,-197],[-21,-74],[33,-168],[80,-135],[184,-217],[48,-244],[15,-323],[75,-207],[229,97],[35,-486],[181,-152],[239,36],[203,71]],[[712781,52393],[-204,171]],[[712349,52659],[-336,-12],[-459,339],[-197,577],[77,327],[454,666],[-268,1371],[-401,-108],[-249,372]],[[710970,56191],[-20,50]],[[711027,56241],[-57,-50]],[[710970,56191],[-403,-45],[-60,672],[-299,-135],[-430,920],[-177,828],[-410,82],[-341,452],[-329,65],[-192,-229],[-583,354],[-817,-133],[395,789],[-334,0],[-455,619],[-548,71],[-313,1101],[-271,334],[211,443]],[[705614,62379],[-234,270],[-376,-41],[-137,710],[-360,41],[111,468],[-326,193],[-9,779],[116,767],[-397,284],[-203,1473],[-429,190],[279,679],[-15,979],[-401,314],[-233,382],[-359,1293],[-205,293],[182,859],[-408,62],[-95,272]],[[702090,72732],[-44,105]],[[295801,763835],[23,-682],[-666,-1890],[182,-732],[-90,-689],[-795,-1788],[-306,-845],[-594,-150],[-301,-564],[402,-585],[188,-1231],[169,-355],[0,-685],[233,-738],[400,-462],[491,-276],[1644,-523],[685,-478],[995,-987],[4100,-2083],[631,-798],[1476,-1163],[525,-64]],[[53212,470054],[836,-819],[932,-1582],[212,-749],[329,-429],[132,-629],[491,-387],[-96,-345],[636,-448],[787,-757],[635,262],[429,669],[254,-450],[269,-62],[228,-802],[647,-43],[733,-788],[763,-324],[262,-394],[709,-295],[206,574],[387,112],[119,-311],[-52,-1180],[597,-97],[199,-217],[91,-543],[317,-184],[-2,-398],[-420,-418],[400,-418],[1186,-115],[691,-838],[537,298],[-43,-717],[92,-813],[435,54],[122,-371],[-614,-498],[-656,-1107],[51,-355],[838,567],[200,-142],[531,-800],[-355,-321],[-121,-723],[439,94],[143,-356],[-311,-484],[-34,-606],[243,-287],[774,-112],[281,-671],[619,-574],[828,470],[-5,-676],[659,-411],[-124,-341],[643,-911],[807,-288],[-285,-856],[343,-252],[71,-321],[106,-321],[258,-145],[242,38],[223,-195],[163,-435],[135,-37],[309,475],[152,172],[131,-228],[238,215],[73,-64],[90,-265],[37,-237],[18,-235],[48,-180],[213,-162],[162,-241],[258,256],[449,171],[107,-114],[243,-33],[116,-168],[247,-764],[-14,-408],[425,-198],[344,-623],[889,-649],[287,233],[269,-121],[316,202],[164,-955],[244,-401],[278,0],[185,569],[1189,798],[-310,-1388],[630,-457],[240,383],[705,-142],[304,1030],[416,-164],[57,-793],[348,-594],[442,205],[514,-214],[237,-790],[-85,-538],[165,-942],[-167,-88],[-262,-759],[443,-113],[808,-630],[381,-567],[383,-97],[367,-592],[-101,-943],[320,-161],[31,-935],[297,-904],[374,-732],[199,-165],[-1,-150],[262,-523]],[[196796,603340],[251,-720],[405,-650],[68,-525],[-193,-332],[-993,-401],[-157,-553],[-67,-1321],[-260,-512],[-113,-670],[-203,0],[-197,-838],[529,-567],[150,-756],[149,-224],[66,-225],[-165,-332],[-364,-314],[-421,-700],[143,-823],[-68,-761],[167,-558],[477,-1052],[993,-1676],[500,-1311],[723,-1050],[231,-904],[-66,-524],[181,-644],[1115,-1810],[448,-1003],[388,-590]],[[200513,580994],[742,-1128],[263,-168],[494,-1274],[238,-939],[92,-850],[508,-422],[681,-931],[263,-542],[342,14],[1105,-890],[247,-694],[426,-824],[-35,-490],[166,-1057],[179,-424],[645,-177],[281,-235],[-15,-486],[313,-839]],[[377756,425604],[-461,1142],[-256,419],[-431,323],[-468,-112],[-443,-292],[-376,-404],[-268,-448],[-330,-114],[52,-510],[-59,-494],[-155,-437],[-678,-727],[-350,-670],[-295,-1192],[-237,-274],[-906,-182],[-207,-236],[132,-795],[-149,-616],[531,-327],[-30,-440],[197,-296],[-359,-526],[-65,-1370],[148,-435],[-473,-300],[-201,-789],[414,-485],[53,-643],[-654,-685],[172,-692],[344,-240],[148,-316],[227,-966],[130,-384],[81,-617],[599,-751],[-177,-306],[90,-830],[-111,-444],[136,-314],[-357,-310],[-108,-632],[-66,-1113],[-285,95],[-433,-406],[-72,-471],[-345,-122],[-349,-810],[-335,-337],[-287,3],[-429,-701],[-169,-556],[-326,-132],[-387,-403],[-17,-150],[25,-258],[112,-209],[-147,14],[-227,67],[-92,-81],[-20,-65],[-17,-110],[12,-103],[110,-95],[-42,-106],[-71,-91],[-38,-11],[-100,-299],[-243,-158],[-584,-123],[23,-196],[57,-246],[-9,-187],[-137,-628],[188,-413],[-122,-853],[316,-123],[-168,-458],[200,-355],[579,-635],[5,-345],[-311,-386],[-242,-1144],[-627,-1157],[51,-757],[-231,-943],[-368,-838],[71,-628],[-263,-532],[-393,-57],[-264,-896],[-820,-1442],[-437,-234]],[[373071,703237],[-531,-57],[-661,-878],[-325,-1007],[-353,-495],[-438,-1286],[-391,-291],[-873,-331],[-327,-340],[-510,-1037],[-454,-158],[-221,-366],[-400,-75],[-350,-929],[-506,366],[-137,-544],[138,-784],[-461,-670],[-1021,-851],[-461,-896],[439,-2086],[128,-324],[533,-339],[51,-446],[-52,-275],[-78,-211],[-442,-788],[-288,-287],[78,-644],[-145,-518],[533,-742],[-400,-1466],[-845,-635],[-143,-160],[-31,-263],[-376,-541],[185,-772],[-66,-914],[-161,-408],[-83,-886],[-197,-677],[-268,-1423],[77,-645],[-85,-572],[-357,-665],[-97,-484],[-658,-314],[-270,-848],[140,-1472],[-115,-1241],[48,-752],[-142,-741],[461,-815],[77,-648],[627,-142],[294,-491],[-264,-533],[72,-409],[460,114],[-77,-484],[183,-368],[499,-290],[-97,-481],[138,-842],[-134,-901],[217,-4],[61,-742],[433,428],[428,-534],[81,-646],[-291,-193],[77,-1359],[-174,-557],[505,-500],[452,-139],[32,-736],[712,779],[162,-539],[221,6],[329,-690],[-294,-837],[200,-938],[819,-701],[-26,-571],[263,-83],[72,-677],[-633,-130],[-523,-919],[-560,81],[-187,-884],[-974,-2324],[346,-767],[-143,-232],[-408,172],[-10,-638],[478,47],[-6,-523],[-418,-211],[60,-635],[236,-49],[128,-686],[466,104],[-132,-847],[66,-514],[599,-210],[313,-930],[228,-133],[118,-98],[-276,-314],[175,-528],[-306,-310],[-324,-1257],[592,-742],[61,-943],[372,-120],[1,-877],[268,-599],[-43,-404],[445,-558],[455,-1122],[800,-1091],[149,-437],[-78,-773],[-582,13],[72,-763],[-44,-904],[371,-284],[505,-59],[347,187]],[[370224,632335],[6,3]],[[458139,562869],[307,-1405],[-375,-490],[-111,-302],[-85,-326],[65,-225],[-212,-1021],[-393,-1240],[-532,-1029],[-612,-528],[-304,-1161],[0,-899],[-598,-755],[-914,-711],[109,-448],[-1269,-1211],[-191,-483],[561,-581],[126,-1114],[-154,-594],[-664,-953],[-542,-250],[-400,-753],[-85,-375],[-533,-583],[-245,-451],[-416,18],[-482,-522],[-989,-557],[-581,-799],[-419,-1437],[-233,-1303],[-19,-555],[227,-412],[121,-833],[-528,-714],[-590,-568],[-607,-7],[-54,-854],[595,-1112],[-131,-314],[424,-731],[-108,-480],[-316,154],[-344,-236],[-353,398],[-200,-46],[-229,-815],[-237,-265],[-1084,754],[-457,-21],[-153,-307],[-1172,-1207],[-515,556],[-407,-210],[-401,309],[-658,157],[-602,-6]],[[440170,533016],[-127,111]],[[448495,542780],[-483,-353],[-200,186]],[[438033,530601],[9,14]],[[438076,530662],[1259,1760],[531,274],[304,320]],[[440170,533016],[5,6]],[[283776,701033],[-244,-469],[-2367,-1405],[-313,-331],[-747,-1204],[-737,-496],[560,-3919],[254,-692],[76,-778],[239,-206],[534,-1100],[266,-268],[696,-219],[839,439],[878,84],[826,-209],[700,734],[694,-509],[551,-967],[20,-144],[20,-349],[96,-283],[385,-526],[909,-208],[245,-423],[836,-266],[425,-641],[344,-184],[792,-1086],[427,-1669],[265,-488],[1248,-559],[534,-369],[263,32],[229,599],[358,-34],[931,-962],[536,-45],[439,-995],[1364,145],[365,-371],[197,-742],[324,-602],[-303,-1701],[119,-1569],[-549,-440],[-92,-383],[-694,-345],[141,-939],[228,86],[826,-392],[769,433],[999,-295],[350,-365],[608,-1756],[481,-507],[582,-225],[242,-1467],[463,-493],[459,-903],[575,-300],[447,-1624],[534,-441],[425,-1319],[575,-540],[1242,-185],[871,-511],[284,-449],[118,-1007],[513,-720],[93,-376],[588,-569],[411,-1431],[395,-2619],[-9,-2589],[-411,-970],[-639,-220],[-348,-383],[-135,-546],[23,-632],[432,-1870],[199,-485],[686,-860],[423,-694],[739,-309],[518,-933],[673,-83],[588,-289],[441,-813],[494,-555],[571,-1606],[358,-74],[162,-424],[598,-98],[679,315],[569,-67],[62,-356],[-135,-963],[204,-994],[-61,-1093],[653,-1221],[189,-957],[-19,-1310],[-155,-635],[182,-725],[-44,-732],[439,-791],[-72,-581],[266,-970],[-122,-554],[-781,-904],[-151,-578],[112,-1979],[378,-646],[555,-2007],[-9,-971],[291,-274],[-53,-2337],[264,-877],[-6,-833],[387,-2911],[273,-1215],[218,-495],[548,-274],[146,-311],[0,-629],[197,-365],[-132,-1215],[69,-544],[619,-722],[426,-858],[513,163],[294,923],[524,715],[184,727],[81,1500],[131,571],[527,677],[239,1033],[-10,928],[172,466],[837,718],[677,129],[174,-210],[-233,-956],[-402,-947],[-75,-614],[207,-1795],[-362,-1441],[-332,-615],[-214,-695],[-189,-1056],[131,-753],[665,-103],[-305,-629],[474,-548],[-329,-901],[428,-148],[-33,-584],[314,-213],[220,-1249],[195,-433],[542,-112],[1,-994],[-213,-465],[121,-488],[-218,-933],[-62,-1370],[-110,-997],[-228,-744],[-464,-911],[-296,-1183],[167,-453],[-580,-557],[-169,-898],[-234,-680],[-433,-659],[-402,-323],[367,-1523],[423,-162],[265,-310],[384,-832],[278,-314],[-394,-1057],[-269,-1058]],[[123055,660038],[-189,-145],[-567,92],[-296,-162],[-922,71],[-775,1232],[-476,189],[-731,-126],[-755,304],[-273,492],[-331,1571],[-466,647],[-285,749],[-177,894],[-738,1265],[-298,263],[-510,1930],[-635,1306],[-231,995],[-591,738],[-425,684],[-318,1009],[-901,1380],[-761,494],[-298,356],[-172,742]],[[439725,220088],[-332,-418],[-292,-886],[-765,-1295],[-964,-950],[-198,112],[-499,-543],[-2543,-2028],[-918,-500],[-374,-414],[664,-200],[16,-573],[-214,-379],[-579,172],[47,-1334],[-148,-693],[-287,-418],[-384,-205],[-4499,-54],[-805,315],[-649,-96],[-269,265],[-879,144],[-296,333],[-352,-69],[-274,269],[-137,524],[-428,219],[-247,-126],[-515,326],[-348,-198],[-241,140],[-369,748],[-806,654],[46,341],[-268,419]],[[420619,213690],[-80,-786],[-441,161],[-264,415],[-542,178]],[[419292,213658],[-116,870],[-219,330],[-642,-635],[-339,560],[-457,-141]],[[416407,211700],[413,32],[304,-378],[132,660],[290,-482],[499,377],[103,367],[315,19],[171,-460],[207,74],[119,950],[332,799]],[[419292,213658],[10,32]],[[445194,199399],[-330,-259],[-198,-530],[-65,-1314],[-490,-1602],[-358,-292],[-112,-419],[19,-727],[-885,-1399],[-174,-984],[261,-918],[298,-145],[980,78],[526,-637],[395,-315],[1074,-65],[570,623],[283,118],[550,663],[1199,776],[1046,269],[593,35],[368,-419],[822,52],[164,-618],[-129,-1119],[348,-60],[110,-362],[467,-521],[1062,-435],[-146,-937],[219,-437],[695,-91],[217,-299],[296,-848],[889,-95],[-79,-845],[-259,-269],[175,-1511],[331,-55],[28,-676],[205,-328],[379,-129],[147,-451],[-84,-1818],[316,-230],[303,-532],[129,-734],[-167,-717],[219,-443],[423,77],[-15,612],[395,-158],[126,-418],[466,-372],[0,-581],[261,-592],[-129,-665],[401,-428],[526,-942],[263,419],[452,-299],[206,-425],[856,110],[427,-507],[507,-146],[515,-371],[833,-47],[355,274],[876,127],[586,448],[481,580],[382,133],[-55,526],[443,378],[110,521],[300,106],[188,357],[844,-427],[344,-868],[0,-575],[244,-701],[220,-126],[859,208],[500,466],[325,-466],[435,-220],[-301,-741],[-397,272],[-37,-691],[235,-1683],[54,-1059],[522,6],[118,746],[590,314],[292,-539],[804,-517],[654,107],[171,-107],[790,1056]],[[675106,118889],[969,-71],[618,-451],[863,118],[470,-141],[149,-318],[437,-149],[824,518],[436,595],[331,191],[381,-48],[753,-722],[372,-808],[197,-732],[516,-620],[54,-629],[271,-708],[216,-1406],[306,-569],[59,-717],[-120,-479],[197,-336],[511,62],[142,-310],[409,-120],[359,-324],[255,-759],[669,-757],[460,-817],[53,-384],[-521,-626],[-180,-780],[144,-566],[-21,-537],[224,-710],[-115,-1030],[-334,-1333],[-58,-1061],[-421,-551],[-173,-844],[-652,-422],[-466,-834],[-95,175],[-893,-872],[-244,-97],[-294,-607],[-464,-13],[-260,-892],[94,-958],[-94,-1050],[-197,-104],[-76,-539],[76,-670],[-499,-255],[-727,-640],[-1258,105],[-575,448],[-372,-65],[-815,-1016],[-511,-215]],[[266141,488657],[628,-419],[759,210],[1026,-629],[808,-117],[383,-359],[280,-491],[274,-89],[217,-394],[61,-605],[-76,-1315],[0,-1257],[-130,-523],[60,-628],[597,-1162],[-20,-940],[-131,-414],[283,-1331],[-267,-898],[-3,-245],[7,-152],[111,-748],[283,-803],[-110,-415],[445,-566],[533,-1374],[126,-520],[16,-830],[159,-313],[-43,-857],[187,-275],[24,-966],[392,-1458],[-395,-188],[-110,-437],[99,-1188],[-35,-700],[629,-1393],[369,-257],[449,-998],[-24,-337],[263,-418],[72,-525],[395,-1161],[34,-1570],[165,-960],[387,-840],[167,-985],[459,-356],[83,-760],[251,-1041],[237,-209],[0,-629],[254,-1963],[-77,-809],[198,-682],[-177,-1338],[-6,-1572]],[[276706,446343],[0,-33]],[[333643,246644],[-795,53],[-396,209],[-250,550],[-591,297],[-974,-166],[-96,-812],[-266,-297],[-427,-840],[-170,-940],[-118,-1806],[-85,-499],[-394,-1020],[69,-1083],[357,-865],[336,-19],[205,-352],[90,-1445],[-167,-276],[98,-462],[-455,-877],[42,-846],[439,-620],[-145,-319],[247,-1985],[-59,-2036],[277,-694],[575,108],[104,833],[232,496],[415,459],[142,938],[359,259],[448,-48],[84,-304],[384,13],[618,-375],[228,156],[510,-424],[276,347],[446,5],[595,-211],[321,-330],[479,455],[477,202],[431,543],[576,278],[515,-278],[362,210],[284,-227],[258,-521],[445,224]],[[357417,553536],[884,-589],[570,-519],[664,-57],[927,-685],[610,39],[833,-484],[309,33],[782,862],[532,-678],[-33,-1195],[684,-649],[332,-842],[265,-408],[-58,-790],[654,-651],[139,-332],[-85,-500],[490,-318],[289,64],[202,-5],[89,35],[435,417],[534,-369],[467,87],[610,371],[433,-386],[-61,-255],[522,-210],[400,-523],[651,93],[403,-1330],[179,-272],[758,-275],[616,72],[293,-375],[601,79],[237,-214],[-111,-486],[431,-881],[799,-655],[885,-279],[670,0],[318,-188],[876,-1357],[715,-663],[270,-524],[990,-1442],[918,-741],[76,-713],[676,-966],[528,-309],[-45,-541],[386,-38],[744,-1140],[974,386],[-243,-848],[161,-335],[647,-319],[195,-1640],[306,-160]],[[65542,527181],[-143,1005],[78,569],[218,466],[184,940],[81,1422],[-109,1312],[-390,613],[-407,153],[-375,-277],[-690,5],[-262,406],[-75,1096],[-393,644],[185,270],[-394,398],[-159,469],[-422,333],[-473,573],[-360,1060],[-400,947],[207,557],[-63,583],[-207,423],[47,983],[239,799],[-17,677],[-292,660],[13,348],[-635,737],[-975,-393],[-919,-996],[-1154,-767],[-195,-613],[12,-1011],[-133,-752],[-462,-786],[-445,-1174],[-192,-1177],[-567,-1013],[-174,-211],[-597,-77],[-567,-942],[-969,-123],[-360,-714],[-585,-262],[-177,-235],[-376,-1265],[-692,-917],[-278,-91],[-127,-455],[75,-501],[-545,-992],[-32,-1169],[-366,-536],[-606,-121],[-251,-429],[76,-1034],[-64,-436],[-384,-746],[-395,-357],[-267,-743],[-449,-800],[-357,-1575],[-124,-1240],[-490,-702],[-540,430]],[[45642,520292],[-12,-32]],[[95973,511397],[-992,-289],[-297,35],[-701,627],[-819,-8],[-306,136],[-3,611],[-278,580],[-477,158],[-3216,-210],[-800,6],[-255,-470],[-446,-215],[-596,-527],[-599,-77],[-445,-180],[-391,-286],[-1073,-1158],[-711,-73],[-286,-203],[-196,-354],[-52,-466],[-165,-522],[-435,-509],[-508,-403],[-641,-219],[-761,219],[-340,-30],[-1005,-446],[-432,-343],[-1046,-1569],[-590,-593],[-112,-163],[-179,-366],[-687,-817],[-143,-480],[-549,-574],[-623,-409],[-656,-228],[-928,31],[-1030,637],[-834,200],[-1329,806],[-673,1],[-648,-335],[-609,23],[-606,445],[-534,-191],[-530,70],[-507,237],[-627,573],[-447,619],[-720,259],[-633,1220],[-780,603],[-2664,680],[-204,175],[-505,787],[-168,159],[-841,-117],[-892,98],[-1861,-647],[-332,-181],[-567,-570],[-398,-843],[-761,-691],[-230,-545],[66,-386],[-299,-286],[-508,58],[-987,346],[-1309,132],[-452,-123],[-245,-329],[-779,-116],[-363,-233],[-487,104],[-733,902],[-860,177],[-530,-435],[-476,-731],[-555,330],[-204,-311],[128,-436],[-226,-339]],[[44094,503019],[-187,-100]],[[151609,534363],[390,-303],[186,-558],[237,-1314],[322,-538],[500,-409],[542,-153],[451,231],[397,1736],[233,61],[419,-903],[927,-1197],[183,-675],[-131,-669],[19,-1135],[303,-2023],[-52,-904],[-718,-753],[-203,-335],[-95,-886],[298,-687],[964,-941],[694,-1031],[244,-159],[817,-9],[443,-755]],[[427499,566868],[471,73],[923,565],[464,127],[744,-341],[684,-595],[1417,-377],[954,-728],[645,-176],[504,525],[462,-470],[91,-981],[366,-620],[252,-712],[557,-695],[116,-972],[1113,-1362],[279,-1611],[-191,-559],[-317,-131],[51,-1477],[105,-423],[447,-930],[-186,-742],[-617,-1266],[-345,-916],[-453,-804],[-8,-607],[366,-341],[-501,-1916],[-407,-700],[-631,-536],[-141,-627],[-23,-1185],[-243,-710],[-54,-930],[-393,-1095],[-313,-380],[-493,-8],[-240,-299],[-908,-70],[-258,-606],[75,-1090],[-269,-804],[-562,-1019],[-80,-1037],[-212,-1168],[-526,-1345],[-63,-516],[148,-612]],[[585080,752276],[-159,-4],[-196,1000],[-414,308],[-476,-41],[-646,-360],[-264,-527],[317,-289],[-284,-346],[-381,-82],[-137,-628],[121,-365],[-216,-778],[-634,268],[13,-635],[-574,-1093],[561,-898],[-302,-369],[-71,-216],[-101,-217],[-566,-145],[-363,-720],[-570,-544],[-842,-206],[-222,86],[-353,699],[-567,-91],[-688,-745],[-629,806],[-336,248],[-504,-524],[-305,522],[144,849],[-427,148],[-238,346],[-461,865],[-172,742],[-518,371],[-169,746],[-258,134],[-886,1019],[-244,771],[-329,523],[-63,552],[-431,286],[-329,-101],[-725,521],[-296,-298],[-466,412],[-349,635],[-339,52]],[[90595,384181],[352,430],[42,570],[-229,604],[-652,916],[-339,1415],[-72,474],[-55,1007],[-106,991],[304,925],[-205,922],[-302,371],[-256,888],[176,868],[-358,1467],[-301,498],[-166,1673],[-87,450],[-397,668],[-166,1094],[310,470],[-72,644],[-261,932],[63,221],[-179,868],[260,1822],[339,1203],[1161,328],[514,403],[316,-7],[234,333],[585,255],[321,-231],[614,-138],[620,-453],[152,357],[675,514],[617,132],[190,-289],[581,-261],[400,-418],[210,-450],[353,-294],[424,0],[827,-742],[634,428],[371,460],[313,-594],[692,-652],[291,-128],[569,-551],[538,-868],[456,-294],[462,-733],[561,-105],[296,-440],[354,-38],[311,-296],[298,-749],[488,-581],[466,114],[626,-428],[605,384],[434,-724],[380,247],[336,626],[257,-324],[916,718],[1006,904],[854,168],[415,-437],[846,599],[630,-24],[417,-566],[589,-542],[82,-344],[1108,-343],[508,118],[576,753],[248,43],[461,534]],[[513686,996528],[60,-80]],[[513746,996448],[2,-3]],[[512920,657389],[-1057,327],[-374,368],[-583,-97],[-176,270],[-119,43],[-1152,0],[-259,404],[-548,355],[-678,-158],[-830,-706],[-648,-911],[-862,-337],[-262,-296],[-134,-459],[-75,-196]],[[215372,528201],[-2,2]],[[215285,528298],[-94,93]],[[214882,528536],[-56,68]],[[215973,528072],[58,178]],[[216089,528425],[220,294],[423,-168]],[[216954,521998],[284,669],[-13,668],[-110,67],[-255,-145]],[[218476,521504],[-288,161],[-271,460],[-406,59],[-244,737]],[[384740,528938],[253,-31],[-79,-601],[242,-435],[264,-29],[256,483],[-126,394],[541,45],[1157,-681],[420,-107],[543,459],[312,-458],[575,464],[228,540],[586,-62],[1454,314],[513,272],[390,-6],[528,-1219],[-539,-713],[244,-333]],[[158979,520054],[110,-277],[900,82],[428,-654],[444,-1711],[103,-1782],[125,-488],[-226,-566],[78,-678],[526,-632],[423,71],[175,-514],[67,-886],[-876,-436],[-6,-538],[211,-345],[648,-405],[169,-390],[-88,-1053],[-292,-956],[-297,-504],[-4,-616],[221,-661],[505,-877],[410,-1036],[539,-231],[214,-445],[-130,-742],[52,-480],[737,-804],[250,-393],[157,-776],[-14,-1114],[416,-556],[217,-695],[424,-447],[1908,-840],[533,197],[324,804],[1188,1053],[456,184],[1050,-287],[1469,-10],[559,91],[636,-400],[663,-662],[1715,-1859],[289,-161],[805,425],[331,8],[335,-294],[810,-56],[318,-305],[54,-719],[590,450],[184,387],[415,-4],[650,495]],[[733706,120155],[166,-290]],[[734107,119825],[230,-558],[489,-572]],[[734826,118695],[-25,-553],[-330,-749],[-343,-140],[-518,472],[-380,-146],[-212,-540],[123,-367],[-254,-299],[-757,-533],[-756,323],[-320,-1005],[-189,-122],[-513,288],[-334,-380],[-716,-63],[-75,-414],[-504,-155],[-198,-682],[-840,592],[-608,-172],[-322,-471],[-500,523],[-504,-82],[-323,-493],[41,-575],[-213,-333],[-246,211],[-99,461],[-346,-402],[-256,741],[-270,-217],[-73,692],[-190,154],[-269,839],[-157,150],[-419,-377],[-253,787],[-691,77],[-531,404],[-345,-696],[-292,100],[-394,-295],[-300,-1261],[-572,-147],[40,-619],[-606,-33],[-392,537],[-460,45],[-409,888],[-2,-838],[-290,334],[-664,-419],[-296,524],[-211,-496],[-887,-542],[-250,-542],[-866,422],[-95,502],[-427,132],[-1158,-1056],[-258,357],[-607,-361],[-688,328],[-277,325],[247,618],[-167,1152],[-321,-79],[-507,627],[-165,298],[-318,-95],[187,410],[-135,213],[-311,199],[-14,320],[-181,-71],[-170,103],[-126,220],[-50,272],[-209,-160],[-525,80],[-325,-349],[-329,324],[-847,342],[-260,-170],[-522,802],[-581,-603],[-1092,-266],[66,-429],[-221,-232],[-6,-610],[-234,15],[-201,-508],[-463,193],[-395,-209],[-396,-484],[-266,-672]],[[701902,114499],[0,-994]],[[701914,113457],[109,-418],[-107,-419]],[[701902,112594],[-100,-93],[-175,-75],[-73,-62],[-460,-1571],[158,-578],[108,-942],[149,-276],[316,-413],[77,-140]],[[701917,108417],[470,-1145],[922,-582],[303,-570],[-209,-601],[512,-721],[1722,-732],[903,-972],[445,-1846],[42,-768],[213,-535],[404,-581],[432,-41],[400,-367],[1002,-462],[577,200]],[[735912,119323],[-259,-580],[-212,981],[-270,-60],[-72,-734],[-273,-235]],[[377849,381577],[-72,676],[-133,490],[-276,68],[-101,-29],[-97,-77],[-106,195],[-131,489],[-276,227],[-84,-134],[-133,-463],[-278,-242],[-580,122],[-332,-194],[-698,1423],[-193,1073],[-236,19],[-195,646],[-471,-517],[-318,167],[-84,-788],[-432,-102],[-281,555],[-592,151],[-389,-208],[-433,0],[-378,-276],[-295,419],[-81,582],[-227,607],[-78,38],[-362,95],[-332,-57],[128,-1086],[-526,-322],[-395,427],[-752,510],[-363,434],[-862,430],[-503,-48],[-739,-472],[-437,170],[-437,-329]],[[470916,781808],[-475,415],[-284,-6],[-199,220],[-374,183],[-152,26],[-1118,-96],[-1185,420],[-410,643],[-926,252],[-662,-342],[-455,-4],[-663,288],[-654,689],[-399,1091],[-54,616],[22,652],[301,1161],[-65,1046],[-375,779],[-756,802],[-448,1295],[-809,-300],[-493,391],[-244,138],[-210,210],[-106,46],[-394,-95],[-399,252],[-131,471],[-412,185],[-316,-184],[-98,904],[-232,527],[-437,273],[-310,1009]],[[628464,877564],[-24,0]],[[628436,877564],[-47,-14]],[[628317,877503],[-50,-40]],[[628205,877406],[-22,-20]],[[628114,877322],[-9,-8]],[[628049,877263],[-48,-45]],[[627727,877106],[-89,-49]],[[627566,877000],[-39,-31]],[[627428,876890],[-10,-8]],[[627228,876829],[-214,-80]],[[626961,876723],[-187,-92]],[[626723,876598],[-195,-250],[-381,-896],[-111,-502],[-14,-270],[-78,-479]],[[625923,874068],[-40,-242]],[[625881,873811],[-9,-56]],[[625838,873552],[-33,-206]],[[625772,872641],[-7,-25]],[[625750,872559],[-13,-47]],[[625747,872454],[6,-31]],[[625761,872383],[62,-316],[73,-259]],[[624862,869586],[-177,-116]],[[624671,869453],[-43,-50]],[[624615,869388],[-183,-192]],[[624373,869163],[-219,18]],[[623985,869234],[-66,40]],[[623911,869278],[-32,20]],[[623858,869311],[-25,15]],[[623787,869354],[-12,8]],[[623752,869376],[-72,43]],[[629361,880069],[33,149]],[[629653,882025],[12,29]],[[630103,882401],[540,409]],[[631157,883178],[134,515]],[[631412,884154],[80,307],[243,629],[-133,551]],[[632079,886722],[100,120],[87,133],[110,307],[84,123]],[[632842,887171],[17,16],[159,264]],[[633084,887569],[24,233]],[[633474,889103],[-26,19]],[[633232,889025],[-16,13]],[[633716,890306],[-677,619]],[[633458,892723],[80,254]],[[634603,894491],[56,367]],[[634858,895974],[-79,250],[-62,114]],[[634630,896894],[140,389]],[[635078,898365],[0,413]],[[635275,899433],[258,867]],[[635630,900526],[3,6]],[[636221,902744],[-174,260]],[[638221,906110],[223,70]],[[641084,909277],[218,230]],[[641852,910397],[-43,69],[44,351],[-800,1045]],[[640855,912763],[-198,436],[-241,74]],[[640221,913411],[-123,241],[89,188]],[[419828,221643],[515,-308],[138,-582],[366,-471],[134,-591],[-291,-318],[-102,-866],[300,-139],[-93,-418],[148,-995],[-128,-532],[270,-315],[-178,-403],[-549,-637],[69,-540],[328,-201],[-136,-637]],[[403988,537535],[-450,-1296],[246,-285],[-88,-464],[-470,158],[-462,-1047],[-407,-160],[-367,-464],[6,-743],[-832,-609],[-386,84],[-332,418],[-1322,-476],[-227,-1000],[168,-539],[226,-142],[-376,-696],[-98,-907],[-447,-590],[-928,-487],[0,-847],[-199,-208],[-611,-109],[-709,-635],[-97,-438],[-994,133],[-245,-416],[-374,231],[-627,75],[-371,-308],[-405,526],[-308,940]],[[565662,754670],[29,-33],[64,-52]],[[565999,754468],[797,-570],[414,472],[609,-551],[230,173],[127,449],[57,149],[503,373]],[[477425,776448],[-1066,507],[-190,-402],[-724,210],[-545,391],[-732,89],[-775,681],[-563,245],[-695,907],[-376,817],[-415,555],[3,941],[-431,419]],[[312508,387332],[-443,221],[-20,477],[322,88],[75,208],[56,127],[-161,364],[-303,-422],[-519,203],[173,309],[-141,804],[429,1081],[303,2148],[-317,465],[115,651],[-203,372],[107,320],[0,419],[-268,476],[-234,1271],[-5,786],[-386,471],[-230,880],[177,753],[-46,256],[121,144],[65,224],[-120,471],[0,732],[168,1921],[-168,755],[0,685],[-87,1035],[21,326],[-294,214],[-92,651],[-206,78],[-730,2532],[-105,-72],[-33,-33],[-448,1494],[-506,192],[-463,-115],[-249,191],[-307,774],[-6,511],[-240,253],[287,757],[54,795],[-98,294],[-3,110],[67,94],[262,10],[-66,639],[0,1409],[-132,571],[0,952],[207,648],[215,153]],[[309374,385934],[-10,30]],[[309337,386043],[-374,984],[47,734],[-134,361],[396,152],[67,161],[43,188],[-291,-113],[-132,491],[110,434],[-64,614],[-435,263],[337,444],[-96,1402],[-137,743],[-158,67],[-106,1619],[-333,425],[-90,225],[27,248],[-3,158],[-132,314],[263,2418],[168,1057],[-227,305],[-204,1020],[40,561],[223,1056],[23,884],[-484,896],[-66,1309],[111,627],[-176,482],[-206,1418],[-358,233],[-88,244],[303,763],[-348,409],[181,549],[-150,435],[369,501],[297,1132]],[[721813,848823],[-1329,906],[-273,610],[-332,290],[-732,199],[-773,594],[-300,413],[-565,104],[-915,-393],[-395,-324],[-1060,-1276],[-563,-3],[-1371,-950],[-1255,-218],[-240,-306],[-557,-234],[-550,-621],[-154,-405],[137,-1287],[-282,-613],[-27,-564],[-416,-719],[-615,-620],[-325,-75],[-663,-699],[-18,-1153],[-580,-1434],[-759,-71],[-948,695],[-604,1073]],[[449022,205540],[73,272],[518,414],[310,1007],[260,221],[193,509],[434,377],[248,-183],[710,696],[365,-419],[525,324],[917,275],[480,548],[348,132],[436,-412],[347,-87],[758,414],[215,-905],[383,-84],[1125,702],[35,534],[440,829],[187,857],[401,453],[66,523],[469,534],[320,-743],[0,-628],[235,-1050],[235,-464],[410,-283],[768,152],[410,274],[418,51],[460,613],[194,1895],[179,498],[-30,605],[218,684],[569,1105],[529,757],[357,174],[403,968],[346,292],[128,474],[672,1291],[833,1427],[402,410],[390,40],[236,-317],[467,-1277],[531,438],[546,1347],[560,148],[637,-274],[824,-153],[367,-895],[393,148],[266,585],[381,-457],[733,221],[210,675],[158,12],[231,991],[987,784],[595,-226]],[[449751,187204],[290,-1043],[145,-1132],[-345,-312],[-778,-32],[-239,-746],[-466,-525],[-141,-685],[-262,-235],[230,-861],[-318,-732],[-398,0],[-182,-257],[-371,153],[-472,554],[-455,-554],[-899,458],[-824,-240],[-377,-1127],[-347,498],[-212,-514],[212,-1075],[979,-702],[80,-554],[-160,-743],[-334,-562],[-763,-281],[-562,-592],[-291,-541],[-133,-608],[184,-873],[-262,-951],[127,-866],[245,-182],[509,-952],[493,-528],[365,-730],[-11,-584],[764,-599],[519,-837],[349,495],[875,-272],[69,206],[664,41],[261,809],[-37,687],[385,-219],[435,153],[1064,18],[193,-418],[-132,-426],[428,-512],[132,-589],[271,-107],[95,-576],[199,-209],[-147,-461],[302,-202],[-222,-708],[84,-502],[-118,-458],[-694,-66],[-175,-764],[371,-734],[307,-852],[-52,-421],[-447,-631],[-582,-1264],[204,-299],[378,420],[-35,-847],[462,-104],[74,-290],[-185,-638],[375,-661],[-267,-466],[-86,-1592],[-293,-223],[31,-606],[-320,-461],[178,-794],[-98,-665],[-407,-1250],[159,-579],[441,-1],[143,-620],[20,-710],[310,-837],[-31,-904],[-233,-753],[-31,-557],[-240,-222],[105,-781],[355,-374],[-31,-1459],[243,-734],[37,-681],[-57,-332],[-159,-460],[-164,-685],[-449,-721],[-115,-279],[-85,-298],[-61,-335],[-39,-346],[-14,-336],[-39,-352],[-98,-251],[-251,-396],[-132,-815],[279,-199],[355,-999],[-42,-882],[-348,-676],[80,-427],[-121,-491],[-802,-765],[-331,-555],[-418,-420],[-497,-1549],[213,-611],[-150,-1074]],[[725921,87460],[137,-197],[155,-442],[116,-464],[73,-468],[18,-1009],[144,-442],[498,-680],[146,-450],[168,-1611],[-153,-1208],[382,-1018],[503,-774],[896,-1011],[316,-88],[541,-394],[440,-57],[863,-302],[727,82],[278,231],[1245,1781],[371,249],[420,69],[409,-143],[324,-385],[208,-358],[56,-166],[-15,-322],[33,-142],[837,-268],[204,-249],[120,-247],[70,-609],[108,-182],[245,-99],[443,-90],[129,-148],[198,-286],[141,-277],[49,-401],[470,-145],[366,-750],[-179,-408],[285,-1243],[429,411],[452,-56],[546,-388],[95,-454],[-205,-577],[607,-172],[424,267],[303,-544],[586,334],[240,-719],[386,-314],[265,94],[342,-229],[187,-415],[219,-1672],[-242,-1413],[-86,-1006],[-342,252],[-402,-317],[-178,-352],[-657,265],[-327,-1889],[120,-307],[320,166],[207,-577],[378,-499],[195,-835],[-24,-1297],[-186,-727],[-327,-351]],[[742029,58992],[86,-408]],[[312049,169866],[759,107],[753,-314],[608,-1220],[355,-393],[431,287],[353,601],[498,-481],[616,-212],[250,142],[159,465],[80,812],[279,194],[443,-323],[785,-850],[253,-58],[429,222],[240,70],[603,58],[445,111],[373,-570],[419,-51],[51,567],[237,563],[516,528],[496,899],[452,474],[616,-5],[381,-260],[269,-524],[992,-341],[329,-391],[258,200],[670,-307],[817,1024],[843,180],[387,693],[164,605],[657,232],[530,790],[264,66],[502,-437],[323,0],[713,-661],[494,-50],[278,-659],[257,299],[347,-460],[207,-9],[183,-512],[377,-424],[446,-162],[394,129],[1499,1502],[1075,1350],[603,389],[334,-48],[375,-301]],[[90134,723372],[220,77],[158,125],[458,622],[612,433],[320,1727],[15,586],[-202,483],[-1313,1453],[-85,371],[947,2691],[186,258],[656,382],[289,331],[-131,544],[-484,-1],[-659,324],[-670,863],[-647,1336],[71,459],[-456,879],[-1304,186],[-407,216],[-1320,-112],[-550,162],[-1106,-381],[-485,-457],[-731,-295],[-1063,314],[-810,-84],[-1593,613],[-157,813],[-401,906],[-497,190],[-911,840],[-800,230],[-704,624],[-582,1314],[-306,1653],[-540,1064],[-485,519],[404,649],[443,1211],[68,1289],[-439,451],[-604,1708],[461,163],[106,-453],[629,-257],[467,95],[412,-126],[206,502],[398,205],[49,498],[574,911],[-197,811],[71,1931],[-197,551],[-112,817],[-223,727],[250,1176],[-53,623],[167,628],[470,79],[81,1074],[374,0],[330,272],[978,-187],[525,357],[402,-206],[-93,-777],[1324,-392],[508,-382],[464,22],[350,559],[695,785],[562,995],[584,390],[158,474],[579,507],[1258,1676],[722,546],[1054,1305],[-335,1398],[-323,1806],[66,410],[329,218],[198,952],[681,730],[48,746],[201,515],[609,745],[333,715],[-156,634],[-39,1234],[440,286],[317,1537],[281,-1],[1908,2199],[603,322],[139,557],[587,597],[622,162],[131,376],[747,555],[521,628],[435,149],[1746,1126],[483,151],[593,423],[130,-619],[595,87],[596,532],[683,-28],[447,195],[177,393],[744,-356],[525,329],[172,-180],[952,409],[768,740],[885,78],[987,489],[375,335],[687,1030],[1283,146],[694,847],[797,491],[242,360],[591,210],[372,498],[362,154],[196,883],[281,255],[907,118],[712,556],[295,54],[414,685],[650,328],[187,340],[730,418],[0,534],[197,522],[520,503],[190,755],[755,260],[802,557],[245,-179],[1470,282],[181,-387],[713,611]],[[533758,845509],[474,-673],[296,-1065],[-46,-365],[-457,-525],[-69,-266],[-23,-320],[-232,-1366],[-80,-1522],[-237,-585],[153,-973],[474,-571],[122,-1703],[86,-263],[-343,-1114],[-52,-676],[468,-418],[387,-838],[430,-351],[-100,-277],[757,-685],[65,-557],[344,-660],[28,-665],[534,92],[351,-439],[-360,-679],[-610,-612],[-1301,-3],[-395,-742],[-334,0],[-297,-714],[-690,-439],[-610,-218],[-540,-389],[-906,472],[-741,-212],[-176,-386],[-760,-208],[-451,-279],[-300,-505],[-282,-6],[-393,-908],[-400,-612],[150,-424],[-788,-1411],[-565,-297],[26,-605],[-415,-869],[-46,-607],[-466,-471],[131,-1205],[-584,-827],[-184,-931],[57,-853],[229,-551],[-323,-1445],[-775,-543],[-609,-768],[-766,-350],[-84,-615],[249,-777],[-117,-661],[66,-617],[-652,-105],[-18,-842],[-712,-1263],[-856,-210],[-499,-303],[-77,-667]],[[520387,803533],[80,-183]],[[520583,803115],[40,-67]],[[521090,802865],[71,-268]],[[520733,802619],[-177,173]],[[520403,802942],[-32,19]],[[520326,802895],[-39,-56]],[[431978,625617],[-11,269],[73,784],[333,1104],[129,1153],[206,374]],[[432708,629301],[15,24]],[[422334,623120],[14,-131],[33,-228],[97,-169],[1376,-572],[346,18],[404,-346],[420,-644],[343,-98],[246,883],[274,-139],[713,-1089],[697,166],[301,524],[343,131],[351,-227],[854,176],[645,332],[739,597],[188,326],[183,595],[176,398],[46,213]],[[433270,630453],[-402,-893],[-160,-259]],[[431978,625617],[-340,-302],[-186,-488],[39,-471],[-368,-520]],[[379078,582518],[-110,-489],[112,-738],[10,-903],[862,-893],[586,301],[496,889],[113,775],[637,1432],[208,1216],[-270,771],[407,686],[390,114],[176,328],[480,252],[461,886],[132,629],[356,663],[1262,1199],[207,452],[548,341],[720,56],[222,-457],[664,-146],[-23,-694],[396,-442],[409,-59],[115,-664],[210,-370],[740,-411],[134,-683],[302,-26],[211,831],[382,659],[581,-30],[-41,-936],[603,-340],[456,-825],[354,-24],[639,849],[591,334],[328,-639],[331,524],[269,0],[591,628],[234,790],[433,643],[459,148],[453,752],[260,830],[699,604],[-91,1070],[132,795],[-388,403],[-37,314],[924,14],[249,570],[310,137],[225,185],[332,-105],[214,770],[296,-859],[515,88],[196,220],[-52,621],[259,325],[791,-537],[250,-329],[672,-194],[324,-233],[241,642],[428,638],[97,609],[345,711],[342,60],[-31,829],[431,210],[968,2378],[121,897],[-198,445],[572,541],[-75,417],[355,225],[177,456],[-384,882],[444,1127],[-394,314],[-270,549],[-671,95],[164,978],[-1178,762],[-31,558],[-278,422],[407,408],[-94,484],[245,164],[384,1093],[-330,318],[-60,681],[488,-192],[291,234],[406,700],[329,829],[522,335],[-122,343],[390,530],[0,639],[401,152],[66,829],[463,182],[429,988],[1183,235],[897,822],[296,486],[475,309],[1377,566],[290,-454],[656,598],[180,547],[269,91],[155,-467],[589,-279],[93,-660],[209,-281],[820,-90],[450,611],[350,61],[123,474],[437,326],[45,784],[251,424],[369,1728],[289,263],[305,-311],[23,-902],[298,-16],[248,878],[429,-26],[208,-765],[547,-115],[346,126],[-94,492],[466,115],[494,-524],[554,282],[333,-253]],[[126467,650837],[-10,9]],[[126457,650846],[-245,316],[-447,279],[-218,323]],[[79630,660509],[328,57],[800,-1120],[557,-984],[383,-324],[323,172],[101,515],[413,-58],[133,762],[-133,514],[140,165],[131,92]],[[126457,650846],[88,-92],[190,-278],[308,-57],[104,-28],[100,-69]],[[125547,651764],[-153,678],[-313,350],[-734,263],[-579,454],[-749,348],[-711,1064],[-678,543],[-263,428],[-1087,83],[-863,-469],[-171,-456],[-583,-320],[-915,363],[-1005,693],[-522,685],[-763,414],[-640,1142],[-342,135],[-504,567],[33,571],[-689,905],[-340,909],[-851,557],[-1226,-165],[-760,269],[-720,73],[-471,555],[-396,240],[-125,389],[-664,713],[-527,30],[-448,516],[-254,12],[-1014,414],[-434,-212],[-262,107],[-561,-627],[-584,333],[-104,702],[-364,535],[-377,828],[-704,44],[-297,484],[-70,66],[-137,54],[-137,-13],[-384,-243],[-116,-135]],[[100989,666640],[-126,-186],[-49,-159],[-49,-521],[-691,-229],[-172,-493],[-806,-660],[-243,-638],[123,-513],[-691,-94],[-549,225],[-310,-357],[-90,-878],[-801,-247],[-843,247],[-1120,602],[-382,84],[-1123,-141],[-400,-211],[-816,-696],[-395,-644],[-278,-129],[-123,-912],[-627,-88],[-168,-533],[-1053,-112],[-247,188],[-452,-136],[-345,-962],[-515,-278],[-1246,-488],[-1387,1056],[-624,935],[-449,16],[16,703],[-566,224],[-586,-315]],[[79630,660509],[-390,-79],[-96,-71],[-101,-46],[-90,-284],[129,-797],[569,-1477],[972,-911],[251,-452],[223,-1155],[-540,-507],[9,-739],[-255,-299],[-509,-64],[-554,581],[-501,-103],[-505,215],[-198,-219],[-489,215],[-504,-215],[-431,0],[-388,-209],[-798,52],[-740,433],[-899,-390],[-375,114],[-349,-142],[-1152,-125],[-276,58],[-648,-281],[-1383,193],[-613,297],[-343,462],[-954,270],[-196,577],[-953,891],[-434,542],[-252,-65]],[[65867,656779],[-706,-247],[-699,-7],[-482,-223],[-475,-612],[-518,96],[-198,-255],[-840,-627],[-355,-485],[-1,-317],[-430,-642],[-622,-163]],[[60526,653287],[-106,-72]],[[60361,653144],[-131,-191]],[[60181,652831],[-5,-13]],[[60124,652641],[-24,-124],[-75,-121],[-241,35]],[[57966,649535],[-232,-640],[-502,-285],[-524,-839],[4,-923],[-512,-345],[-545,-1108]],[[412764,680731],[442,-563],[896,-228],[873,-609],[383,-438],[922,-704],[801,95],[165,-49],[122,-155]],[[368415,685747],[219,71],[503,659],[1853,441],[335,-333],[1765,140],[1273,-1427],[417,-69],[140,-329],[395,524],[404,13],[129,441],[414,315],[1066,69],[331,533],[609,13],[1100,1204],[118,-379],[736,-55],[206,-250],[641,95],[732,-125],[491,444],[186,612],[300,91],[484,-372],[199,-480],[-215,-823],[392,-732],[464,-614],[372,-173],[353,173],[1140,-219],[379,-200],[194,-460],[-299,-968],[105,-676],[-205,-655],[347,17],[121,-627],[253,-457],[386,-308],[822,-388],[-402,-315],[198,-637],[220,62],[311,-507],[-227,-521],[481,-499],[240,-584],[757,-360],[136,-261],[637,255],[149,-203],[587,701],[154,443],[-137,541],[569,254],[83,-254],[606,155],[125,473],[894,210],[355,847],[515,200],[457,912],[142,60],[1027,-544],[418,-69],[348,164],[467,839],[287,835],[978,247],[190,393],[305,-398],[272,420],[375,-117],[478,201],[345,491],[109,15],[94,-193]],[[417368,678080],[140,-578],[537,-694],[649,-467],[482,-799],[-310,-814],[41,-338],[342,-366],[257,-586],[-57,-629],[1038,-1361],[249,-870],[473,-42],[534,274],[594,-169],[321,-559],[1265,-187],[338,-187],[-219,-708],[-23,-558],[506,-857],[-364,-939],[-50,-384],[372,-268],[503,-648],[661,-203],[427,-793],[248,-1012],[440,-866],[-133,-1010],[133,-629],[-483,-1306],[121,-603],[464,-462],[556,-895],[384,-130],[89,-445],[-163,-821],[289,-498],[-148,-318],[-481,223],[-91,-579],[247,-1109],[322,-759],[49,-806],[165,-299],[725,-404],[-328,-300],[185,-615],[-229,-546],[-286,-1095],[271,-281],[761,56],[-233,-862],[129,-817],[536,476],[341,-98],[313,-902],[353,-286],[305,134],[63,962],[410,-106],[174,-499],[1108,-313],[-37,-499],[433,74],[57,-462],[401,-66],[397,-310],[895,0],[1333,-511],[564,58],[221,258],[355,881],[428,371],[317,525],[232,837],[884,623],[487,-405],[568,830],[353,-329],[388,60],[56,547],[358,-165],[267,-573],[714,-370],[972,-35],[1081,-461]],[[444404,647408],[65,-27]],[[412764,680731],[-75,116],[-87,66],[-200,255],[-99,495],[-481,145],[-345,360],[-407,-302],[-753,721],[-1054,-1047],[-191,418],[-483,130],[-575,-243],[-433,428],[-422,-172],[-200,430],[-600,-363],[-167,-397],[-424,-285],[-565,359],[-886,0],[-269,428],[-993,732],[-527,106],[-377,285],[-611,-285],[-507,82],[-420,442]],[[151168,508626],[-6,2],[-4,3]],[[151158,508631],[-222,190],[-144,533],[-431,686],[-574,1264],[-475,452],[-865,360],[-455,-420],[-144,-610],[-251,-456],[-193,-81],[-741,721],[-872,40]],[[120015,494497],[125,714],[-227,805],[167,849],[840,204],[280,184],[593,1288],[309,1121],[532,1041],[324,369],[604,218],[363,358],[552,-167],[447,635],[935,98],[132,1113],[-132,625],[330,366],[379,1356],[147,748],[467,900],[-120,804],[318,1321],[324,200],[123,464],[803,-61],[226,285],[575,77],[163,-700],[529,-229],[224,833],[-276,484],[429,439],[-120,1039],[1294,133],[424,225],[898,1146],[605,491],[257,-57],[461,-540],[585,37],[157,-972],[316,-330],[553,-105],[464,-629],[645,163],[509,370],[566,-209],[344,170],[373,-339],[405,64],[376,-184],[353,184],[582,-210],[487,239],[445,-501],[374,31],[1213,474],[594,-368],[358,237],[674,-330],[876,-156],[223,-2]],[[151158,508631],[382,-173],[363,-258],[285,-383],[160,-548],[-52,-636],[-744,-1267],[132,-1205],[-76,-623],[-706,-2050],[-74,-750],[100,-1152],[624,-828],[648,-627],[806,-335],[414,205],[739,740],[584,229],[819,-350],[155,-1033],[338,-660],[518,-266],[942,-59],[846,-870],[761,-513],[451,-589],[335,-1048],[435,-415],[553,159],[274,-70],[1164,-1216],[583,-240],[155,-280],[738,-407],[618,275],[313,-441],[756,-166],[512,384],[935,-89],[576,309],[477,633],[395,314],[363,-314],[398,0],[470,522],[457,-303],[438,-90],[559,-837],[393,-444],[455,69],[499,-1617],[198,-337],[478,-281],[183,-360],[63,-835]],[[462858,634881],[-50,-239],[-306,-501],[12,-794],[-264,-1089],[-69,-958],[-122,-391],[-664,-1056],[59,-1397],[-100,-308],[-400,-151],[-180,-190],[6,-170]],[[445654,557508],[189,55],[508,-159],[358,707],[514,315],[422,879],[447,323],[1018,1176],[-55,645],[185,831],[-51,574],[-337,484],[73,258],[629,529],[789,371],[-13,430],[-275,598],[-40,553],[299,414],[-100,786],[328,219],[48,463],[383,525],[-103,592],[484,678],[-13,1787],[64,319],[720,978],[26,1056],[159,354],[34,1034],[-259,405],[-543,26],[-158,-540],[-516,-21],[-255,593],[148,496],[-433,582],[197,833],[345,560],[-40,658],[-547,493],[245,979],[342,288],[-328,942],[40,452],[-217,537],[-1049,1522],[-856,955],[-305,591],[41,303],[1227,1766],[124,936],[204,611],[995,273],[595,470],[71,577],[-364,893],[91,529],[465,502],[1,622],[-466,542],[-67,686],[226,517],[885,894],[192,426],[52,1131],[-499,2293],[467,261],[227,1017],[435,485],[331,914],[1113,1059],[401,994],[114,683],[461,1359],[42,1012],[112,568],[342,920],[477,371],[485,871],[377,341],[827,439],[480,32],[395,751],[331,132],[312,561],[-229,1664],[-166,204],[-64,703],[99,648],[-303,1094],[186,985],[179,157],[496,1162],[242,824],[265,282],[414,1008],[442,1854],[-40,973],[-255,1055],[21,1896],[-164,754]],[[107371,432843],[-141,-20],[-146,-44],[-173,-86],[-172,-239],[-139,-466],[-154,-294],[-38,-172],[62,-306],[-50,-669],[-41,-329],[-21,-300],[31,-175],[70,-251],[108,-294],[33,-172],[-42,-307],[-24,-322],[-114,-691],[-128,-243],[-394,-142],[-233,130],[-252,52],[-180,-37],[-469,258],[-204,23],[-147,-144],[-90,-115]],[[54199,454507],[575,-239],[726,-1011],[499,-1617],[509,-608],[96,-952],[251,-479],[514,-462],[200,-964],[-200,-1027],[-337,-329],[174,-1518],[667,-1341],[311,-346],[-159,-720],[273,-582],[-330,-315],[152,-335],[638,-393],[329,-329],[315,196],[288,-299],[-61,-360],[188,-698],[391,246],[324,-235],[-53,-596],[314,-707],[267,-199],[408,-812],[-170,-390],[178,-406],[553,-287],[600,-1241],[-532,-152],[-103,-310],[287,-619],[443,-384],[0,-95],[-151,-11],[-201,-48],[-133,-114],[51,-209],[256,-383],[342,-197],[353,309],[431,82],[242,351],[17,566],[805,282],[257,-525],[687,486],[346,-502],[687,-1438],[102,-449],[527,628],[0,838],[264,326],[286,-16],[443,-510],[200,168],[327,-278],[407,235],[431,-987],[454,-347],[70,-296],[-200,-597],[82,-508],[282,153],[390,557],[496,-627],[596,318],[677,-462],[208,-584],[615,-493],[444,178],[588,-309],[182,-284],[690,-150],[676,-620],[48,-751],[206,-384],[1176,-244],[763,-419],[165,450],[319,212],[354,696],[349,223],[534,-203],[166,98],[729,1311],[588,155],[402,544],[293,135],[854,701],[341,-258],[417,354],[211,627],[894,434],[219,824],[271,-852],[322,139],[937,-721],[161,-468],[902,-401],[1301,-524],[161,-27],[602,27],[194,-45],[563,-384],[193,-81],[713,62],[857,-389],[1212,-1194],[492,-726],[235,-928],[1316,-1781],[539,-324],[460,-837],[659,419],[112,448],[-112,504],[534,-241],[966,930],[961,158],[384,-432],[194,-136],[103,-21],[108,13],[458,229],[159,7],[105,-61],[267,-326],[740,-286],[290,105],[270,213],[196,280],[61,288],[-64,604],[20,278],[55,119],[63,22],[347,-202],[157,180],[31,164],[134,435],[234,246],[482,375]],[[122496,424166],[-136,1438],[-287,866],[-207,1532],[-319,672],[-241,-33],[-400,790],[-335,1218],[-455,494],[-145,390],[-513,469],[-375,556],[-507,446],[-1133,-155],[-641,120],[-191,-120],[-768,501],[-501,703],[-23,1136],[-169,905],[-218,441],[-237,43],[-196,-578],[-96,-716],[-137,-207],[-29,-181],[-521,-895],[-131,-375],[-467,13],[-199,917],[-65,187],[-200,51],[-340,-222],[-132,297],[-177,158],[-217,82],[-190,-52],[-61,-111],[-146,-348],[-92,-73],[-510,-40],[-210,-190],[-111,-75],[-280,38],[-109,-38],[-25,-37],[-66,-279],[-409,-312],[-92,33],[-158,145],[-118,31],[-263,-154],[-347,-341],[-6,-48],[-51,-46],[-74,-102],[-93,-101],[-111,-46],[-658,-30],[-237,-90]],[[308510,568799],[500,-885],[464,-1819],[472,-1095],[179,-966],[535,-327],[795,-163],[314,-313],[555,-115],[695,-741],[608,-145],[198,-418],[351,108],[463,472],[459,-918],[321,-428],[479,-1568],[891,-1617],[707,-933],[163,-685],[404,-498],[355,-835],[447,-384],[400,45],[193,390],[725,-1532],[70,-360],[379,-292],[666,-3247],[189,-647],[402,-419],[61,-544],[939,-1905],[122,-522],[287,-152],[322,-965],[402,-843],[735,-1214],[317,-268],[375,-727],[360,-140],[81,-471],[354,-541],[784,-597],[303,-879],[1097,-463],[560,-484],[690,-343],[691,-28],[466,-192],[405,-428],[1386,-915],[741,144],[549,-299],[343,-863],[701,-267],[1514,-1321],[867,-249],[1094,-718],[1254,-1289],[423,-528],[556,-501],[435,-764],[158,10],[744,-1041],[654,-1181],[654,-872],[105,-185],[43,-131],[194,-454],[355,-518],[57,-28],[154,-28],[59,-40],[78,-163],[139,-388],[227,-132],[460,-753],[1070,-1410],[372,-340],[415,-700],[721,-832],[610,-871],[221,-618],[173,104],[461,-951],[598,-629],[162,-367],[1022,-1309],[18,-324],[1370,-1570],[295,-555],[306,-118],[44,-441],[575,-850],[359,-172],[301,-481],[-110,-760],[224,-20],[96,-70],[85,-101],[835,-1535],[365,-352],[486,-740],[369,-850],[244,-287],[230,726],[250,-230],[233,-866],[-64,-761],[424,-378],[233,99],[118,403],[49,142],[399,157],[298,-299],[77,-607],[209,-675],[564,-630],[1372,-107],[788,-713],[813,-434],[275,-705],[480,-602],[-157,-776],[111,-655],[275,-314],[-127,-722],[83,-588],[346,-223],[242,-1068],[498,-234],[-54,-265],[-21,-168],[61,-310],[270,-565],[163,-23],[346,253],[124,-100],[26,-126],[22,-432],[63,-206],[300,-443],[95,-654],[357,-442],[-6,-776],[560,-280],[75,-424],[-153,-527],[137,-223],[430,478],[612,-310],[613,-817],[493,189]],[[97989,652731],[-861,-1149],[-323,-317],[-829,-390],[-343,-286],[-223,-581],[-180,-1101],[-320,-289],[-601,-2085],[-616,419],[-329,-314],[-204,-82],[-456,-80],[-1221,-941],[-647,-137],[-313,-340],[21,-130],[135,-268],[48,-126],[14,-158],[-28,-693],[-144,-721],[-307,-1056],[-520,-866],[-1100,-866],[-452,-492],[-28,-66],[-12,-86],[-12,-215],[-320,-36],[-44,-79],[-10,-90],[0,-84],[-16,-62],[-457,-628],[-195,-733],[-282,-1911],[-377,-1087],[-37,-162],[-90,-131],[-207,-184],[-202,-1200],[136,-537],[-339,-299],[124,-1186],[411,-129],[-525,-905],[626,25],[169,-176],[17,-178],[-155,-932],[39,-139],[73,-148],[43,-162],[-186,-502],[103,-2305],[-72,-214],[18,-121],[42,-57],[78,-79],[205,-969],[252,-596],[-193,-529],[257,-317],[72,-112],[68,-176],[38,-142],[-8,-128],[-65,-134],[-106,-311],[140,-514],[-99,-333],[-104,-231],[3,-192],[62,-65],[104,8],[33,-35],[2,-86],[-19,-191],[17,-317],[113,-166],[-49,-687]],[[87226,618661],[258,-718],[87,-837],[298,-210],[128,-245],[233,-661],[75,-182],[80,-147],[90,-99],[101,-37],[132,-81],[15,-180],[-25,-180],[87,-48],[168,149],[50,27],[95,-232],[69,-184],[35,-172],[101,-31],[173,91],[88,-5],[38,-143],[-15,-434],[72,-82],[206,30],[-242,-810],[-53,-388],[207,-249],[27,-543],[125,-104],[243,-50],[-3,-929],[97,-183],[-303,-165],[-119,-282],[7,-397],[79,-508],[-328,305],[65,-633],[-82,-378],[345,-408],[246,-1038],[-246,-171],[65,-338],[88,-325],[309,-489],[322,-102],[196,-935],[434,199],[345,-114],[-209,-717],[218,-642],[-87,-931],[265,-1028],[-203,-1121],[178,-293],[170,-910],[326,-851],[426,-19],[-198,-581],[420,-502],[739,-256],[593,-21],[564,-534],[122,-566],[-63,-596],[483,331],[348,-331],[461,-105],[291,336],[212,-405],[-132,-873],[161,-394],[562,-34],[330,628],[336,-240],[156,-518],[517,-305],[439,-958],[956,-274],[64,-449],[762,-921],[520,539],[548,-267],[188,-492],[264,-95],[565,-959],[823,-307],[405,-395],[293,-873],[223,-255],[-6,-454],[274,-232],[162,-628],[531,62],[402,-227],[229,-650],[855,-337],[-461,-324]],[[106711,585041],[164,-332],[-494,-553],[84,-205],[641,157],[262,-533],[591,170],[401,291],[561,-119],[58,-689],[231,-524],[270,234],[231,-242],[-266,-439],[33,-499],[332,-391],[582,-178],[213,-633],[637,-281],[253,-280],[-14,-561],[315,-381],[719,46],[509,-297],[216,891],[322,3],[-39,-1001],[319,-375],[716,190],[327,-601],[-189,-426],[648,-693],[284,-141],[396,-529],[633,90],[193,-528],[623,324],[818,-110],[873,-564],[28,-397],[-680,-13],[20,-487],[385,-380],[542,7],[-57,-738],[843,-376],[325,-303],[459,-114],[541,105],[407,492],[215,-636],[697,24],[164,-921],[271,-192],[426,182],[135,-468],[-267,-362],[176,-431],[669,-480],[812,-170],[203,-396],[-379,-683],[48,-565],[251,-335],[581,-262],[165,-379],[571,232],[620,-372],[-14,-464],[670,-367],[579,146],[1033,1109],[390,158],[627,-22],[334,-351],[339,-60],[-20,684],[337,641],[455,164],[264,-189]],[[132329,568363],[1,-2]],[[129161,527548],[-1083,175],[-233,349],[-290,839],[-1314,606],[-913,659],[-18,239],[-668,189],[-676,443],[-185,-77],[-93,-637],[-718,261],[-413,10],[109,536],[-72,459],[-399,499],[-224,9],[-249,-856],[-355,400],[-275,-243],[-687,-173],[-350,-456],[-368,139],[-695,-314],[120,-383],[-120,-726],[-408,-588],[210,-710],[-69,-728],[182,-345],[-314,-789],[233,-448],[-28,-487],[-468,-533],[-588,63],[-335,443],[-199,651],[-65,1105],[-427,225],[-33,570],[-340,362],[-456,-110],[-308,-437],[-254,132],[-760,0],[-328,201],[-173,455],[-748,915],[131,995],[-287,540],[-42,465],[329,628],[-33,847],[-518,144],[-310,-185],[-629,472],[-689,-221],[-301,-314],[-921,252],[-165,376],[-557,-17],[-592,-480],[-431,-131],[-596,149],[-352,-224],[-1471,-354],[-313,106],[-247,-839],[-596,-77],[-721,492],[-1853,-110],[-394,114],[-830,-419],[-361,0],[-1093,-238],[-959,-714],[-63,-272],[-790,-666],[-194,-528],[-400,0],[-231,409],[-632,-304],[-188,-425],[-144,-828],[-463,301],[-389,-96],[-271,269],[-550,-90],[-368,764],[-402,52],[-461,-271],[-454,-983],[-1278,-824],[-487,-696],[-616,-439],[-966,-472],[-625,-471],[-455,-558],[-388,539],[-1274,-491],[-522,-746],[-356,-202],[-1229,-112],[-475,-557],[-369,-137],[-488,-821],[10,-751],[-207,-553],[-391,-438],[-527,-352],[-306,81],[-680,-566],[-207,65],[-649,772],[0,629],[-400,209],[-618,-158],[-573,-365],[-674,-147],[-381,-634],[-399,-162],[-615,28],[-515,-230],[-449,-435],[-411,-169],[-1313,-31],[-572,-365],[-657,-115],[-568,280],[-1572,-301],[-620,-242],[-615,36],[-1764,-447],[-433,-227],[-431,104],[-819,-408],[-825,95],[-599,-209],[-627,114],[-671,-396],[-1063,-417],[-308,1],[-261,409],[-946,-157],[-353,-213],[-425,-598],[-303,-160],[-139,-96],[-111,-31],[-45,-27],[-54,-324],[-160,-138],[-180,-95],[-426,-72],[-213,64],[-305,281],[-215,64],[-653,-175],[-833,-601],[-549,-525],[-175,45],[-641,-403],[-741,-121],[-663,315],[-92,458],[-681,398],[-183,497],[-547,568],[-184,-142],[-662,220],[-296,-1057],[-378,166],[-356,-655],[-318,70],[-343,707],[-393,-336],[171,-1076],[-450,-217],[-434,399],[-166,-190],[218,-1033],[-260,-349]],[[307424,684796],[952,-1472],[232,-685],[562,-624],[803,-582],[352,-112],[682,-807],[542,-882],[98,-625],[322,-640],[934,-721],[691,-258],[539,-540],[381,-693],[-31,-1366],[433,49],[147,-383],[515,-327],[475,-574],[394,-1035],[-14,-555],[-294,-934],[25,-1293],[268,-373],[184,-648],[550,-266],[821,-1628],[250,-298],[906,-541],[416,107],[920,-323],[509,581],[901,-164],[729,418],[134,-219],[626,635],[1012,222],[334,-638],[659,-458],[894,-1214],[-33,-431],[468,-1243],[64,-1995],[-70,-448],[-711,-974],[-36,-417],[534,-812],[-585,-1682],[-432,-152],[-488,-675],[-179,-786],[-19,-1052],[132,-1103],[-52,-542],[381,-615],[233,-1000],[264,-124],[77,-485],[419,-386],[308,-588],[-30,-589],[152,-556],[12,-1546],[454,-705],[69,-1223],[451,-1300],[158,-711],[59,-947],[-133,-591],[-55,-1561],[343,-936],[191,-790],[-182,-1588],[64,-1139],[-157,-497],[-53,-1031],[-277,-714],[113,-536],[-186,-775],[158,-289],[26,-642],[363,-81],[204,-1324],[283,-714],[177,-914],[480,-429],[1618,405],[474,653],[722,378],[305,-378],[1159,-142],[294,-238],[-32,-458],[435,-858],[505,242],[244,825],[299,287],[595,-180],[225,-745],[397,247],[281,683],[861,-763],[674,-93],[174,659],[324,266],[212,-221],[325,384],[394,-210],[389,210],[459,-724],[205,95],[497,-999],[546,-44],[13,873],[200,741],[-89,333],[-574,-56],[-294,323],[-102,662],[107,597],[778,1309],[708,574]],[[472604,831837],[-469,429],[318,513],[-56,399],[409,449],[-4,1351],[-396,1172],[-75,487],[475,875],[-125,322],[182,621],[632,322],[561,0],[1361,910],[685,699],[1504,648],[1112,173],[910,-123],[199,397],[635,458],[1185,140],[993,550],[463,-9],[1435,-332],[979,11],[955,-479],[359,119],[4305,-513],[483,94],[830,514],[3400,138],[5240,1752],[1707,-117],[4020,781]],[[436522,196969],[-479,-483],[-989,-1375],[-765,-1773],[-153,-168],[-824,-163],[-1314,-898],[-493,-32],[-718,-702],[-352,-68],[-221,-314],[-372,-85],[-322,655],[-634,-256],[-766,114],[-826,-846],[-430,104],[-695,-943],[-264,-608],[-1174,-187],[-1035,-471],[-296,-419],[-226,20],[-536,399],[-405,-32],[-287,-596],[-337,-189],[397,-449],[-169,-859],[-372,-154],[-183,-662],[-399,-570],[-68,-331],[-520,-689],[-330,0],[-58,-360],[-605,264],[-658,153],[222,-1029],[-821,-914],[-59,-1095],[-393,-165],[-23,-672],[-295,-208],[-486,674],[-269,-332],[143,-494],[-324,-360],[-376,295],[-340,-174],[-252,113],[-15,843],[-290,199],[-417,-1030],[-563,407],[-418,-350],[-588,295],[-319,-848],[-512,90],[-609,-234],[-321,163],[-326,-528],[-400,-70],[-211,854],[49,669],[-244,120],[-96,-572],[-848,-1002],[-102,1525],[-338,202],[-119,-428],[-153,-1305],[-563,341],[-173,-650],[-207,-76],[-85,-864],[-288,-277],[-625,117],[-431,-208],[-242,66],[-217,451],[-497,321],[-1300,16],[-777,-331],[-284,-590],[-239,-1383],[-272,-560],[-476,-456],[-912,38],[-374,-975],[-333,142],[-649,-738],[-564,0],[-388,208],[-440,-586],[-356,442],[-135,476],[-682,799],[-845,-3],[-583,548]],[[695109,121617],[-113,-230],[-184,-82],[-209,63],[-190,197],[-267,633],[-221,58],[-537,-184],[-223,-36],[-418,145],[-347,275],[-88,43],[-242,71],[-93,103],[-53,97],[-72,75],[-232,44],[-97,45],[-79,83],[-74,265],[-96,0],[-191,-94],[-747,361],[-580,697],[-19,200],[-74,19],[-76,-19],[-191,-95],[-993,22],[-287,407],[-377,-402],[-95,-27],[-66,178],[138,717],[-165,77],[-113,-169],[-52,-222],[-69,-113],[-159,56],[-305,208],[-565,0],[-33,354],[235,89],[67,167],[-98,124],[-229,60],[-399,-479],[-302,-8],[-155,29],[-178,83],[-94,92],[-169,251],[-66,77],[-358,0],[-125,-62],[-160,-114],[-172,-50],[-219,267],[54,378],[-35,116],[-86,215],[-17,145],[-95,135],[-171,62],[-87,132],[162,356],[-65,165],[-330,-34],[-114,674],[-451,137],[-362,-152],[-638,828],[-245,-131],[-407,356],[-266,-59],[-88,523],[-480,36],[-356,-240]],[[89273,673866],[-763,363],[-566,790],[-1579,1361],[-532,666],[-636,98],[-355,282],[-254,1145],[-962,735],[-394,78],[-909,423],[-654,818],[-362,259],[-1272,59],[-316,211],[-155,482],[46,654],[283,1019],[-329,1098],[47,807],[-161,447],[-594,826],[-198,129],[-99,72],[-84,85],[-73,219],[-292,107],[-307,355],[-452,974],[-695,576],[-224,357],[-763,480],[-580,70],[-1265,585],[-597,88],[-331,-246],[-108,-495],[148,-470],[483,-837],[198,-1047],[-291,-385],[-645,225],[-642,-348],[-462,-103],[-960,127],[-889,-210],[-801,304],[-314,825],[-383,188],[-863,785],[-315,-140],[-62,-585],[-386,-378],[-136,-539],[-693,181],[-906,-145],[-821,384],[-237,-1752],[142,-1185],[-234,-1241],[-574,-734],[-690,-281],[-480,-554],[-673,-546],[-183,-442]],[[61103,680901],[-3,-8]],[[698846,104062],[171,-101],[443,-1114],[-188,-835],[30,-1105],[-238,-1354],[-163,-515],[-753,-544],[-48,-130],[-46,-288],[-120,-196],[-456,-512],[-60,-713],[-389,-108],[-435,-373],[-113,-1109],[-202,-307],[-617,-116],[-355,-880],[-17,-290],[-435,-322],[-67,-442],[-342,-526],[157,-264],[-154,-487],[259,-811],[-15,-464],[-271,-989],[221,-232],[466,-953],[111,-2469],[-371,-251],[260,-534],[-120,-466],[-281,-277],[382,-1712],[28,-1142],[513,-814],[-109,-517],[120,-546],[-164,-568],[-7,-633],[546,-1004],[30,-634],[-576,-470],[-164,-1004],[-197,-517],[-832,-403],[-419,-748],[-46,-1004],[-684,-795],[-48,-673],[176,-852],[-508,-671],[-603,-257],[-314,-468],[-561,245],[-155,782],[-228,339],[-638,250],[-297,-214],[-16,-1026],[-139,-470],[-514,-702],[-247,-796],[-298,372],[-122,1418],[-437,-247],[-375,-1251],[-622,232],[-147,566],[-42,1003],[-716,246],[-236,-622],[171,-309],[372,-152],[-175,-402],[-258,-5],[-452,376],[-516,-14],[-245,569]],[[679756,129605],[-433,-620],[-537,109],[-122,618],[9,1514],[191,229],[-200,1673],[-177,502],[-415,-235],[-355,106],[-336,635],[33,1039],[-384,622],[71,479],[-22,1213],[-392,922],[-1049,1870],[-705,1650],[-250,364],[-1234,904],[-173,304],[-617,79],[-187,780],[-179,325],[-213,820],[-553,333],[-506,1219],[482,546],[-72,465],[270,406],[36,684],[-348,1104],[211,676],[-246,439],[413,138],[-333,452],[-97,437],[604,1233],[-107,769],[291,1368]],[[175397,811140],[462,210],[882,104],[920,397],[160,359],[485,397],[650,-1047],[646,-15],[404,-601],[470,-336],[184,-399],[676,-504],[147,-835],[374,-859],[884,-236],[988,-717],[405,82],[506,-512],[428,-62],[1163,576],[1176,-71],[602,-557],[1259,-578],[391,-269],[334,234],[3204,-771],[1019,-1147],[797,-595],[805,-436],[862,-203],[1257,-8],[344,191],[561,-417],[539,-31],[324,-256],[912,-148],[862,226],[619,-446],[499,115],[641,-201],[377,252],[311,-245],[533,0]],[[179078,820078],[-226,-74],[-338,-203],[-350,-94],[-451,-265],[-664,105],[-295,-332],[-460,17],[-660,506],[-302,-96],[-1074,629],[-446,-210],[-170,-671],[-726,-505],[-911,125],[-574,-205],[-409,160],[-461,-224],[-679,-722],[-235,-1189],[68,-1272],[562,-952],[551,-523],[105,-661],[498,241],[533,-324],[927,-104],[375,-478],[553,-322],[849,-142],[525,-470],[393,-115],[-189,-568]],[[175397,811140],[-465,-418],[302,-560],[822,-402],[329,-410],[653,-354],[195,-534],[-513,-388],[-565,121],[-1841,-364],[-1129,246],[-188,355],[-639,395],[-394,-219],[-494,114],[-2486,-533],[-723,-565],[-360,-131],[-358,-456],[-533,-210],[-624,328],[-812,149],[-382,257],[-494,-4],[-237,375],[-1087,257],[-1377,1387],[-846,361],[-1310,156],[-517,190],[-312,-95],[-1783,219],[-713,-249],[-356,209],[-636,82],[-1494,-832],[-399,-30],[-235,-340],[-719,-210],[-238,-1009],[-336,-155],[-282,-489],[-926,-346],[-505,139],[-1,362],[-475,87],[-1064,-484],[-486,13],[-477,251],[-1616,-102],[-658,-162],[-329,-315],[-716,36],[-875,-883],[-337,387],[-520,-387],[-229,368],[-801,233],[-363,456],[-527,53],[-352,684],[-432,-109],[-546,284],[-1039,-693],[-798,-230],[-216,-399],[-643,96],[-190,-376],[-471,-254],[-212,145],[-1214,-834],[-931,-127],[-608,-444],[-587,71],[-542,-589],[-496,-167],[-459,-811],[-344,-197],[-1110,-91],[-594,146],[-948,-369],[-583,-547],[-83,-668],[-237,-91],[-584,-1083],[-652,-270],[-1722,128],[-905,-360],[-531,-580],[-341,-113]],[[533758,845509],[-296,528],[-323,1127],[-366,125],[-760,639],[-564,105],[-526,-105],[-268,418],[-862,533],[-1049,374],[-291,726],[-569,446],[-1420,234],[-501,-187],[-554,126],[-342,-382],[-1078,-299],[-694,-451],[-1029,-273],[-1058,-1265],[-728,-1113],[-659,-364],[-526,-542],[-373,-146],[-918,-721],[-442,-124],[-972,-38],[-1908,429],[-503,0],[-1095,829],[-467,146],[-1938,63],[-397,-209],[-955,0],[-428,-121],[-1493,-741],[-590,-688]],[[599084,896909],[-568,225],[-382,-388],[-778,121],[-439,-112],[-227,-938],[-898,165],[-217,-330],[-38,-677],[-411,-517],[-241,-976],[-1095,-1030],[-1251,-578],[-470,-631],[-338,-691],[-114,-1172],[-520,-500],[-341,-82],[-693,-714],[-395,-837],[-541,-2051],[-428,-516],[-538,-1018],[-1041,-1053],[-719,-103],[-442,-320],[-633,251],[-444,1125],[-795,95],[-988,-658],[-940,-278],[-1237,527],[-595,467],[-939,20],[-1104,-784],[-438,-129],[-875,313],[-672,-299],[-731,193],[-526,-96],[-1059,514],[-340,788],[-1134,499],[-244,-30],[-262,-990],[60,-361],[-422,-374],[-965,-124],[-302,647],[-752,269],[-831,-22],[-1083,641],[-901,87],[-889,-401],[-1422,-1522],[-486,-362],[0,-944],[-961,-872],[-958,182],[-313,-435],[-635,-191],[-381,-491],[-1113,17],[-1261,-269],[-605,345],[-303,-36],[-813,-1185],[-75,-804],[-508,-468],[-193,-528],[-1228,197],[-1151,-203],[-795,-514],[-857,95],[-203,-801],[-131,-246],[-221,-161],[-179,34],[-330,231],[-141,19],[-45,-65],[-17,-93],[-54,-69],[-603,178],[-1247,-283],[-575,862],[-16,299],[22,269],[-159,150],[-739,-52],[-514,496],[-182,-596],[-19,-119],[11,-90],[54,-115],[-109,-287],[-1904,30]],[[599066,896950],[172,-57],[1038,403],[407,390],[279,758],[69,873],[532,422],[628,89],[336,296],[921,1668],[428,423],[1379,494],[911,-370],[802,271],[1449,-318],[1478,874],[752,43],[893,-176],[985,176],[626,252],[1658,-199],[436,314],[304,1036],[387,532],[2245,1470],[637,811],[833,1635],[-99,525],[600,700]],[[342564,631929],[452,-229],[249,-1251],[48,-631],[273,-997],[462,-428],[-215,-596],[1007,-971],[171,-883],[334,-721],[377,81],[391,-664],[357,-99],[514,-608],[583,-217],[486,-802],[-110,-1056],[320,-497],[1591,-1203],[372,101],[350,449],[499,-659]],[[52811,485506],[324,463],[918,-356],[394,-337],[775,21],[701,-164],[160,429],[629,477],[1345,-805],[306,-357],[335,0],[1214,-632],[514,-746],[640,112],[429,-783],[71,-405],[389,-348],[302,174],[635,-526],[588,-78],[302,-452],[369,-921],[585,-336],[596,107],[820,-640],[1196,-292],[338,-199],[98,-401],[395,-367],[851,-416],[390,-647],[315,40],[273,-698],[516,211],[557,-689],[1664,-572],[642,679],[457,-317],[766,203],[-65,-1099],[315,-229],[731,466],[46,-509],[394,-95],[302,314],[670,-247],[455,-496],[318,-94],[599,89],[543,-489],[-145,-439],[-162,-1462],[492,291],[90,-355],[359,-91],[24,-419],[345,-86],[241,437],[724,262],[532,-480],[132,-471],[-142,-388],[394,-294],[381,252],[555,-493],[259,556],[-33,419],[435,-124],[180,342],[740,-218],[524,708],[761,-5],[341,238],[-9,-745],[427,14],[301,742],[296,-223],[989,663],[251,-115],[359,334],[314,-298],[-137,-467],[213,-535],[521,-512],[198,-428],[918,-383],[258,-708],[313,-70],[756,-913],[729,-168],[735,-542],[550,52],[254,-68],[39,120],[22,166],[52,133],[129,172],[572,67],[306,750],[253,30],[264,524],[970,682],[316,-5],[310,-329],[47,-536],[401,188],[489,503],[336,-61],[558,-442],[395,105],[365,-277],[205,584],[742,55],[135,589],[467,96],[634,-385],[176,477],[577,336],[515,-392],[179,433],[431,274],[401,4],[576,-547],[444,-1636],[428,-763],[325,-311],[435,-108],[497,-743],[547,233],[389,440],[588,-254],[602,-661],[709,-491],[334,-533],[186,49],[440,-835],[763,158],[466,487],[118,662],[271,745],[-197,419],[48,537],[320,-213],[296,-428],[628,-576],[325,-167],[626,-838],[167,-453],[64,-61],[762,-114],[694,114],[277,249],[118,47],[116,-52],[81,-127],[161,-965],[236,-484],[33,-201],[42,-80],[88,108],[81,164],[24,84],[177,-173],[35,-172],[14,-187],[-131,-525],[67,-1059],[530,-416],[216,-477],[118,-1381],[127,-569],[287,-468],[1694,-1569],[46,-256],[715,-1835],[527,-317],[479,-774],[153,-446],[-269,-2266],[36,-288],[173,-423],[60,-279],[-15,-345],[-60,-270],[-24,-225],[99,-216],[183,-115],[574,115],[296,-160],[66,-527],[229,-102],[770,264],[323,-533],[162,93],[686,-194],[290,-236],[244,-820],[299,-204],[473,57],[221,-371],[331,-95],[656,140],[400,-568],[731,-582],[-21,-579],[151,-525],[396,-209],[-198,-1524],[237,-636],[207,-1067],[280,-344],[240,-646],[87,-994],[-282,-785],[364,-2082],[320,-644],[-29,-498],[425,-967],[211,-977],[-160,-1273],[-498,-484],[-450,-713],[-361,325],[-135,-353],[137,-372],[0,-1138]],[[136527,434715],[-255,0]],[[135870,434716],[-534,144],[-932,-167],[-283,-264],[-532,210],[-256,-94],[-357,350],[-374,57],[-300,576],[-496,263],[-548,1492],[-189,367],[-127,961]],[[363954,336322],[31,36]],[[363985,336358],[471,456],[152,36],[151,3],[152,-37],[464,-271],[233,-75],[309,2]],[[365917,336472],[182,26],[440,266],[728,27],[607,310],[353,-17],[418,-297]],[[365916,336474],[1,-2]],[[365917,336472],[455,-797],[245,-116],[340,287],[432,94]],[[437398,524930],[-6,-4]],[[437386,524922],[-12,-9]],[[437161,524901],[-237,-39]],[[436848,524772],[-299,7],[-403,780],[-464,513],[-63,289],[-651,259],[-405,509],[-285,123],[-440,-470],[-459,644],[-541,283]],[[436082,532289],[-70,-176]],[[435923,531975],[-574,16],[-290,183],[-897,-218],[-796,402],[-258,-402],[-337,235],[-606,-338],[-298,91]],[[431867,531944],[-21,12]],[[434096,529975],[-730,-114],[-398,-282],[-452,292],[-449,732],[-192,699],[-8,642]],[[431867,531944],[-99,493],[-519,855],[-702,485],[-389,-184]],[[415669,538697],[881,-44],[600,-303],[352,-689],[193,-885],[347,-694],[70,-260],[-17,-289],[-177,-540],[32,-533],[247,-292],[456,-158],[648,-443],[473,-4],[710,-209],[746,130],[197,-308],[462,-4],[519,-537],[673,-128],[404,195],[602,-169],[293,98],[762,964],[634,96],[236,-335],[252,-908],[425,-397],[377,102],[287,339],[521,1077],[583,455],[1347,-122],[366,-392],[508,-2605],[661,-2100],[413,-447],[673,-166],[302,-214],[132,-480],[100,-1373],[466,-682],[211,-627]],[[300095,967095],[153,-38],[221,-149],[462,-595],[143,-107],[148,-57]],[[295268,955079],[367,-557],[521,50],[1274,-903],[512,306],[222,715],[1005,437],[-27,575],[356,481],[-476,626],[115,571],[933,133],[556,573],[97,1320],[558,775],[202,621],[-23,816],[615,1070],[-292,132],[-436,793],[-147,819],[283,255],[258,1057],[-143,329],[-403,88]],[[289712,968025],[98,-75],[217,-56],[96,-171],[389,-199],[324,-314],[669,200],[388,-76],[336,608],[633,-66],[1216,486],[1501,-131],[748,131],[1282,-277],[502,-456],[1151,-105],[833,-429]],[[287309,614536],[461,-110],[295,-472],[149,-1012],[712,-882],[98,-63],[212,-89],[87,-57],[419,-579],[145,-426],[434,-262],[191,-418],[143,-882],[-185,-395],[13,-157],[54,-161],[47,-186],[61,-962],[145,-498],[-140,-1062],[5,-856],[142,-736],[-285,-732],[-348,15],[-408,-643],[-632,-220],[-198,106],[-306,1022],[-186,149],[-757,-210],[-17,-390],[264,-1420],[385,-1150],[82,-1027],[141,-545],[738,-1652],[281,-1364],[831,-1277],[533,-1709],[65,-709],[-66,-1213],[196,-1310],[-73,-1031],[-356,-812],[85,-960],[-47,-596],[-224,-504],[-246,-995],[-66,-1414],[138,-628],[-1723,-7360],[-289,-443],[-507,-1137],[-866,-982],[-708,-1018],[-519,-933],[-753,448],[-204,759],[-481,586],[-757,-117],[-505,154],[-488,-259]],[[344544,575483],[-452,-630],[2,-871],[-297,-217],[-115,-1072],[163,-596],[-282,-523],[447,-1089],[-42,-3944],[323,-490],[-347,-1079],[-526,-428],[-230,-650],[0,-614],[-237,7],[-585,-803],[-606,-326],[-453,-556],[-184,132],[-415,-551],[-928,-210],[-47,959],[-406,412],[-617,-212],[-645,212],[-402,-527],[-444,-225],[188,-738],[-181,-903],[49,-548],[-381,-827],[-528,-371],[-338,-1203],[-75,-708],[181,-949],[416,60],[270,-293],[-144,-1497],[-394,-210],[245,-578],[23,-1107],[184,-571],[-90,-1009],[426,-1203],[-124,-416],[-78,-997],[85,-589],[244,-566],[144,-1370],[28,-1011],[699,-475],[200,114],[286,809],[664,80],[628,378],[1076,-87],[544,149],[-33,566],[341,1105],[-539,999],[50,661],[315,439],[217,628],[912,447],[396,57],[691,2045],[464,559],[587,978],[274,175],[652,-210],[312,28],[603,467],[803,876],[597,95],[778,547],[387,1010],[558,511],[647,1093],[431,-196],[559,-794],[528,-229],[330,-465],[166,228],[159,277],[173,234],[682,402],[240,754],[1308,652],[258,883],[86,618],[501,904],[614,376],[240,460],[580,-580],[177,-504],[631,36],[463,255],[612,-514],[133,-878],[488,-750],[815,-103],[417,-407],[374,84],[513,-558],[309,-160],[262,-417],[365,-103],[436,391],[438,-89],[817,-1230],[340,97],[223,593],[1125,1362],[223,730],[-8,720],[-164,678],[-250,603],[402,0],[290,324],[762,0],[618,352],[100,115],[731,371],[565,628],[690,420],[768,1060],[1142,96],[971,264],[224,788],[342,121],[251,-330]],[[225001,668497],[177,-791],[174,-1831],[1009,-817],[285,-559],[452,-181],[80,-382],[-130,-742],[439,-430],[314,-926],[-203,-792],[243,-660],[589,-181],[432,545],[553,20],[488,-277],[121,-308],[-6,-924],[492,-682],[1461,-20],[421,413],[396,797],[56,593],[-98,627],[144,248],[485,-242],[495,159],[857,543],[849,289],[569,10],[544,438],[955,71],[525,318],[381,-8],[374,-465],[454,352],[590,-654],[292,287],[833,-40],[2065,81],[514,107],[498,-290],[387,-37],[617,-309],[1017,-23],[492,-298],[768,370],[669,-31],[542,413],[660,-222],[354,-337],[1009,-323],[813,416],[498,-447],[1623,97],[889,-443],[185,-392],[-286,-960],[1,-708],[-617,-971],[850,-294],[194,-261],[206,-1331],[521,-597],[459,-357],[346,31],[1054,794],[300,498],[521,401],[876,-236],[520,291],[1348,3],[1739,-920],[1000,-2381],[510,-442],[546,-16],[463,340],[643,-198],[372,173],[362,631],[386,-54],[179,-351],[776,-236],[266,-233],[496,-48],[462,-377],[592,-103],[875,-333],[344,-499],[486,-44],[257,-626],[479,-2261],[255,-1575],[837,-1628],[93,-405],[532,220]],[[282521,572750],[409,-178],[-213,-878],[-96,-1275],[-100,-410],[-458,-1032],[-340,-1125],[200,-621],[-192,-259],[-330,209],[-226,447],[-320,-147],[-71,-586],[-310,-272],[-24,-1287],[-371,-478],[-14,-615],[317,-422],[411,167],[-88,-736],[-367,253],[-441,-177],[182,-774],[-107,-598],[-321,-423],[-691,-559],[-149,-258],[13,-742],[-527,-425],[-127,-573],[247,-1325],[407,-990],[122,-620],[25,-1025],[-107,-469],[156,-400],[-15,-1770],[147,-543],[657,-1022],[-190,-978],[-367,-558],[-824,-498],[-825,105],[-452,-255],[-595,900],[-294,188],[-347,643],[-183,759],[-1431,1026],[-401,-75],[-96,-349],[-138,-238],[-157,-163],[-399,-123],[-531,211],[-226,-859],[-663,-814],[-572,-1323],[-155,-1003],[27,-1200],[-183,-587],[-198,-1142],[-279,-512],[-159,-854],[-477,-289],[-148,-900],[-123,-311],[-171,-289],[-507,-657],[-213,-366],[-218,-1089],[-55,-1982],[-274,-1890],[-128,-7557],[-95,-288],[-430,-167],[-88,-494],[151,-698],[658,-1712],[48,-319],[-75,-289],[-125,-284],[-45,-296],[-10,-1229],[472,-930],[9,-136],[-68,-219],[-49,-91],[-54,-67],[-52,-94],[-57,-330],[31,-833],[190,-1949],[391,-1463],[31,-578],[-292,-917],[-271,-304],[-361,-243],[-182,-54],[-219,-17],[-125,109],[-501,728],[-698,317],[-2406,-144],[-143,-71],[-60,-149],[-61,-273],[-268,-508],[-204,-1166],[-178,-375],[-243,-153],[-190,-204],[-180,-1040],[-125,-441],[0,-96],[-63,-138],[-114,-389],[-93,-767],[-28,-130],[55,-1128],[-86,29],[-76,-210],[-252,1],[-113,-109],[-34,-51],[-28,-51],[-131,-266],[-622,-780],[-312,-622],[-164,-242],[-221,-97],[-398,-96],[-287,210],[-437,-281],[-160,-719],[-731,-371],[-644,-48],[-228,-278],[-187,-931],[10,-676],[187,-1952],[-134,-734],[-852,-1360],[259,-1984],[482,-967],[325,-2260],[391,-493],[380,-1843],[-117,-512],[21,-1839],[152,-1015],[224,-550],[705,-603],[0,-671],[414,-568],[-16,-817],[280,-73],[588,-759],[173,-580],[-38,-660],[-171,-817],[171,-393],[132,-1208],[-53,-1869],[53,-655],[232,-938],[-184,-3739],[-193,-563],[-268,-316],[-138,-1234],[127,-988],[196,-576],[454,-726],[191,-926],[-83,-577],[-400,-783],[-593,-296],[-209,-467],[-162,-1615],[208,-607],[756,-890],[158,-254],[125,-270],[82,-309],[86,-716],[747,-663],[235,-305],[421,-749],[210,-232],[54,-82],[115,-545],[50,-141],[35,-144],[85,-626],[365,-1577],[42,-563],[-293,-1154],[91,-693],[245,-552],[-84,-745]],[[262898,451433],[-6,-325],[81,-677],[148,-616],[184,-468],[231,-327],[472,-303],[-236,-836],[66,-916],[724,-873],[405,-37],[46,-501],[-451,-415],[-302,-887],[-4,-1101],[469,-1592],[63,-578],[-101,-564],[-723,-895],[137,-1113],[357,-959],[-183,-472],[-574,-36],[-399,-542],[-570,-201],[-287,-313],[-528,-200],[-168,-326],[169,-1045],[-240,-213],[-60,-787],[-529,-344],[33,-760],[-340,-460],[-290,-140],[-363,-762],[-800,-852],[-187,-404],[-199,-1109],[-238,-433]],[[273936,645564],[828,27],[215,-410],[-87,-1125],[264,-806],[408,-35],[350,-413],[623,-441],[703,-75],[626,-607],[482,20],[1115,-1266],[516,-140],[424,-585],[202,-684],[384,-490],[296,-1382],[578,-595],[98,-1003],[183,-340],[-85,-1086],[287,-837],[252,-145],[92,-545],[554,-840],[190,-950],[325,-299],[857,-241],[192,-432],[1200,-781],[176,-499],[301,-175],[-4,-568],[338,-450],[116,-1033],[472,-1192],[455,-674],[62,-526],[340,-292],[203,-1498],[762,-1580],[428,-210],[612,-570],[512,-800],[150,-582],[113,-2046],[198,-514],[395,-255],[66,-16],[88,-823],[-28,-1534],[243,-638],[24,-1834],[120,-743],[804,-516],[124,-435],[311,-261],[378,-752],[218,-933],[101,-1126],[-113,-1485],[454,-1089],[96,-469],[417,-553],[526,-1099],[-42,-1114],[-156,-414],[533,-1838],[-9,-442],[220,-798],[-28,-885],[-141,-452],[287,-11027],[-66,-1114],[-309,-716],[116,-843],[-136,-1587],[117,-309],[-256,-1115],[99,-557],[-158,-1957],[406,-3905],[10,-1679],[142,-1306],[-31,-687],[-197,-686],[60,-885],[-331,-581],[151,-1344],[-151,-1922],[600,-2370],[-161,-263],[334,-1281],[185,-337],[126,-768],[269,-181],[628,-835],[87,-843],[-314,-2064],[-440,-1148],[652,-483],[141,-250],[32,-708],[581,-571],[-238,-256],[-978,-373],[-593,-869],[-796,-726],[-360,-154],[-981,-118],[-333,-222],[-397,-93],[-268,-203],[-654,-438],[-496,-191],[-588,-716],[-196,-561],[133,-1304],[463,-985],[728,-700],[492,-904],[472,-1545],[-43,-398],[-527,-1209],[269,-895],[2,-407],[388,103],[598,-582],[124,-1323],[-86,-605],[-338,-118],[-468,-411],[-502,206],[-546,-224],[-201,-314],[-430,95],[-196,-265],[243,-385],[432,-265],[469,-1171],[-515,-318],[-170,-423],[231,-889],[302,70],[394,-552],[725,-576],[-38,-643],[-480,-436],[-638,-126],[-223,-629],[260,-679],[-72,-429],[210,-471],[-78,-419],[223,-252],[638,-2375],[-212,-769],[-207,-1278],[-310,-896],[600,-1993],[647,-1093],[560,-364],[-292,-1276],[-527,-570],[-408,-252],[-717,-729],[-34,-623],[331,-1888],[569,-1303],[39,-751],[-639,-516],[-129,-523],[404,-891],[139,-591],[462,-413],[54,-1313],[328,-1000],[-93,-931],[225,-547],[544,-626],[181,-420],[-51,-480],[-537,-785],[-981,-26],[-303,-462],[-740,36],[-220,-177]],[[373928,565706],[111,-1644],[480,-1508],[520,-593],[677,175],[377,-990],[492,-443],[681,-1308],[-16,-531],[182,-832],[-232,-699],[337,-1120],[680,-923],[391,-818],[560,-1741],[75,-515],[556,-248],[277,-657],[-68,-1188],[68,-183],[-471,-763],[-258,134],[-454,-890],[342,-555],[-218,-344],[215,-820],[444,-696],[589,-302],[435,399],[254,-59],[569,-1264],[230,-236],[567,-1873],[425,-457],[358,566],[516,-92],[347,206],[374,958],[574,217],[103,498],[402,-415],[264,647],[302,357],[369,134],[195,861],[208,-125],[182,753],[312,-42],[482,665],[969,-655],[617,32],[329,-209],[471,-664],[484,-1222],[925,-540],[705,-97],[-122,-465],[248,-468],[-315,-522],[397,-431],[181,-732],[519,-385],[512,510],[1113,660],[347,404],[411,-133],[482,-709],[779,385],[835,999],[92,677],[-70,534],[281,213],[137,-718],[523,-325]],[[403988,537535],[-379,287],[-318,608],[-182,63],[-449,-749],[-277,203],[-671,-36],[-139,676],[-226,181],[-682,-308],[-212,437],[-376,1360],[-459,442],[266,730],[-78,362],[-416,3],[-60,399],[-451,-103],[-164,255],[248,711],[-68,379],[-312,106]],[[403987,537583],[235,156],[60,672],[417,205],[55,832],[505,912],[642,-149],[238,-601],[817,-119],[628,-691],[695,-252],[178,-540],[266,357],[635,-18],[452,-161],[399,378],[496,-1],[629,-612],[87,-645],[332,-282],[654,676],[1037,566],[630,-42],[486,-256],[429,1],[222,693],[458,35]],[[292366,499900],[-156,-1142],[85,-1370],[114,-605],[778,-2088],[547,-1947],[90,-742],[-145,-906],[136,-653],[367,-629],[-4,-1063],[-165,-621],[-760,-604],[-327,80],[-584,-834],[-412,-223],[-605,-11],[-545,-350],[-645,-661],[-412,-234],[-894,-140],[-1162,-564],[-989,179],[-392,-217],[-458,-1363],[-141,-157],[-615,-80],[-104,-1019],[-450,-919],[-292,-227],[-76,-228],[-44,-626],[-153,-823],[-18,-749],[-290,-941],[-169,-1017],[-577,-694],[83,-822],[3,-2611],[-297,-714],[-132,-821],[-129,-2280],[-104,-609],[-330,-638],[-430,48],[-344,738],[-232,-319],[74,-2152],[240,-1325],[29,-560],[-167,-400],[320,-624],[372,-1220],[246,-581],[31,-339],[5,-352],[54,-378],[326,-636],[210,-239],[194,-172],[311,965],[127,74],[491,-303],[125,-108],[54,-510],[-243,-481],[602,-1366],[177,-951],[533,-1865],[-329,-396],[-333,-959],[129,-726],[-219,-47],[2,-234],[158,-614],[198,-1305],[75,-1510],[487,-1519],[-108,-1335],[-669,-678],[-152,-583],[-6,-2154],[-182,-151],[-43,-717],[-363,-1087],[-5,-685],[264,-1201],[-226,-1584],[122,-417],[-218,-1109],[-12,-697],[136,-521]],[[284139,433200],[19,-41],[77,-221],[65,-338]],[[201311,517990],[168,314],[-226,1072]],[[201253,519376],[-347,673],[-92,322],[139,141],[-79,200]],[[200874,520712],[-21,53]],[[200853,520765],[-14,37]],[[200839,520802],[-38,95]],[[200801,520897],[-9,23],[-53,187],[-113,816],[125,631],[-304,1533],[-201,523],[18,766],[-213,715],[-592,75],[-531,881],[243,281],[100,1387],[-196,299],[-382,-2],[-312,326],[-164,995],[-339,169],[-783,-28],[-69,391],[-576,234],[-187,-76],[-493,-743],[-756,209]],[[195014,530489],[-7,0]],[[112453,652322],[-196,-487],[-64,-255],[224,-1629],[366,-686],[-268,-209],[-215,-588],[-439,-641],[-395,-1094],[-221,-245],[-585,-100],[-592,752],[-456,346],[-225,-142],[-834,-1251],[-454,-921],[-652,-373],[-140,-799],[-365,-636],[-765,-411],[-506,408],[-1314,27],[-933,-586],[-971,-490],[-466,-92],[-652,155],[-429,-545],[-466,-909],[-148,-730],[-402,-311],[-711,-69],[-293,272],[-270,641],[-364,-84],[-455,210],[-385,-1058],[-1118,-1867],[-32,-1115],[286,-1296],[72,-682],[-85,-636],[-330,-486],[-625,-500],[-686,-357],[-172,-340],[-101,-383],[13,-629],[584,-1476],[0,-934],[285,-449],[-93,-292],[432,-1138],[36,-909],[-396,-790],[-3,-1438],[-69,-1190],[324,-854],[-97,-1306],[297,-259],[-56,-418],[596,-1403],[-65,-1111],[186,-770],[668,-1250],[139,-722],[0,-628],[-146,-441],[253,-998],[892,-1303],[566,-1094],[212,-687],[776,-931],[393,-190],[285,-564],[939,-415],[465,-359],[444,-63],[685,-296],[601,-603],[167,-681],[235,-175],[498,70],[419,-245],[518,182],[245,-147],[361,-1261],[103,-680],[1237,-836],[751,149],[528,-921],[898,-854],[37,-674],[586,-1065],[57,-1007],[198,-619],[341,-537],[130,-536],[654,-612],[515,-685],[441,-267],[450,136],[376,-451],[597,-1563],[-72,-483],[144,-436],[847,-1280],[196,-1712],[558,-840],[569,-390],[499,-2044],[380,-284],[110,-641],[536,-717],[1028,-929],[219,-493],[252,-1698],[393,-425],[-19,-551],[727,-917],[266,-168],[407,97],[440,-453],[63,-618],[181,-163],[381,436],[1045,289],[471,-86],[362,-419],[163,-671],[677,-510],[499,-181],[163,-245],[196,-1085],[747,-426],[546,-838],[329,-215],[-96,-1381],[784,-705],[470,-76],[251,-615],[878,-70],[264,-875],[455,-533],[390,16],[320,-273],[1035,536],[306,-222],[-179,-922],[39,-362]],[[132329,568363],[333,-1077],[519,-362],[498,225],[310,-291],[127,-579],[393,48],[504,531],[364,-367],[-222,-1133],[195,-538],[547,152],[-461,409],[393,772],[446,-115],[147,-737],[205,-14],[329,733],[563,-472],[342,-691],[484,-409],[633,210],[-243,684],[668,39],[462,-409],[903,-1054],[549,-97],[342,286],[476,880],[728,158],[231,351],[33,531],[-164,411],[339,519],[901,52],[351,382],[62,904],[-142,397],[-386,246],[604,1185],[259,88],[956,-860],[687,239],[254,-118],[709,-981],[454,-324],[108,576],[-485,1190],[654,471],[562,766],[731,260],[406,-432],[178,-875],[178,-187],[208,-21],[444,94],[559,30],[64,85],[39,132],[93,172],[616,614],[207,290],[527,1004],[823,959],[350,149],[319,-274],[165,-721],[409,181],[344,701],[622,407],[630,-711],[585,-302],[593,44],[163,-30],[180,-103],[697,194],[582,671],[449,-18],[752,-554],[498,-14],[428,276],[454,83],[863,-212],[549,-1215],[384,-65],[598,-369],[267,-708],[1115,-906],[655,452],[568,719],[593,-1171],[727,-689],[672,625],[550,179],[500,-167],[399,-410],[716,-1004],[488,-498],[407,-766],[739,17],[674,-187],[534,167],[626,-575],[691,271],[657,790],[586,1546],[554,346],[254,-368],[-107,-1321],[305,-1098],[370,-467],[426,-255],[442,-1],[413,295],[503,772],[532,369],[813,-932],[993,-537],[448,47],[348,-452],[557,315],[621,1653],[665,650],[299,-95],[595,209],[451,-96],[205,-272],[229,-948],[40,-54],[95,-21],[81,-50],[117,-130],[274,-564],[795,-326],[744,-19]],[[188763,565748],[173,-213]],[[188936,565535],[24,-42],[47,-206],[-3,-213],[-41,-127],[-57,-114],[-44,-388],[119,-1064],[767,-907],[240,-130],[83,-23],[580,-509],[67,-329],[-30,-338],[-203,-543],[-214,-302],[-59,-164],[-5,-71]],[[190207,560065],[28,-449],[351,-747],[-25,-620],[140,-584],[447,-947],[151,-149],[183,-79],[157,-98],[269,-617],[0,-252]],[[191908,555523],[0,-547],[8,-77],[462,-835],[363,-288],[520,-47],[108,32],[40,42]],[[193409,553803],[650,317],[690,-1286],[75,-207],[380,-488],[171,-95],[375,33],[220,77],[96,146],[1593,-513],[317,-283],[220,-434],[96,-922],[-124,-447]],[[198168,549701],[-18,-245]],[[198150,549456],[34,-115],[151,-336],[513,-469],[367,18],[622,425],[225,316],[444,-240],[577,-929],[280,-741],[23,-776],[199,-296]],[[201585,546313],[264,-328],[415,-341],[263,-71],[800,121],[500,-106],[544,-459],[863,-538],[604,-697],[247,-71],[617,443],[860,201],[426,-170]],[[207988,544297],[-2,3]],[[207986,544300],[-35,32]],[[210466,523506],[137,890],[-96,734],[96,847],[-107,245],[-25,907],[-115,651],[-539,1356],[-141,202],[-395,304],[-570,749],[-54,279],[-40,143],[-593,943],[-329,942],[-240,114],[506,1271],[-534,-128],[-135,852],[-513,205],[83,229],[301,513],[-288,-8],[-386,994],[279,271],[-269,1570],[-192,261],[-295,239],[-1225,2589],[-659,-42],[-399,743],[-474,486],[-63,842],[-433,720],[-933,1110],[-150,279],[-19,180],[-72,325]],[[201585,546313],[-4,18]],[[191851,519926],[255,1109],[17,839],[315,231],[-135,873],[592,476],[190,458],[297,78],[131,489],[638,22],[240,325],[209,1224],[-11,999],[-142,1027],[172,423],[308,1244],[87,746]],[[195014,530489],[104,629],[296,533],[450,431],[-207,385],[179,683],[-433,543],[202,586],[-231,381],[-598,121],[-332,682],[-49,1087],[236,77],[118,860],[-373,550],[262,1138],[-151,359],[-555,19],[257,581],[-432,38],[-394,932],[-160,-476],[-538,268],[-157,518],[124,643],[389,652],[270,219],[105,861],[-111,217],[-318,2678],[146,220],[452,1927],[36,1332],[-76,1284],[-927,918],[-59,523],[-360,54],[59,577],[-395,141],[-480,1407],[-840,1098],[-198,1644],[-4,849],[174,364]],[[203554,525158],[1,34]],[[203555,525192],[108,576],[-344,673],[415,172],[-536,675],[-528,155],[-171,1026],[-323,-33],[-207,400],[80,857],[-64,561],[-309,5],[-193,1050],[398,1180],[-431,1004],[-322,494],[-43,596],[-395,333],[240,426],[-54,330],[77,1130],[-329,156],[-540,-168],[60,617],[-378,103],[88,953],[-717,-543],[-62,871],[-380,208]],[[198695,538999],[-511,1221],[328,256],[258,459],[341,227],[-68,430],[429,465],[-104,1570],[96,1027],[-151,865],[-634,557],[-167,-125],[-225,202],[-367,-2],[-76,213],[-653,110],[152,1211],[-278,642],[-401,96],[-104,376],[-372,195],[81,1196],[-184,514],[-343,16],[-281,290],[-305,765],[72,345]],[[214167,527871],[-278,1088],[11,851],[176,499],[-277,637],[-88,110],[-240,223],[40,363],[-240,589],[290,249],[-122,471],[-730,280],[29,857],[-322,171]],[[212416,534259],[-146,619],[-501,76],[-279,2033],[-408,135],[187,761],[176,169]],[[211395,538190],[-14,34]],[[211083,538967],[-50,452],[67,220]],[[211173,539882],[25,208]],[[204124,515561],[-66,743],[405,1012],[-434,673],[-352,1709],[117,604],[-411,481],[18,663],[-233,388],[20,660],[343,637],[-369,713],[-13,631],[406,717]],[[203555,525192],[188,-202],[315,244],[468,-418],[305,-642],[-47,-640],[102,-419],[126,-2005],[303,-598]],[[108493,680798],[306,-577],[2069,-3003],[563,-1038]],[[108565,680692],[-774,1727],[-285,273],[-181,915],[-383,455],[-838,483],[-285,400],[-497,1003],[-1402,1848],[-547,56],[-972,-795],[-836,188],[-1353,785],[-111,367],[-1210,644],[-648,945],[-726,329],[-1337,1587],[59,865],[-82,632],[-473,173],[-202,783],[-803,691],[-520,994],[-811,639],[-1200,2172],[-708,1646],[-647,902],[-570,558],[-437,190],[-651,-120],[-790,477],[-190,552],[-603,-66],[-2059,1076],[-115,442],[-400,262],[-826,0],[-593,344],[-522,635],[-176,486],[-827,681],[-965,1771],[-446,176],[-993,952],[-599,105],[-694,571],[-336,598]],[[129792,660928],[-455,-701],[-714,-222],[-399,191],[-767,1214],[-614,161],[-1118,1675],[-416,1521],[-82,777],[377,1385],[201,465],[522,693],[782,602],[316,471],[-178,498],[-401,0],[-508,462],[-83,910],[102,1001],[-375,428],[-149,1306],[-163,530],[-540,828],[-984,411],[-608,785],[-1209,344],[-1248,968],[-851,228],[-824,-84],[-823,121],[-2133,-171],[-575,108],[-579,-440],[-395,-58],[-864,-571],[-1119,-41],[-810,-433],[-677,-110]],[[283095,713484],[292,-3],[399,142],[768,534],[157,511],[188,1564],[125,372],[161,133]],[[278527,714321],[126,72],[108,31],[115,68],[150,26],[1065,-554],[520,-1102]],[[269778,717375],[820,-314],[2254,-55],[492,-146],[1163,-706],[488,-36],[1019,209],[758,-837],[817,-232],[195,-664],[743,-273]],[[285185,716737],[319,353],[511,18],[991,-248],[384,-238],[495,-1047],[785,-1155],[125,-670],[1218,-500],[202,-286],[899,-411],[176,-639],[51,-1908],[-198,-462],[-523,-322],[177,-535],[479,-243],[690,-847],[229,-1040],[237,-356],[1086,-671],[793,-37],[141,208],[-35,991],[128,379],[472,-102],[520,428],[299,-7],[581,-393],[238,86],[324,-428],[286,28],[357,-331],[158,-745],[-306,-948],[-11,-722],[298,-745],[59,-902],[-243,-1148],[182,-1112],[-50,-420],[333,-327],[133,-564],[593,-576],[732,-1403],[721,-631],[520,146],[146,479],[-133,467],[424,209],[996,-387],[159,-450],[1000,-120],[555,633],[657,-106],[631,-374],[472,-452],[191,-429],[900,-653],[780,-1345],[661,-220],[859,904],[413,687],[53,447],[-391,826],[685,-217],[562,252],[1012,1027],[819,387],[647,854],[657,307],[790,-95],[1256,-2533],[448,-323],[554,-130],[173,943],[-181,618],[26,622],[901,-159],[262,-263],[422,-895],[515,-405],[501,-741],[338,105],[513,-323],[750,-200],[524,317],[527,-373],[535,-163],[1141,209],[284,-175],[683,-1013],[136,-507],[394,-713],[-33,-582],[822,-1304],[335,-417],[843,-558],[663,-103],[536,560],[438,756],[823,-238],[328,96],[514,594],[408,253],[-264,733],[264,419],[-762,827],[-452,235],[-301,675],[178,1101],[-150,144],[-28,264],[-99,241],[-143,204],[-504,258],[13,288],[150,149],[-65,184],[-606,1246],[-593,705],[-220,-176],[-389,225],[-186,-162],[-616,650],[-414,158],[-293,-171],[-931,932],[-549,192],[-296,551],[-788,419],[-344,848],[-790,418],[-394,0],[-1592,629],[-555,581],[-306,52],[-354,682],[-66,793],[-254,216],[-1,495],[-234,865],[-762,96],[-565,628],[-704,76],[-117,675],[-298,829],[-147,904],[-335,94],[-517,-465],[-823,-209],[-757,314],[-427,742],[-495,505],[-270,502],[-457,207],[-1068,228],[-487,1466],[0,846],[-301,654],[-132,1258],[60,988],[-257,1028],[489,840],[-635,540],[-136,1099],[-579,986],[268,267],[72,749],[397,633],[318,1344],[404,955],[131,732],[504,48],[220,362],[386,-41],[827,703],[443,727],[461,0],[452,370],[42,354],[597,609],[226,390],[137,1067],[715,942],[1370,122],[451,-119],[319,190],[401,-80],[118,-594],[567,286],[390,-490],[564,86],[746,-485],[626,-161],[834,228],[1472,1350],[635,466],[825,-587],[670,-180],[516,-705],[68,-306],[439,-233],[556,-946],[269,-1107],[217,-379],[112,-725],[418,-312],[587,200],[614,530],[954,0],[697,200],[395,-74],[461,-325],[948,-301],[966,-40],[291,-140],[503,454],[483,11],[340,-221],[259,55],[1057,-369],[1034,-730],[673,597],[1137,717],[531,734],[-1389,702],[-204,642],[649,1017],[1262,1003],[603,888],[460,-105],[370,-734],[324,-60],[575,270],[322,-219],[296,-533],[487,-65],[1229,-460],[437,-56],[877,168],[300,260],[39,730],[-237,175],[-45,527],[282,349],[761,590],[127,515],[496,893],[655,666],[825,178],[722,923],[712,141],[504,671],[595,392],[226,539],[612,442],[182,427],[52,1174],[-491,712],[-534,442],[-196,929],[-464,216],[-159,379],[-774,352],[-374,-197],[-151,365],[-550,-77],[-70,456],[85,1170],[-377,927],[180,849],[-108,528],[1283,712],[517,79],[825,1772],[240,239],[731,68],[642,414],[534,9],[539,554],[788,11],[519,520],[182,527],[395,-357],[478,329],[833,184],[288,-95],[543,210],[2633,48],[772,413],[636,170],[870,510],[710,151],[300,309],[496,1367],[218,1326],[0,637],[285,1059],[755,1053],[661,443],[410,617],[371,913],[55,693],[499,1623],[1252,1978],[1050,992],[538,1529],[-358,134],[-143,753],[189,568],[519,688],[-203,676],[331,221],[4,412],[555,1052],[504,582],[1181,1985],[249,852],[-120,523],[268,419],[-322,910],[-387,537],[-86,657],[97,1036],[-196,792],[-289,371],[-61,1234],[220,1438],[-27,1065],[121,704],[-310,600],[118,616],[-199,1550],[-329,675],[269,315],[-2,798],[-279,1021],[174,376],[1267,1797],[151,-202],[1354,1575],[164,632]],[[374519,796840],[251,342],[677,287],[295,775],[-164,796]],[[375578,799040],[208,358],[493,337],[-25,1281],[568,845],[1198,349],[437,629],[709,577],[458,-30],[212,310],[583,266],[488,-91],[162,277],[-112,657],[565,456],[999,160],[522,-303],[923,129],[720,-167],[834,491],[234,-628],[418,-381],[270,196],[365,-244],[1263,95],[528,-989],[344,-195],[603,-1200],[767,-290],[258,-467],[664,0],[-24,-598],[640,-459],[476,314],[118,-441],[569,-197],[478,64],[349,345],[490,-33],[337,-262],[605,-137],[360,-439],[1087,-72],[592,-294],[606,332],[-120,475],[1554,459],[548,-828],[465,-329],[233,263],[872,351],[796,114],[407,-288],[685,288],[828,-314],[419,200],[138,382],[424,-49],[332,-960],[388,145],[196,-471],[389,-1],[544,-502],[258,-489],[358,93],[380,-203],[957,-981],[501,68],[1173,-702],[526,-36],[439,-282],[1036,97],[455,541],[255,-456],[1193,-906],[447,-601],[689,-197],[247,-573],[400,-428],[265,-658],[135,-1018],[243,-986],[-379,-1327],[-309,-817],[45,-859],[460,-580],[174,-569],[-102,-326],[-8,-125],[8,-1246],[-40,-213],[-467,-506],[-290,-686],[-562,-299],[-819,34],[-625,-254],[-235,-390],[723,-838],[383,-306],[19,-208],[-48,-208],[-611,-1696],[-391,-1618],[-280,-381],[-905,-594],[-213,-454],[298,-891],[-227,-1527],[-305,-696],[-53,-487],[-268,-475],[-419,-1337],[281,-627],[-16,-537],[-448,-1354],[-757,-475],[-269,-743],[-724,-932],[-883,-455],[-193,-1079],[-466,-227],[-109,-1714],[147,-2078],[459,-197],[255,-353],[618,-1625],[731,-606],[230,-428],[-460,-492],[711,-542],[-118,-619],[-6,-214],[48,-163],[60,-145],[110,-652],[-185,-292],[-225,-953],[-481,-626],[-413,-84],[-224,-573],[31,-266],[125,-177],[394,-162],[-215,-1149],[-927,-1590],[-396,-524],[-182,-656],[-120,-86],[-67,-64],[-283,-624],[-682,-449],[-52,-412],[330,-426],[-224,-925],[-246,-242],[401,-638],[66,-514],[-197,-533],[197,-733],[33,-628],[-266,-157],[862,-1372],[150,-1049],[-25,-621],[-358,-2066],[137,-1313],[-269,-1201],[17,-669],[488,-2488],[128,-1423],[294,-46],[182,-532],[147,-2096],[346,-1147],[80,-621],[-163,-659],[-451,-702],[-81,-1078],[-494,-525],[-691,-1685],[-501,-595],[-360,-880],[-239,-1642],[-492,-2243],[124,-969],[-337,-1229],[142,-2120],[173,-397]],[[283105,713484],[-436,3],[-162,-76],[-459,-657],[-298,-161],[-1014,1],[-125,268]],[[572568,947771],[-105,-308],[-33,-55]],[[571752,946141],[-76,-465]],[[571726,945133],[389,-857],[-264,-1199],[308,-833],[1019,-350],[276,-345]],[[573873,940132],[271,-162]],[[575976,939174],[478,158]],[[577115,938637],[139,-124],[245,-79],[609,-24]],[[578569,938403],[621,295],[454,-193]],[[580103,938824],[199,190],[1617,139],[747,-202],[53,37]],[[583598,939144],[85,-54],[243,-100],[262,-39],[99,-43],[9,-21]],[[583918,937380],[270,-114],[553,192]],[[585081,937485],[286,-174]],[[585549,937168],[677,-272],[160,-157],[234,-563]],[[586874,935699],[216,-171],[333,-23]],[[587531,935550],[44,33]],[[587655,935678],[239,284],[342,152]],[[595052,931120],[-21,-94]],[[595043,930806],[130,-285],[462,-161],[608,-662],[1634,-1401]],[[602636,917209],[-221,-296]],[[602350,916109],[73,-444]],[[602649,915349],[344,-383]],[[603343,914576],[438,-489]],[[604927,910966],[34,-503],[785,-547],[587,-110],[700,272]],[[607330,910231],[1048,310]],[[610401,910525],[443,-483]],[[611821,909865],[474,263],[603,-212]],[[613963,909838],[459,-128]],[[615041,910078],[361,76],[1314,-120],[593,326]],[[619340,910458],[405,-166],[619,96]],[[621539,913567],[261,574],[334,12]],[[623110,913954],[383,615],[718,558]],[[624911,915533],[737,874]],[[627843,916331],[610,88],[812,-258],[584,92],[344,274],[438,895],[539,228]],[[631962,918639],[511,-6],[780,378],[573,-31],[439,182],[719,646],[667,165]],[[635828,920050],[592,255],[1553,267],[1622,584]],[[640326,921110],[1189,-598],[227,-15]],[[521549,943150],[-1084,-998],[-1368,-880],[-527,-540],[-1052,-237],[-553,-479],[-1803,-43],[-792,-324],[-349,-432],[-937,-580],[-497,-652],[-428,-131],[-1322,-750],[-662,-487],[-328,116],[-857,-254],[-918,-764],[-900,-180],[-560,-468],[-753,103],[-958,-750],[-1288,-435],[-787,-678],[-818,-260],[-976,576],[-2520,857],[-485,54],[-890,-210],[-1893,388],[-974,-178],[-400,-418],[-455,-3],[-737,-836],[-343,-119],[-504,194],[-1400,-326],[-893,54],[-215,422],[-1036,289],[-196,-304],[-1753,0],[-401,1314],[138,418],[-396,886],[-1617,952],[-244,-67],[-957,-789],[-191,-546],[-621,-807],[-435,-269],[-802,261],[-928,858],[-381,569],[-488,1035],[-5,698]],[[479010,938000],[5,14]],[[479049,938102],[155,410],[355,318],[1111,650]],[[480733,939529],[51,48]],[[480857,939655],[50,54]],[[480922,939727],[166,222]],[[481150,940016],[7,7]],[[481267,940133],[363,183]],[[481710,940356],[1,0]],[[481885,940453],[206,179]],[[482193,940749],[196,344]],[[482400,941143],[19,84]],[[482422,941239],[7,35]],[[482468,941312],[288,189]],[[490352,945215],[396,46],[1127,437],[1038,1189],[267,763],[35,748]],[[493192,948518],[-117,880]],[[493076,949454],[6,248],[21,127]],[[493137,949985],[105,106],[115,40],[25,81]],[[493365,950395],[-27,127]],[[493296,950705],[-28,54]],[[492887,950859],[-67,-16]],[[492736,950824],[-64,-15]],[[492277,950722],[-207,178]],[[491744,950914],[-122,2]],[[491699,951806],[32,-2]],[[491869,951852],[448,767]],[[492369,952774],[-46,309]],[[493793,955805],[339,169],[521,797],[168,797]],[[494823,957584],[2,132]],[[503184,973191],[10,11]],[[503330,973355],[654,337],[272,543],[329,32]],[[504761,974409],[200,281],[784,88],[609,1186],[-4,247]],[[506295,976405],[10,675],[377,238],[331,630],[-77,357],[125,261],[-9,61],[-43,35]],[[506989,978686],[-246,570],[66,528],[-52,84]],[[505587,981665],[3,4]],[[505745,981808],[412,1070],[212,1313]],[[506479,984456],[-5,7]],[[506347,984563],[-927,372]],[[504963,985224],[-311,200]],[[503608,985879],[-567,-269]],[[501802,989172],[244,114]],[[502284,989656],[317,251]],[[513022,996348],[29,-7]],[[513051,996341],[26,2]],[[513102,996346],[644,102]],[[513746,996448],[549,241]],[[520147,998501],[328,185]],[[521709,999061],[125,28],[199,-72],[405,-455],[290,-156]],[[532609,999678],[212,-142]],[[533072,999475],[22,75],[7,261]],[[533629,999891],[-65,-493]],[[538425,997591],[167,-52],[125,-81],[69,-92]],[[540957,996637],[627,-1231]],[[541619,995375],[23,-20]],[[541656,995343],[425,-271]],[[542718,994838],[15,-7]],[[544548,994565],[48,-27],[92,-87],[77,-151],[111,-417]],[[546010,993674],[205,-422]],[[546529,993838],[4,139]],[[549053,994571],[2765,-1637],[467,-172],[222,-505],[210,-126],[604,254],[359,49],[122,-185]],[[553932,991921],[188,-242]],[[554393,991456],[345,-373]],[[554675,990767],[-630,-560]],[[554022,990158],[-2,-491]],[[557166,985358],[530,-485]],[[561580,976175],[163,-514]],[[562057,975063],[166,-317]],[[562298,974604],[186,-354]],[[564219,970403],[-31,-56]],[[563838,969830],[244,-394],[684,-247]],[[565018,967294],[691,-198]],[[566012,966423],[-665,-373]],[[565121,965575],[6,-336],[334,-556]],[[565470,964674],[18,-13]],[[565912,965204],[369,623]],[[566164,964379],[-59,-141]],[[566949,960950],[171,-294]],[[567833,959935],[203,-182],[155,-206]],[[568609,958722],[486,-1167],[43,-46]],[[569641,957081],[97,-96],[76,-277]],[[569947,952352],[387,-349],[99,-499]],[[570157,950549],[342,-584]],[[570729,949800],[1591,-838]],[[449751,715689],[88,947],[173,598],[-127,598],[120,446],[746,463],[388,738],[263,418],[164,586],[405,731],[616,273],[179,276],[731,6],[383,307],[393,606],[366,314],[-138,586],[105,322],[404,32],[111,894],[247,427],[688,530],[117,684],[696,-7],[757,369],[723,1290],[303,287],[1083,251],[98,338],[-198,574],[547,656],[439,277],[654,-308],[297,1153],[220,280],[-89,776],[490,235],[108,394],[569,335],[683,1035],[407,817],[947,336],[1163,1266],[343,189],[300,575],[10,1026],[506,968],[822,717],[306,929],[269,427],[604,424],[762,-105],[239,-199],[1039,963],[341,199],[268,817],[411,758],[128,540],[355,412],[111,1073],[454,436],[994,211],[1582,1167],[590,1427],[335,273],[618,-194],[572,37],[537,341],[609,-159],[690,733],[652,273],[343,380],[656,80],[709,275],[216,323],[-62,496],[196,582],[462,637],[130,1048],[583,467],[1483,135],[644,444],[1317,1686],[1328,638],[408,460]],[[449685,715689],[-473,-520],[-352,-760],[-365,-405],[-591,-190],[-661,309],[-656,-242],[-845,349],[-750,-358],[-391,-44],[-1193,576],[-1128,-66],[-623,267],[-194,-120],[-340,-756],[-628,-212],[-848,288],[-395,-96],[-797,259],[-1267,1103],[-352,-220],[-448,36]],[[436388,714887],[-940,75],[-1220,-624],[-284,-850],[-1447,-684],[-1302,-152],[-858,-325],[-860,116],[-2343,1378],[-234,190],[-796,107],[-1147,707],[-235,-288],[-595,401],[-266,656],[-899,304],[-970,931],[-1237,-178],[-317,-472],[-536,-503],[-169,-82],[-184,-16],[-205,-72],[-119,-160],[77,-285],[-543,-486],[-180,-571],[-443,-715],[-1575,-615],[-496,293],[-557,-398],[-271,179],[-398,-429],[-741,293],[-280,-775],[-808,-325],[-504,-470],[-604,240],[119,-717],[-380,-302],[-1136,-73],[-551,-619],[-588,-289],[-606,-19],[-523,-264],[-285,359],[-88,94],[-83,40],[-803,-357],[-308,384],[-673,56],[-269,247]],[[287540,914769],[-736,-112],[-1296,820],[-1366,26],[-493,452],[-399,-23],[-392,367],[-245,635],[-780,179],[-240,446],[20,670],[650,1435],[-30,999],[-181,1401],[737,1007],[270,829],[479,310],[1230,1344],[1366,794],[1160,238],[389,-387],[784,-281],[986,210],[4230,-123],[699,-229],[463,160],[824,-140],[330,-323],[1381,-514],[525,-324],[342,-72],[279,-185],[839,-58],[701,-205],[566,225],[475,878],[388,324],[508,96],[890,458],[1185,893],[442,116],[1386,670],[486,585],[611,240],[612,442],[527,0],[976,536],[-180,311],[616,454],[509,-34],[597,219],[129,600],[517,-93],[1131,287],[71,357],[521,469],[168,212],[121,208],[34,125],[16,296],[104,285],[-108,300],[126,585]],[[313490,934159],[789,139],[899,378],[772,94],[1269,854],[211,333],[870,776],[1015,-130],[258,524],[921,105],[862,-534],[697,-627],[4145,187],[470,-105],[1197,-798],[957,209],[1636,-139],[1119,478],[1077,274],[1122,-613],[355,91],[118,452],[433,65],[1577,-801],[489,-112],[954,96],[300,-315],[642,76],[201,380],[643,-141],[425,209],[1025,104],[667,400],[2611,1302],[358,243],[3365,-263],[372,191],[1812,1986],[432,367],[773,242],[946,492],[695,-3],[488,391],[492,-180],[583,315],[515,533],[1188,32],[495,887],[2207,693],[337,725],[524,500],[2308,1250],[280,290],[247,939],[311,339],[682,333],[609,18],[1837,1667]],[[366072,949357],[-197,734],[-138,246],[-270,255]],[[365278,951117],[0,117]],[[365278,951332],[0,10]],[[365278,951353],[0,92]],[[213503,909419],[-281,-576],[19,-532],[-13,-295],[-258,-1854],[-670,-457],[-876,-139],[-599,-1026],[-530,-408],[-526,-1119],[-356,-219],[-1236,-358],[-616,-326],[-134,-478],[-662,-393],[-99,-649],[-473,-204],[74,-535],[-295,-523],[-502,-147],[-3326,461],[-628,523],[-373,-10],[-1307,1163],[-989,486],[-1110,829],[-5105,1207],[-361,315],[-1261,32],[-803,655],[-746,55],[-855,831],[-1038,487],[-2116,376],[-624,481],[-324,1186],[-212,173],[-958,47],[-411,-325],[-1038,411],[-651,468],[-508,749],[-791,380],[-1044,1143],[-389,733],[-991,390],[-1024,618],[-1176,-697],[-314,432],[-576,-91],[-210,-341],[-1184,626],[-496,567],[-490,116],[-670,590],[-687,-119],[-1233,368],[-441,18]],[[137124,645005],[372,198],[751,-240],[695,-743],[599,341],[980,-354],[1025,208],[457,-694],[259,-1171],[306,-424],[693,-599],[432,-144],[129,-366],[998,-600],[514,-604],[393,55],[859,-537],[266,-767],[874,-682],[529,-300],[432,-730],[1026,-271],[523,-444],[545,-275],[1567,-1211],[-269,-523],[360,-1062],[941,-965],[764,133],[373,-57],[314,-517],[1720,-95],[744,-378],[165,-532],[-290,-1939],[257,-418],[-80,-392],[248,-314],[562,-289],[339,478],[983,-478],[543,-505],[594,75],[815,-601],[398,-62],[361,191],[318,728],[742,594],[518,627],[674,-94],[846,-640],[665,44],[919,-462],[659,91],[173,-149],[348,-847],[419,-167],[754,177],[490,371],[606,-256],[978,-268],[1937,-62],[433,290],[801,251],[721,-44],[359,203],[638,-253],[539,489],[355,-395],[584,-180],[574,180],[2834,-522],[645,26],[205,-397],[293,-15],[400,345],[706,-483],[244,178],[744,-397],[1089,-201],[1056,105],[819,395],[542,17]],[[249729,687099],[894,429],[1240,-472],[411,-51],[961,208],[263,582],[494,256],[509,-88],[473,-400],[740,-140],[587,210],[914,-345],[940,-1236],[1065,-346],[343,-1893],[303,40],[663,-504],[461,-63],[336,-281],[606,-146],[466,-395],[1204,18],[632,-376],[388,-785],[180,-799],[680,-572],[160,45],[794,-699],[523,-724],[601,-662],[495,-282],[547,368],[1172,187],[727,-746],[198,-429],[494,-148],[256,-564],[369,-116],[506,-636],[-122,-279],[412,-1504],[293,-345],[225,-1015],[351,-643],[506,-133],[444,-387],[1080,-146],[205,-1005],[638,-156],[44,-927],[210,-147],[242,-47],[188,-94],[228,126]],[[277268,668842],[516,-795],[-19,-902],[268,-428],[-30,-919],[425,-662],[242,-748],[61,-1143],[289,-98],[198,-534],[351,-283],[217,-564],[-107,-838],[265,-1201],[5,-484],[-564,-775],[128,-899],[250,-524],[-84,-467],[64,-1239],[167,-576],[709,-440],[847,-1163],[-202,-1319],[14,-964],[203,-957],[471,-839],[529,-488],[727,-975],[691,-1985],[476,-880],[427,-167],[1010,-1532],[435,-335],[63,-351],[553,-522],[143,-620],[229,-268],[388,-1630],[262,-308],[180,-999],[410,-766],[386,-1442],[635,-121],[489,-1240],[756,-1298],[40,-1014],[174,-904],[748,-1787],[-36,-628],[364,-210],[189,-495],[434,-631],[735,-1554],[170,-129],[-469,-2079],[362,-632],[169,-802],[3,-796],[153,-361],[-14,-453],[77,-189],[41,-129],[146,-1233],[217,-820],[696,-1516],[150,-882],[210,-470],[369,-1265],[100,-1252],[-173,-758],[144,-1066],[527,-1248],[-137,-1313],[98,-620],[231,-495],[833,-1188],[154,-487],[66,-1100],[126,-322],[-157,-939],[-299,-162],[5,-596],[221,-1182],[-226,-211],[330,-1371],[467,-1100],[176,-1020],[-58,-820],[-192,-212],[151,-585],[467,-417],[245,-997],[-198,-1885],[335,-1341],[-7,-553],[-459,-2000],[208,-563],[-280,-1436],[59,-284],[-315,-921],[394,-995],[-138,-533],[138,-575],[-149,-396],[149,-809],[-138,-533],[72,-1685],[-71,-1740],[202,-1202],[11,-1329],[479,-1552],[503,-1108],[257,-1614],[533,-490],[203,-419],[-203,-1000],[142,-1017],[-207,-296],[-314,205],[-83,-786],[338,-900],[421,-683],[444,-1018],[572,-719],[154,-396],[579,-16],[834,-606],[919,-1860],[140,-975],[196,-456],[673,-530],[283,-829],[268,-373],[703,-382],[1071,-201],[234,-220],[147,-738],[453,723],[453,427],[1091,355],[469,-279],[434,-485],[193,-580],[-38,-398],[651,-1042],[140,-995],[295,-186],[108,-695],[-286,-258],[-102,-435],[-3,-2280],[139,-1668],[-110,-616],[-247,-469],[-386,-238],[-694,-210],[101,-1266],[138,-684],[-107,-626],[-695,-784],[-327,-1210],[-329,-370],[-534,-1105],[-197,-571],[-394,-2429],[-204,-365],[-455,-1572],[126,-1156],[-389,-905],[743,-879],[221,-1285],[375,-331],[258,-552],[384,-94],[505,-1975],[587,-1566],[91,-925],[-65,-685],[364,-338],[342,-579],[722,-925],[532,-380],[66,-1371],[-102,-186],[588,-952],[329,-744],[-329,-199],[-153,-359],[869,-635],[139,-953],[198,-528],[-145,-355],[565,-457],[-148,-243],[321,-888],[334,-105],[354,-361],[70,-609],[241,-286],[177,-984],[283,-226],[795,48],[362,-313],[15,-530],[377,-45],[634,365],[72,-281],[-603,-461],[83,-1098],[207,-282],[119,-282],[120,-712],[-61,-180],[-94,-214],[-35,-279],[47,-236],[20,-276],[-38,-230],[-135,-96],[-1346,-1647],[-1036,-771],[-324,-498],[-106,-130],[-573,-268],[-340,231],[-177,37],[-124,-48],[-33,-122],[-10,-354],[-304,-1861],[-501,-1375],[-296,-395],[-611,-253],[121,-423],[-38,-223],[-180,-182],[-40,-77],[-20,-330],[-111,-926],[180,-194],[854,225],[282,-88],[0,-96],[-246,-354],[-267,-307],[-599,-396],[-225,-9],[-411,172],[-839,206],[-182,-54],[-132,-198],[-88,-242],[-119,-207],[-381,-169],[-398,-660],[-261,-343],[-101,-188],[-40,-254],[-46,-198],[-215,-456],[-297,-1381],[-121,-1364],[-151,-1080],[-206,-407],[-25,-213],[21,-469],[-19,-530],[54,-301],[132,-239],[347,-136],[146,222],[-4,598],[87,123],[31,28],[214,120],[52,13],[20,28],[112,553],[188,365],[290,292],[347,120],[366,-149],[191,-322],[554,-1823],[247,-492],[46,-119],[50,-213],[36,-87],[341,-396],[158,-148],[158,-84],[125,260],[124,53],[152,-37],[133,-67],[99,-540],[-99,-1773],[85,-2966],[82,-254],[194,116],[99,85],[95,8],[132,-45],[128,23],[91,57],[677,602],[299,412],[254,110],[1177,-287],[448,-211],[336,-392],[36,109],[90,224],[358,-151],[480,610],[90,55],[122,-8],[103,-75],[81,-86],[184,-141],[627,-632],[225,-99],[2906,33],[361,120],[212,374],[-116,114],[121,173],[454,317],[396,548],[390,159],[783,105],[668,480],[497,841],[405,390],[529,-90],[159,68],[535,465],[374,57],[316,-177],[435,-832],[103,-588],[-233,-802],[-599,-505],[-410,-595],[-696,-185],[-504,-884],[-960,-1361],[-162,-403],[-505,-456],[-91,-531],[17,-2048],[238,-624],[625,-576],[-385,-659],[-404,-1245],[60,-1199],[-99,-824],[-113,-1759],[71,-1400],[-123,-854],[461,-904],[103,-511],[-360,-1375],[-132,-1256],[-452,-1108],[-204,-726],[-337,-479],[-461,0],[-430,-1005],[-361,-314],[-64,-462],[-397,-657],[-380,-139],[-222,-575],[-449,-780],[-170,-498],[-39,-626],[268,-881],[60,-1099],[-92,-1280],[315,-790],[143,-44],[233,70],[197,-279],[401,57],[-198,-581],[0,-95],[64,-76],[65,-25],[66,25],[63,76]],[[187817,625680],[263,226],[-186,520],[151,575],[413,489],[148,502],[330,483],[1256,469],[756,532],[1158,-319],[422,-580],[505,157],[317,419],[246,-209],[394,104],[234,-410],[363,-201],[604,68],[678,439],[600,-180],[3036,-126],[378,-238],[648,803],[357,64],[298,-481],[727,-171],[429,433],[762,-209],[330,313],[1449,-459],[432,41],[661,276],[1127,38],[321,-113],[673,-584],[454,-46],[1123,267],[828,421],[588,-154],[610,36],[1425,-362],[1074,-722],[288,-553],[1494,485],[1138,984],[384,87],[234,-903],[158,23],[661,724],[395,0],[667,-428],[295,221],[459,-221],[740,290],[229,-260],[1765,-511],[532,169],[570,-86],[726,206],[566,19],[769,-256],[566,93],[583,-92],[654,258],[555,18],[532,-207],[246,-437],[347,-39],[573,607],[722,27],[460,-376],[749,-411],[714,-225],[511,515],[728,-254],[540,-1498],[614,67],[-118,-460],[1033,76],[463,-615],[1291,16],[659,-575],[544,-92],[457,169],[446,819],[315,-30],[-5,-495],[270,-707],[460,-97],[271,-289],[563,-128],[620,395],[612,1301],[611,1091],[1415,-56],[101,-323],[534,131],[422,-216],[457,213],[430,-205],[543,143],[250,405],[616,198],[451,291],[433,71],[629,-205],[661,105],[1553,1345]],[[336550,456802],[-204,-240],[-64,-483],[80,-898],[-339,-687],[-329,-34],[-298,295],[-329,18],[-830,-566],[-199,-289],[-560,-467],[-499,-629],[-339,-127],[-188,-358],[-66,-571],[-495,370],[-131,201],[161,999],[-122,613],[-309,239],[-825,5],[-352,101],[-319,253],[-262,335],[-180,349],[-289,-27],[-287,221],[-482,654],[-227,462],[-402,428],[-188,739],[-176,151],[-725,57],[-70,-82],[-1610,-2629],[-195,-95],[-373,325],[-528,329],[-160,-229],[-78,-281],[-85,-652],[-268,-1313],[-896,-267],[-158,-156],[-83,-292],[-104,-172],[-219,211],[0,-233],[-24,-202],[-108,-298]],[[336532,456735],[-17,-31],[205,106],[160,155],[113,227],[63,327],[57,514],[166,434],[163,122],[851,281],[211,180],[10,139],[-58,128],[-484,473],[-61,304],[261,681],[208,234],[235,156],[865,241],[528,-247],[179,-50],[267,27],[493,-128],[561,-231],[304,-343],[549,-381],[131,-53],[558,-47],[170,-42],[161,-87],[296,-269],[97,-178],[64,-195],[87,-152],[155,-49],[115,57],[234,434],[396,272],[233,-36],[238,-187],[179,-297],[480,-1284],[410,-1546],[109,-297],[128,-238],[603,-831],[122,-259],[427,-1437],[88,-466],[58,-162],[77,-144],[90,-122],[627,-573],[504,-1218],[167,-616],[568,-911],[1497,-1195],[177,-99],[460,-440],[116,-185],[189,-435],[216,-567],[346,-406],[230,-777],[18,-2034],[-82,-1052],[-622,-2252],[-47,-341],[89,-1408],[162,-654],[-91,-1069],[207,-1267],[-243,-1550],[13,-1317],[271,-488],[542,-451],[289,-448],[377,-1305],[958,-1071],[182,-398],[25,-1015],[132,-767],[353,-552],[1525,-839],[493,-51],[1121,-440],[164,-136],[18,-118],[-55,-114],[-104,-90],[-201,-125],[-230,-398],[95,-1115],[382,-1263],[347,-535],[138,-32],[396,52],[211,-41],[415,-217],[429,-428],[271,-605],[94,-727],[-97,-787],[-236,-952],[-57,-983],[-58,-276],[-154,-236],[-343,-335],[-449,-221],[-192,-194],[-85,-338],[209,-433],[380,-48],[729,118],[331,-361],[264,-1167],[878,-1485]],[[362471,410467],[503,-439],[156,-631],[385,-580],[126,-487],[-66,-1064],[108,-1504],[253,-553],[-162,-1002],[-325,-484],[-125,-1258],[-171,-717],[-11,-1140],[275,-1881],[2,-505],[-369,-1405],[-39,-1118],[-206,-707],[204,-838],[403,-662],[643,-309],[307,-547],[-63,-341],[8,-247],[274,-518],[-247,-1358],[60,-545],[345,-530],[190,-629],[-288,-1530],[-604,-1114],[-352,-1386],[45,-543],[356,-584],[113,-1239],[196,-614],[489,-707],[145,-594],[-96,-904],[68,-631],[-266,-889],[-15,-634],[-249,-572],[-237,-869],[11,-1167],[400,-943],[92,-1770],[-162,-1361],[361,-1085],[118,-1430],[-122,-679],[-207,-414],[-311,-192],[-535,53],[-970,-169],[-177,12],[-1973,696],[-157,-7],[-152,-89],[-228,-401],[-108,-521],[-22,-406],[14,-202],[37,-195],[163,-445],[-188,-516],[-59,-331],[-75,-639],[-147,-260],[-189,-183],[-138,-266],[-41,-703],[-28,-157],[-39,-148],[-125,-254],[-187,-194],[-397,3],[-416,309],[-885,-88],[-687,170],[-337,-322],[-258,-914],[-435,-187],[-470,41],[-419,-303],[-5,-359],[332,-409],[-35,-336],[-527,-769],[-127,-357],[2,-175],[64,-374],[13,-205],[-25,-627]],[[363013,332002],[-566,909],[-677,679],[-439,602],[-560,1240],[-1000,1656],[-57,179],[-50,39],[-120,163],[-172,312],[-203,510],[-786,744],[-145,1014],[-212,366],[-648,342],[-282,716],[-93,796],[-516,286],[-247,290],[-118,773],[-353,791],[219,730],[-113,575],[153,482],[1,287],[-205,40],[-85,65],[-81,127],[-93,309],[58,1024],[0,1925],[-246,598],[117,1280],[-108,517],[-264,414],[-35,460],[353,691],[-143,379],[-176,84],[-384,14],[-152,75],[-116,153],[-79,210],[-37,493],[155,406],[12,88],[-3,90],[-62,188],[11,208]],[[354466,356321],[0,6]],[[365718,335570],[-442,352],[-853,362],[-438,74]],[[363985,336358],[-399,19],[-942,452],[-321,378],[-431,771],[-214,202],[-656,143],[-627,603],[-83,116],[-76,159],[-250,707],[-192,263],[-974,757],[-154,188],[-86,199],[-9,869],[-168,1116],[-340,788],[-199,95],[-446,26],[-289,244],[-77,207],[-38,231],[-207,2286],[49,860],[220,823],[138,780],[125,316],[314,533],[70,771],[-200,1240],[-50,656],[-49,206],[-74,172],[-893,1085],[-1099,909],[-561,236],[-331,557]],[[354466,356321],[-11,32]],[[262379,608062],[-120,915],[-531,292],[-342,505],[-117,534],[-384,365],[-488,39],[-588,-424],[-615,120],[-328,272],[-69,431],[-349,885],[107,766],[894,1479],[-20,767],[126,791],[-53,491],[-636,1176],[-317,1011],[-592,788],[-200,455],[71,666],[-234,279],[-1027,-8],[-193,466],[94,1067],[579,572],[254,556],[299,295],[77,525],[251,324],[339,591],[267,303],[52,129],[-24,363]],[[258562,625848],[15,98]],[[258577,625946],[409,117],[1516,1569],[510,147],[591,750],[1086,1744],[101,426],[-164,994],[-327,787],[58,1546],[-137,429],[39,728],[-144,204],[-672,318],[78,589],[-306,382],[-497,-30],[-280,406],[-425,-60],[-418,-475],[-146,-681],[334,-616],[-105,-229],[-481,107],[-1075,-132],[-608,-917],[240,-435],[-296,-548],[368,-361],[-471,-1059],[-659,-834],[-967,-338],[-501,382],[-561,-46],[-536,-579],[-560,-303],[-637,-1146],[-584,-679]],[[262379,608062],[216,-939],[411,-689],[97,-390],[-117,-422]],[[262986,605622],[-410,-293],[-325,-475],[-510,-328],[-355,-454],[-731,-269],[-657,-369],[-23,-871],[-430,-530],[-1060,-160],[-468,-461],[-263,33],[-467,-1051],[-488,-53],[-630,-782],[54,-450],[-1041,-1034],[126,-619],[207,-254],[-668,-698],[-132,-847],[-292,367],[-44,-1043],[-112,-747],[-347,71],[-678,-715],[-75,-656],[-332,-484],[-452,-233],[-328,-477],[-373,-282],[-762,105],[-414,-469],[-203,-526],[-292,108],[2,659],[-482,-505],[-1136,-581],[-377,-424],[-415,-737],[-1078,-519],[-915,-262],[-385,150],[-469,417],[-1234,247],[-321,-184],[-473,-577],[-427,327],[-629,-235],[-626,-773],[-616,-408],[-313,134],[-657,-155],[-1157,114],[-231,-428],[-393,-265],[-974,81],[-728,-349],[-327,-884],[-274,-241],[-836,-27],[-1026,314],[-737,-430],[-1468,-1001],[-466,-607],[-469,-356],[-119,-328],[23,-753],[-916,-576],[-359,-39],[-535,-525],[-308,61],[-1481,-1034],[-938,-74],[-636,-399],[-298,-20],[-1034,470],[-849,-119],[-1008,616],[-756,139],[-556,-384],[-947,-195],[-736,-601],[-544,-4],[-355,357],[-402,34],[-679,458],[-303,73]],[[216638,580328],[-651,159],[-734,361],[-452,-212],[-248,-562],[-850,-459],[-501,-438],[-498,-106],[-444,-435],[-1455,-774],[-676,-231],[-372,-378],[-314,-803],[-652,-1082],[-226,-854],[-656,-1630],[-215,-1205],[-239,-889],[95,-1375],[-100,-1289],[-254,-1149],[288,-899],[-40,-703],[-329,-714],[-350,-1512],[-130,-1763],[112,-675],[395,-1036],[135,-1037],[352,-832],[151,-1146],[273,-993],[72,-1163],[-77,-480],[-10,-572],[-89,-1105],[54,-1339],[-207,-914],[98,-612],[-35,-932],[-367,-1342],[-13,-1187],[249,-1130],[258,-591]],[[207986,544300],[2,-3]],[[207988,544297],[314,-751],[520,-591]],[[209108,542481],[379,-816],[582,-337],[335,-302]],[[210911,540515],[226,-228]],[[211430,539991],[196,-198]],[[214959,540267],[-177,392],[86,542],[-437,647],[-717,456],[-429,627],[-444,-446],[-351,27],[291,1640],[-117,677],[-251,540],[-631,363],[-419,436],[-82,587],[-542,382],[-743,134],[-291,697],[-232,68],[-225,637],[-464,0],[-92,983],[-188,483],[-28,46],[-107,122],[-358,566]],[[267965,430123],[-291,16]],[[267669,430140],[-41,18]],[[267448,430233],[-238,83]],[[267113,430355],[-183,586]],[[266930,430958],[-81,148]],[[266818,431130],[-141,596],[391,437],[66,1209],[-294,744],[-71,1],[-131,-116],[-105,-61],[-182,-241],[-250,130],[-141,903],[-247,325],[-573,24],[-257,489],[101,906],[-462,363],[-118,275]],[[255647,433037],[140,425]],[[255862,433606],[68,151]],[[255965,433858],[-59,723],[197,424],[-197,995],[112,869],[85,1540],[-40,435],[450,878],[475,173],[-128,547],[342,315],[157,812],[314,295],[452,1098],[-240,606],[138,990],[352,236],[406,-272],[394,409],[245,612],[-212,340],[542,1233],[412,498],[-55,1028],[517,546],[-165,483],[561,1099],[480,28],[795,1142],[384,310],[226,-370]],[[269845,435791],[-406,78],[-99,682],[-334,1453],[-326,994],[-751,677],[-262,534],[-67,731],[175,557],[-108,500],[-298,376],[-63,418],[-506,796],[-148,1100],[-272,525],[-129,929],[-198,94],[1,104],[53,150],[34,174],[-82,302],[-515,488],[22,1023],[-616,1348],[215,469],[-397,267],[-404,1367],[69,947],[-502,672],[-689,-542],[63,-767],[-60,-258],[-192,-394],[-155,-152]],[[262898,451433],[-1,-1]],[[256569,426442],[251,849],[260,169],[279,658],[563,679],[170,467],[120,971],[274,1311],[457,665],[104,419],[626,48],[160,414],[-99,385],[355,621],[-14,697],[292,-67],[92,853],[334,1048],[-189,586],[-277,208],[-264,786],[339,798],[193,1039],[-197,1000],[239,571],[288,179],[192,498],[-187,193],[53,663],[-368,686],[456,653],[643,22],[-242,1161],[380,638],[-625,415],[-16,483],[480,569],[95,418],[-260,585],[199,392],[390,-139],[162,1330],[311,-211],[132,-29],[169,66],[152,-52]],[[259835,424337],[52,107]],[[259991,424534],[307,81]],[[260366,424762],[164,558],[645,1229],[103,2064],[376,1341],[264,163],[263,785],[354,2090],[41,1380],[197,57],[24,602],[394,427],[-17,856]],[[462954,635311],[-96,-430]],[[444601,647790],[-197,-382]],[[444404,647408],[-396,-1084],[-1302,-2226],[-508,-1720],[-341,5],[-487,780],[-394,-44],[-401,-357],[-269,-524],[162,-709],[633,282],[233,-81],[964,-1128],[-196,-693],[-1163,-700],[-324,-316],[-565,-839],[-795,-587],[-403,136],[-183,530],[-227,-135],[-330,-703],[-1067,-1031],[-706,-944],[-294,-239],[-2212,-3570],[-391,-916],[-172,-142]],[[444535,647695],[555,1069],[724,518],[706,-263],[613,-1225],[454,-302],[615,195],[526,355],[719,104],[373,-162],[65,-441],[-361,-568],[-32,-717],[308,-999],[362,-200],[1033,-116],[632,-589],[190,-428],[-109,-1084],[102,-528],[337,-253],[555,24],[245,-189],[823,-1347],[608,-1732],[556,-797],[399,-1084],[664,-426],[1912,47],[129,-102],[176,-578],[67,-116],[1082,-1079],[318,-103],[1061,188],[1075,651],[1211,-79],[594,421],[883,1032],[993,132],[335,338],[93,254],[118,474],[254,562],[722,918],[635,140],[718,478],[306,376],[719,1976],[236,1430],[-319,999],[131,417],[330,93],[465,551],[472,289],[1131,56],[568,303],[224,630],[-146,1586],[1236,617],[730,27],[428,395],[685,224],[542,504],[1001,461],[335,1085],[347,2027],[-46,1071],[88,420],[486,573],[458,-121],[233,-560],[264,-166],[564,368],[121,445],[90,1293],[246,313],[315,-161],[920,398],[618,491],[738,96],[237,359],[40,546],[-224,1257],[134,505],[613,1302],[233,1029],[108,1174],[806,2323],[348,509],[179,488],[318,511],[275,620],[719,1111],[875,1974],[995,-275],[770,224],[621,514],[490,175],[487,-64],[966,-397],[716,54],[594,433],[1590,-41],[405,-613],[328,79]],[[218027,704655],[454,50],[785,358],[1381,221],[820,-314],[653,55],[390,-122],[777,-483],[715,140],[519,-208],[310,103],[1968,-473],[1028,179],[123,-609],[1114,-1154],[363,-256],[556,88],[287,696],[328,145],[476,642],[418,166],[1292,-166],[1789,-419],[713,-21],[522,-729],[88,-517],[307,-431],[405,-211],[874,-90],[705,173],[1025,118]],[[239212,701586],[183,127],[216,835],[348,242],[560,722],[405,98],[1713,-2],[423,-210],[605,176],[2005,-280],[827,316],[627,626],[-25,669],[373,163],[487,1171],[63,577],[418,477],[490,297],[545,935],[1078,558],[916,-82],[415,881],[420,457],[795,209],[608,316],[238,606],[356,296],[425,54],[481,-403],[2227,-618],[412,-336]],[[257846,710463],[398,-130],[143,-736],[235,-564],[454,-170],[71,-492],[485,-183],[563,-686],[280,210],[351,-534],[395,115],[786,-196],[840,-1226],[458,-473],[610,-290],[213,-288],[-98,-470],[480,-716],[472,-309],[386,-1296],[792,-1009],[357,-177],[377,-1228],[287,-414],[33,-467],[510,-490],[403,-206],[-56,-396],[769,-505],[280,-469],[493,-260],[401,292],[369,-203],[281,-553],[564,-9],[357,462],[521,-351],[-78,-573],[562,-341],[638,-903],[534,-146],[387,-349],[56,-637],[744,7],[-109,-632],[184,-764],[-29,-390],[461,-324],[478,-648],[245,-828],[505,295],[356,-86],[446,323],[544,-430],[-13,-1457],[273,-635],[837,-775],[492,-1329],[431,-366],[227,-1205],[331,-333],[423,-95],[279,-296],[156,-542],[66,-1266],[73,-270],[323,-568],[54,-372],[1383,-1211],[280,3],[167,-514],[417,-431],[1484,-716],[372,90],[294,-329],[1226,-509],[640,-917],[410,-68],[798,-684],[138,-1587],[497,-943],[364,-952],[629,-740],[181,-618],[573,-860],[-77,-1167],[-234,-457],[239,-1144],[221,-563],[318,-263],[388,-919]],[[292690,664612],[486,-1396],[2399,-3098],[424,-656],[-523,-855],[-268,-620],[-202,-290],[-137,-133],[-349,731],[-471,582],[-433,-102],[-255,-814],[85,-1047],[703,-970],[270,-894],[422,-787],[367,-370],[-47,-769],[-221,-592],[1190,-1895],[537,-473],[-12,-609],[-342,-203],[-119,-478],[255,-1292],[10,-1363],[269,-471],[251,-4841],[457,-1366],[26,-1223],[187,-924],[-489,-1461],[-181,-2595],[533,-1357],[163,-2214],[-98,-466],[132,-1218],[47,-177],[219,-460],[180,-653],[-44,-2024],[163,-1956],[-210,-1667],[12,-651],[231,-981],[-66,-628],[168,-829],[331,-800],[-38,-732],[125,-1112],[-153,-677],[620,-1515],[451,-491],[9,-461],[387,-682],[240,-133],[403,-608],[166,-890]],[[300950,609851],[-71,-525],[135,-1301],[432,-1445],[37,-1137],[-214,-529],[93,-731],[510,-1386],[278,-94],[-15,-744],[374,-641],[-44,-825],[294,-346],[35,-387],[532,-1162],[-88,-548],[165,-499],[1440,-1873],[1401,-2547],[118,-615],[25,-1053],[254,-487],[717,1062],[0,687],[206,1014],[-248,914],[42,689],[508,535],[1173,2045],[65,296],[-292,809],[-204,1104],[22,645],[407,746],[324,1167],[242,586],[-74,797],[138,576],[-33,794],[389,-116],[374,265],[401,-51],[124,-621],[0,-847],[306,-1106],[-204,-2029],[49,-605],[310,-467],[597,-456],[-179,-587],[43,-1062],[228,-1163],[-132,-551],[-425,-485],[-427,96],[450,-1074],[-219,-1020],[-198,-420],[115,-1181],[-133,-1946],[-518,-346],[3,-887],[197,-1104],[73,-1058],[0,-1313],[221,-831],[108,-950],[-66,-589],[-357,-661],[-38,-334],[329,-1110],[258,-196],[715,222],[618,-435],[227,186],[310,-330],[642,39],[573,-147],[356,328],[723,-609],[790,1586],[1329,1159],[727,416],[372,-144],[1253,253],[513,208],[471,806],[-192,399],[120,407],[-162,327],[395,781],[289,311],[327,45],[334,-27],[307,99],[268,-428],[493,-86],[166,409],[385,-125],[488,278],[388,-453],[388,-1492],[593,-940],[-82,-493],[24,-832],[-359,-1367],[123,-419],[-580,-636],[-119,-455],[-65,-1105],[8,-1301],[519,-123],[628,314],[579,-127],[637,198],[142,243],[32,854],[418,935],[740,839],[285,644],[606,211],[420,307],[406,754],[986,397],[629,628],[562,-514],[-160,-1302],[558,-527],[507,181],[450,855],[756,518],[315,582],[706,-307],[358,308],[141,540],[-132,628],[61,677],[368,256],[48,63],[140,320],[42,141],[-208,715],[-49,936],[-538,2871],[-713,1435],[-17,1203],[-207,442],[66,527],[278,706],[-97,1678],[-137,1070],[629,1984],[217,-490],[344,-44],[60,49],[182,217],[797,137],[254,340],[127,963],[557,1068],[644,214],[192,373],[-182,438],[395,612],[846,1063],[356,262],[68,501],[480,1103],[54,1640],[-240,1017],[-464,71],[-64,395],[238,1022],[764,763],[321,900],[911,308],[412,-728],[773,610],[877,1076],[-198,1152],[-622,1999],[400,1131],[138,970]],[[343860,618264],[262,-577],[294,47],[424,-286],[1004,238],[340,-272],[463,318],[890,95],[177,336],[404,-450],[681,230],[899,-56],[1034,982],[383,725],[-40,454]],[[351075,620048],[611,-33],[357,266],[553,-23],[450,467],[526,-165],[425,-512],[361,7],[498,869],[369,-333],[-162,-809],[989,-818],[339,284],[37,669],[207,123],[579,-526],[999,521],[286,1124],[636,414],[338,450],[259,-404],[594,434],[9,706],[456,-83],[198,-435],[0,-565],[782,57],[638,522],[159,-914],[202,-446],[315,-218],[306,165],[193,423],[-23,564],[-248,699],[-484,176],[47,300],[548,1077],[465,270],[464,-38],[134,38],[99,106],[231,532],[624,-387],[491,142],[-221,1134],[361,577],[18,312],[772,370],[66,679],[622,-221],[592,240],[220,682],[683,934],[505,62],[-147,1335],[338,91],[-16,776],[456,359],[43,261]],[[370224,632335],[99,600],[226,-3],[686,-811],[384,532],[426,172],[647,-369],[1170,2510],[1034,1027],[241,-290],[211,-993],[632,-790],[364,45],[716,742],[372,164],[626,-346],[260,801],[462,671],[-71,1052],[403,72],[470,-467],[760,-214],[485,178],[560,600],[889,1276],[282,939],[-39,788],[187,455],[453,403],[148,827],[475,362],[262,1026],[523,492],[128,434],[629,733],[424,216],[335,422],[737,1992],[392,912],[589,1085],[137,628],[-137,691],[65,584],[616,299],[268,360],[134,539],[1390,584],[763,-420],[1268,567],[1304,-156],[1584,418],[791,-201],[363,35],[1287,466],[652,582],[734,131],[482,-527],[448,-172],[588,370],[330,404],[1023,307],[494,-109],[308,198],[683,-621],[441,-121],[750,210],[1275,-272],[588,445],[975,-374],[653,117],[694,-433],[710,-121],[612,-451],[907,-482],[344,-655],[686,-104],[424,-193],[595,-724],[930,392],[258,-191],[71,-790],[1013,-492],[40,-718],[1152,-1790],[100,-610],[496,-1275],[-42,-720],[800,-337],[-269,-1036],[40,-268],[453,-683],[398,147],[493,1390],[654,594],[831,275],[811,-157],[259,-317],[701,-1428],[386,-297],[795,95],[885,247],[421,-184],[280,-472],[23,-631],[-548,-813],[-200,-556],[35,-644],[257,-239],[827,-60],[419,-209],[374,-422],[257,-583],[69,-689],[-392,-1315],[-171,-1772],[201,-216],[757,694],[645,-66],[153,747],[261,356],[257,-382],[-121,-712],[92,-812],[353,-128],[17,1406],[433,330],[554,-225],[229,-341],[-690,-392],[282,-396],[646,83]],[[433270,630453],[-363,511],[-140,-745],[-259,103],[-39,831],[-354,148],[-527,-636],[-245,286],[-188,1618],[259,903],[536,497],[256,500],[-43,741],[-650,-976],[-259,218],[-59,628],[-255,419],[-665,-579],[-337,-153]]],"transform":{"scale":[0.0001037567337007337,0.00006519584417584414],"translate":[68.17292022700008,-11.640178979999973]},"objects":{"units":{"type":"GeometryCollection","geometries":[{"arcs":[[0,1,2,3,4]],"type":"Polygon","properties":{"grp":"BTN","a":"BTN","n":"塔希冈宗"}},{"arcs":[[-4,5,6,7,8]],"type":"Polygon","properties":{"grp":"BTN","a":"BTN","n":"塔希央奇宗"}},{"arcs":[[-3,9,10,11,12,-6]],"type":"Polygon","properties":{"grp":"BTN","a":"BTN","n":"蒙加尔宗"}},{"arcs":[[-7,-13,13,14]],"type":"Polygon","properties":{"grp":"BTN","a":"BTN","n":"伦奇宗"}},{"arcs":[[-12,15,16,17,18,-14]],"type":"Polygon","properties":{"grp":"BTN","a":"BTN","n":"布姆唐宗"}},{"arcs":[[19,20,21,22,23,24,25]],"type":"Polygon","properties":{"grp":"BTN","a":"BTN","n":"盖勒普吉"}},{"arcs":[[-17,26,-23,27,28]],"type":"Polygon","properties":{"grp":"BTN","a":"BTN","n":"通萨宗"}},{"arcs":[[-22,29,30,-28]],"type":"Polygon","properties":{"grp":"BTN","a":"BTN","n":"奇朗宗"}},{"arcs":[[-21,31,32,33,-30]],"type":"Polygon","properties":{"grp":"BTN","a":"BTN","n":"达加纳宗"}},{"arcs":[[-18,-29,-31,-34,34,35,36,37]],"type":"Polygon","properties":{"grp":"BTN","a":"BTN","n":"旺杜波德朗宗"}},{"arcs":[[-36,38,39]],"type":"Polygon","properties":{"grp":"BTN","a":"BTN","n":"普那卡宗"}},{"arcs":[[-33,40,41,42,43,44,-39,-35]],"type":"Polygon","properties":{"grp":"BTN","a":"BTN","n":"廷布宗"}},{"arcs":[[-37,-40,-45,45]],"type":"Polygon","properties":{"grp":"BTN","a":"BTN","n":"加萨宗"}},{"arcs":[[-20,46,47,48,49,-41,-32]],"type":"Polygon","properties":{"grp":"BTN","a":"BTN","n":"楚卡宗"}},{"arcs":[[-48,50,51,52,53,54,55,56]],"type":"Polygon","properties":{"grp":"BTN","a":"BTN","n":"萨姆宗"}},{"arcs":[[[-43,57,58,-49,-57,59,60,61,62,63,64,65,66,67,68,69,70,71,72,73,74,75,76,77,78,79,80,81,82,83,84,85,86,87,88]],[[89,90,91]]],"type":"MultiPolygon","properties":{"grp":"BTN","a":"BTN","n":"哈阿宗"}},{"arcs":[[-42,-50,-59,-58]],"type":"Polygon","properties":{"grp":"BTN","a":"BTN","n":"帕罗宗"}},{"arcs":[[-2,92,93,-10]],"type":"Polygon","properties":{"grp":"BTN","a":"BTN","n":"佩马加策尔宗"}},{"arcs":[[-1,94,95,96,-93]],"type":"Polygon","properties":{"grp":"BTN","a":"BTN","n":"萨姆德鲁琼卡尔宗"}},{"arcs":[[-11,-94,-97,97,-24,-27,-16]],"type":"Polygon","properties":{"grp":"BTN","a":"BTN","n":"谢姆冈宗"}},{"arcs":[[98,99,100]],"type":"Polygon","properties":{"grp":"BRN","a":"BRN","n":"马来奕县"}},{"arcs":[[-99,101,102,103]],"type":"Polygon","properties":{"grp":"BRN","a":"BRN","n":"都东县"}},{"arcs":[[-103,104,105]],"type":"Polygon","properties":{"grp":"BRN","a":"BRN","n":"汶莱摩拉县"}},{"arcs":[[106,107]],"type":"Polygon","properties":{"grp":"BRN","a":"BRN","n":"淡布隆县"}},{"arcs":[[108,109,110,111,112,113,114]],"type":"Polygon","properties":{"grp":"KHM","a":"KHM","n":"上丁省"}},{"arcs":[[-114,115,116,117,118,119,120]],"type":"Polygon","properties":{"grp":"KHM","a":"KHM","n":"柏威夏省"}},{"arcs":[[-113,121,122,123,124,125,-116]],"type":"Polygon","properties":{"grp":"KHM","a":"KHM","n":"磅同省"}},{"arcs":[[126]],"type":"Polygon","properties":{"grp":"KHM","a":"KHM","n":"金边"}},{"arcs":[[[127]],[[128,129,130,131,132]],[[133]]],"type":"MultiPolygon","properties":{"grp":"KHM","a":"KHM","n":"戈公省"}},{"arcs":[[134,135]],"type":"Polygon","properties":{"grp":"KHM","a":"KHM","n":"白马市"}},{"arcs":[[-135,136,137,138,139,140,141]],"type":"Polygon","properties":{"grp":"KHM","a":"KHM","n":"贡布省"}},{"arcs":[[-140,142,143,144]],"type":"Polygon","properties":{"grp":"KHM","a":"KHM","n":"茶胶省"}},{"arcs":[[-144,145,146,147,148,149,150],[-127]],"type":"Polygon","properties":{"grp":"KHM","a":"KHM","n":"干丹省"}},{"arcs":[[-125,151,152,-129,153,154,155]],"type":"Polygon","properties":{"grp":"KHM","a":"KHM","n":"菩萨省"}},{"arcs":[[-110,156,157,158,159,160,161]],"type":"Polygon","properties":{"grp":"KHM","a":"KHM","n":"腊塔纳基里省"}},{"arcs":[[-124,162,-147,163,-152]],"type":"Polygon","properties":{"grp":"KHM","a":"KHM","n":"磅清扬省"}},{"arcs":[[164,165,166]],"type":"Polygon","properties":{"grp":"KHM","a":"KHM","n":"拜林市"}},{"arcs":[[167,168,169,170,171]],"type":"Polygon","properties":{"grp":"KHM","a":"KHM","n":"班迭棉吉省"}},{"arcs":[[-117,-126,-156,172,-169,173]],"type":"Polygon","properties":{"grp":"KHM","a":"KHM","n":"暹粒省"}},{"arcs":[[-118,-174,-168,174,175,176]],"type":"Polygon","properties":{"grp":"KHM","a":"KHM","n":"奥多棉吉省"}},{"arcs":[[-123,177,178,179,-148,-163]],"type":"Polygon","properties":{"grp":"KHM","a":"KHM","n":"磅湛省"}},{"arcs":[[-111,-162,180,181,182,183]],"type":"Polygon","properties":{"grp":"KHM","a":"KHM","n":"蒙多基里省"}},{"arcs":[[-112,-184,184,185,-178,-122]],"type":"Polygon","properties":{"grp":"KHM","a":"KHM","n":"桔井省"}},{"arcs":[[-149,-180,186,187,188,189]],"type":"Polygon","properties":{"grp":"KHM","a":"KHM","n":"波萝勉省"}},{"arcs":[[-130,-153,-164,-146,-143,-139,190]],"type":"Polygon","properties":{"grp":"KHM","a":"KHM","n":"磅士卑省"}},{"arcs":[[-188,191]],"type":"Polygon","properties":{"grp":"KHM","a":"KHM","n":"柴桢省"}},{"arcs":[[[-131,-191,-138,192]],[[193]],[[194]]],"type":"MultiPolygon","properties":{"grp":"KHM","a":"KHM","n":"西哈努克省"}},{"arcs":[[-179,-186,195,196,-187]],"type":"Polygon","properties":{"grp":"KHM","a":"KHM","n":"特本克蒙省"}},{"arcs":[[-155,197,-165,198,199,-170,-173]],"type":"Polygon","properties":{"grp":"KHM","a":"KHM","n":"马德望省"}},{"arcs":[[[200]],[[201]]],"type":"MultiPolygon","properties":{"grp":"CHN","a":"CHN","n":"海南省"}},{"arcs":[[202,203,204,205,206,207,208,209,210,211]],"type":"Polygon","properties":{"grp":"CHN","a":"CHN","n":"广西壮族自治区"}},{"arcs":[[[212,213,214,215]],[[216]]],"type":"MultiPolygon","properties":{"grp":"CHN","a":"CHN","n":"福建省"}},{"arcs":[[-210,217,218,219,220,221,222,223,224,225,226,227,228,229]],"type":"Polygon","properties":{"grp":"CHN","a":"CHN","n":"云南省"}},{"arcs":[[-211,-230,230,231,232]],"type":"Polygon","properties":{"grp":"CHN","a":"CHN","n":"贵州省"}},{"arcs":[[-215,233,234,235,236,237]],"type":"Polygon","properties":{"grp":"CHN","a":"CHN","n":"江西省"}},{"arcs":[[-212,-233,238,239,-235,240]],"type":"Polygon","properties":{"grp":"CHN","a":"CHN","n":"湖南省"}},{"arcs":[[[-216,-238,241,242,243,244]],[[245]]],"type":"MultiPolygon","properties":{"grp":"CHN","a":"CHN","n":"浙江省"}},{"arcs":[[-244,246,247]],"type":"Polygon","properties":{"grp":"CHN","a":"CHN","n":"上海市"}},{"arcs":[[-232,248,249,250,-239]],"type":"Polygon","properties":{"grp":"CHN","a":"CHN","n":"重庆市"}},{"arcs":[[-236,-240,-251,251,252,253]],"type":"Polygon","properties":{"grp":"CHN","a":"CHN","n":"湖北省"}},{"arcs":[[-229,254,255,256,257,-249,-231]],"type":"Polygon","properties":{"grp":"CHN","a":"CHN","n":"四川省"}},{"arcs":[[-237,-254,258,259,260,-242]],"type":"Polygon","properties":{"grp":"CHN","a":"CHN","n":"安徽省"}},{"arcs":[[[-243,-261,261,262,-247]],[[263,264]],[[265]]],"type":"MultiPolygon","properties":{"grp":"CHN","a":"CHN","n":"江苏省"}},{"arcs":[[-253,266,267,268,269,-259]],"type":"Polygon","properties":{"grp":"CHN","a":"CHN","n":"河南省"}},{"arcs":[[270,271,272,273,274,275,276,277,278,279,280,281,282,283,284,285,286,287,288,289,290,291,292,293,294,295,296,297,298,299,300,301,302,303,304,305,306,307,308,309,310,311,312,313,314,315,316,317,318,319,320,321,322,323,324,325,326,327,328,329,330,331,332,333,334,335,336,337,338,339,340,-255,-228,341,342,343,344,-8,-15,-19,-38,-46,-44,-89,-88,345,-86,346,-84,347,-92,348,-81,349,-79,350,-77,351,-75,352,-73,353,-71,354,-69,355,-67,356,-65,357,-63,358,-61,359,360,361,362,363,364,365,366,367,368,369,370,371,372,373,374,375,376,377]],"type":"Polygon","properties":{"grp":"CHN","a":"CHN","n":"西藏自治区"}},{"arcs":[[-260,-270,378,379,-264,380,-262]],"type":"Polygon","properties":{"grp":"CHN","a":"CHN","n":"山东省"}},{"arcs":[[-256,-341,383,384]],"type":"Polygon","properties":{"grp":"CHN","a":"CHN","n":"青海省"}},{"arcs":[[385,386,387]],"type":"Polygon","properties":{"grp":"CHN","a":"CHN","n":"宁夏回族自治区"}},{"arcs":[[-250,-258,388,-386,389,390,-267,-252]],"type":"Polygon","properties":{"grp":"CHN","a":"CHN","n":"陕西省"}},{"arcs":[[391,392,393,394]],"type":"Polygon","properties":{"grp":"CHN","a":"CHN","n":"天津市"}},{"arcs":[[-268,-391,395,396]],"type":"Polygon","properties":{"grp":"CHN","a":"CHN","n":"山西省"}},{"arcs":[[-394,397]],"type":"Polygon","properties":{"grp":"CHN","a":"CHN","n":"北京市"}},{"arcs":[[-257,-385,398,399,-387,-389]],"type":"Polygon","properties":{"grp":"CHN","a":"CHN","n":"甘肃省"}},{"arcs":[[-269,-397,400,401,402,-395,-398,-393,403,-382,404,-379]],"type":"Polygon","properties":{"grp":"CHN","a":"CHN","n":"河北省"}},{"arcs":[[-402,405,406,407,408,409]],"type":"Polygon","properties":{"grp":"CHN","a":"CHN","n":"辽宁省"}},{"arcs":[[-407,410,411,412,413,414,415,416,417,418,419,420,421,422,423,424,425]],"type":"Polygon","properties":{"grp":"CHN","a":"CHN","n":"吉林省"}},{"arcs":[[426,427,428,429,430,431,432,433,-399,-384,-340,-339,-338,-337]],"type":"Polygon","properties":{"grp":"CHN","a":"CHN","n":"新疆维吾尔自治区"}},{"arcs":[[-388,-400,-434,434,435,436,437,438,439,440,441,-411,-406,-401,-396,-390]],"type":"Polygon","properties":{"grp":"CHN","a":"CHN","n":"内蒙古自治区"}},{"arcs":[[-412,-442,442,443,444]],"type":"Polygon","properties":{"grp":"CHN","a":"CHN","n":"黑龙江省"}},{"arcs":[[445]],"type":"Polygon","properties":{"grp":"CHN","a":"CHN","n":"澳门特别行政区"}},{"arcs":[[446,447]],"type":"Polygon","properties":{"grp":"CHN","a":"CHN","n":"香港特别行政区"}},{"arcs":[[[-203,-241,-234,-214,448,-447,449]],[[451]],[[452]],[[453]]],"type":"MultiPolygon","properties":{"grp":"CHN","a":"CHN","n":"广东省"}},{"arcs":[[-308,454,455,456,457,458,459,460,461,462,463,464,465,466,467,468,469,470,471,472,473,474,475,476,477,478,479,480,481,482,483,484,485,486,487,488,489,490,491,492,493,494,495,496,497,498,499,500,501,502,503,504,505,506,507,508,509,510,511,512,513,514,515,516,517,518,519,520,521,522,523,524,525,526,527,528,529,530,531,532,533,534,535,536,537,538,539,540,541,542,543,544,545,546,547,548,549,550,551,552,553,554,555,556,557,558,559,560,561,562,563,564,565,566,567,568,569,570,571,572,573,574,575,576,577,578,579,580,581,582,583,584,585,586,587,588,589,590,591,592,593]],"type":"Polygon","properties":{"grp":"NPL","a":"NPL","n":"科希省"}},{"arcs":[[-593,594,595]],"type":"Polygon","properties":{"grp":"NPL","a":"NPL","n":"马德什省"}},{"arcs":[[-594,-596,596,597,-309]],"type":"Polygon","properties":{"grp":"NPL","a":"NPL","n":"巴格马蒂省"}},{"arcs":[[-598,598,599,600,-312,601,-310]],"type":"Polygon","properties":{"grp":"NPL","a":"NPL","n":"甘达基省"}},{"arcs":[[-600,602,603,604,605]],"type":"Polygon","properties":{"grp":"NPL","a":"NPL","n":"蓝毗尼省"}},{"arcs":[[-601,-606,606,-315,607,-313]],"type":"Polygon","properties":{"grp":"NPL","a":"NPL","n":"格尔纳利省"}},{"arcs":[[-607,-605,608,609,610,-316]],"type":"Polygon","properties":{"grp":"NPL","a":"NPL","n":"苏都巴斯奇姆省（远西）"}},{"arcs":[[[611]],[[612]]],"type":"MultiPolygon","properties":{"grp":"IDN","a":"IDN","n":"巴厘岛"}},{"arcs":[[[613]],[[614]],[[615]],[[616]]],"type":"MultiPolygon","properties":{"grp":"IDN","a":"IDN","n":"西努沙登加拉省"}},{"arcs":[[[617]],[[618,619,620]]],"type":"MultiPolygon","properties":{"grp":"IDN","a":"IDN","n":"万丹省"}},{"arcs":[[621,622,623,624,625,626,627,628,629,630]],"type":"Polygon","properties":{"grp":"IDN","a":"IDN","n":"中爪哇省"}},{"arcs":[[-620,633,634,-631,635,-632,636]],"type":"Polygon","properties":{"grp":"IDN","a":"IDN","n":"西爪哇省"}},{"arcs":[[639,640,641,642]],"type":"Polygon","properties":{"grp":"IDN","a":"IDN","n":"中加里曼丹省"}},{"arcs":[[[-642,643,644]],[[645]],[[646]]],"type":"MultiPolygon","properties":{"grp":"IDN","a":"IDN","n":"南加里曼丹省"}},{"arcs":[[[-640,647,648,649]],[[650]]],"type":"MultiPolygon","properties":{"grp":"IDN","a":"IDN","n":"西加里曼丹省"}},{"arcs":[[[651]],[[652]],[[653]],[[654]],[[655]],[[656]],[[657]],[[658]],[[659]],[[660]],[[661]],[[662]],[[663]],[[664,665,666,667,668,669]]],"type":"MultiPolygon","properties":{"grp":"IDN","a":"IDN","n":"中苏拉威西省"}},{"arcs":[[-665,670,671,672]],"type":"Polygon","properties":{"grp":"IDN","a":"IDN","n":"哥伦打洛省"}},{"arcs":[[[-672,673]],[[674]],[[675]],[[676]],[[677]],[[678]],[[679]],[[680]]],"type":"MultiPolygon","properties":{"grp":"IDN","a":"IDN","n":"北苏拉威西省"}},{"arcs":[[[-668,681,682,683]],[[684]],[[685]],[[686]]],"type":"MultiPolygon","properties":{"grp":"IDN","a":"IDN","n":"南苏拉威西省"}},{"arcs":[[[-667,687,-682]],[[688]],[[689]],[[690]],[[691]],[[692]],[[693]],[[694]],[[695]],[[696]]],"type":"MultiPolygon","properties":{"grp":"IDN","a":"IDN","n":"东南苏拉威西省"}},{"arcs":[[-669,-684,697]],"type":"Polygon","properties":{"grp":"IDN","a":"IDN","n":"西苏拉威西省"}},{"arcs":[[[698]],[[699]],[[700]],[[701]],[[702]],[[703]],[[704]],[[705,706]]],"type":"MultiPolygon","properties":{"grp":"IDN","a":"IDN","n":"亚齐"}},{"arcs":[[[707]],[[708,709,710,711,712]]],"type":"MultiPolygon","properties":{"grp":"IDN","a":"IDN","n":"明古鲁省"}},{"arcs":[[-710,713,714,715,716]],"type":"Polygon","properties":{"grp":"IDN","a":"IDN","n":"占碑省"}},{"arcs":[[[-712,717,718]],[[719]]],"type":"MultiPolygon","properties":{"grp":"IDN","a":"IDN","n":"楠榜省"}},{"arcs":[[[-715,720,721,722]],[[723]],[[724]],[[725]],[[726]],[[727]],[[728]],[[729]],[[730]],[[731]],[[732]],[[733]]],"type":"MultiPolygon","properties":{"grp":"IDN","a":"IDN","n":"廖内省"}},{"arcs":[[[-709,734,735,-721,-714]],[[736]],[[737]],[[738]],[[739]],[[740]]],"type":"MultiPolygon","properties":{"grp":"IDN","a":"IDN","n":"西苏门答腊省"}},{"arcs":[[-711,-717,741,-718]],"type":"Polygon","properties":{"grp":"IDN","a":"IDN","n":"南苏门答腊省"}},{"arcs":[[[-706,742,-722,-736,743]],[[744]],[[745]],[[746]],[[747]]],"type":"MultiPolygon","properties":{"grp":"IDN","a":"IDN","n":"北苏门答腊省"}},{"arcs":[[[748]],[[749]],[[750]],[[751]],[[752]],[[753,754,755,756,757]],[[758]],[[759]],[[760]],[[761]],[[762]],[[763]],[[764]]],"type":"MultiPolygon","properties":{"grp":"IDN","a":"IDN","n":"东努沙登加拉省"}},{"arcs":[[[765]],[[766]],[[767]],[[768]],[[769]],[[770]],[[771]],[[772]],[[773]],[[774]],[[775]],[[776]],[[777]],[[778]],[[779]],[[780]],[[781]],[[782]],[[783]],[[784]],[[785]],[[786]],[[787]],[[788]],[[789]],[[790]],[[791]],[[792]],[[793]],[[794]],[[795]],[[796]],[[797]],[[798]],[[799]],[[800]],[[801]],[[802]],[[803]],[[804]]],"type":"MultiPolygon","properties":{"grp":"IDN","a":"IDN","n":"马鲁古省"}},{"arcs":[[[805]],[[806]],[[807]],[[808]],[[809]],[[810]],[[811]],[[812]],[[813]],[[814]],[[815]],[[816]],[[817]],[[818]],[[819]],[[820]],[[821]],[[822]],[[823]],[[824]]],"type":"MultiPolygon","properties":{"grp":"IDN","a":"IDN","n":"北马鲁古省"}},{"arcs":[[[-623,825]],[[826]],[[827]],[[828]],[[829]]],"type":"MultiPolygon","properties":{"grp":"IDN","a":"IDN","n":"东爪哇省"}},{"arcs":[[[830]],[[831]],[[832]],[[833]],[[834]],[[835]],[[836]]],"type":"MultiPolygon","properties":{"grp":"IDN","a":"IDN","n":"邦加-勿里洞省"}},{"arcs":[[[837]],[[838]],[[839]],[[840]],[[841]],[[842]],[[843]],[[844]],[[845]],[[846]],[[847]],[[848]],[[849]],[[850]],[[851]],[[852]],[[853]],[[854]],[[855]],[[856]],[[857]],[[858]],[[859]],[[860]],[[861]],[[862]],[[863]]],"type":"MultiPolygon","properties":{"grp":"IDN","a":"IDN","n":"廖内群岛省"}},{"arcs":[[[864]],[[865]],[[866]],[[867]],[[868]],[[871,872]],[[873,874,875]],[[892,893,894,895]],[[914,915]],[[928,929,930,931]],[[932,933,934,935]],[[962,963,964,965]],[[974,975]],[[976,977]],[[1026,1027,1028,1029]],[[1042,1043,1044]],[[1053,1054]],[[1065,1066,1067,1068]],[[1075,1076]],[[1077,1078]],[[1081,1082,1083]],[[1086,1087]],[[1090,1091]],[[1094,1095]],[[1098,1099]],[[1100,1101]],[[1102,1103]],[[1106,1107]],[[1108,1109]],[[1118,1119,1120,1121]],[[1122,1123,1124,1125]],[[1126,1127]],[[1130,1131]],[[1132,1133,1134]],[[1137,1138,1139]],[[1142,1143]],[[1144,1145,1146,1147]],[[1148,1149,1150]],[[1151,1152,1153]],[[1154,1155]],[[1162,1163]],[[1164,1165]],[[1172,1173]],[[1174,1175]],[[1186,1187]],[[1200,1201]],[[1204,1205]],[[1210,1211]],[[1218,1219]],[[1230,1231,1232,1233]],[[1238,1239]],[[1252,1253]],[[1256,1257]],[[1292,1293]],[[1300,1301]],[[1314,1315]],[[1316,1317,1318,1319,1320,1321]],[[1324,1325]]],"type":"MultiPolygon","properties":{"grp":"IDN","a":"IDN","n":"巴布亚省"}},{"arcs":[[[-876,1330,1331,-964,1332,1333,1334]],[[1387,1388]],[[1429,1430,1431,1432]],[[1521,1522]],[[1525,1526]],[[1567,1568]],[[1683,1684]],[[1687,1688]],[[1695,1696]],[[1697,1698]],[[1699,1700,1701,1702,1703,1704]],[[1707,1708]],[[1709,1710,1711,1712]],[[1717,1718]],[[1737,1738]],[[1755,1756]],[[1763]],[[1768,1769]],[[1776,1777]],[[1788,1789]],[[1802,1803]],[[1810]],[[1845,1846]],[[1847]],[[1848]],[[1849]],[[1850]],[[1891,1892,1893]],[[1964,1965]],[[1966,1967]],[[1972,1973]],[[1974,1975]],[[1976,1977]],[[1982,1983]],[[1986,1987]],[[1990,1991]],[[1992,1993]],[[1994,1995]],[[2004,2005]],[[2014,2015]],[[2028,2029]]],"type":"MultiPolygon","properties":{"grp":"IDN","a":"IDN","n":"西巴布亚省"}},{"arcs":[[-641,-650,2030,2031,2032,-644]],"type":"Polygon","properties":{"grp":"IDN","a":"IDN","n":"东加里曼丹省"}},{"arcs":[[[-2032,2033,2034,2035]],[[2036]],[[2037]],[[2038]],[[2039]],[[2040]],[[2041]],[[2042]],[[2043]]],"type":"MultiPolygon","properties":{"grp":"IDN","a":"IDN","n":"北加里曼丹省"}},{"arcs":[[-625,2044]],"type":"Polygon","properties":{"grp":"IDN","a":"IDN","n":"日惹特区"}},{"arcs":[[-619,2045,-634]],"type":"Polygon","properties":{"grp":"IDN","a":"IDN","n":"雅加达"}},{"arcs":[[-408,-426,2046,2047,2048,2049]],"type":"Polygon","properties":{"grp":"PRK","a":"PRK","n":"慈江道"}},{"arcs":[[2050,2051,2052,2053,2054,2055,2056,2057,2058]],"type":"Polygon","properties":{"grp":"PRK","a":"PRK","n":"江原道"}},{"arcs":[[[2059,2060]],[[2061,2062,2063,2064,2065]]],"type":"MultiPolygon","properties":{"grp":"PRK","a":"PRK","n":"南浦特别市"}},{"arcs":[[[-414,2066,2067,2068,2069,2070,2071,2072,2073,2074,-424,2075,-422,2076,-420,2077,-418,2078,-416,2079]],[[2082,2083]],[[2084,2085]]],"type":"MultiPolygon","properties":{"grp":"PRK","a":"PRK","n":"咸镜北道"}},{"arcs":[[[-2054,2086,2087,2088]],[[-2057,2089,2090,2091,-2063,2092,2093],[2106,2107,2108]],[[2094,2095,2096,2097]],[[2098,2099,2100]],[[2101,2102,2103]],[[2109,2110,2111,2112]],[[2117,2118,2119]],[[2120,2121,2122,2123]]],"type":"MultiPolygon","properties":{"grp":"PRK","a":"PRK","n":"黄海北道"}},{"arcs":[[[-409,-2050,2124,2125]],[[2126]]],"type":"MultiPolygon","properties":{"grp":"PRK","a":"PRK","n":"平安北道"}},{"arcs":[[-2062,2131,-2093]],"type":"Polygon","properties":{"grp":"PRK","a":"PRK","n":"平壤"}},{"arcs":[[-425,-2075,2132,-2047]],"type":"Polygon","properties":{"grp":"PRK","a":"PRK","n":"两江道"}},{"arcs":[[[-2048,-2133,-2074,2133,-2059,2134]],[[2135]]],"type":"MultiPolygon","properties":{"grp":"PRK","a":"PRK","n":"咸镜南道"}},{"arcs":[[-2060,2136,-2064,-2092,2137,-2114,2138,2139]],"type":"Polygon","properties":{"grp":"PRK","a":"PRK","n":"黄海南道"}},{"arcs":[[-2049,-2135,-2058,-2094,-2132,-2066,2140,-2130,2141,-2128,2142,-2125]],"type":"Polygon","properties":{"grp":"PRK","a":"PRK","n":"平安南道"}},{"arcs":[[-2052,2143,2144,2145,2146]],"type":"Polygon","properties":{"grp":"KOR","a":"KOR","n":"江原道"}},{"arcs":[[[-2053,-2147,2147,2148,2149,2150,2151,2152,2153,2154,2155,2156,2157,-2123,2158,2159,2160,2161,-2120,2162,2163,-2117,2164,2165,2166,2167,2168,2169,2170,2171,2172,2173,-2113,2174,2175,-2109,2176,2177,-2106,2178,2179,2180,2181,2182,-2103,2183,-2101,2184,2185,2186,2187,2188,2189,2190,2191,2192,2193,2194,2195,2196,2197,2198,2199,2200,2201,2202,2203,2204,2205,2206,2207,2208,2209,2210,2211,2212,2213,2214,2215,2216,2217,2218,2219,2220,2221,2222,-2097,2223,2224,2225,2226,2227,-2087]],[[2228]]],"type":"MultiPolygon","properties":{"grp":"KOR","a":"KOR","n":"京畿道"}},{"arcs":[[[-2149,2229,2230,2231,2232,2233,2234,2235,2236,2237,2238]],[[2239]]],"type":"MultiPolygon","properties":{"grp":"KOR","a":"KOR","n":"忠清南道"}},{"arcs":[[[-2151,2240]],[[2241]]],"type":"MultiPolygon","properties":{"grp":"KOR","a":"KOR","n":"仁川廣域市"}},{"arcs":[[[-2234,2242,2243,2244,2245,2246]],[[-2236,2247]]],"type":"MultiPolygon","properties":{"grp":"KOR","a":"KOR","n":"全罗北道"}},{"arcs":[[[-2246,2253,2254,-2252,2255,-2250,2256],[2257]],[[2260]],[[2261]]],"type":"MultiPolygon","properties":{"grp":"KOR","a":"KOR","n":"全罗南道"}},{"arcs":[[[-2245,2262,2263,2264,2265,2266,-2259,2267,-2254]],[[2268]],[[2269]]],"type":"MultiPolygon","properties":{"grp":"KOR","a":"KOR","n":"庆尚南道"}},{"arcs":[[-2266,2270]],"type":"Polygon","properties":{"grp":"KOR","a":"KOR","n":"釜山"}},{"arcs":[[-2264,2271,2272]],"type":"Polygon","properties":{"grp":"KOR","a":"KOR","n":"蔚山广域市"}},{"arcs":[[[-2145,2273,-2272,-2263,-2244,2274],[2275]],[[2276]]],"type":"MultiPolygon","properties":{"grp":"KOR","a":"KOR","n":"庆尚北道"}},{"arcs":[[2277]],"type":"Polygon","properties":{"grp":"KOR","a":"KOR","n":"济州特别自治道"}},{"arcs":[[-2153,2278]],"type":"Polygon","properties":{"grp":"KOR","a":"KOR","n":"首尔"}},{"arcs":[[-2232,2279,2280]],"type":"Polygon","properties":{"grp":"KOR","a":"KOR","n":"大田广域市"}},{"arcs":[[-2231,2281,-2280]],"type":"Polygon","properties":{"grp":"KOR","a":"KOR","n":"世宗特別自治市"}},{"arcs":[[-2146,-2275,-2243,-2233,-2281,-2282,-2230,-2148]],"type":"Polygon","properties":{"grp":"KOR","a":"KOR","n":"忠清北道"}},{"arcs":[[-2258]],"type":"Polygon","properties":{"grp":"KOR","a":"KOR","n":"光州广域市"}},{"arcs":[[-2276]],"type":"Polygon","properties":{"grp":"KOR","a":"KOR","n":"大邱"}},{"arcs":[[2282,2283,2284,2285,2286]],"type":"Polygon","properties":{"grp":"SGP","a":"SGP","n":"中区"}},{"arcs":[[-2283,2287,2288]],"type":"Polygon","properties":{"grp":"SGP","a":"SGP","n":"东区"}},{"arcs":[[[-2287,2289,2290,-2288]],[[2291]]],"type":"MultiPolygon","properties":{"grp":"SGP","a":"SGP","n":"东北区"}},{"arcs":[[-2286,2292,2293,-2290]],"type":"Polygon","properties":{"grp":"SGP","a":"SGP","n":"北区"}},{"arcs":[[-2285,2296,-2295,2297,-2293]],"type":"Polygon","properties":{"grp":"SGP","a":"SGP","n":"西区"}},{"arcs":[[2298,2299,2300,2301,2302,2303,2304,2305,2306,2307]],"type":"Polygon","properties":{"grp":"LAO","a":"LAO","n":"沙耶武里省"}},{"arcs":[[-109,2308,2309,2310,-157]],"type":"Polygon","properties":{"grp":"LAO","a":"LAO","n":"阿速坡省"}},{"arcs":[[-2306,2311,2312,2313,2314]],"type":"Polygon","properties":{"grp":"LAO","a":"LAO","n":"博胶省"}},{"arcs":[[2315,2316,2317,2318,2319,2320,2321,2322,2323,2324]],"type":"Polygon","properties":{"grp":"LAO","a":"LAO","n":"博利坎赛省"}},{"arcs":[[-115,-121,2325,2326,2327,-2309]],"type":"Polygon","properties":{"grp":"LAO","a":"LAO","n":"占巴塞省"}},{"arcs":[[2328,2329,2330,2331,2332]],"type":"Polygon","properties":{"grp":"LAO","a":"LAO","n":"华潘省"}},{"arcs":[[-2324,2333,2334,2335,2336]],"type":"Polygon","properties":{"grp":"LAO","a":"LAO","n":"甘蒙省"}},{"arcs":[[-225,2337,-2314,2338]],"type":"Polygon","properties":{"grp":"LAO","a":"LAO","n":"琅南塔省"}},{"arcs":[[-2308,2339,2340,2341,2342,-2330,2343,2344,2345]],"type":"Polygon","properties":{"grp":"LAO","a":"LAO","n":"琅勃拉邦省"}},{"arcs":[[-224,2346,-2340,-2307,-2315,-2338]],"type":"Polygon","properties":{"grp":"LAO","a":"LAO","n":"乌多姆塞省"}},{"arcs":[[-223,2347,-2341,-2347]],"type":"Polygon","properties":{"grp":"LAO","a":"LAO","n":"丰沙里省"}},{"arcs":[[-2327,2348,2349,2350,2351,2352]],"type":"Polygon","properties":{"grp":"LAO","a":"LAO","n":"沙拉湾省"}},{"arcs":[[-2336,2353,-2350,2354,2355,2356,2357]],"type":"Polygon","properties":{"grp":"LAO","a":"LAO","n":"沙湾拿吉省"}},{"arcs":[[-2318,2358,2359,2360]],"type":"Polygon","properties":{"grp":"LAO","a":"LAO","n":"永珍地区"}},{"arcs":[[-2299,-2346,2361,-2319,-2361,2362]],"type":"Polygon","properties":{"grp":"LAO","a":"LAO","n":"万象省"}},{"arcs":[[-2320,-2362,-2345,2363]],"type":"Polygon","properties":{"grp":"LAO","a":"LAO","n":"赛宋本省"}},{"arcs":[[-2310,-2328,-2353,2364,2365,2366]],"type":"Polygon","properties":{"grp":"LAO","a":"LAO","n":"塞公省"}},{"arcs":[[-2321,-2364,-2344,-2329,2367]],"type":"Polygon","properties":{"grp":"LAO","a":"LAO","n":"川圹省"}},{"arcs":[[2368,2369,2370,2371,2372,2373]],"type":"Polygon","properties":{"grp":"MNG","a":"MNG","n":"乌布苏省"}},{"arcs":[[-432,2374,-2370,2375,2376]],"type":"Polygon","properties":{"grp":"MNG","a":"MNG","n":"科布多省"}},{"arcs":[[-2369,2377,2378,2379,2380,2381,-2376]],"type":"Polygon","properties":{"grp":"MNG","a":"MNG","n":"扎布汗省"}},{"arcs":[[2382,2383,2384,2385,2386,2387,2388,2389]],"type":"Polygon","properties":{"grp":"MNG","a":"MNG","n":"布尔干省"}},{"arcs":[[-438,2390,2391,2392,2393,2394]],"type":"Polygon","properties":{"grp":"MNG","a":"MNG","n":"东戈壁省"}},{"arcs":[[[2395]],[[2396,2397]],[[2398]]],"type":"MultiPolygon","properties":{"grp":"MNG","a":"MNG","n":"乌兰巴托"}},{"arcs":[[-2393,2399,2400,2401]],"type":"Polygon","properties":{"grp":"MNG","a":"MNG","n":"戈壁苏木贝尔省"}},{"arcs":[[-439,-2395,2402,2403]],"type":"Polygon","properties":{"grp":"MNG","a":"MNG","n":"苏赫巴托尔省"}},{"arcs":[[-433,-2377,-2382,2404,-435]],"type":"Polygon","properties":{"grp":"MNG","a":"MNG","n":"戈壁阿尔泰省"}},{"arcs":[[-2385,2405]],"type":"Polygon","properties":{"grp":"MNG","a":"MNG","n":"鄂尔浑省"}},{"arcs":[[-2380,2406,-2389,2407,2408]],"type":"Polygon","properties":{"grp":"MNG","a":"MNG","n":"后杭爱省"}},{"arcs":[[-436,-2405,-2381,-2409,2409,2410]],"type":"Polygon","properties":{"grp":"MNG","a":"MNG","n":"巴彦洪戈尔省"}},{"arcs":[[-2392,2411,2412,2413,-2400]],"type":"Polygon","properties":{"grp":"MNG","a":"MNG","n":"中戈壁省"}},{"arcs":[[-437,-2411,2414,-2412,-2391]],"type":"Polygon","properties":{"grp":"MNG","a":"MNG","n":"南戈壁省"}},{"arcs":[[-2388,2415,-2413,-2415,-2410,-2408]],"type":"Polygon","properties":{"grp":"MNG","a":"MNG","n":"前杭爱省"}},{"arcs":[[-2387,2416,2417,-2398,2418,-2401,-2414,-2416],[-2396],[-2399]],"type":"Polygon","properties":{"grp":"MNG","a":"MNG","n":"中央省"}},{"arcs":[[-440,-2404,2419,2420]],"type":"Polygon","properties":{"grp":"MNG","a":"MNG","n":"东方省"}},{"arcs":[[-2384,2421,2422,-2417,-2386,-2406],[2423]],"type":"Polygon","properties":{"grp":"MNG","a":"MNG","n":"色楞格省"}},{"arcs":[[-2379,2424,-2390,-2407]],"type":"Polygon","properties":{"grp":"MNG","a":"MNG","n":"库苏古尔省"}},{"arcs":[[-431,2425,-2371,-2375]],"type":"Polygon","properties":{"grp":"MNG","a":"MNG","n":"巴彦乌列盖省"}},{"arcs":[[-2424]],"type":"Polygon","properties":{"grp":"MNG","a":"MNG","n":"达尔汗乌勒省"}},{"arcs":[[-2394,-2402,-2419,-2397,-2418,-2423,2426,-2420,-2403]],"type":"Polygon","properties":{"grp":"MNG","a":"MNG","n":"肯特省"}},{"arcs":[[[2427]],[[2428,2429,2430,2431],[2432],[2433]]],"type":"MultiPolygon","properties":{"grp":"MYS","a":"MYS","n":"雪兰莪"}},{"arcs":[[[2434,2435,2436,2437]],[[2438]]],"type":"MultiPolygon","properties":{"grp":"MYS","a":"MYS","n":"柔佛州"}},{"arcs":[[-2433]],"type":"Polygon","properties":{"grp":"MYS","a":"MYS","n":"吉隆坡"}},{"arcs":[[-2435,2439,2440]],"type":"Polygon","properties":{"grp":"MYS","a":"MYS","n":"马六甲"}},{"arcs":[[-2430,2441,-2436,-2441,2442]],"type":"Polygon","properties":{"grp":"MYS","a":"MYS","n":"森美兰"}},{"arcs":[[[-2035,2443,2444]],[[2445]],[[2446]],[[2447]],[[2448]],[[2449]],[[2450]]],"type":"MultiPolygon","properties":{"grp":"MYS","a":"MYS","n":"沙巴"}},{"arcs":[[[-100,-104,-106,2451,-108,2452,-2444,-2034,-2031,-649,2453]],[[2454]]],"type":"MultiPolygon","properties":{"grp":"MYS","a":"MYS","n":"砂拉越"}},{"arcs":[[2455,2456,2457,2458,2459]],"type":"Polygon","properties":{"grp":"MYS","a":"MYS","n":"吉兰丹"}},{"arcs":[[-2434]],"type":"Polygon","properties":{"grp":"MYS","a":"MYS","n":"布城"}},{"arcs":[[-2457,2460,2461]],"type":"Polygon","properties":{"grp":"MYS","a":"MYS","n":"登嘉楼"}},{"arcs":[[-2429,2462,-2458,-2462,2463,-2437,-2442]],"type":"Polygon","properties":{"grp":"MYS","a":"MYS","n":"彭亨"}},{"arcs":[[[2464]],[[2465]],[[2466,2467,2468,2469,2470,2471]]],"type":"MultiPolygon","properties":{"grp":"MYS","a":"MYS","n":"吉打"}},{"arcs":[[-2470,2472,2473,2474]],"type":"Polygon","properties":{"grp":"MYS","a":"MYS","n":"玻璃市"}},{"arcs":[[-2432,2475,2476,-2467,2477,2478,-2459,-2463]],"type":"Polygon","properties":{"grp":"MYS","a":"MYS","n":"霹雳州"}},{"arcs":[[[-2468,-2477,2479]],[[2480]]],"type":"MultiPolygon","properties":{"grp":"MYS","a":"MYS","n":"槟城"}},{"arcs":[[2481]],"type":"Polygon","properties":{"grp":"MYS","a":"MYS","n":"纳闽"}},{"arcs":[[2482]],"type":"Polygon","properties":{"grp":"MDV","a":"MDV","n":"哈阿利夫环礁"}},{"arcs":[[2483]],"type":"Polygon","properties":{"grp":"MDV","a":"MDV","n":"哈阿达卢环礁"}},{"arcs":[[2484]],"type":"Polygon","properties":{"grp":"MDV","a":"MDV","n":"沙维亚尼环礁"}},{"arcs":[[2485]],"type":"Polygon","properties":{"grp":"MDV","a":"MDV","n":"拉维亚尼环礁"}},{"arcs":[[2486]],"type":"Polygon","properties":{"grp":"MDV","a":"MDV","n":"拉环礁"}},{"arcs":[[2487]],"type":"Polygon","properties":{"grp":"MDV","a":"MDV","n":"巴环礁"}},{"arcs":[[2488]],"type":"Polygon","properties":{"grp":"MDV","a":"MDV","n":"阿利夫阿利夫环礁"}},{"arcs":[[2489]],"type":"Polygon","properties":{"grp":"MDV","a":"MDV","n":"达卢环礁"}},{"arcs":[[2490]],"type":"Polygon","properties":{"grp":"MDV","a":"MDV","n":"法夫环礁"}},{"arcs":[[2491]],"type":"Polygon","properties":{"grp":"MDV","a":"MDV","n":"塔环礁"}},{"arcs":[[2492]],"type":"Polygon","properties":{"grp":"MDV","a":"MDV","n":"阿杜环礁"}},{"arcs":[[2493]],"type":"Polygon","properties":{"grp":"MDV","a":"MDV","n":"卡夫环礁"}},{"arcs":[[2494]],"type":"Polygon","properties":{"grp":"MDV","a":"MDV","n":"瓦维环礁"}},{"arcs":[[2495]],"type":"Polygon","properties":{"grp":"MHL","a":"MHL","n":"夸贾林"}},{"arcs":[[2496]],"type":"Polygon","properties":{"grp":"MHL","a":"MHL","n":"基利"}},{"arcs":[[2497]],"type":"Polygon","properties":{"grp":"MHL","a":"MHL","n":"利基埃普"}},{"arcs":[[2498]],"type":"Polygon","properties":{"grp":"MHL","a":"MHL","n":"纳穆"}},{"arcs":[[2499]],"type":"Polygon","properties":{"grp":"MHL","a":"MHL","n":"艾林拉普拉普"}},{"arcs":[[2500]],"type":"Polygon","properties":{"grp":"MHL","a":"MHL","n":"艾卢克"}},{"arcs":[[2501]],"type":"Polygon","properties":{"grp":"MHL","a":"MHL","n":"阿尔诺"}},{"arcs":[[2502]],"type":"Polygon","properties":{"grp":"MHL","a":"MHL","n":"奥尔"}},{"arcs":[[2503]],"type":"Polygon","properties":{"grp":"MHL","a":"MHL","n":"埃邦"}},{"arcs":[[2504]],"type":"Polygon","properties":{"grp":"MHL","a":"MHL","n":"埃尼威托克"}},{"arcs":[[2505]],"type":"Polygon","properties":{"grp":"MHL","a":"MHL","n":"贾巴特"}},{"arcs":[[2506]],"type":"Polygon","properties":{"grp":"MHL","a":"MHL","n":"拉埃"}},{"arcs":[[2507]],"type":"Polygon","properties":{"grp":"MHL","a":"MHL","n":"马朱罗"}},{"arcs":[[2508]],"type":"Polygon","properties":{"grp":"MHL","a":"MHL","n":"梅吉特"}},{"arcs":[[2509]],"type":"Polygon","properties":{"grp":"MHL","a":"MHL","n":"纳姆德里克"}},{"arcs":[[2510]],"type":"Polygon","properties":{"grp":"MHL","a":"MHL","n":"乌贾埃"}},{"arcs":[[2511]],"type":"Polygon","properties":{"grp":"MHL","a":"MHL","n":"乌蒂里克"}},{"arcs":[[2512]],"type":"Polygon","properties":{"grp":"MHL","a":"MHL","n":"沃托"}},{"arcs":[[2513]],"type":"Polygon","properties":{"grp":"MHL","a":"MHL","n":"贾卢伊特"}},{"arcs":[[2514]],"type":"Polygon","properties":{"grp":"MHL","a":"MHL","n":"米利"}},{"arcs":[[2515]],"type":"Polygon","properties":{"grp":"MHL","a":"MHL","n":"马洛埃拉普"}},{"arcs":[[2516]],"type":"Polygon","properties":{"grp":"MHL","a":"MHL","n":"沃特杰"}},{"arcs":[[2517]],"type":"Polygon","properties":{"grp":"FSM","a":"FSM","n":"雅浦州"}},{"arcs":[[[2518]],[[2519]]],"type":"MultiPolygon","properties":{"grp":"FSM","a":"FSM","n":"丘克州"}},{"arcs":[[2520]],"type":"Polygon","properties":{"grp":"FSM","a":"FSM","n":"波纳佩州"}},{"arcs":[[2521]],"type":"Polygon","properties":{"grp":"FSM","a":"FSM","n":"科斯雷州"}},{"arcs":[[2522,2523,2524,2525,2526]],"type":"Polygon","properties":{"grp":"PLW","a":"PLW","n":"艾梅利克州"}},{"arcs":[[-2526,2529,2530,2531]],"type":"Polygon","properties":{"grp":"PLW","a":"PLW","n":"艾拉伊州"}},{"arcs":[[2532]],"type":"Polygon","properties":{"grp":"PLW","a":"PLW","n":"安加尔州"}},{"arcs":[[2533]],"type":"Polygon","properties":{"grp":"PLW","a":"PLW","n":"哈托博海伊州"}},{"arcs":[[2534]],"type":"Polygon","properties":{"grp":"PLW","a":"PLW","n":"科罗尔州"}},{"arcs":[[2535,2536,2537,2538]],"type":"Polygon","properties":{"grp":"PLW","a":"PLW","n":"梅莱凯奥克州"}},{"arcs":[[2539,2540,2541,2542,2543]],"type":"Polygon","properties":{"grp":"PLW","a":"PLW","n":"雅拉尔德州"}},{"arcs":[[-2540,2544]],"type":"Polygon","properties":{"grp":"PLW","a":"PLW","n":"雅切隆州"}},{"arcs":[[-2543,2545,2546,2547]],"type":"Polygon","properties":{"grp":"PLW","a":"PLW","n":"雅德马乌州"}},{"arcs":[[-2539,2548,2549,2550,-2547,2551]],"type":"Polygon","properties":{"grp":"PLW","a":"PLW","n":"埃雷姆伦维州"}},{"arcs":[[-2525,2553,-2550,2554,-2530]],"type":"Polygon","properties":{"grp":"PLW","a":"PLW","n":"雅庞州"}},{"arcs":[[-2531,-2555,-2549,-2538,2556]],"type":"Polygon","properties":{"grp":"PLW","a":"PLW","n":"恩切萨尔州"}},{"arcs":[[-2536,-2552,-2546,-2542,2557]],"type":"Polygon","properties":{"grp":"PLW","a":"PLW","n":"宜瓦尔州"}},{"arcs":[[2558]],"type":"Polygon","properties":{"grp":"PLW","a":"PLW","n":"佩莱利乌州"}},{"arcs":[[2559]],"type":"Polygon","properties":{"grp":"PLW","a":"PLW","n":"松索罗尔州"}},{"arcs":[[2560]],"type":"Polygon","properties":{"grp":"PLW","a":"PLW","n":"卡扬埃尔州"}},{"arcs":[[[2561]],[[2562]]],"type":"MultiPolygon","properties":{"grp":"PNG","a":"PNG","n":"布干维尔自治区"}},{"arcs":[[2563,2564,2565,2566,2567,2568,2569]],"type":"Polygon","properties":{"grp":"PNG","a":"PNG","n":"中央省"}},{"arcs":[[2570,2571,2572,2573,2574]],"type":"Polygon","properties":{"grp":"PNG","a":"PNG","n":"钦布省"}},{"arcs":[[2575,2576]],"type":"Polygon","properties":{"grp":"PNG","a":"PNG","n":"东新不列颠省"}},{"arcs":[[2577,2578,2579,2580,2581]],"type":"Polygon","properties":{"grp":"PNG","a":"PNG","n":"东塞皮克省"}},{"arcs":[[-2572,2582,2583,2584]],"type":"Polygon","properties":{"grp":"PNG","a":"PNG","n":"东高地省"}},{"arcs":[[-2579,2585,2586,2587,2588]],"type":"Polygon","properties":{"grp":"PNG","a":"PNG","n":"恩加省"}},{"arcs":[[[-2570,2589,2590,2591,-2573,-2585,2592]],[[2593]],[[2594]],[[2595]],[[2596]],[[2597]],[[2598]],[[2599]],[[2600]],[[2601]],[[2602]],[[2603]],[[2604]],[[2605]],[[2606]],[[2607]],[[2608]],[[2609]],[[2610]],[[2611]],[[2612]],[[2613]],[[2614]],[[2615]],[[2616]],[[2617]],[[2618]]],"type":"MultiPolygon","properties":{"grp":"PNG","a":"PNG","n":"海湾省"}},{"arcs":[[-2580,-2589,2619,2620,2621]],"type":"Polygon","properties":{"grp":"PNG","a":"PNG","n":"赫拉省"}},{"arcs":[[-2575,2622,2623,2624]],"type":"Polygon","properties":{"grp":"PNG","a":"PNG","n":"吉瓦卡省"}},{"arcs":[[[-2571,-2625,2625,-2586,-2578,2626,2627,-2583]],[[2628]],[[2629]],[[2630]],[[2631]]],"type":"MultiPolygon","properties":{"grp":"PNG","a":"PNG","n":"马当省"}},{"arcs":[[[2632]],[[2633]],[[2634]]],"type":"MultiPolygon","properties":{"grp":"PNG","a":"PNG","n":"马努斯省"}},{"arcs":[[[-2566,2635,2636]],[[2637]],[[2638]],[[2639]],[[2640]],[[2641]],[[2642]],[[2643]],[[2644]],[[2645]],[[2646]],[[2647]],[[2648]]],"type":"MultiPolygon","properties":{"grp":"PNG","a":"PNG","n":"米尔恩湾省"}},{"arcs":[[[-2564,-2593,-2584,-2628,2649,2650]],[[2651]],[[2652]],[[2653]]],"type":"MultiPolygon","properties":{"grp":"PNG","a":"PNG","n":"莫雷贝省"}},{"arcs":[[-2568,2654]],"type":"Polygon","properties":{"grp":"PNG","a":"PNG","n":"莫尔兹比港"}},{"arcs":[[[2655]],[[2656]],[[2657]],[[2658]],[[2659]],[[2660]],[[2661]],[[2662]],[[2663]],[[2664]]],"type":"MultiPolygon","properties":{"grp":"PNG","a":"PNG","n":"新爱尔兰省"}},{"arcs":[[-2565,-2651,2665,-2636]],"type":"Polygon","properties":{"grp":"PNG","a":"PNG","n":"北部省"}},{"arcs":[[-2574,-2592,2666,-2620,-2588,2667,-2623]],"type":"Polygon","properties":{"grp":"PNG","a":"PNG","n":"南高地省"}},{"arcs":[[[-2576,2668]],[[2669]],[[2670]]],"type":"MultiPolygon","properties":{"grp":"PNG","a":"PNG","n":"西新不列颠省"}},{"arcs":[[-2581,-2622,2671,2672]],"type":"Polygon","properties":{"grp":"PNG","a":"PNG","n":"桑道恩省"}},{"arcs":[[-2587,-2626,-2624,-2668]],"type":"Polygon","properties":{"grp":"PNG","a":"PNG","n":"西高地省"}},{"arcs":[[[-1126,2673,2674,-1319,2675,-2672,-2621,-2667,-2591,2676,-1153,2677,2678,-1150,2679,2680,-1140,2681,2682,-1135,2683,2684]],[[2685]],[[2686]],[[2687]],[[2688]],[[2689]]],"type":"MultiPolygon","properties":{"grp":"PNG","a":"PNG","n":"西部省"}},{"arcs":[[2690,2691,2692,2693,2694,2695]],"type":"Polygon","properties":{"grp":"TWN","a":"TWN","n":"新竹县"}},{"arcs":[[-2694,2696,2697,2698]],"type":"Polygon","properties":{"grp":"TWN","a":"TWN","n":"苗栗县"}},{"arcs":[[2699]],"type":"Polygon","properties":{"grp":"TWN","a":"TWN","n":"连江县（马祖）"}},{"arcs":[[2700]],"type":"Polygon","properties":{"grp":"TWN","a":"TWN","n":"金门县"}},{"arcs":[[2701,2702,2703,2704,2705],[2706]],"type":"Polygon","properties":{"grp":"TWN","a":"TWN","n":"嘉义县"}},{"arcs":[[-2692,2707,2708,2709,2710,2711]],"type":"Polygon","properties":{"grp":"TWN","a":"TWN","n":"宜兰县"}},{"arcs":[[-2703,2712,2713,2714,2715,2716]],"type":"Polygon","properties":{"grp":"TWN","a":"TWN","n":"南投县"}},{"arcs":[[-2714,2717,2718,2719,2720,2721]],"type":"Polygon","properties":{"grp":"TWN","a":"TWN","n":"彰化县"}},{"arcs":[[2722,2723,2724]],"type":"Polygon","properties":{"grp":"TWN","a":"TWN","n":"屏东县"}},{"arcs":[[[-2723,2725,2726,2727]],[[2728]]],"type":"MultiPolygon","properties":{"grp":"TWN","a":"TWN","n":"台东县"}},{"arcs":[[-2711,2729,-2727,2730,-2716,2731]],"type":"Polygon","properties":{"grp":"TWN","a":"TWN","n":"花莲县"}},{"arcs":[[2732]],"type":"Polygon","properties":{"grp":"TWN","a":"TWN","n":"澎湖县"}},{"arcs":[[-2702,2733,-2718,-2713]],"type":"Polygon","properties":{"grp":"TWN","a":"TWN","n":"云林县"}},{"arcs":[[-2707]],"type":"Polygon","properties":{"grp":"TWN","a":"TWN","n":"嘉义市"}},{"arcs":[[-2695,-2699,2734]],"type":"Polygon","properties":{"grp":"TWN","a":"TWN","n":"新竹市"}},{"arcs":[[2735,2736]],"type":"Polygon","properties":{"grp":"TWN","a":"TWN","n":"基隆市"}},{"arcs":[[-2693,-2712,-2732,-2715,-2722,2737,-2697]],"type":"Polygon","properties":{"grp":"TWN","a":"TWN","n":"台中市"}},{"arcs":[[-2691,2739,2740,-2708]],"type":"Polygon","properties":{"grp":"TWN","a":"TWN","n":"桃园市"}},{"arcs":[[-2709,-2741,2741,-2736,2742],[2743]],"type":"Polygon","properties":{"grp":"TWN","a":"TWN","n":"新北市"}},{"arcs":[[-2705,2744,2745]],"type":"Polygon","properties":{"grp":"TWN","a":"TWN","n":"台南市"}},{"arcs":[[-2744]],"type":"Polygon","properties":{"grp":"TWN","a":"TWN","n":"台北市"}},{"arcs":[[-2704,-2717,-2731,-2726,-2725,2746,-2745]],"type":"Polygon","properties":{"grp":"TWN","a":"TWN","n":"高雄市"}},{"arcs":[[2747,2748,2749,2750,2751,2752]],"type":"Polygon","properties":{"grp":"THA","a":"THA","n":"黎逸府"}},{"arcs":[[-2304,2753,2754,2755,2756]],"type":"Polygon","properties":{"grp":"THA","a":"THA","n":"帕尧府"}},{"arcs":[[2757,2758,2759,2760,2761,2762,2763,2764]],"type":"Polygon","properties":{"grp":"THA","a":"THA","n":"那空沙旺府"}},{"arcs":[[2765,2766,2767]],"type":"Polygon","properties":{"grp":"THA","a":"THA","n":"农磨兰普府"}},{"arcs":[[2768,2769,2770,2771,2772,2773,2774,2775,2776]],"type":"Polygon","properties":{"grp":"THA","a":"THA","n":"差春骚府"}},{"arcs":[[-176,2777,2778,-2752,2779]],"type":"Polygon","properties":{"grp":"THA","a":"THA","n":"素林府"}},{"arcs":[[2780,2781,2782,2783,2784,2785,2786,2787]],"type":"Polygon","properties":{"grp":"THA","a":"THA","n":"那空叻差是玛府"}},{"arcs":[[2788,2789,2790,2791,2792,2793]],"type":"Polygon","properties":{"grp":"THA","a":"THA","n":"素可泰府"}},{"arcs":[[2794,2795,2796,2797,2798]],"type":"Polygon","properties":{"grp":"THA","a":"THA","n":"佛丕府"}},{"arcs":[[-2782,2799,2800]],"type":"Polygon","properties":{"grp":"THA","a":"THA","n":"猜也蓬府"}},{"arcs":[[-2760,2801,2802,2803,2804,-2800,2805]],"type":"Polygon","properties":{"grp":"THA","a":"THA","n":"碧差汶府"}},{"arcs":[[[2806]],[[2807,2808,2809,2810,2811,2812]],[[2813]]],"type":"MultiPolygon","properties":{"grp":"THA","a":"THA","n":"素叻府"}},{"arcs":[[-119,-177,-2780,-2751,2814,2815]],"type":"Polygon","properties":{"grp":"THA","a":"THA","n":"四色菊府"}},{"arcs":[[-2317,2816,2817,2818,2819,-2359]],"type":"Polygon","properties":{"grp":"THA","a":"THA","n":"廊开府"}},{"arcs":[[-2770,2820,2821,2822,2823,2824,2825]],"type":"Polygon","properties":{"grp":"THA","a":"THA","n":"曼谷"}},{"arcs":[[-2767,2826,2827,2828,2829,-2783,-2801,-2805,2830]],"type":"Polygon","properties":{"grp":"THA","a":"THA","n":"孔敬府"}},{"arcs":[[-2300,-2363,-2360,-2820,2831,-2768,-2831,-2804,2832]],"type":"Polygon","properties":{"grp":"THA","a":"THA","n":"黎府"}},{"arcs":[[-2788,2833,2834,2835,2836]],"type":"Polygon","properties":{"grp":"THA","a":"THA","n":"北标府"}},{"arcs":[[-2764,2837,2838,2839,2840]],"type":"Polygon","properties":{"grp":"THA","a":"THA","n":"乌泰他尼府"}},{"arcs":[[-2809,2841,2842,2843,2844]],"type":"Polygon","properties":{"grp":"THA","a":"THA","n":"春蓬府"}},{"arcs":[[-2748,2845,-2828,2846,2847,2848]],"type":"Polygon","properties":{"grp":"THA","a":"THA","n":"加拉信府"}},{"arcs":[[-2301,-2833,-2803,2849,2850,-2792,2851]],"type":"Polygon","properties":{"grp":"THA","a":"THA","n":"彭世洛府"}},{"arcs":[[-2808,2852,2853,2854,-2842]],"type":"Polygon","properties":{"grp":"THA","a":"THA","n":"拉廊府"}},{"arcs":[[-2766,-2832,-2819,2855,-2847,-2827]],"type":"Polygon","properties":{"grp":"THA","a":"THA","n":"乌隆府"}},{"arcs":[[-2818,2856,2857,2858,-2848,-2856]],"type":"Polygon","properties":{"grp":"THA","a":"THA","n":"沙功那空府"}},{"arcs":[[-2305,-2757,2859,2860,2861,-2312]],"type":"Polygon","properties":{"grp":"THA","a":"THA","n":"清莱府"}},{"arcs":[[-2765,-2841,2862,2863,2864,2865,2866,2867,-2794,2868]],"type":"Polygon","properties":{"grp":"THA","a":"THA","n":"达府"}},{"arcs":[[-2824,2869,2870,2871,2872,2873,2874]],"type":"Polygon","properties":{"grp":"THA","a":"THA","n":"佛统府"}},{"arcs":[[-2867,2875,2876]],"type":"Polygon","properties":{"grp":"THA","a":"THA","n":"南奔府"}},{"arcs":[[[-133,2877,2878,-166,-198,-154]],[[2879]],[[2880]]],"type":"MultiPolygon","properties":{"grp":"THA","a":"THA","n":"达叻府"}},{"arcs":[[-2795,2881,2882,-2871,2883,2884]],"type":"Polygon","properties":{"grp":"THA","a":"THA","n":"叻武里府"}},{"arcs":[[-2750,2885,2886,2887,-2815]],"type":"Polygon","properties":{"grp":"THA","a":"THA","n":"益梭通府"}},{"arcs":[[-2755,2888,2889,-2790,2890]],"type":"Polygon","properties":{"grp":"THA","a":"THA","n":"帕府"}},{"arcs":[[-2472,2891,2892,2893,-2478]],"type":"Polygon","properties":{"grp":"THA","a":"THA","n":"也拉府"}},{"arcs":[[-2302,-2852,-2791,-2890,2894]],"type":"Polygon","properties":{"grp":"THA","a":"THA","n":"程逸府"}},{"arcs":[[-172,2895,-2784,-2830,2896,-2778,-175]],"type":"Polygon","properties":{"grp":"THA","a":"THA","n":"武里南府"}},{"arcs":[[-2758,-2869,-2793,-2851,2897]],"type":"Polygon","properties":{"grp":"THA","a":"THA","n":"甘烹碧府"}},{"arcs":[[-2756,-2891,-2789,-2868,-2877,2898,-2860]],"type":"Polygon","properties":{"grp":"THA","a":"THA","n":"南邦府"}},{"arcs":[[-2825,-2875,2899,2900]],"type":"Polygon","properties":{"grp":"THA","a":"THA","n":"暖武里府"}},{"arcs":[[-2316,2901,-2857,-2817]],"type":"Polygon","properties":{"grp":"THA","a":"THA","n":"汶干府"}},{"arcs":[[-2460,-2479,-2894,2902,2903]],"type":"Polygon","properties":{"grp":"THA","a":"THA","n":"那拉提瓦府"}},{"arcs":[[-120,-2816,-2888,2904,-2355,-2349,-2326]],"type":"Polygon","properties":{"grp":"THA","a":"THA","n":"乌汶府"}},{"arcs":[[-2798,2905,-2844,2906]],"type":"Polygon","properties":{"grp":"THA","a":"THA","n":"巴蜀府"}},{"arcs":[[[-2471,-2475,2907,2908,2909,2910,2911,-2892]],[[2912,2913,2914]]],"type":"MultiPolygon","properties":{"grp":"THA","a":"THA","n":"宋卡府"}},{"arcs":[[2915]],"type":"Polygon","properties":{"grp":"THA","a":"THA","n":"普吉府"}},{"arcs":[[2916,2917,2918,2919]],"type":"Polygon","properties":{"grp":"THA","a":"THA","n":"红统府"}},{"arcs":[[-2753,-2779,-2897,-2829,-2846]],"type":"Polygon","properties":{"grp":"THA","a":"THA","n":"马哈沙拉堪府"}},{"arcs":[[[-2909,2920,2921,2922,2923,2924]],[[2925]]],"type":"MultiPolygon","properties":{"grp":"THA","a":"THA","n":"董里府"}},{"arcs":[[-2839,2926,2927,-2920,2928,-2873,2929]],"type":"Polygon","properties":{"grp":"THA","a":"THA","n":"素攀府"}},{"arcs":[[-2762,2930,-2917,-2928,2931]],"type":"Polygon","properties":{"grp":"THA","a":"THA","n":"信武里府"}},{"arcs":[[-2796,-2885,2932,2933]],"type":"Polygon","properties":{"grp":"THA","a":"THA","n":"沙没颂堪府"}},{"arcs":[[2934,2935,2936,2937,2938]],"type":"Polygon","properties":{"grp":"THA","a":"THA","n":"罗勇府"}},{"arcs":[[-2773,2939,-2786,2940]],"type":"Polygon","properties":{"grp":"THA","a":"THA","n":"巴真府"}},{"arcs":[[-2836,2941,-2900,-2874,-2929,-2919,2942]],"type":"Polygon","properties":{"grp":"THA","a":"THA","n":"大城府"}},{"arcs":[[-2759,-2898,-2850,-2802]],"type":"Polygon","properties":{"grp":"THA","a":"THA","n":"披集府"}},{"arcs":[[-2910,-2925,2943,-2913,2944]],"type":"Polygon","properties":{"grp":"THA","a":"THA","n":"博他仑府"}},{"arcs":[[[-2813,2945,2946,2947,2948,-2853]],[[2949]],[[2950]],[[2951]]],"type":"MultiPolygon","properties":{"grp":"THA","a":"THA","n":"攀牙府"}},{"arcs":[[-2893,-2912,2952,-2903]],"type":"Polygon","properties":{"grp":"THA","a":"THA","n":"北大年府"}},{"arcs":[[-2771,-2826,-2901,-2942,-2835,2953]],"type":"Polygon","properties":{"grp":"THA","a":"THA","n":"巴吞他尼府"}},{"arcs":[[-2811,2954,-2914,-2944,-2924,2955]],"type":"Polygon","properties":{"grp":"THA","a":"THA","n":"那空是贪玛叻府"}},{"arcs":[[-2772,-2954,-2834,-2787,-2940]],"type":"Polygon","properties":{"grp":"THA","a":"THA","n":"那空那育府"}},{"arcs":[[-2357,2956,-2886,-2749,-2849,-2859,2957]],"type":"Polygon","properties":{"grp":"THA","a":"THA","n":"穆达汉府"}},{"arcs":[[-2761,-2806,-2781,-2837,-2943,-2918,-2931]],"type":"Polygon","properties":{"grp":"THA","a":"THA","n":"华富里府"}},{"arcs":[[[-2812,-2956,-2923,2958,-2946]],[[2960]],[[2961]]],"type":"MultiPolygon","properties":{"grp":"THA","a":"THA","n":"甲米府"}},{"arcs":[[-2776,2962,-2939,2963]],"type":"Polygon","properties":{"grp":"THA","a":"THA","n":"春武里府"}},{"arcs":[[-2861,-2899,-2876,-2866,2964,2965]],"type":"Polygon","properties":{"grp":"THA","a":"THA","n":"清迈府"}},{"arcs":[[-2763,-2932,-2927,-2838]],"type":"Polygon","properties":{"grp":"THA","a":"THA","n":"猜纳府"}},{"arcs":[[-2356,-2905,-2887,-2957]],"type":"Polygon","properties":{"grp":"THA","a":"THA","n":"安纳乍伦府"}},{"arcs":[[-2823,2966,-2933,-2884,-2870]],"type":"Polygon","properties":{"grp":"THA","a":"THA","n":"沙没沙空府"}},{"arcs":[[-2769,2967,-2821]],"type":"Polygon","properties":{"grp":"THA","a":"THA","n":"沙没巴干府"}},{"arcs":[[-2303,-2895,-2889,-2754]],"type":"Polygon","properties":{"grp":"THA","a":"THA","n":"难府"}},{"arcs":[[-167,-2879,2968,-2935,-2963,-2775,2969,-199]],"type":"Polygon","properties":{"grp":"THA","a":"THA","n":"庄他武里府"}},{"arcs":[[-2325,-2337,-2358,-2958,-2858,-2902]],"type":"Polygon","properties":{"grp":"THA","a":"THA","n":"那空拍侬府"}},{"arcs":[[-2840,-2930,-2872,-2883,2971,2972,2973,-2863]],"type":"Polygon","properties":{"grp":"THA","a":"THA","n":"北碧府"}},{"arcs":[[-2865,2974,2975,2976,-2965]],"type":"Polygon","properties":{"grp":"THA","a":"THA","n":"夜丰颂府"}},{"arcs":[[-171,-200,-2970,-2774,-2941,-2785,-2896]],"type":"Polygon","properties":{"grp":"THA","a":"THA","n":"沙缴府"}},{"arcs":[[[-2474,2977,-2921,-2908]],[[2978]],[[2979]]],"type":"MultiPolygon","properties":{"grp":"THA","a":"THA","n":"沙敦府"}},{"arcs":[[-756,2980]],"type":"Polygon","properties":{"grp":"TLS","a":"TLS","n":"欧库西-安贝诺县"}},{"arcs":[[2981,2982,2983,2984,2985,2986]],"type":"Polygon","properties":{"grp":"TLS","a":"TLS","n":"阿伊莱乌县"}},{"arcs":[[-2986,2987,2988,2989,2990,2991]],"type":"Polygon","properties":{"grp":"TLS","a":"TLS","n":"阿伊纳罗县"}},{"arcs":[[2992,2993,2994,2995]],"type":"Polygon","properties":{"grp":"TLS","a":"TLS","n":"包考县"}},{"arcs":[[-758,2996,2997,2998,-2991,2999]],"type":"Polygon","properties":{"grp":"TLS","a":"TLS","n":"博博纳罗县"}},{"arcs":[[-754,-3000,-2990,3000]],"type":"Polygon","properties":{"grp":"TLS","a":"TLS","n":"科瓦利马县"}},{"arcs":[[-2983,3001,3002,3003]],"type":"Polygon","properties":{"grp":"TLS","a":"TLS","n":"帝力市"}},{"arcs":[[-2987,-2992,-2999,3004]],"type":"Polygon","properties":{"grp":"TLS","a":"TLS","n":"埃尔梅拉县"}},{"arcs":[[-2993,3005,3006]],"type":"Polygon","properties":{"grp":"TLS","a":"TLS","n":"劳滕县"}},{"arcs":[[-2982,-3005,-2998,3007,-3002]],"type":"Polygon","properties":{"grp":"TLS","a":"TLS","n":"利逵萨县"}},{"arcs":[[-2984,-3004,3008,-2995,3009,3010,3011]],"type":"Polygon","properties":{"grp":"TLS","a":"TLS","n":"马纳图托县"}},{"arcs":[[-2985,-3012,3012,-2988]],"type":"Polygon","properties":{"grp":"TLS","a":"TLS","n":"马努法伊县"}},{"arcs":[[-2994,-3007,3013,-3010]],"type":"Polygon","properties":{"grp":"TLS","a":"TLS","n":"维克克县"}},{"arcs":[[[-141,-145,-151,3014,3015,3016,3017]],[[3018]]],"type":"MultiPolygon","properties":{"grp":"VNM","a":"VNM","n":"安江省"}},{"arcs":[[3019,3020,3021,3022]],"type":"Polygon","properties":{"grp":"VNM","a":"VNM","n":"胡志明市"}},{"arcs":[[3025,3026,3027,3028,3029,3030]],"type":"Polygon","properties":{"grp":"VNM","a":"VNM","n":"北宁省"}},{"arcs":[[-3029,3031,3032,3033,3034,3035]],"type":"Polygon","properties":{"grp":"VNM","a":"VNM","n":"太原省"}},{"arcs":[[[-3017,3036,3037]],[[3038]]],"type":"MultiPolygon","properties":{"grp":"VNM","a":"VNM","n":"金瓯省"}},{"arcs":[[[3041,3042,3043,3044,3045]],[[3046]],[[3051]]],"type":"MultiPolygon","properties":{"grp":"VNM","a":"VNM","n":"永隆省"}},{"arcs":[[-159,3052,3053,3054,3055]],"type":"Polygon","properties":{"grp":"VNM","a":"VNM","n":"嘉莱省"}},{"arcs":[[-183,3056,-3023,3057,-196,-185]],"type":"Polygon","properties":{"grp":"VNM","a":"VNM","n":"同奈省"}},{"arcs":[[-182,3058,3059,3060,-3020,-3057]],"type":"Polygon","properties":{"grp":"VNM","a":"VNM","n":"林同省"}},{"arcs":[[[-3016,3061,-3045,3062,-3037]],[[-3043,3063]],[[3064]]],"type":"MultiPolygon","properties":{"grp":"VNM","a":"VNM","n":"芹苴市"}},{"arcs":[[-209,3065,-3035,3066,-218]],"type":"Polygon","properties":{"grp":"VNM","a":"VNM","n":"高平省"}},{"arcs":[[-2366,3067,3068,3069]],"type":"Polygon","properties":{"grp":"VNM","a":"VNM","n":"岘港市"}},{"arcs":[[-161,3070,-3055,3071,3072,-3059,-181]],"type":"Polygon","properties":{"grp":"VNM","a":"VNM","n":"得乐省"}},{"arcs":[[-222,3073,3074,-2342,-2348]],"type":"Polygon","properties":{"grp":"VNM","a":"VNM","n":"奠边省"}},{"arcs":[[[-150,-190,3075,3076,-3024,3077,-3046,-3062,-3015]],[[-3041,3078,-3050,3079,-3048,3080]]],"type":"MultiPolygon","properties":{"grp":"VNM","a":"VNM","n":"同塔省"}},{"arcs":[[-219,-3067,-3034,3081,3082]],"type":"Polygon","properties":{"grp":"VNM","a":"VNM","n":"宣光省"}},{"arcs":[[3083,3084,3085,3086,3087]],"type":"Polygon","properties":{"grp":"VNM","a":"VNM","n":"宁平省"}},{"arcs":[[-3028,3088,-3084,3089,-3032]],"type":"Polygon","properties":{"grp":"VNM","a":"VNM","n":"河内市"}},{"arcs":[[-2323,3090,3091,3092,-2334]],"type":"Polygon","properties":{"grp":"VNM","a":"VNM","n":"河静省"}},{"arcs":[[-3026,3093,3094,3095,3096,3097,3098,3099,3100]],"type":"Polygon","properties":{"grp":"VNM","a":"VNM","n":"海防市"}},{"arcs":[[[-207,3101,-3094,-3031,3102]],[[-3098,3104]],[[-3100,3105,3106,3107,3108]],[[3109]],[[3110]],[[3111]],[[3112]]],"type":"MultiPolygon","properties":{"grp":"VNM","a":"VNM","n":"广宁省"}},{"arcs":[[-3033,-3090,-3088,3113,3114,3115,-3082]],"type":"Polygon","properties":{"grp":"VNM","a":"VNM","n":"富寿省"}},{"arcs":[[-3027,-3101,-3109,3116,-3085,-3089]],"type":"Polygon","properties":{"grp":"VNM","a":"VNM","n":"兴安省"}},{"arcs":[[-3060,-3073,3118]],"type":"Polygon","properties":{"grp":"VNM","a":"VNM","n":"庆和省"}},{"arcs":[[-158,-2311,-2367,-3070,3119,-3053]],"type":"Polygon","properties":{"grp":"VNM","a":"VNM","n":"广义省"}},{"arcs":[[-221,3120,3121,-3074]],"type":"Polygon","properties":{"grp":"VNM","a":"VNM","n":"莱州省"}},{"arcs":[[-208,-3103,-3030,-3036,-3066]],"type":"Polygon","properties":{"grp":"VNM","a":"VNM","n":"谅山省"}},{"arcs":[[-220,-3083,-3116,3122,-3121]],"type":"Polygon","properties":{"grp":"VNM","a":"VNM","n":"老街省"}},{"arcs":[[-189,-192,-197,-3058,-3022,3123,-3076]],"type":"Polygon","properties":{"grp":"VNM","a":"VNM","n":"西宁省"}},{"arcs":[[-2322,-2368,-2333,3124,3125,-3091]],"type":"Polygon","properties":{"grp":"VNM","a":"VNM","n":"乂安省"}},{"arcs":[[-2335,-3093,3126,3127,-2351,-2354]],"type":"Polygon","properties":{"grp":"VNM","a":"VNM","n":"广治省"}},{"arcs":[[-2331,-2343,-3075,-3122,-3123,-3115,3128]],"type":"Polygon","properties":{"grp":"VNM","a":"VNM","n":"山罗省"}},{"arcs":[[-2332,-3129,-3114,-3087,3129,-3125]],"type":"Polygon","properties":{"grp":"VNM","a":"VNM","n":"清化省"}},{"arcs":[[-2352,-3128,3130,-3068,-2365]],"type":"Polygon","properties":{"grp":"VNM","a":"VNM","n":"顺化市"}},{"arcs":[[[3131]],[[3132,3133,3134,3135,3136,3137,3138,3139,3140,3141,3142]],[[3143]],[[3144,3145]]],"type":"MultiPolygon","properties":{"grp":"BGD","a":"BGD","n":"吉大港专区"}},{"arcs":[[[-3142,3148,3149,3150,3151,3152,3153,3154]],[[-3145,3155]],[[3156]],[[3157]],[[3158]],[[3159]],[[3160]],[[3161]]],"type":"MultiPolygon","properties":{"grp":"BGD","a":"BGD","n":"达卡专区"}},{"arcs":[[-3154,3162,3163,3164,3165]],"type":"Polygon","properties":{"grp":"BGD","a":"BGD","n":"迈门辛专区"}},{"arcs":[[-3153,3166,3167,3168,3169,3170,3171,3172,3173,3174,3175,3176,3177,3178,3179,3180,3181,3182,3183,3184,-3163]],"type":"Polygon","properties":{"grp":"BGD","a":"BGD","n":"拉杰沙希专区"}},{"arcs":[[-3164,-3185,3185,3186,3187,3188,3189,3190,3191,3192,3193,3194,3195,3196,3197,3198,3199,3200,3201,3202,3203,3204,3205,3206]],"type":"Polygon","properties":{"grp":"BGD","a":"BGD","n":"朗布尔专区"}},{"arcs":[[-3143,-3155,-3166,3207,3208,3209]],"type":"Polygon","properties":{"grp":"BGD","a":"BGD","n":"锡尔赫特专区"}},{"arcs":[[[-3152,3210,3211,3212,3213,3214,-3167]],[[3215]],[[3216]],[[3217]],[[3218]]],"type":"MultiPolygon","properties":{"grp":"BGD","a":"BGD","n":"库尔纳专区"}},{"arcs":[[[-3151,3219,-3211]],[[3220]],[[3221]],[[3222]],[[3223]],[[3224]],[[3225]],[[3226]],[[3227]]],"type":"MultiPolygon","properties":{"grp":"BGD","a":"BGD","n":"巴里萨尔专区"}},{"arcs":[[[3228]],[[3229]],[[3230]],[[3231]],[[3232]],[[3233]],[[3234]],[[3235,3236,3237,3238]],[[3239]],[[3240]],[[3241]],[[3242]],[[3243]],[[3244]],[[3245]],[[3246]]],"type":"MultiPolygon","properties":{"grp":"MMR","a":"MMR","n":"伊洛瓦底省"}},{"arcs":[[-3135,3247,3248,3249,3250,3251]],"type":"Polygon","properties":{"grp":"MMR","a":"MMR","n":"钦邦"}},{"arcs":[[-3250,3252,3253,3254,3255,3256,3257,3258]],"type":"Polygon","properties":{"grp":"MMR","a":"MMR","n":"实皆省"}},{"arcs":[[-227,3259,-3256,3260,-344,3261,-342]],"type":"Polygon","properties":{"grp":"MMR","a":"MMR","n":"克钦邦"}},{"arcs":[[-2976,3262,3263]],"type":"Polygon","properties":{"grp":"MMR","a":"MMR","n":"克耶邦"}},{"arcs":[[-2864,-2974,3264,3265,3266,3267,3268,3269,3270,3271,3272,-3263,-2975]],"type":"Polygon","properties":{"grp":"MMR","a":"MMR","n":"克伦邦"}},{"arcs":[[-3251,-3259,3273,3274,3275,3276,3277,3278,3279,3280,3281,3282,3283,3284,3285,3286,3287,3288,3289,3290,3291,3292,3293,3294,3295,3296,3297,3298,3299,3300,3301,3302,3303,3304,3305,3306,3307,3308,3309]],"type":"Polygon","properties":{"grp":"MMR","a":"MMR","n":"马圭省"}},{"arcs":[[[-3258,3310,3311,3312,3313,-3274]],[[-3271,3314,3315,3316]],[[-3279,3317,3318]],[[3319,-3284,3320]],[[-3287,3321,3322,3323]],[[-3296,3324,3325]],[[-3300,3326,3327]],[[3328,-3302,3329]],[[-3305,3330,3331]],[[-3308,3332,3333,3334,3335]],[[3338,3339,3340]],[[3343,3344,3345]],[[3346,3347,3348]],[[3357,3358,3359,3360]],[[3365,3366,3367]],[[3368,3369,3370]],[[3373,3374,3375]],[[3376,3377,3378,3379]],[[3380,3381,3382,3383]]],"type":"MultiPolygon","properties":{"grp":"MMR","a":"MMR","n":"曼德勒省"}},{"arcs":[[[-2973,3384,3385,-3265]],[[-3267,3386]],[[-3269,3387,3388,3389,3390]],[[3391]]],"type":"MultiPolygon","properties":{"grp":"MMR","a":"MMR","n":"孟邦"}},{"arcs":[[[-3136,-3252,-3310,3396,-3236,3397]],[[3398]],[[3399]],[[3400]],[[3401]],[[3402]],[[3403]],[[3404]],[[3405]],[[3406]],[[3407]],[[3408]],[[3409]],[[3410]],[[3411]],[[3412]],[[3413]]],"type":"MultiPolygon","properties":{"grp":"MMR","a":"MMR","n":"若开邦"}},{"arcs":[[[-2799,-2907,-2843,-2855,3414,-3385,-2972,-2882]],[[3415]],[[3416]],[[3417]],[[3418]],[[3419]],[[3420]],[[3421]],[[3422]],[[3423]],[[3424]],[[3425]],[[3426]],[[3427]],[[3428]],[[3429]],[[3430]],[[3431]],[[3432]],[[3433]],[[3434]]],"type":"MultiPolygon","properties":{"grp":"MMR","a":"MMR","n":"德林达依"}},{"arcs":[[-3237,-3397,-3309,-3336,3435,3436,-3384,3437,3438,-3363,3439,3440,-3361,3441,-3315,-3270,-3391,3442,-3395,3443,-3393,3444,3445]],"type":"Polygon","properties":{"grp":"MMR","a":"MMR","n":"勃固省"}},{"arcs":[[-3238,-3446,3451,-3450,3452,-3448,3453]],"type":"Polygon","properties":{"grp":"MMR","a":"MMR","n":"仰光省"}},{"arcs":[[-226,-2339,-2313,-2862,-2966,-2977,-3264,-3273,3454,3455,-3357,3456,3457,-3379,3458,3459,-3355,3460,-3350,3461,-3353,3462,-3343,3463,3464,3465,3466,-3372,3467,3468,3469,-3341,3470,3471,3472,-3367,3473,3474,-3337,3475,3476,-3311,-3257,-3260]],"type":"Polygon","properties":{"grp":"MMR","a":"MMR","n":"掸邦"}},{"arcs":[[[3481,3482]],[[3483,3484]],[[3485]],[[3486,3487]]],"type":"MultiPolygon","properties":{"grp":"IND","a":"IND","n":"本地治里"}},{"arcs":[[3492,3493,3494,3495,3496,3497,3498,3499,3500,3501,3502,3503]],"type":"Polygon","properties":{"grp":"IND","a":"IND","n":"马哈拉施特拉邦"}},{"arcs":[[-3254,3504,3505,3506]],"type":"Polygon","properties":{"grp":"IND","a":"IND","n":"那加兰邦"}},{"arcs":[[3507]],"type":"Polygon","properties":{"grp":"IND","a":"IND","n":"拉克沙群岛"}},{"arcs":[[[-604,3508,3509,3510,3511,3512,3513,3514,3515,3516,3517,-609]],[[3518]]],"type":"MultiPolygon","properties":{"grp":"IND","a":"IND","n":"北方邦"}},{"arcs":[[-3482,3519,-3487,3520,3521,3522,3523,3524,-3489,3525,-3484,3526],[-3486]],"type":"Polygon","properties":{"grp":"IND","a":"IND","n":"泰米尔纳德邦"}},{"arcs":[[-3504,3527,-3511,3528,3529,3530,3531,3532]],"type":"Polygon","properties":{"grp":"IND","a":"IND","n":"恰蒂斯加尔邦"}},{"arcs":[[3533,-3499,3534,3535,3536,3537,3538,3539,3540,3541,3542,3543,3544,-3502,3545]],"type":"Polygon","properties":{"grp":"IND","a":"IND","n":"古吉拉特邦"}},{"arcs":[[-3515,3546]],"type":"Polygon","properties":{"grp":"IND","a":"IND","n":"德里"}},{"arcs":[[3547,3548,3549,3550,3551,3552,3553,3554,3555,3556,3557,3558,3559,3560,3561,3562,3563,3564,3565,-586,3566,-583,3567,-581,3568,-579,3569,-577,3570,-575,3571,-573,3572,-571,3573,-569,3574,-567,3575,-565,3576,-563,3577,-561,-560,-559,3578,-557,3579,-555,3580,-553,3581,-551,3582,-549,3583,-547,3584,-545,-544,3585,-542,3586,-540,3587,-538,3588,-536,3589,-534,3590,-532,3591,-530,3592,-528,3593,-526,3594,-524,3595,-522,3596,-520,3597,-518,3598,-516,-515,3599,-513,3600,3601,-510,3602,-508,3603,-506,3604,-504,3605,3606,-501,3607,-499,3608,-497,3609,3610,3611,-493,3612,-491,3613,-489,3614,-487,3615,-485,3616,3617,-482,3618,-480,3619,-478,3620,-476,3621,-474,3622,-472,-471,3623,-469,3624,-467,3625,-465,3626,3627,-462,3628,-460,-459,3629,-457,-456,3630,-306,3631,-304,3632,-302,3633,-300,3634,-298,3635,-296,3636,-294,-293,3637,-291,-290,3638,-288,3639,-286,-285,-284,3640,-282,3641,-280,3642,-278,3643,-276,3644,-274,3645,3646,-271,-378,-377,3647,-375,3648,-373,3649,-371,3650,-369,-368,3651,-366,3652,-364,3653,-362,-361,-360,-60,-56,3654,-54,3655,-52,3656]],"type":"Polygon","properties":{"grp":"IND","a":"IND","n":"锡金邦"}},{"arcs":[[-3133,-3210,3657,3658]],"type":"Polygon","properties":{"grp":"IND","a":"IND","n":"特里普拉邦"}},{"arcs":[[[-3553,-3552,-3551,3659,-3549,3660,-3657,-51,-47,-26,3661,-3205,3662,-3203,3663,-3201,3664,-3199,-3198,3665,-3196,3666,-3194,3667,-3192,3668,-3190,3669,-3188,3670,-3186,-3184,3671,-3182,3672,-3180,3673,-3178,3674,-3176,3675,-3174,3676,-3172,3677,-3170,3678,-3168,-3215,3679,-3213,3680,3681,3682,3683,-589,3684,-587,-3566,3685,-3564,-3563,-3562,-3561,-3560,-3559,-3558,3686,-3556,-3555,-3554]],[[3688]],[[3689]],[[3690]],[[3691]],[[3692]],[[3693]],[[3694]],[[3695]],[[3696]],[[3697]],[[3698]],[[3699]],[[3700]],[[3701]],[[3702]],[[3703]],[[3704]],[[3705]],[[3706]],[[3707]],[[3708]],[[3709]],[[3710]],[[3711]],[[3712]],[[3713]],[[3714]],[[3715]],[[3716]]],"type":"MultiPolygon","properties":{"grp":"IND","a":"IND","n":"西孟加拉邦"}},{"arcs":[[3717,-3530,3718,-3682,3719,3720]],"type":"Polygon","properties":{"grp":"IND","a":"IND","n":"奥里萨邦"}},{"arcs":[[-590,-3684,3723,-3509,-603,-599,-597,-595,-592,3724]],"type":"Polygon","properties":{"grp":"IND","a":"IND","n":"比哈尔邦"}},{"arcs":[[3725,3726,3727,3728,-429,-428,-427,-336,-335,-334,-333,-332,-331,-330]],"type":"Polygon","properties":{"grp":"IND","a":"IND","n":"拉达克"}},{"arcs":[[-3513,3731,-3544,3732,3733,3734]],"type":"Polygon","properties":{"grp":"IND","a":"IND","n":"拉贾斯坦邦"}},{"arcs":[[-3493,-3533,3735,3736]],"type":"Polygon","properties":{"grp":"IND","a":"IND","n":"特伦甘纳邦"}},{"arcs":[[-3492,3737,-3524,3738,-3736,-3532,3739,-3721,3740,-3722,3741]],"type":"Polygon","properties":{"grp":"IND","a":"IND","n":"安得拉邦"}},{"arcs":[[-3134,-3659,3742,3743,-3248]],"type":"Polygon","properties":{"grp":"IND","a":"IND","n":"米佐拉姆邦"}},{"arcs":[[-5,-9,-345,-3261,-3255,-3507,3744,-95]],"type":"Polygon","properties":{"grp":"IND","a":"IND","n":"阿鲁纳恰尔邦"}},{"arcs":[[-3165,-3207,3745,-3208]],"type":"Polygon","properties":{"grp":"IND","a":"IND","n":"梅加拉亚邦"}},{"arcs":[[-3510,-3724,-3683,-3719,-3529]],"type":"Polygon","properties":{"grp":"IND","a":"IND","n":"贾坎德邦"}},{"arcs":[[-25,-98,-96,-3745,-3506,3746,-3743,-3658,-3209,-3746,-3206,-3662]],"type":"Polygon","properties":{"grp":"IND","a":"IND","n":"阿萨姆邦"}},{"arcs":[[-3249,-3744,-3747,-3505,-3253]],"type":"Polygon","properties":{"grp":"IND","a":"IND","n":"曼尼普尔邦"}},{"arcs":[[-3494,-3737,-3739,-3523,3747,3748,3749]],"type":"Polygon","properties":{"grp":"IND","a":"IND","n":"卡纳塔克邦"}},{"arcs":[[-611,-610,-3518,3750,3751,3752,-324,-323,-322,-321,-320,-319,-318,-317]],"type":"Polygon","properties":{"grp":"IND","a":"IND","n":"北阿坎德邦"}},{"arcs":[[[-3501,3753,-3546]],[[-3536,3754]],[[-3542,3757]]],"type":"MultiPolygon","properties":{"grp":"IND","a":"IND","n":"达德拉-纳加尔哈维利和达曼-第乌"}},{"arcs":[[-3503,-3545,-3732,-3512,-3528],[-3519]],"type":"Polygon","properties":{"grp":"IND","a":"IND","n":"中央邦"}},{"arcs":[[-3495,-3750,3758]],"type":"Polygon","properties":{"grp":"IND","a":"IND","n":"果阿邦"}},{"arcs":[[-3478,3760,-3748,-3522,3761,-3480,3762]],"type":"Polygon","properties":{"grp":"IND","a":"IND","n":"喀拉拉邦"}},{"arcs":[[3763,3764]],"type":"Polygon","properties":{"grp":"IND","a":"IND","n":"昌迪加尔"}},{"arcs":[[[3765]],[[3766]],[[3767]],[[3768]],[[3769]],[[3770]],[[3771]],[[3772]],[[3773]],[[3774]],[[3775]],[[3776]],[[3777]],[[3778]],[[3779]],[[3780]],[[3781]],[[3782]]],"type":"MultiPolygon","properties":{"grp":"IND","a":"IND","n":"安达曼-尼科巴群岛"}},{"arcs":[[-3753,-3752,-3751,-3517,3783,3784,3785,-3726,-329,-328,-327,-326,-325]],"type":"Polygon","properties":{"grp":"IND","a":"IND","n":"喜马偕尔邦"}},{"arcs":[[-3727,-3786,3786,3787,-3731,3788]],"type":"Polygon","properties":{"grp":"IND","a":"IND","n":"查谟-克什米尔邦"}},{"arcs":[[-3734,3789,-3787,-3785,3790,-3765,3791]],"type":"Polygon","properties":{"grp":"IND","a":"IND","n":"旁遮普邦"}},{"arcs":[[-3514,-3735,-3792,-3764,-3791,-3784,-3516,-3547]],"type":"Polygon","properties":{"grp":"IND","a":"IND","n":"哈里亚纳邦"}},{"arcs":[[3792,3793,3794,3795,3796]],"type":"Polygon","properties":{"grp":"PHL","a":"PHL","n":"阿布拉省"}},{"arcs":[[3797,3798,3799,3800,3801]],"type":"Polygon","properties":{"grp":"PHL","a":"PHL","n":"武端"}},{"arcs":[[-3799,3802,3803,3804,3805,3806,3807]],"type":"Polygon","properties":{"grp":"PHL","a":"PHL","n":"南阿古桑省"}},{"arcs":[[3810,3811,3812]],"type":"Polygon","properties":{"grp":"PHL","a":"PHL","n":"阿克兰省"}},{"arcs":[[[3813]],[[3814]],[[3815]],[[3816,3817,3818,3819]]],"type":"MultiPolygon","properties":{"grp":"PHL","a":"PHL","n":"阿尔拜省"}},{"arcs":[[-3812,3820,3821,3822]],"type":"Polygon","properties":{"grp":"PHL","a":"PHL","n":"安蒂克省"}},{"arcs":[[-3797,3823,3824,3825]],"type":"Polygon","properties":{"grp":"PHL","a":"PHL","n":"阿巴尧省"}},{"arcs":[[3826,3827,3828,3829,3830,3831,3832]],"type":"Polygon","properties":{"grp":"PHL","a":"PHL","n":"奥罗拉省"}},{"arcs":[[3833]],"type":"Polygon","properties":{"grp":"PHL","a":"PHL","n":"巴西兰"}},{"arcs":[[3834,3835,3836]],"type":"Polygon","properties":{"grp":"PHL","a":"PHL","n":"巴丹省"}},{"arcs":[[[3837]],[[3838]],[[3839]]],"type":"MultiPolygon","properties":{"grp":"PHL","a":"PHL","n":"巴丹群岛省"}},{"arcs":[[3840,3841,3842,3843]],"type":"Polygon","properties":{"grp":"PHL","a":"PHL","n":"八打雁省"}},{"arcs":[[3844,3845,3846,3847,3848,3849]],"type":"Polygon","properties":{"grp":"PHL","a":"PHL","n":"本格特省"}},{"arcs":[[3850]],"type":"Polygon","properties":{"grp":"PHL","a":"PHL","n":"比利兰"}},{"arcs":[[[3851]],[[3852]]],"type":"MultiPolygon","properties":{"grp":"PHL","a":"PHL","n":"保和省"}},{"arcs":[[-3807,3853,3854,3855,3856,3857,3858]],"type":"Polygon","properties":{"grp":"PHL","a":"PHL","n":"布基农省"}},{"arcs":[[-3828,3859,3860,3861,3862,3863,3864]],"type":"Polygon","properties":{"grp":"PHL","a":"PHL","n":"布拉干省"}},{"arcs":[[[-3825,3865,3866,3867,3868]],[[3869]],[[3870]],[[3871]],[[3872]],[[3873]]],"type":"MultiPolygon","properties":{"grp":"PHL","a":"PHL","n":"卡加延省"}},{"arcs":[[3874,3875,3876]],"type":"Polygon","properties":{"grp":"PHL","a":"PHL","n":"北甘马粦"}},{"arcs":[[-3819,3877,3878,-3875,3879]],"type":"Polygon","properties":{"grp":"PHL","a":"PHL","n":"南甘马粦省"}},{"arcs":[[3880]],"type":"Polygon","properties":{"grp":"PHL","a":"PHL","n":"卡米金"}},{"arcs":[[-3809,3881,3882,-3821,-3811,3883]],"type":"Polygon","properties":{"grp":"PHL","a":"PHL","n":"卡皮兹省"}},{"arcs":[[3884]],"type":"Polygon","properties":{"grp":"PHL","a":"PHL","n":"卡坦端内斯省"}},{"arcs":[[-3841,3885,3886,3887]],"type":"Polygon","properties":{"grp":"PHL","a":"PHL","n":"甲米地省"}},{"arcs":[[[3888]],[[3889]],[[3890]],[[3891]],[[3892]]],"type":"MultiPolygon","properties":{"grp":"PHL","a":"PHL","n":"宿务岛"}},{"arcs":[[-3805,3893,3894,3895]],"type":"Polygon","properties":{"grp":"PHL","a":"PHL","n":"达沃德奥罗省"}},{"arcs":[[[-3856,3896,3897,3898,3899,3900,3901]],[[3902,3903]]],"type":"MultiPolygon","properties":{"grp":"PHL","a":"PHL","n":"哥打巴托省"}},{"arcs":[[[-3806,-3896,3904,3905,-3854]],[[3906]]],"type":"MultiPolygon","properties":{"grp":"PHL","a":"PHL","n":"北达沃省"}},{"arcs":[[-3855,-3906,3907,3908,3909,3910,3911,-3897]],"type":"Polygon","properties":{"grp":"PHL","a":"PHL","n":"南达沃省"}},{"arcs":[[[-3909,3912,3913]],[[3914]],[[3915]]],"type":"MultiPolygon","properties":{"grp":"PHL","a":"PHL","n":"西达沃省"}},{"arcs":[[-3804,3916,3917,-3894]],"type":"Polygon","properties":{"grp":"PHL","a":"PHL","n":"东达沃省"}},{"arcs":[[3918,3919]],"type":"Polygon","properties":{"grp":"PHL","a":"PHL","n":"迪纳加特群岛"}},{"arcs":[[[3920]],[[3921,3922,3923]]],"type":"MultiPolygon","properties":{"grp":"PHL","a":"PHL","n":"东萨马省"}},{"arcs":[[3924]],"type":"Polygon","properties":{"grp":"PHL","a":"PHL","n":"吉马拉斯省"}},{"arcs":[[-3846,3925,3926,3927]],"type":"Polygon","properties":{"grp":"PHL","a":"PHL","n":"伊富高省"}},{"arcs":[[-3796,3928,3929,-3866,-3824]],"type":"Polygon","properties":{"grp":"PHL","a":"PHL","n":"北伊罗戈"}},{"arcs":[[-3795,3930,-3850,3931,3932,-3929]],"type":"Polygon","properties":{"grp":"PHL","a":"PHL","n":"南伊罗戈省"}},{"arcs":[[-3822,-3883,3933]],"type":"Polygon","properties":{"grp":"PHL","a":"PHL","n":"怡朗"}},{"arcs":[[-3832,3934,3935,-3927,3936,3937,-3868,3938]],"type":"Polygon","properties":{"grp":"PHL","a":"PHL","n":"伊莎贝拉省"}},{"arcs":[[-3793,-3826,-3869,-3938,3939]],"type":"Polygon","properties":{"grp":"PHL","a":"PHL","n":"卡林阿省"}},{"arcs":[[-3849,3940,3941,-3932]],"type":"Polygon","properties":{"grp":"PHL","a":"PHL","n":"拉乌尼翁省"}},{"arcs":[[-3842,-3888,3942,3943,3944],[3945]],"type":"Polygon","properties":{"grp":"PHL","a":"PHL","n":"内湖省"}},{"arcs":[[-3858,3946,3947,3948,3949,3950]],"type":"Polygon","properties":{"grp":"PHL","a":"PHL","n":"北拉瑙省"}},{"arcs":[[-3857,-3902,3951,3952,3953,3954,3955,3956,3957,3958,3959,3960,3961,3962,3963,3964,3965,3966,3967,3968,3969,3970,3971,3972,3973,3974,3975,3976,3977,3978,3979,3980,3981,3982,3983,3984,3985,3986,3987,3988,3989,3990,3991,3992,3993,3994,3995,-3947]],"type":"Polygon","properties":{"grp":"PHL","a":"PHL","n":"南拉瑙省"}},{"arcs":[[3996,3997]],"type":"Polygon","properties":{"grp":"PHL","a":"PHL","n":"奥尔莫克"}},{"arcs":[[-3898,-3912,3998,3999,4000,4001]],"type":"Polygon","properties":{"grp":"PHL","a":"PHL","n":"南马京达瑙省"}},{"arcs":[[4002]],"type":"Polygon","properties":{"grp":"PHL","a":"PHL","n":"马林杜克省"}},{"arcs":[[[4003]],[[4004]],[[4005]]],"type":"MultiPolygon","properties":{"grp":"PHL","a":"PHL","n":"马斯巴特省"}},{"arcs":[[4006,4007,4008]],"type":"Polygon","properties":{"grp":"PHL","a":"PHL","n":"西米萨米斯省"}},{"arcs":[[-3800,-3808,-3859,-3951,4009]],"type":"Polygon","properties":{"grp":"PHL","a":"PHL","n":"东米萨米斯省"}},{"arcs":[[-3794,-3940,-3937,-3926,-3845,-3931]],"type":"Polygon","properties":{"grp":"PHL","a":"PHL","n":"高山省"}},{"arcs":[[-3862,4010,-3943,-3887,4011]],"type":"Polygon","properties":{"grp":"PHL","a":"PHL","n":"马尼拉大都会"}},{"arcs":[[4012,4013]],"type":"Polygon","properties":{"grp":"PHL","a":"PHL","n":"西黑人省"}},{"arcs":[[-4013,4014]],"type":"Polygon","properties":{"grp":"PHL","a":"PHL","n":"东内格罗省"}},{"arcs":[[-3923,4015,4016]],"type":"Polygon","properties":{"grp":"PHL","a":"PHL","n":"北薩馬"}},{"arcs":[[-3829,-3865,4017,4018,4019,4020]],"type":"Polygon","properties":{"grp":"PHL","a":"PHL","n":"新怡诗夏省"}},{"arcs":[[-3830,-4021,4021,-3847,-3928,-3936,4022]],"type":"Polygon","properties":{"grp":"PHL","a":"PHL","n":"新比斯开省"}},{"arcs":[[[4023,4024]],[[4025]]],"type":"MultiPolygon","properties":{"grp":"PHL","a":"PHL","n":"西民都洛"}},{"arcs":[[-4024,4026]],"type":"Polygon","properties":{"grp":"PHL","a":"PHL","n":"东民都洛省"}},{"arcs":[[[4027]],[[4028]],[[4029]],[[4030]],[[4031]],[[4032]],[[4033]],[[4034]],[[4035]]],"type":"MultiPolygon","properties":{"grp":"PHL","a":"PHL","n":"普林塞萨港"}},{"arcs":[[-3837,4036,4037,-4018,-3864,4038]],"type":"Polygon","properties":{"grp":"PHL","a":"PHL","n":"邦板牙"}},{"arcs":[[-3848,-4022,-4020,4039,4040,4041,-3941]],"type":"Polygon","properties":{"grp":"PHL","a":"PHL","n":"邦阿西楠省"}},{"arcs":[[[-3827,4042,-3876,-3879,4043,-3843,-3945,4044,-3860]],[[4045]],[[4046]]],"type":"MultiPolygon","properties":{"grp":"PHL","a":"PHL","n":"奎松省"}},{"arcs":[[-3831,-4023,-3935]],"type":"Polygon","properties":{"grp":"PHL","a":"PHL","n":"季里诺省"}},{"arcs":[[[-3861,-4045,-3944,-4011]],[[-3946]]],"type":"MultiPolygon","properties":{"grp":"PHL","a":"PHL","n":"黎刹省"}},{"arcs":[[[4047]],[[4048]],[[4049]]],"type":"MultiPolygon","properties":{"grp":"PHL","a":"PHL","n":"朗布隆省"}},{"arcs":[[-3922,4050,-4016]],"type":"Polygon","properties":{"grp":"PHL","a":"PHL","n":"萨马"}},{"arcs":[[[-3910,-3914,4051,4052]],[[-4000,4053,4054]]],"type":"MultiPolygon","properties":{"grp":"PHL","a":"PHL","n":"萨兰加尼省"}},{"arcs":[[4055]],"type":"Polygon","properties":{"grp":"PHL","a":"PHL","n":"锡基霍尔"}},{"arcs":[[-3817,4056]],"type":"Polygon","properties":{"grp":"PHL","a":"PHL","n":"索索贡省"}},{"arcs":[[-3911,-4053,4057,-4054,-3999]],"type":"Polygon","properties":{"grp":"PHL","a":"PHL","n":"南哥打巴托省"}},{"arcs":[[[-3997,4058]],[[4059]]],"type":"MultiPolygon","properties":{"grp":"PHL","a":"PHL","n":"南莱特省"}},{"arcs":[[[4060]],[[4061]],[[4062]],[[4063]],[[4064]]],"type":"MultiPolygon","properties":{"grp":"PHL","a":"PHL","n":"苏禄省"}},{"arcs":[[[-3802,4065,4066]],[[4068]],[[4069]],[[4070]]],"type":"MultiPolygon","properties":{"grp":"PHL","a":"PHL","n":"北苏里高省"}},{"arcs":[[-3798,-4067,4071,-3917,-3803]],"type":"Polygon","properties":{"grp":"PHL","a":"PHL","n":"南苏里高省"}},{"arcs":[[-4019,-4038,4072,-4040]],"type":"Polygon","properties":{"grp":"PHL","a":"PHL","n":"丹辘省"}},{"arcs":[[[4073]],[[4074]],[[4075]]],"type":"MultiPolygon","properties":{"grp":"PHL","a":"PHL","n":"塔威塔威省"}},{"arcs":[[-3836,4076,-4041,-4073,-4037]],"type":"Polygon","properties":{"grp":"PHL","a":"PHL","n":"三描礼士省"}},{"arcs":[[-4008,4077,4078,4079,4080]],"type":"Polygon","properties":{"grp":"PHL","a":"PHL","n":"北三宝颜省"}},{"arcs":[[[-3949,4081,4082,-4078,-4007,4083]],[[-4080,4084,4085]]],"type":"MultiPolygon","properties":{"grp":"PHL","a":"PHL","n":"南三宝颜省"}},{"arcs":[[[-4079,-4083,4086,-4085]],[[4087]]],"type":"MultiPolygon","properties":{"grp":"PHL","a":"PHL","n":"三宝颜锡布格省"}},{"arcs":[[[4088]],[[4089,4090,4091,4092,4093]],[[4094,4095]],[[4096]]],"type":"MultiPolygon","properties":{"grp":"LKA","a":"LKA","n":"贾夫纳区"}},{"arcs":[[-4091,4097,4098,4099,-4095,4100]],"type":"Polygon","properties":{"grp":"LKA","a":"LKA","n":"基利诺奇区"}},{"arcs":[[[-4099,4102,4103,4104,4105,4106,4107,4108]],[[4109]]],"type":"MultiPolygon","properties":{"grp":"LKA","a":"LKA","n":"马纳尔区"}},{"arcs":[[-4090,4110,4111,4112,-4103,-4098]],"type":"Polygon","properties":{"grp":"LKA","a":"LKA","n":"穆莱蒂武区"}},{"arcs":[[-4104,-4113,4113,4114]],"type":"Polygon","properties":{"grp":"LKA","a":"LKA","n":"瓦武尼亞區"}},{"arcs":[[4115,4116,4117,4118]],"type":"Polygon","properties":{"grp":"LKA","a":"LKA","n":"加勒区"}},{"arcs":[[4119,4120,4121,4122,4123]],"type":"Polygon","properties":{"grp":"LKA","a":"LKA","n":"汉班托特区"}},{"arcs":[[-4118,4124,-4124,4125]],"type":"Polygon","properties":{"grp":"LKA","a":"LKA","n":"马特勒区"}},{"arcs":[[-4122,4126,4127,4128,4129,4130,4131]],"type":"Polygon","properties":{"grp":"LKA","a":"LKA","n":"安帕赖区"}},{"arcs":[[-4105,-4115,4134,4135,4136,4137,4138]],"type":"Polygon","properties":{"grp":"LKA","a":"LKA","n":"阿努拉德普勒區"}},{"arcs":[[-4128,4139,4140,4141,4142,4143]],"type":"Polygon","properties":{"grp":"LKA","a":"LKA","n":"巴杜勒区"}},{"arcs":[[-4131,4144,4145,4146,4147,4148,-4133,4149]],"type":"Polygon","properties":{"grp":"LKA","a":"LKA","n":"拜蒂克洛區"}},{"arcs":[[-4121,4150,-4140,-4127]],"type":"Polygon","properties":{"grp":"LKA","a":"LKA","n":"莫訥勒格勒區"}},{"arcs":[[-4130,4151,-4136,4152,-4145]],"type":"Polygon","properties":{"grp":"LKA","a":"LKA","n":"波隆纳鲁沃区"}},{"arcs":[[4155,4156,4157,4158,4159]],"type":"Polygon","properties":{"grp":"LKA","a":"LKA","n":"可倫坡區"}},{"arcs":[[-4154,4160,4161,4162,4163,-4156,4164]],"type":"Polygon","properties":{"grp":"LKA","a":"LKA","n":"加姆珀哈区"}},{"arcs":[[-4116,4167,-4159,4168]],"type":"Polygon","properties":{"grp":"LKA","a":"LKA","n":"卡卢特勒区"}},{"arcs":[[-4157,-4164,4169,4170,4171,4172]],"type":"Polygon","properties":{"grp":"LKA","a":"LKA","n":"凯格勒区"}},{"arcs":[[-4138,4173,4174,-4170,-4163,4175]],"type":"Polygon","properties":{"grp":"LKA","a":"LKA","n":"库鲁内格勒区"}},{"arcs":[[-4106,-4139,-4176,-4162,4176,-4166,4177]],"type":"Polygon","properties":{"grp":"LKA","a":"LKA","n":"普塔勒姆区"}},{"arcs":[[-4117,-4169,-4158,-4173,4179,-4141,-4151,-4120,-4125]],"type":"Polygon","properties":{"grp":"LKA","a":"LKA","n":"拉特纳普勒区"}},{"arcs":[[-4143,4180,-4171,-4175,4181]],"type":"Polygon","properties":{"grp":"LKA","a":"LKA","n":"马哈努沃勒"}},{"arcs":[[-4129,-4144,-4182,-4174,-4137,-4152]],"type":"Polygon","properties":{"grp":"LKA","a":"LKA","n":"马特莱区"}},{"arcs":[[-4142,-4180,-4172,-4181]],"type":"Polygon","properties":{"grp":"LKA","a":"LKA","n":"努沃勒埃利耶区"}},{"arcs":[[-4112,4182,-4146,-4153,-4135,-4114]],"type":"Polygon","properties":{"grp":"LKA","a":"LKA","n":"亭可馬里區"}},{"arcs":[[-3272,-3317,4184,-3442,4185,-3359,4186,-3440,-3362,-3439,4187,-3382,4188,4189,-3334,4190,-3306,-3332,4191,4192,-3330,-3301,-3328,-3298,4193,-3325,-3295,4194,-3348,4195,-3292,-3291,4196,-3376,4197,4198,-3323,4199,4200,-3321,-3283,4201,-3370,4202,-3280,-3319,4203,4204,-3365,-3276,4205,-3313,4206,-3476,-3338,-3475,4207,-3368,-3473,4208,-3471,-3340,4209,4210,-3468,-3373,-3467,4211,-3345,4212,-3464,-3342,-3463,-3352,-3462,-3351,-3461,-3354,-3460,4213,-3377,4214,-3457,-3356,-3456,4215]],"type":"Polygon","properties":{"grp":"MMR","a":"MMR","n":"内比都联邦区"}},{"arcs":[[[-1083,4216,4217]],[[-1086,4218,-1088,4219,4220,4221,-1321,4222,-2675,4223,-1124,4224,-2684,-1134,4225,-2682,-1139,4226,-2680,-1149,4227,-2678,-1152,4228,-1316,4229,-1314,4230,-1330,4231,-1295,4232,-1290,4233,-1285,4234,-1234,4235,-1216,4236,-1227,4237,-1246,4238,-1244,4239,-1219,4240,-1248,4241,-1251,4242,-1262,4243,-1263,4244,-1267,4245,-1242,4246,-1214,4247,-1204,4248,-1206,4249,-1200,4250,-1198,4251,-1196,4252,-1194,4253,-1192,4254,-1190,4255,-1184,4256,-1176,4257,-1177,4258,-1185,4259,-1188,4260,-1172,4261,-1173,4262,-1179,4263,-1181,4264,-1166,4265,-1162,4266,-1158,4267,-1159,4268,-1163,4269,-1168,4270,-1170,4271,-1142,4272,-1137,4273,-1131,4274,-1130,4275,-1128,4276,-1328,4277,-1325,4278,-1324,4279,-1122,4280,-1118,4281,4282,-1110,4283,-1111,4284,-1113,4285,-1115,4286,-1107,4287,4288,-1103,4289,-1105,4290,-1102,4291,-1099,4292,-1095,4293,-1097,4294,-1092,4295,-1093,4296,-1089,4297]],[[-1144,4299,-1146,4300,-1155,4301]],[[-1201,4303,-1207,4304,-1209,4305,-1211,4306,-1229,4307,-1237,4308,-1239,4309,-1256,4310,-1258,4311,-1307,4312,-1303,4313,-1301,4314,-1292,4315,-1278,4316,-1273,4317,-1272,4318,-1226,4319]],[[-1218,4320,-1224,4321,-1222,4322]],[[-1250,4325,-1266,4326]],[[-1253,4327,-1300,4328,-1309,4329,-1306,4330,-1297,4331,4332]],[[-1260,4333,-1276,4334]],[[-1280,4336,-1283,4337]],[[-1282,4338,-1287,4339]],[[-1293,4340]]],"type":"MultiPolygon","properties":{"grp":"IDN","a":"IDN","n":"南巴布亚省"}},{"arcs":[[[-870,4342,-1317,4343,-4221,4344,-4217,-1082,4345,-1078,4346,-1080,4347,-1076,4348,-1075,4349,-1066,4350,-1072,4351,-1071,4352,-1054,4353,-1062,4354,-1064,4355,-1044,4356,-1046,4357,-1048,4358,-1052,4359,-1057,4360,-1058,4361,-1060,4362,-1050,4363,-1039,4364,-1042,4365,-1037,4366,-1036,4367,-1033,4368,-1032,4369,-1027,4370,-1026,4371,-1023,4372,-1021,4373,-1019,4374,-1015,4375,-1018,4376,-1011,4377,-1013,4378,-1009,4379,-1007,4380,-1005,4381,-1004,4382,4383,-1002,4384,-1000,4385,-993,4386,-992,4387,-990,4388,-997,4389,-996,4390,-979,4391,-978,4392,-982,4393,-984,4394,-985,4395,-987,4396,-975,4397,-974,4398,-972,4399,-969,4400,-968,4401,-962,4402,-966,4403,-1331,-875,4404,-890,4405,-880,4406,-877,4407,-881,4408,-885,4409,-891,4410,-897,4411,-899,4412,-901,4413,-907,4414,-909,4415,-913,4416,-917,4417,-919,4418,-923,4419,-925,4420,-922,4421,-937,4422,-933,4423,-932,4424,-943,4425,-939,4426,-951,4427,-957,4428,-949,4429,-954,4430,-956,4431,-959,4432,-948,4433,-946,4434,-942,4435,-928,4436,-916,4437,-912,4438,-906,4439,-896,4440,-887,4441,-884,4442,-872,4443]],[[-894,4444,-904,4445]]],"type":"MultiPolygon","properties":{"grp":"IDN","a":"IDN","n":"中巴布亚省"}},{"arcs":[[-1322,-4222,-4344]],"type":"Polygon","properties":{"grp":"IDN","a":"IDN","n":"高地巴布亚省"}},{"arcs":[[[-1337,4450,-1338,4451,-1340,4452,-1852,4453,-1344,4454,-1350,4455,-1858,4456,-1355,4457,-1854,4458,-1348,4459,-1342,4460,-1368,4461,-1374,4462,-1372,4463,-1382,4464,-1392,4465,-1862,4466,-1402,4467,-1412,4468,-1871,4469,-1439,4470,-1440,4471,-1445,4472,-1881,4473,-1479,4474,-1508,4475,-1890,4476,-1495,4477,-1898,4478,-1484,4479,-1476,4480,-1467,4481,-1458,4482,-1436,4483,-1389,4484,-1385,4485,-1381,4486,-1386,4487,-1398,4488,-1861,4489,-1866,4490,-1410,4491,-1418,4492,-1420,4493,-1873,4494,-1456,4495,-1464,4496,-1885,4497,-1470,4498,-1887,4499,-1468,4500,-1474,4501,-1889,4502,-1480,4503,-1892,4504,-1900,4505,-1903,4506,-1901,4507,-1497,4508,-1492,4509,-1489,4510,-1461,4511,-1462,4512,-1482,4513,-1487,4514,-1490,4515,-1896,4516,-1504,4517,-1516,4518,-1883,4519,-1879,4520,-1454,4521,-1453,4522,-1449,4523,-1447,4524,-1451,4525,-1435,4526,-1431,4527,-1426,4528,-1874,4529,-1877,4530,-1442,4531,-1428,4532,-1424,4533,-1422,4534,-1864,4535,-1400,4536,-1404,4537,-1407,4538,-1414,4539,-1869,4540,-1417,4541,4542,-1394,4543,-1396,4544,-1390,4545,-1358,4546,-1362,4547,-1376,4548,-1378,4549,-1366,4550,-1371,4551,-1356,4552,-1857,4553,-1364,4554,-1347,4555,-1360,4556,-1352,4557]],[[-1498,4561,-1500,4562,-1506,4563,-1515,4564,-1510,4565,-1534,4566,-1540,4567,-1546,4568,4569,-1554,4570,-1920,4571,-1921,4572,-1923,4573,-1928,4574,-1562,4575,-1334,4576,-1846,4577,-2030,4578,-1844,4579,-1843,4580,-1840,4581,-1835,4582,-1813,4583,-1807,4584,-2022,4585,-2016,4586,-2009,4587,-2007,4588,-1999,4589,-1995,4590,-1762,4591,-1754,4592,-1750,4593,-1993,4594,-1746,4595,-1992,4596,4597,-1744,4598,-1742,4599,-1986,4600,-1989,4601,-1740,4602,-1987,4603,-1736,4604,-1738,4605,-1979,4606,-1731,4607,-1981,4608,-1734,4609,-1724,4610,-1722,4611,-1721,4612,4613,-1716,4614,-1712,4615,-1715,4616,-1978,4617,-1732,4618,-1726,4619,-1728,4620,-1719,4621,-1709,4622,-1706,4623,-1967,4624,-1689,4625,-1686,4626,-1682,4627,-1668,4628,-1664,4629,-1646,4630,-1957,4631,-1630,4632,-1629,4633,-1951,4634,-1620,4635,-1564,4636,-1560,4637,-1566,4638,-1568,4639,-1556,4640,-1559,4641,-1929,4642,-1926,4643,-1913,4644,-1525,4645,-1521,4646,-1502,4647]],[[-1513,4648,-1910,4649,-1905,4650,-1519,4651]],[[-1522,4652,-1528,4653,-1553,4654,-1550,4655,-1548,4656,-1917,4657,-1536,4658,-1533,4659,-1538,4660,-1544,4661,-1916,4662,-1911,4663,-1530,4664,-1526,4665,-1908,4666]],[[-1571,4668,-1935,4669,-1581,4670,-1588,4671,-1614,4672,-1624,4673,-1627,4674,-1954,4675,-1634,4676,-1632,4677,-1637,4678,-1638,4679,-1641,4680,-1653,4681,-1648,4682,-1642,4683,-1955,4684,-1616,4685,-1606,4686,-1596,4687,-1611,4688,-1944,4689,-1594,4690,-1608,4691,-1942,4692,-1587,4693,-1948,4694,-1945,4695,-1598,4696,-1950,4697,-1622,4698,-1618,4699,-1612,4700,-1592,4701,-1600,4702,-1604,4703,-1602,4704,-1940,4705,-1582,4706,-1578,4707,-1937,4708,-1576,4709,-1574,4710,-1584,4711,-1590,4712,4713,-1572,4714]],[[-1644,4715,-1959,4716,-1660,4717,-1678,4718,-1676,4719,-1666,4720,-1657,4721,-1974,4722,-1975,4723,-1964,4724,-1698,4725,-1969,4726,-1965,4727,-1691,4728,-1693,4729,-1685,4730,-1680,4731,-1674,4732,-1672,4733,-1670,4734,-1662,4735,-1654,4736]],[[-1650,4737,-1659,4738]],[[-1694,4739,-1704,4740,-1697,4741]],[[-1702,4743,-1971,4744]],[[-1749,4746,-1765,4747,-1767,4748,-1997,4749,-1779,4750,-1781,4751,-1785,4752,-2001,4753,-2003,4754,-1791,4755,-1793,4756,-1797,4757,-2012,4758,-1800,4759,-1801,4760,-1806,4761,-1809,4762,-1795,4763,-2014,4764,-1816,4765,-2018,4766,-2020,4767,-1822,4768,-1836,4769,-1839,4770,-2027,4771,-2023,4772,-1832,4773,-1828,4774,-1830,4775,-2026,4776,-1827,4777,-1821,4778,-1824,4779,-1814,4780,-1804,4781,-1789,4782,-1787,4783,-1784,4784,-1777,4785,-1775,-1773,4786,-1771,4787,-1770,4788,-1757,4789,-1760,4790,-1758,4791,-1753,4792]],[[-1931,4794,-1933,4795]],[[-1983,4797]],[[-2005,4798]]],"type":"MultiPolygon","properties":{"grp":"IDN","a":"IDN","n":"西南巴布亚省"}},{"arcs":[[4799]],"type":"Polygon","properties":{"grp":"TLS","a":"TLS","n":"阿陶罗"}},{"arcs":[[-2055,-2089,4800,-2227,4801,-2225,-2095,4802,-2222,4803,-2220,4804,-2218,4805,-2216,4806,-2214,4807,-2212,4808,-2210,4809,-2208,4810,-2206,4811,-2204,4812,4813,-2201,4814,-2199,4815,4816,-2196,4817,-2194,4818,-2192,4819,-2190,4820,-2188,4821,-2186,-2099,-2184,-2102,4822,-2182,4823,4824,-2179,-2105,-2178,4825,-2107,-2176,4826,-2111,4827,-2173,4828,-2171,4829,-2169,4830,-2167,4831,-2165,-2116,-2164,4832,-2118,-2162,4833,-2160,4834,-2121,4835,-2157,4836,-2155,4837,-2139,-2115,-2138,-2091,4838]],"type":"Polygon","properties":{"grp":"PRK","a":"PRK","n":"开城特别市"}},{"arcs":[[-2072,4841,-2081,4842,-2083,4843,-2085,4844]],"type":"Polygon","properties":{"grp":"PRK","a":"PRK","n":"罗先特别市"}},{"arcs":[[-3899,-4002,4845,-3903,4846,-3995,4847,-3993,4848,-3991,4849,-3989,4850,-3987,4851,-3985,4852,-3983,4853,-3981,4854,-3979,4855,-3977,4856,-3975,4857,-3973,4858,-3971,4859,-3969,4860,-3967,4861,-3965,4862,-3963,4863,-3961,4864,4865,-3958,4866,-3956,4867,-3954,4868,-3952,-3901,4869]],"type":"Polygon","properties":{"grp":"PHL","a":"PHL","n":"北马京达瑙省"}},{"arcs":[[4870]],"type":"Polygon","properties":{"grp":"MNP","a":"MNP","n":"罗塔"}},{"arcs":[[4871]],"type":"Polygon","properties":{"grp":"MNP","a":"MNP","n":"提尼安岛"}},{"arcs":[[4872]],"type":"Polygon","properties":{"grp":"MNP","a":"MNP","n":"塞班岛"}},{"arcs":[[[4873]],[[4874]],[[4875]]],"type":"MultiPolygon","properties":{"grp":"MNP","a":"MNP","n":"北马里亚纳群岛"}}]},"disp":{"type":"GeometryCollection","geometries":[{"arcs":[[-337,426,4876,-339,4877]],"type":"Polygon","properties":{"dn":"阿克赛钦"}},{"arcs":[[[-321,4878,-319,4879]],[[-323,4880,3751,4881]],[[325,4882]],[[4883,-328]],[[4884,-331]],[[4885,-333]]],"type":"MultiPolygon","properties":{"dn":"中印边界中段争议区"}},{"arcs":[[4886,334]],"type":"Polygon","properties":{"dn":"德姆乔克（典角）"}},{"arcs":[[4887,88,-43,57]],"type":"Polygon","properties":{"dn":"德拉马纳-沙卡托"}},{"arcs":[[-317,-611,4888]],"type":"Polygon","properties":{"dn":"卡拉帕尼"}},{"arcs":[[-429,4889,3728]],"type":"Polygon","properties":{"dn":"锡亚琴冰川"}}]},"water":{"type":"GeometryCollection","geometries":[{"arcs":[[4890]],"type":"Polygon","properties":{"name":"Hongze Hu","scalerank":3}},{"arcs":[[4891]],"type":"Polygon","properties":{"name":"Khövsgöl Nuur","scalerank":3}},{"arcs":[[443,4892]],"type":"Polygon","properties":{"name":"Lake Khanka","scalerank":3}},{"arcs":[[4893]],"type":"Polygon","properties":{"name":"Tonlé Sap","scalerank":3}},{"arcs":[[4894]],"type":"Polygon","properties":{"name":"Hulun Nuur","scalerank":4}},{"arcs":[[4895]],"type":"Polygon","properties":{"name":"Tai Hu","scalerank":4}},{"arcs":[[4896]],"type":"Polygon","properties":{"name":"Nam Co","scalerank":4}},{"arcs":[[4897]],"type":"Polygon","properties":{"name":"","scalerank":4}},{"arcs":[[4898,4899]],"type":"Polygon","properties":{"name":"","scalerank":4}},{"arcs":[[4900]],"type":"Polygon","properties":{"name":"Bosten Hu","scalerank":4}},{"arcs":[[4901]],"type":"Polygon","properties":{"name":"Poyang Hu","scalerank":4}},{"arcs":[[4902,4903,4904,4905]],"type":"Polygon","properties":{"name":"Daguan Hu","scalerank":4}},{"arcs":[[4906,-4904]],"type":"Polygon","properties":{"name":"Long Hu","scalerank":4}},{"arcs":[[4907]],"type":"Polygon","properties":{"name":"Liangzi Hu","scalerank":4}},{"arcs":[[4908]],"type":"Polygon","properties":{"name":"Siling Co","scalerank":4}},{"arcs":[[4909]],"type":"Polygon","properties":{"name":"Har Us Nuur","scalerank":4}},{"arcs":[[4910]],"type":"Polygon","properties":{"name":"Ayakkum Hu","scalerank":5}},{"arcs":[[4911]],"type":"Polygon","properties":{"name":"Ngoring Hu","scalerank":5}},{"arcs":[[4912]],"type":"Polygon","properties":{"name":"Gaoyou Hu","scalerank":5}},{"arcs":[[4913]],"type":"Polygon","properties":{"name":"Danau Toba","scalerank":5}},{"arcs":[[4914]],"type":"Polygon","properties":{"name":"Gyaring Hu","scalerank":5}},{"arcs":[[4915]],"type":"Polygon","properties":{"name":"Langa Co","scalerank":5}},{"arcs":[[4916]],"type":"Polygon","properties":{"name":"Mapam Yumco","scalerank":5}},{"arcs":[[4917,-4906]],"type":"Polygon","properties":{"name":"Po Hu","scalerank":5}},{"arcs":[[4918]],"type":"Polygon","properties":{"name":"Buyr Nuur","scalerank":5}},{"arcs":[[4919]],"type":"Polygon","properties":{"name":"Ngangla Ringeo","scalerank":5}},{"arcs":[[4920]],"type":"Polygon","properties":{"name":"Tangra Yumco","scalerank":5}},{"arcs":[[4921]],"type":"Polygon","properties":{"name":"Yamzho Yumco","scalerank":5}},{"arcs":[[4922]],"type":"Polygon","properties":{"name":"Shijiu Hu","scalerank":5}},{"arcs":[[4923]],"type":"Polygon","properties":{"name":"Hong Hu","scalerank":5}},{"arcs":[[4924]],"type":"Polygon","properties":{"name":"Chao Hu","scalerank":5}},{"arcs":[[4925]],"type":"Polygon","properties":{"name":"","scalerank":5}},{"arcs":[[4926]],"type":"Polygon","properties":{"name":"","scalerank":5}},{"arcs":[[4927]],"type":"Polygon","properties":{"name":"Weishan Hu","scalerank":5}},{"arcs":[[4928]],"type":"Polygon","properties":{"name":"","scalerank":5}},{"arcs":[[4929]],"type":"Polygon","properties":{"name":"Huangtang Hu","scalerank":5}},{"arcs":[[4930]],"type":"Polygon","properties":{"name":"","scalerank":5}},{"arcs":[[4931]],"type":"Polygon","properties":{"name":"Hoh Xil Hu","scalerank":5}},{"arcs":[[4932]],"type":"Polygon","properties":{"name":"","scalerank":5}},{"arcs":[[4933]],"type":"Polygon","properties":{"name":"Biwa Ko","scalerank":6}},{"arcs":[[4934]],"type":"Polygon","properties":{"name":"Reg Nuur","scalerank":6}},{"arcs":[[4935]],"type":"Polygon","properties":{"name":"","scalerank":6}},{"arcs":[[4936]],"type":"Polygon","properties":{"name":"","scalerank":6}},{"arcs":[[4937]],"type":"Polygon","properties":{"name":"","scalerank":6}},{"arcs":[[4938]],"type":"Polygon","properties":{"name":"","scalerank":6}},{"arcs":[[4939]],"type":"Polygon","properties":{"name":"","scalerank":6}},{"arcs":[[4940]],"type":"Polygon","properties":{"name":"Banggong Co","scalerank":6}},{"arcs":[[4941]],"type":"Polygon","properties":{"name":"Dood-Tsagaan Nuur","scalerank":7}},{"arcs":[[4942]],"type":"Polygon","properties":{"name":"","scalerank":7}},{"arcs":[[4943]],"type":"Polygon","properties":{"name":"","scalerank":7}},{"arcs":[[4944]],"type":"Polygon","properties":{"name":"Ulansuhai Nur","scalerank":7}},{"arcs":[[4945]],"type":"Polygon","properties":{"name":"Dongting Hu","scalerank":7}},{"arcs":[[4946]],"type":"Polygon","properties":{"name":"","scalerank":7}},{"arcs":[[4947]],"type":"Polygon","properties":{"name":"Ge Hu","scalerank":7}},{"arcs":[[4948]],"type":"Polygon","properties":{"name":"","scalerank":7}},{"arcs":[[4949]],"type":"Polygon","properties":{"name":"","scalerank":7}},{"arcs":[[4950]],"type":"Polygon","properties":{"name":"","scalerank":8}},{"arcs":[[4951]],"type":"Polygon","properties":{"name":"Laguna de Bay","scalerank":8}},{"arcs":[[4952]],"type":"Polygon","properties":{"name":"","scalerank":8}},{"arcs":[[4953]],"type":"Polygon","properties":{"name":"Lake Murray","scalerank":8}},{"arcs":[[4954]],"type":"Polygon","properties":{"name":"Elsen Nur","scalerank":8}},{"arcs":[[4955]],"type":"Polygon","properties":{"name":"","scalerank":8}},{"arcs":[[4956]],"type":"Polygon","properties":{"name":"","scalerank":8}},{"arcs":[[4957]],"type":"Polygon","properties":{"name":"","scalerank":8}},{"arcs":[[4958]],"type":"Polygon","properties":{"name":"Qagan Nur","scalerank":8}},{"arcs":[[4959]],"type":"Polygon","properties":{"name":"","scalerank":8}},{"arcs":[[4960]],"type":"Polygon","properties":{"name":"","scalerank":8}},{"arcs":[[4961]],"type":"Polygon","properties":{"name":"","scalerank":8}},{"arcs":[[4962]],"type":"Polygon","properties":{"name":"","scalerank":8}},{"arcs":[[4963]],"type":"Polygon","properties":{"name":"","scalerank":8}},{"arcs":[[4964]],"type":"Polygon","properties":{"name":"","scalerank":8}},{"arcs":[[4965]],"type":"Polygon","properties":{"name":"","scalerank":8}},{"arcs":[[4966]],"type":"Polygon","properties":{"name":"Dongping Hu","scalerank":8}},{"arcs":[[4967]],"type":"Polygon","properties":{"name":"Ebinur Hu","scalerank":9}},{"arcs":[[4968]],"type":"Polygon","properties":{"name":"","scalerank":9}},{"arcs":[[4969]],"type":"Polygon","properties":{"name":"Achit Nuur","scalerank":9}},{"arcs":[[4970]],"type":"Polygon","properties":{"name":"Luoma Hu","scalerank":9}},{"arcs":[[4971]],"type":"Polygon","properties":{"name":"","scalerank":9}},{"arcs":[[4972]],"type":"Polygon","properties":{"name":"","scalerank":9}},{"arcs":[[4973]],"type":"Polygon","properties":{"name":"Wuchang Hu","scalerank":9}},{"arcs":[[4974]],"type":"Polygon","properties":{"name":"","scalerank":9}},{"arcs":[[4975]],"type":"Polygon","properties":{"name":"","scalerank":9}},{"arcs":[[4976]],"type":"Polygon","properties":{"name":"","scalerank":9}},{"arcs":[[4977]],"type":"Polygon","properties":{"name":"","scalerank":9}},{"arcs":[[4978]],"type":"Polygon","properties":{"name":"","scalerank":9}},{"arcs":[[4979]],"type":"Polygon","properties":{"name":"","scalerank":9}},{"arcs":[[4980]],"type":"Polygon","properties":{"name":"","scalerank":9}},{"arcs":[[4981]],"type":"Polygon","properties":{"name":"","scalerank":9}},{"arcs":[[4982]],"type":"Polygon","properties":{"name":"","scalerank":9}},{"arcs":[[4983]],"type":"Polygon","properties":{"name":"","scalerank":9}},{"arcs":[[4984]],"type":"Polygon","properties":{"name":"Dalai Nur","scalerank":9}},{"arcs":[[4985]],"type":"Polygon","properties":{"name":"Kenohan Jempang","scalerank":9}},{"arcs":[[4986]],"type":"Polygon","properties":{"name":"","scalerank":9}},{"arcs":[[4987]],"type":"Polygon","properties":{"name":"Lake Taal","scalerank":9}},{"arcs":[[4988]],"type":"Polygon","properties":{"name":"","scalerank":9}},{"arcs":[[4989]],"type":"Polygon","properties":{"name":"Telmen Nuur","scalerank":9}},{"arcs":[[4990]],"type":"Polygon","properties":{"name":"Sangiyn Dalay Nuur","scalerank":9}},{"arcs":[[4991]],"type":"Polygon","properties":{"name":"Hh Nuur","scalerank":9}},{"arcs":[[4992]],"type":"Polygon","properties":{"name":"","scalerank":9}},{"arcs":[[4993]],"type":"Polygon","properties":{"name":"","scalerank":9}},{"arcs":[[4994]],"type":"Polygon","properties":{"name":"","scalerank":9}},{"arcs":[[4995]],"type":"Polygon","properties":{"name":"","scalerank":9}},{"arcs":[[4996]],"type":"Polygon","properties":{"name":"","scalerank":9}},{"arcs":[[4997]],"type":"Polygon","properties":{"name":"","scalerank":9}},{"arcs":[[4998]],"type":"Polygon","properties":{"name":"Ulgain Gobi","scalerank":9}},{"arcs":[[4999]],"type":"Polygon","properties":{"name":"Aqqikkol Hu","scalerank":9}},{"arcs":[[5000]],"type":"Polygon","properties":{"name":"","scalerank":9}},{"arcs":[[5001]],"type":"Polygon","properties":{"name":"Gas Hu","scalerank":9}},{"arcs":[[5002]],"type":"Polygon","properties":{"name":"Hoh Sai Hu","scalerank":9}},{"arcs":[[5003]],"type":"Polygon","properties":{"name":"Huiten Nur","scalerank":9}},{"arcs":[[5004]],"type":"Polygon","properties":{"name":"","scalerank":9}},{"arcs":[[5005]],"type":"Polygon","properties":{"name":"","scalerank":9}},{"arcs":[[5006]],"type":"Polygon","properties":{"name":"","scalerank":9}},{"arcs":[[5007]],"type":"Polygon","properties":{"name":"","scalerank":9}},{"arcs":[[5008]],"type":"Polygon","properties":{"name":"","scalerank":9}},{"arcs":[[5009]],"type":"Polygon","properties":{"name":"","scalerank":9}},{"arcs":[[[5010,5011]],[[5012,-5011]]],"type":"MultiPolygon","properties":{"name":"","scalerank":9}},{"arcs":[[5013]],"type":"Polygon","properties":{"name":"","scalerank":9}},{"arcs":[[5014]],"type":"Polygon","properties":{"name":"","scalerank":9}},{"arcs":[[5015]],"type":"Polygon","properties":{"name":"","scalerank":9}},{"arcs":[[5016]],"type":"Polygon","properties":{"name":"","scalerank":9}},{"arcs":[[5017]],"type":"Polygon","properties":{"name":"Lumajangdong Co","scalerank":9}},{"arcs":[[5018]],"type":"Polygon","properties":{"name":"Gozha Co","scalerank":9}},{"arcs":[[5019]],"type":"Polygon","properties":{"name":"","scalerank":9}},{"arcs":[[5020]],"type":"Polygon","properties":{"name":"","scalerank":9}},{"arcs":[[5021]],"type":"Polygon","properties":{"name":"","scalerank":9}},{"arcs":[[5022]],"type":"Polygon","properties":{"name":"","scalerank":9}},{"arcs":[[5023]],"type":"Polygon","properties":{"name":"Gyaring Co","scalerank":9}},{"arcs":[[5024]],"type":"Polygon","properties":{"name":"Ngangzi Co","scalerank":9}},{"arcs":[[5025]],"type":"Polygon","properties":{"name":"","scalerank":9}},{"arcs":[[5026]],"type":"Polygon","properties":{"name":"","scalerank":9}},{"arcs":[[5027]],"type":"Polygon","properties":{"name":"","scalerank":9}},{"arcs":[[5028]],"type":"Polygon","properties":{"name":"","scalerank":9}},{"arcs":[[5029]],"type":"Polygon","properties":{"name":"","scalerank":9}},{"arcs":[[5030]],"type":"Polygon","properties":{"name":"","scalerank":9}},{"arcs":[[5031]],"type":"Polygon","properties":{"name":"","scalerank":9}},{"arcs":[[5032]],"type":"Polygon","properties":{"name":"","scalerank":9}},{"arcs":[[5033]],"type":"Polygon","properties":{"name":"","scalerank":9}},{"arcs":[[5034]],"type":"Polygon","properties":{"name":"Alesayqin Ha","scalerank":9}},{"arcs":[[5035]],"type":"Polygon","properties":{"name":"Songhua Hu","scalerank":9}},{"arcs":[[5036]],"type":"Polygon","properties":{"name":"Yueliang Pao","scalerank":9}},{"arcs":[[5037]],"type":"Polygon","properties":{"name":"Puma Yumco","scalerank":5}},{"arcs":[[5038]],"type":"Polygon","properties":{"name":"Ubolratna Reservoir","scalerank":9}},{"arcs":[[5039]],"type":"Polygon","properties":{"name":"Xinfengjiang Shuiku","scalerank":7}},{"arcs":[[5040]],"type":"Polygon","properties":{"name":"Krishna Raja Sagar","scalerank":8}},{"arcs":[[5041]],"type":"Polygon","properties":{"name":"","scalerank":9}},{"arcs":[[5042]],"type":"Polygon","properties":{"name":"Bhadra Reservoir","scalerank":8}},{"arcs":[[5043]],"type":"Polygon","properties":{"name":"Tungabhadra","scalerank":8}},{"arcs":[[5044]],"type":"Polygon","properties":{"name":"Nam Ngum Reservoir","scalerank":5}},{"arcs":[[5045]],"type":"Polygon","properties":{"name":"Gobind Sagar Reservoir","scalerank":7}},{"arcs":[[5046]],"type":"Polygon","properties":{"name":"Hinakud Dam","scalerank":7}},{"arcs":[[5047]],"type":"Polygon","properties":{"name":"Nagarjuna Sagar Dam","scalerank":7}},{"arcs":[[5048]],"type":"Polygon","properties":{"name":"Danjiangkou Shuiku","scalerank":7}},{"arcs":[[5049]],"type":"Polygon","properties":{"name":"Chao Nen Dam","scalerank":7}},{"arcs":[[5050]],"type":"Polygon","properties":{"name":"Xinanjiang Shuiku","scalerank":7}},{"arcs":[[5051]],"type":"Polygon","properties":{"name":"Guanting Shuiku","scalerank":7}},{"arcs":[[5052]],"type":"Polygon","properties":{"name":"Kaptai Lake","scalerank":7}},{"arcs":[[5053]],"type":"Polygon","properties":{"name":"Stanley Reservoir","scalerank":8}},{"arcs":[[5054]],"type":"Polygon","properties":{"name":"Gandhi Sagar Dam","scalerank":8}},{"arcs":[[5055]],"type":"Polygon","properties":{"name":"Bhumphol K. K. Nam","scalerank":8}},{"arcs":[[5056]],"type":"Polygon","properties":{"name":"Siri Kit Dam","scalerank":8}},{"arcs":[[5057]],"type":"Polygon","properties":{"name":"Senanayake Samudra","scalerank":9}},{"arcs":[[5058]],"type":"Polygon","properties":{"name":"Baidagang Shuiku","scalerank":9}},{"arcs":[[5059]],"type":"Polygon","properties":{"name":"Supung Reservoir","scalerank":9}},{"arcs":[[2372,5060]],"type":"Polygon","properties":{"name":"Uvs Nuur","scalerank":3}},{"arcs":[[5061]],"type":"Polygon","properties":{"name":"Qinghai Hu","scalerank":3}},{"arcs":[[5062]],"type":"Polygon","properties":{"name":"Khyargas Nuur","scalerank":5}},{"arcs":[[5063]],"type":"Polygon","properties":{"name":"Har Nuur","scalerank":7}},{"arcs":[[5064]],"type":"Polygon","properties":{"name":"Airag Lake","scalerank":9}}]},"rivers":{"type":"GeometryCollection","geometries":[{"type":"LineString","arcs":[5065,5066],"properties":{"name":"Di’er Songhua","scalerank":8}},{"type":"MultiLineString","arcs":[[5067],[5068]],"properties":{"name":"Di’er Songhua","scalerank":8}},{"type":"LineString","arcs":[5069],"properties":{"name":"Beas","scalerank":8}},{"type":"MultiLineString","arcs":[[5070],[5071,5072]],"properties":{"name":"Beas","scalerank":8}},{"type":"MultiLineString","arcs":[[5073],[5074,5075]],"properties":{"name":"Tungabhadra","scalerank":8}},{"type":"MultiLineString","arcs":[[5076],[5077],[5078]],"properties":{"name":"Tungabhadra","scalerank":8}},{"type":"MultiLineString","arcs":[[5079],[5080]],"properties":{"name":"Mahaweli","scalerank":8}},{"type":"MultiLineString","arcs":[[5081],[5082],[5083],[5084]],"properties":{"name":"Mahaweli","scalerank":8}},{"type":"LineString","arcs":[5085],"properties":{"name":"Ngun","scalerank":8}},{"type":"MultiLineString","arcs":[[5086],[5087]],"properties":{"name":"Ngun","scalerank":8}},{"type":"LineString","arcs":[5088],"properties":{"name":"Qumar","scalerank":8}},{"type":"MultiLineString","arcs":[[5089],[5090,5091]],"properties":{"name":"Qumar","scalerank":8}},{"type":"LineString","arcs":[5092],"properties":{"name":"Yalu","scalerank":8}},{"type":"MultiLineString","arcs":[[5093],[5094]],"properties":{"name":"Yalu","scalerank":8}},{"type":"LineString","arcs":[5095],"properties":{"name":"Tao’er","scalerank":8}},{"type":"MultiLineString","arcs":[[5096],[5097],[5098]],"properties":{"name":"Tao’er","scalerank":8}},{"type":"LineString","arcs":[5099,5100],"properties":{"name":"Mun","scalerank":8}},{"type":"LineString","arcs":[5101,5102],"properties":{"name":"Chi","scalerank":8}},{"type":"MultiLineString","arcs":[[5103],[5104]],"properties":{"name":"","scalerank":8}},{"type":"LineString","arcs":[5105],"properties":{"name":"Shandian","scalerank":8}},{"type":"LineString","arcs":[5106],"properties":{"name":"Da","scalerank":8}},{"type":"MultiLineString","arcs":[[5107],[5108],[5109]],"properties":{"name":"Onon","scalerank":8}},{"type":"LineString","arcs":[5110],"properties":{"name":"Tone","scalerank":8}},{"type":"LineString","arcs":[5111],"properties":{"name":"Cả","scalerank":8}},{"type":"LineString","arcs":[5112],"properties":{"name":"Nakdong","scalerank":8}},{"type":"LineString","arcs":[5113],"properties":{"name":"Daling","scalerank":8}},{"type":"LineString","arcs":[5114],"properties":{"name":"Zuo","scalerank":8}},{"type":"LineString","arcs":[5115],"properties":{"name":"Duliu","scalerank":8}},{"type":"LineString","arcs":[5116],"properties":{"name":"Mogami","scalerank":8}},{"type":"LineString","arcs":[5117],"properties":{"name":"Erdao","scalerank":8}},{"type":"LineString","arcs":[5118],"properties":{"name":"Nanweng","scalerank":8}},{"type":"LineString","arcs":[5119],"properties":{"name":"Chaor","scalerank":8}},{"type":"LineString","arcs":[5120],"properties":{"name":"Wei","scalerank":8}},{"type":"MultiLineString","arcs":[[5121],[5122]],"properties":{"name":"Za’gya","scalerank":8}},{"type":"LineString","arcs":[5123],"properties":{"name":"","scalerank":8}},{"type":"LineString","arcs":[5124],"properties":{"name":"","scalerank":8}},{"type":"LineString","arcs":[5125],"properties":{"name":"Yurungkax","scalerank":8}},{"type":"LineString","arcs":[5126],"properties":{"name":"Dali","scalerank":8}},{"type":"LineString","arcs":[5127],"properties":{"name":"Jing","scalerank":8}},{"type":"LineString","arcs":[5128],"properties":{"name":"Dam","scalerank":8}},{"type":"LineString","arcs":[5129],"properties":{"name":"Mytinge","scalerank":8}},{"type":"LineString","arcs":[5130,5131],"properties":{"name":"Qin","scalerank":8}},{"type":"LineString","arcs":[5132],"properties":{"name":"Ou","scalerank":8}},{"type":"LineString","arcs":[5133],"properties":{"name":"Wainganga","scalerank":8}},{"type":"LineString","arcs":[5134],"properties":{"name":"Toxkan","scalerank":8}},{"type":"LineString","arcs":[5135],"properties":{"name":"Banas","scalerank":8}},{"type":"LineString","arcs":[5136],"properties":{"name":"Tel","scalerank":8}},{"type":"LineString","arcs":[5137],"properties":{"name":"Zayü","scalerank":8}},{"type":"LineString","arcs":[5138],"properties":{"name":"Zhang","scalerank":8}},{"type":"MultiLineString","arcs":[[5139],[5140]],"properties":{"name":"Orhon","scalerank":8}},{"type":"MultiLineString","arcs":[[5141],[5142]],"properties":{"name":"Cagayan","scalerank":8}},{"type":"LineString","arcs":[5143],"properties":{"name":"Palar","scalerank":8}},{"type":"LineString","arcs":[5144],"properties":{"name":"","scalerank":8}},{"type":"LineString","arcs":[5145],"properties":{"name":"Luan","scalerank":8}},{"type":"LineString","arcs":[5146],"properties":{"name":"Liu","scalerank":8}},{"type":"LineString","arcs":[5147],"properties":{"name":"Rong","scalerank":8}},{"type":"LineString","arcs":[5148],"properties":{"name":"Nen","scalerank":8}},{"type":"LineString","arcs":[5149],"properties":{"name":"Wuding","scalerank":8}},{"type":"LineString","arcs":[5150],"properties":{"name":"","scalerank":8}},{"type":"LineString","arcs":[5151],"properties":{"name":"Aksu","scalerank":8}},{"type":"LineString","arcs":[5152],"properties":{"name":"Luhit","scalerank":8}},{"type":"LineString","arcs":[5153],"properties":{"name":"Poronay","scalerank":8}},{"type":"LineString","arcs":[5154],"properties":{"name":"","scalerank":8}},{"type":"MultiLineString","arcs":[[5155],[5156],[5157]],"properties":{"name":"Asahan","scalerank":8}},{"type":"LineString","arcs":[5158,5159],"properties":{"name":"","scalerank":8}},{"type":"LineString","arcs":[5160,5161],"properties":{"name":"Di’er Songhua","scalerank":8}},{"type":"LineString","arcs":[5162],"properties":{"name":"Kolidam","scalerank":8}},{"type":"LineString","arcs":[5163,5164],"properties":{"name":"Jhelum","scalerank":7}},{"type":"MultiLineString","arcs":[[5165,5166],[5167],[5168]],"properties":{"name":"Jhelum","scalerank":7}},{"type":"LineString","arcs":[5169],"properties":{"name":"Fuchun","scalerank":7}},{"type":"MultiLineString","arcs":[[5170],[5171],[5172]],"properties":{"name":"Fuchun","scalerank":7}},{"type":"LineString","arcs":[5173],"properties":{"name":"Mae Klong","scalerank":7}},{"type":"MultiLineString","arcs":[[5174],[5175]],"properties":{"name":"Mae Klong","scalerank":7}},{"type":"LineString","arcs":[5176],"properties":{"name":"Yom","scalerank":7}},{"type":"MultiLineString","arcs":[[5177],[5178,5179]],"properties":{"name":"Yom","scalerank":7}},{"type":"MultiLineString","arcs":[[5180,5181],[5182]],"properties":{"name":"Cauvery","scalerank":7}},{"type":"MultiLineString","arcs":[[5183],[5184],[5185],[5186,5187],[5188,5189]],"properties":{"name":"Cauvery","scalerank":7}},{"type":"MultiLineString","arcs":[[5190],[5191]],"properties":{"name":"Chambal","scalerank":7}},{"type":"MultiLineString","arcs":[[5192],[5193],[5194]],"properties":{"name":"Chambal","scalerank":7}},{"type":"MultiLineString","arcs":[[5195,5196,5197],[5198]],"properties":{"name":"Hudi","scalerank":7}},{"type":"MultiLineString","arcs":[[5199,5200],[5201],[5202]],"properties":{"name":"Hudi","scalerank":7}},{"type":"LineString","arcs":[5203,5204],"properties":{"name":"Ping","scalerank":7}},{"type":"MultiLineString","arcs":[[5205],[5204,5206,5207]],"properties":{"name":"Ping","scalerank":7}},{"type":"LineString","arcs":[5208],"properties":{"name":"Ile","scalerank":7}},{"type":"LineString","arcs":[5209,5210],"properties":{"name":"Sanggan","scalerank":7}},{"type":"MultiLineString","arcs":[[5211],[5212]],"properties":{"name":"Sanggan","scalerank":7}},{"type":"MultiLineString","arcs":[[5213],[5214]],"properties":{"name":"Wujia","scalerank":7}},{"type":"MultiLineString","arcs":[[5215,5216,5217,5218,5219],[5220,5221],[5222,5223,5224],[5225,5226,5227],[5228],[5229],[5230]],"properties":{"name":"Wujia","scalerank":7}},{"type":"MultiLineString","arcs":[[5231],[5232],[5233]],"properties":{"name":"Ghäghara","scalerank":7}},{"type":"LineString","arcs":[5234],"properties":{"name":"Chindwin","scalerank":7}},{"type":"LineString","arcs":[5235],"properties":{"name":"Krong","scalerank":7}},{"type":"LineString","arcs":[5236],"properties":{"name":"Wu","scalerank":7}},{"type":"LineString","arcs":[5237],"properties":{"name":"Xiang","scalerank":7}},{"type":"MultiLineString","arcs":[[5238],[5239]],"properties":{"name":"Huai","scalerank":7}},{"type":"LineString","arcs":[5240],"properties":{"name":"Künes","scalerank":7}},{"type":"MultiLineString","arcs":[[5241],[5242],[5243],[5244],[5245]],"properties":{"name":"Sapt","scalerank":7}},{"type":"LineString","arcs":[5246],"properties":{"name":"Min","scalerank":7}},{"type":"LineString","arcs":[5247],"properties":{"name":"Sreng","scalerank":7}},{"type":"MultiLineString","arcs":[[5248],[5249,5250]],"properties":{"name":"Manas","scalerank":7}},{"type":"LineString","arcs":[5251],"properties":{"name":"Ou","scalerank":7}},{"type":"MultiLineString","arcs":[[5252],[5253],[5254,5255],[5256,5257,5258],[5259]],"properties":{"name":"Fly","scalerank":7}},{"type":"LineString","arcs":[5260],"properties":{"name":"Buh","scalerank":7}},{"type":"LineString","arcs":[5261],"properties":{"name":"Bhima","scalerank":7}},{"type":"MultiLineString","arcs":[[5262],[5263]],"properties":{"name":"Tista","scalerank":7}},{"type":"LineString","arcs":[5264],"properties":{"name":"Kong","scalerank":7}},{"type":"LineString","arcs":[5265,5266],"properties":{"name":"Jialing","scalerank":7}},{"type":"MultiLineString","arcs":[[5267,5268],[5269],[5270],[5271,5272]],"properties":{"name":"Dong","scalerank":7}},{"type":"LineString","arcs":[5273],"properties":{"name":"Yalong","scalerank":7}},{"type":"LineString","arcs":[5274],"properties":{"name":"","scalerank":7}},{"type":"MultiLineString","arcs":[[5275,5276,5277],[5278,5279]],"properties":{"name":"Bajang","scalerank":7}},{"type":"LineString","arcs":[5280],"properties":{"name":"Mahakam","scalerank":7}},{"type":"LineString","arcs":[5281],"properties":{"name":"Baliem","scalerank":7}},{"type":"MultiLineString","arcs":[[5282],[5283]],"properties":{"name":"Sittong","scalerank":7}},{"type":"LineString","arcs":[5284],"properties":{"name":"Pahang","scalerank":7}},{"type":"LineString","arcs":[5285],"properties":{"name":"You","scalerank":7}},{"type":"MultiLineString","arcs":[[5286],[5287]],"properties":{"name":"Mahi","scalerank":7}},{"type":"MultiLineString","arcs":[[5288],[5289]],"properties":{"name":"Tapi","scalerank":7}},{"type":"LineString","arcs":[5290],"properties":{"name":"Sankh","scalerank":7}},{"type":"LineString","arcs":[5291],"properties":{"name":"Bei","scalerank":7}},{"type":"LineString","arcs":[5292],"properties":{"name":"Namhan","scalerank":7}},{"type":"LineString","arcs":[5293],"properties":{"name":"Penner","scalerank":7}},{"type":"LineString","arcs":[5294,5295],"properties":{"name":"Shilka","scalerank":7}},{"type":"LineString","arcs":[5296],"properties":{"name":"","scalerank":7}},{"type":"MultiLineString","arcs":[[5297],[5298],[5299],[5300],[5301],[5302],[5303]],"properties":{"name":"","scalerank":7}},{"type":"LineString","arcs":[5304],"properties":{"name":"Yong","scalerank":7}},{"type":"LineString","arcs":[5305],"properties":{"name":"Brahmani","scalerank":7}},{"type":"MultiLineString","arcs":[[5306],[5307,5308],[5309],[5310],[5311],[5312],[5313]],"properties":{"name":"Sepik","scalerank":7}},{"type":"LineString","arcs":[5314],"properties":{"name":"Srepok","scalerank":7}},{"type":"LineString","arcs":[5315],"properties":{"name":"Yongding","scalerank":7}},{"type":"MultiLineString","arcs":[[5316],[5317],[5318],[5319],[5320],[5321],[5322],[5323],[5324],[5325],[5326],[5327],[5328],[5329],[5330],[5331],[5332],[5333],[5334],[5335],[5336],[5337],[5338],[5339],[5340],[5341],[5342],[5343]],"properties":{"name":"Song’acha","scalerank":7}},{"type":"MultiLineString","arcs":[[5344],[5345],[5346],[5347],[5348],[5349],[5350],[5351],[5352],[5353],[5354],[5355],[5356],[5357],[5358],[5359],[5360],[5361],[5362],[5363],[5364],[5365],[5366],[5367]],"properties":{"name":"Ussuri","scalerank":7}},{"type":"LineString","arcs":[5368],"properties":{"name":"Igan","scalerank":7}},{"type":"LineString","arcs":[5369],"properties":{"name":"Yu","scalerank":7}},{"type":"MultiLineString","arcs":[[5370],[5371]],"properties":{"name":"Han","scalerank":7}},{"type":"LineString","arcs":[5372],"properties":{"name":"Hai","scalerank":7}},{"type":"MultiLineString","arcs":[[5373],[5374],[5375]],"properties":{"name":"Chao Phraya","scalerank":7}},{"type":"LineString","arcs":[5376],"properties":{"name":"Ishikari","scalerank":6}},{"type":"LineString","arcs":[5377],"properties":{"name":"Kayan","scalerank":6}},{"type":"LineString","arcs":[5378],"properties":{"name":"Barito","scalerank":6}},{"type":"MultiLineString","arcs":[[5379],[5380]],"properties":{"name":"Purari","scalerank":6}},{"type":"LineString","arcs":[5381],"properties":{"name":"Indragi","scalerank":6}},{"type":"LineString","arcs":[5382],"properties":{"name":"Yarkant","scalerank":6}},{"type":"MultiLineString","arcs":[[5383],[5384],[5385],[5386],[5387],[5388],[5389]],"properties":{"name":"Liao","scalerank":6}},{"type":"MultiLineString","arcs":[[5390,5391],[5392]],"properties":{"name":"Yuan","scalerank":6}},{"type":"MultiLineString","arcs":[[5393],[5394],[5395]],"properties":{"name":"Yuan","scalerank":6}},{"type":"MultiLineString","arcs":[[5396,5397],[5398]],"properties":{"name":"Sutlej","scalerank":6}},{"type":"MultiLineString","arcs":[[5399],[5400],[5401],[5402,5403],[5404],[5405],[5406],[5407],[5408]],"properties":{"name":"Sutlej","scalerank":6}},{"type":"LineString","arcs":[5409],"properties":{"name":"Han","scalerank":6}},{"type":"MultiLineString","arcs":[[5410],[5411,5412],[5413]],"properties":{"name":"Han","scalerank":6}},{"type":"LineString","arcs":[5414,5415],"properties":{"name":"Mahäna Nadï","scalerank":6}},{"type":"MultiLineString","arcs":[[5416],[5417]],"properties":{"name":"Mahäna Nadï","scalerank":6}},{"type":"LineString","arcs":[5418],"properties":{"name":"Gan","scalerank":6}},{"type":"LineString","arcs":[5419],"properties":{"name":"Gan","scalerank":6}},{"type":"LineString","arcs":[5420],"properties":{"name":"Krishna","scalerank":6}},{"type":"MultiLineString","arcs":[[5421],[5422]],"properties":{"name":"Krishna","scalerank":6}},{"type":"LineString","arcs":[5423],"properties":{"name":"Hong","scalerank":6}},{"type":"LineString","arcs":[5424,5425,5426,5427],"properties":{"name":"Yamuna","scalerank":6}},{"type":"LineString","arcs":[5428],"properties":{"name":"Narmada","scalerank":6}},{"type":"LineString","arcs":[5429],"properties":{"name":"Dadu","scalerank":6}},{"type":"LineString","arcs":[5430],"properties":{"name":"Xar Moron","scalerank":6}},{"type":"LineString","arcs":[5431],"properties":{"name":"Kapuas","scalerank":6}},{"type":"LineString","arcs":[5432],"properties":{"name":"Taritatu","scalerank":6}},{"type":"MultiLineString","arcs":[[5433],[5434]],"properties":{"name":"Chenab","scalerank":6}},{"type":"LineString","arcs":[5435],"properties":{"name":"Digul","scalerank":6}},{"type":"LineString","arcs":[5436],"properties":{"name":"Mamberamo","scalerank":6}},{"type":"LineString","arcs":[5437],"properties":{"name":"Konqi","scalerank":6}},{"type":"LineString","arcs":[5438,5439],"properties":{"name":"Tarim","scalerank":6}},{"type":"LineString","arcs":[5440],"properties":{"name":"Xiliao","scalerank":6}},{"type":"MultiLineString","arcs":[[5441],[5442]],"properties":{"name":"Songhua","scalerank":6}},{"type":"LineString","arcs":[5443],"properties":{"name":"Min","scalerank":6}},{"type":"MultiLineString","arcs":[[5444],[5445],[5446]],"properties":{"name":"Godävari","scalerank":5}},{"type":"MultiLineString","arcs":[[5447,5448,5449],[5450,5451]],"properties":{"name":"","scalerank":5}},{"type":"MultiLineString","arcs":[[5452],[5453],[5454],[5455],[5456],[5457,5458],[5459,5460],[5461]],"properties":{"name":"Xi","scalerank":4}},{"type":"LineString","arcs":[5462],"properties":{"name":"Shishhid Gol","scalerank":4}},{"type":"MultiLineString","arcs":[[5463],[5464]],"properties":{"name":"Shishhid Gol","scalerank":4}},{"type":"LineString","arcs":[5465],"properties":{"name":"N'Mai","scalerank":4}},{"type":"LineString","arcs":[5466],"properties":{"name":"Nanpan","scalerank":4}},{"type":"LineString","arcs":[5467],"properties":{"name":"Nu","scalerank":4}},{"type":"LineString","arcs":[5468,5469],"properties":{"name":"Ayeyarwady","scalerank":4}},{"type":"LineString","arcs":[5470],"properties":{"name":"Nu","scalerank":4}},{"type":"LineString","arcs":[5471],"properties":{"name":"Hongshui","scalerank":4}},{"type":"LineString","arcs":[5472],"properties":{"name":"Quan","scalerank":4}},{"type":"LineString","arcs":[5473],"properties":{"name":"Xun","scalerank":4}},{"type":"MultiLineString","arcs":[[5474],[5475]],"properties":{"name":"Salween","scalerank":4}},{"type":"MultiLineString","arcs":[[5476],[5477],[5478],[5479],[5480],[5481,5482],[5483,5484,5485],[5486],[5487],[5488],[5489],[5490],[5491,5492,5493,5494],[5495,5496],[5497,5498],[5499,5500],[5501],[5502,5503],[5504],[5505],[5506],[5507,5508]],"properties":{"name":"Ganges","scalerank":3}},{"type":"MultiLineString","arcs":[[5509],[5510]],"properties":{"name":"Indus","scalerank":3}},{"type":"LineString","arcs":[5511],"properties":{"name":"Shiquan","scalerank":3}},{"type":"MultiLineString","arcs":[[5512],[5513]],"properties":{"name":"Huang","scalerank":3}},{"type":"MultiLineString","arcs":[[5514],[5515,5516,5517],[5518]],"properties":{"name":"Huang","scalerank":3}},{"type":"MultiLineString","arcs":[[5519],[5520],[5521],[5522],[5523],[5524],[5525],[5526],[5527],[5528],[5529],[5530],[5531],[5532],[5533],[5534],[5535],[5536],[5537],[5538],[5539],[5540],[5541],[5542],[5543],[5544],[5545],[5546],[5547],[5548],[5549],[5550],[5551],[5552],[5553]],"properties":{"name":"Amur","scalerank":3}},{"type":"LineString","arcs":[5554],"properties":{"name":"Hailar","scalerank":3}},{"type":"MultiLineString","arcs":[[5555],[5556],[5557],[5558],[5559],[5560],[5561],[5562],[5563],[5564],[5565],[5566],[5567],[5568],[5569],[5570],[5571],[5572],[5573],[5574],[5575],[5576],[5577],[5578],[5579],[5580],[5581],[5582],[5583],[5584],[5585],[5586],[5587],[5588],[5589],[5590],[5591],[5592],[5593],[5594],[5595],[5596]],"properties":{"name":"Argun’","scalerank":3}},{"type":"MultiLineString","arcs":[[5597],[5598,5599],[5600],[5601],[5602],[5603],[5604],[5605],[5606],[5607],[5608],[5609],[5610],[5611],[5612],[5613],[5614],[5615],[5616],[5617],[5618],[5619],[5620],[5621],[5622],[5623],[5624],[5625],[5626],[5627],[5628],[5629],[5630],[5631],[5632],[5633],[5634],[5635],[5636]],"properties":{"name":"Heilong Jiang","scalerank":3}},{"type":"MultiLineString","arcs":[[5637],[5638,5639]],"properties":{"name":"Huang","scalerank":3}},{"type":"LineString","arcs":[5640],"properties":{"name":"Ideriyn","scalerank":2}},{"type":"MultiLineString","arcs":[[5641,5642],[5643],[5644],[5645]],"properties":{"name":"Selenga","scalerank":2}},{"type":"LineString","arcs":[5646],"properties":{"name":"Ertix","scalerank":2}},{"type":"LineString","arcs":[5647],"properties":{"name":"Maquan","scalerank":2}},{"type":"LineString","arcs":[5648],"properties":{"name":"Za","scalerank":2}},{"type":"LineString","arcs":[5649],"properties":{"name":"Lancang","scalerank":2}},{"type":"LineString","arcs":[5650],"properties":{"name":"Yarlung","scalerank":2}},{"type":"MultiLineString","arcs":[[5651],[5652],[5653],[5654,5655],[5656,5657,5658]],"properties":{"name":"Mekong","scalerank":2}},{"type":"MultiLineString","arcs":[[5659],[5660],[5661]],"properties":{"name":"Dihang","scalerank":2}},{"type":"MultiLineString","arcs":[[5662,5663,5664,5665,5666],[5667],[5668],[5669],[5670]],"properties":{"name":"Brahmaputra","scalerank":2}},{"type":"MultiLineString","arcs":[[5671],[5672],[5673],[5674],[5675],[5676],[5677],[5678],[5679],[5680,5681],[5682],[5683],[5684],[5685]],"properties":{"name":"Irrawaddy Delta","scalerank":1}},{"type":"MultiLineString","arcs":[[5686],[5687,5688],[5689]],"properties":{"name":"Yangtze","scalerank":1}},{"type":"LineString","arcs":[5690],"properties":{"name":"Tuotuo","scalerank":1}},{"type":"LineString","arcs":[5691,5692],"properties":{"name":"Tongtian","scalerank":1}},{"type":"MultiLineString","arcs":[[5693],[5694]],"properties":{"name":"Jinsha","scalerank":1}},{"type":"MultiLineString","arcs":[[5695,5696,5697],[5698]],"properties":{"name":"Chang Jiang","scalerank":1}}]}}}